partner_id,month_index,gtv
partner_1,0,24476.54
partner_1,1,23065.64
partner_1,2,22417.44
partner_1,3,25544.17
partner_1,4,24473.52
partner_1,5,23908.76
partner_1,6,29639.78
partner_1,7,25457.3
partner_1,8,28928.64
partner_1,9,24299.83
partner_1,10,26296.92
partner_1,11,25526.22
partner_1,12,21311.06
partner_1,13,29334.96
partner_1,14,25321.7
partner_1,15,27584.57
partner_1,16,23738.26
partner_1,17,25245.48
partner_1,18,23443.53
partner_1,19,28841.25
partner_1,20,26467.96
partner_1,21,26610.79
partner_1,22,29154.89
partner_1,23,28636.79
partner_1,24,27633.15
partner_1,25,22019.24
partner_1,26,23882.91
partner_10,0,35509.22
partner_10,1,39217.96
partner_10,2,39858.25
partner_10,3,38169.93
partner_10,4,43767.23
partner_10,5,42385.4
partner_10,6,42551.42
partner_10,7,40934.08
partner_10,8,48987.63
partner_10,9,55828.92
partner_10,10,51121.45
partner_10,11,71525.66
partner_10,12,64662.26
partner_10,13,69823.57
partner_10,14,69334.87
partner_10,15,79159.81
partner_10,16,63980.04
partner_10,17,53719.94
partner_10,18,71737.67
partner_10,19,82436.69
partner_10,20,82418.16
partner_10,21,86747.29
partner_10,22,99379.67
partner_10,23,94768.01
partner_10,24,102499.2
partner_10,25,89423.51
partner_10,26,91385.94
partner_100,0,8639.17
partner_100,1,9049.7
partner_100,2,11696.13
partner_100,3,9373.43
partner_100,4,8905.17
partner_100,5,10725.43
partner_100,6,8705.61
partner_100,7,9186.71
partner_100,8,10818.2
partner_100,9,9658.12
partner_100,10,8115.2
partner_100,11,10140.15
partner_100,12,9235.71
partner_100,13,11097.86
partner_100,14,9034.02
partner_100,15,10627.95
partner_100,16,11324.68
partner_100,17,8798.64
partner_100,18,9431.18
partner_100,19,9990.73
partner_100,20,8792.48
partner_100,21,9876.93
partner_100,22,9400.69
partner_100,23,9381.31
partner_100,24,9664.05
partner_100,25,9685.53
partner_100,26,9774.59
partner_1000,0,9310.79
partner_1000,1,10455.51
partner_1000,2,8832.58
partner_1000,3,9593.44
partner_1000,4,9650.87
partner_1000,5,9587.39
partner_1000,6,10653.62
partner_1000,7,11730.69
partner_1000,8,9518.91
partner_1000,9,10077.33
partner_1000,10,8852.32
partner_1000,11,10617.81
partner_1000,12,9126.57
partner_1000,13,12651.69
partner_1000,14,8016.6
partner_1000,15,11691.46
partner_1000,16,10578.64
partner_1000,17,8544.51
partner_1000,18,11857.01
partner_1000,19,8731.06
partner_1000,20,9322.09
partner_1000,21,8376.7
partner_1000,22,9483.67
partner_1000,23,9573.91
partner_1000,24,10423.5
partner_1000,25,11971.41
partner_1000,26,9130.92
partner_101,0,19441.61
partner_101,1,18828.62
partner_101,2,17383.21
partner_101,3,18043.41
partner_101,4,13751.75
partner_101,5,14970.55
partner_101,6,15090.47
partner_101,7,13646.38
partner_101,8,16683.6
partner_101,9,13816.93
partner_101,10,13491.39
partner_101,11,12128.01
partner_101,12,12231.15
partner_101,13,10345.13
partner_101,14,11128.11
partner_101,15,9862.45
partner_101,16,10170.65
partner_101,17,7481.66
partner_101,18,8576.2
partner_101,19,10652.71
partner_101,20,9674.41
partner_101,21,9719.48
partner_101,22,9399.91
partner_101,23,8468.88
partner_101,24,7282.26
partner_101,25,6571.85
partner_101,26,7856.84
partner_102,0,7909.59
partner_102,1,10275.78
partner_102,2,8832.04
partner_102,3,10633.96
partner_102,4,11471.1
partner_102,5,9204.17
partner_102,6,10199.27
partner_102,7,10048.87
partner_102,8,10274.96
partner_102,9,13065.67
partner_102,10,12553.68
partner_102,11,13457.76
partner_102,12,14774.84
partner_102,13,11914.78
partner_102,14,17266.36
partner_102,15,15435.06
partner_102,16,17610.69
partner_102,17,18565.71
partner_102,18,20780.58
partner_102,19,18905.92
partner_102,20,15732.96
partner_102,21,21002.33
partner_102,22,22270.64
partner_102,23,20464.33
partner_102,24,24214.69
partner_102,25,24046.97
partner_102,26,22579.68
partner_103,0,31374.11
partner_103,1,30436.75
partner_103,2,34989.47
partner_103,3,30265.2
partner_103,4,29889.9
partner_103,5,27663.69
partner_103,6,29546.79
partner_103,7,31275.75
partner_103,8,28633.79
partner_103,9,28044.35
partner_103,10,27160.29
partner_103,11,21540.06
partner_103,12,22248.97
partner_103,13,23308.47
partner_103,14,21535.78
partner_103,15,20248.02
partner_103,16,17972.91
partner_103,17,18672.95
partner_103,18,20517.04
partner_103,19,20405.8
partner_103,20,18461.77
partner_103,21,19721.98
partner_103,22,18266.39
partner_103,23,20665.56
partner_103,24,17889.37
partner_103,25,18979.51
partner_103,26,17667.11
partner_104,0,35015.02
partner_104,1,40124.41
partner_104,2,38115.07
partner_104,3,43411.26
partner_104,4,36755.24
partner_104,5,43167.22
partner_104,6,46268.64
partner_104,7,48466.1
partner_104,8,41665.98
partner_104,9,45885.17
partner_104,10,47361.27
partner_104,11,54521.67
partner_104,12,40837.91
partner_104,13,44238.41
partner_104,14,63277.04
partner_104,15,48804.05
partner_104,16,41309.08
partner_104,17,48708.83
partner_104,18,37973.17
partner_104,19,54601.74
partner_104,20,58516.86
partner_104,21,49951.09
partner_104,22,53176.16
partner_104,23,61890.15
partner_104,24,47456.17
partner_104,25,50685.97
partner_104,26,57945.74
partner_105,0,18916.08
partner_105,1,18552.43
partner_105,2,20844.05
partner_105,3,22918.49
partner_105,4,28201.05
partner_105,5,27921.46
partner_105,6,34585.65
partner_105,7,19152.9
partner_105,8,19668.88
partner_105,9,22315.09
partner_105,10,18928.18
partner_105,11,23379.18
partner_105,12,23821.13
partner_105,13,22761.26
partner_105,14,20030.15
partner_105,15,19731.97
partner_105,16,34404.8
partner_105,17,37097.07
partner_105,18,34286.64
partner_105,19,24876.16
partner_105,20,20544.35
partner_105,21,21738.33
partner_105,22,24126.62
partner_105,23,20571.14
partner_105,24,23138.23
partner_105,25,26382.61
partner_105,26,25487.37
partner_106,0,41207.48
partner_106,1,32155.72
partner_106,2,38032.74
partner_106,3,46903.03
partner_106,4,37523.43
partner_106,5,43776.23
partner_106,6,47678.73
partner_106,7,53903.85
partner_106,8,45139.6
partner_106,9,45666.3
partner_106,10,49476.94
partner_106,11,52465.01
partner_106,12,50856.29
partner_106,13,58161.28
partner_106,14,49355.24
partner_106,15,55321.9
partner_106,16,58187.75
partner_106,17,54497.88
partner_106,18,62710.64
partner_106,19,59834.23
partner_106,20,64819.82
partner_106,21,62414.65
partner_106,22,64742.43
partner_106,23,59562.85
partner_106,24,60709.3
partner_106,25,74117.2
partner_106,26,71568.02
partner_107,0,12663.17
partner_107,1,15966.15
partner_107,2,18939.07
partner_107,3,17405.06
partner_107,4,18191.69
partner_107,5,12808.55
partner_107,6,17975.39
partner_107,7,19730.68
partner_107,8,20374.3
partner_107,9,21770.71
partner_107,10,19832.49
partner_107,11,20323.04
partner_107,12,18272.32
partner_107,13,21064.13
partner_107,14,19168.51
partner_107,15,18241.63
partner_107,16,20348.98
partner_107,17,26797.42
partner_107,18,23109.6
partner_107,19,24762.11
partner_107,20,23446.9
partner_107,21,20698.1
partner_107,22,28126.58
partner_107,23,20536.72
partner_107,24,25277.84
partner_107,25,27151.1
partner_107,26,28490.47
partner_108,0,48154.13
partner_108,1,49573.73
partner_108,2,50612.97
partner_108,3,61598.31
partner_108,4,50503.89
partner_108,5,60610.34
partner_108,6,61184.76
partner_108,7,67577.97
partner_108,8,62274.47
partner_108,9,69719.11
partner_108,10,64997.17
partner_108,11,70641.58
partner_108,12,58886.54
partner_108,13,52225.3
partner_108,14,75361.65
partner_108,15,77543.15
partner_108,16,79714.79
partner_108,17,73807.51
partner_108,18,91618.24
partner_108,19,77871.85
partner_108,20,87073.32
partner_108,21,90619.35
partner_108,22,102605.35
partner_108,23,86786.44
partner_108,24,85755.25
partner_108,25,79848.22
partner_108,26,111064.88
partner_109,0,12419.99
partner_109,1,10059.87
partner_109,2,8719.82
partner_109,3,10113.83
partner_109,4,9580.09
partner_109,5,10489.97
partner_109,6,10786.34
partner_109,7,10885.56
partner_109,8,10241.54
partner_109,9,14194.13
partner_109,10,12975.5
partner_109,11,12671.71
partner_109,12,14350.27
partner_109,13,14372.69
partner_109,14,14513.16
partner_109,15,15528.5
partner_109,16,15154.34
partner_109,17,16418.6
partner_109,18,17025.54
partner_109,19,16556.95
partner_109,20,16394.41
partner_109,21,19889.44
partner_109,22,16901.1
partner_109,23,18978.27
partner_109,24,19570.58
partner_109,25,18158.5
partner_109,26,18290.1
partner_11,0,23479.16
partner_11,1,23446.09
partner_11,2,14220.09
partner_11,3,13362.0
partner_11,4,13049.18
partner_11,5,15076.76
partner_11,6,14488.14
partner_11,7,17146.05
partner_11,8,16020.72
partner_11,9,16589.98
partner_11,10,16767.75
partner_11,11,21632.14
partner_11,12,26426.04
partner_11,13,27374.41
partner_11,14,15446.39
partner_11,15,17302.28
partner_11,16,15653.76
partner_11,17,16907.63
partner_11,18,14922.15
partner_11,19,12876.38
partner_11,20,16282.61
partner_11,21,17659.16
partner_11,22,19516.01
partner_11,23,23250.52
partner_11,24,25078.83
partner_11,25,23925.41
partner_11,26,16762.31
partner_110,0,5931.61
partner_110,1,6218.55
partner_110,2,6541.61
partner_110,3,6876.52
partner_110,4,6171.08
partner_110,5,4144.9
partner_110,6,5709.23
partner_110,7,4852.51
partner_110,8,5146.14
partner_110,9,4709.23
partner_110,10,4430.38
partner_110,11,4283.07
partner_110,12,4135.91
partner_110,13,4504.58
partner_110,14,3796.17
partner_110,15,4039.09
partner_110,16,3818.28
partner_110,17,3566.37
partner_110,18,2630.45
partner_110,19,3410.43
partner_110,20,2804.19
partner_110,21,3016.56
partner_110,22,2434.35
partner_110,23,2277.0
partner_110,24,2963.45
partner_110,25,2143.45
partner_110,26,2530.75
partner_111,0,26176.65
partner_111,1,23335.91
partner_111,2,25094.12
partner_111,3,28516.82
partner_111,4,26879.9
partner_111,5,23018.78
partner_111,6,32387.27
partner_111,7,35337.87
partner_111,8,38385.03
partner_111,9,43543.75
partner_111,10,25350.96
partner_111,11,22739.04
partner_111,12,30445.05
partner_111,13,25609.95
partner_111,14,25404.62
partner_111,15,24551.33
partner_111,16,28729.87
partner_111,17,25101.81
partner_111,18,24738.12
partner_111,19,32314.19
partner_111,20,45065.51
partner_111,21,43026.16
partner_111,22,24630.07
partner_111,23,28697.88
partner_111,24,27075.15
partner_111,25,24478.92
partner_111,26,24692.37
partner_112,0,28532.77
partner_112,1,28340.17
partner_112,2,22030.48
partner_112,3,25062.33
partner_112,4,23878.95
partner_112,5,26178.09
partner_112,6,18661.53
partner_112,7,21215.91
partner_112,8,20238.08
partner_112,9,22463.83
partner_112,10,19671.31
partner_112,11,22465.95
partner_112,12,19574.56
partner_112,13,16971.14
partner_112,14,17468.12
partner_112,15,15862.18
partner_112,16,17214.02
partner_112,17,13244.75
partner_112,18,13516.38
partner_112,19,14845.79
partner_112,20,15364.71
partner_112,21,10288.49
partner_112,22,14466.25
partner_112,23,12087.98
partner_112,24,9591.57
partner_112,25,7972.41
partner_112,26,9301.9
partner_113,0,7884.89
partner_113,1,8439.78
partner_113,2,7501.05
partner_113,3,7057.72
partner_113,4,7609.32
partner_113,5,7963.87
partner_113,6,8120.36
partner_113,7,7310.82
partner_113,8,8652.69
partner_113,9,7443.98
partner_113,10,7246.88
partner_113,11,7506.69
partner_113,12,8790.31
partner_113,13,7831.79
partner_113,14,7385.94
partner_113,15,8672.26
partner_113,16,9637.93
partner_113,17,8103.62
partner_113,18,8916.52
partner_113,19,8759.55
partner_113,20,7456.48
partner_113,21,7958.33
partner_113,22,6919.21
partner_113,23,7774.53
partner_113,24,7440.17
partner_113,25,7617.41
partner_113,26,7341.99
partner_114,0,18132.51
partner_114,1,20603.33
partner_114,2,18871.04
partner_114,3,22874.84
partner_114,4,24017.86
partner_114,5,25361.23
partner_114,6,26128.88
partner_114,7,32592.91
partner_114,8,30279.65
partner_114,9,19559.69
partner_114,10,23683.95
partner_114,11,23825.96
partner_114,12,24088.18
partner_114,13,20640.59
partner_114,14,24555.74
partner_114,15,20954.12
partner_114,16,24047.33
partner_114,17,23161.15
partner_114,18,27369.54
partner_114,19,23795.84
partner_114,20,30416.96
partner_114,21,21985.99
partner_114,22,20871.55
partner_114,23,25558.51
partner_114,24,19192.49
partner_114,25,20471.71
partner_114,26,19720.21
partner_115,0,7043.41
partner_115,1,7328.57
partner_115,2,5937.42
partner_115,3,5923.24
partner_115,4,5646.06
partner_115,5,7218.91
partner_115,6,7100.61
partner_115,7,6317.2
partner_115,8,5493.48
partner_115,9,5550.58
partner_115,10,6493.81
partner_115,11,6735.61
partner_115,12,5065.66
partner_115,13,6179.72
partner_115,14,7418.13
partner_115,15,6245.99
partner_115,16,7335.98
partner_115,17,6799.27
partner_115,18,5692.57
partner_115,19,6198.0
partner_115,20,6302.7
partner_115,21,5776.7
partner_115,22,5765.62
partner_115,23,7346.92
partner_115,24,5760.84
partner_115,25,7073.43
partner_115,26,6106.18
partner_116,0,55106.93
partner_116,1,72575.46
partner_116,2,52535.94
partner_116,3,68443.16
partner_116,4,76676.39
partner_116,5,77492.54
partner_116,6,69780.0
partner_116,7,83104.67
partner_116,8,100045.67
partner_116,9,109813.6
partner_116,10,57090.34
partner_116,11,71794.56
partner_116,12,74377.52
partner_116,13,70325.17
partner_116,14,76434.75
partner_116,15,74538.94
partner_116,16,69559.43
partner_116,17,61243.59
partner_116,18,84599.32
partner_116,19,88639.63
partner_116,20,105388.38
partner_116,21,117610.74
partner_116,22,85163.42
partner_116,23,74557.08
partner_116,24,79254.02
partner_116,25,64462.24
partner_116,26,77458.38
partner_117,0,7388.45
partner_117,1,7349.49
partner_117,2,8031.31
partner_117,3,6938.4
partner_117,4,6003.86
partner_117,5,8172.77
partner_117,6,5601.44
partner_117,7,6015.13
partner_117,8,6040.35
partner_117,9,5780.0
partner_117,10,5325.2
partner_117,11,5137.52
partner_117,12,4928.62
partner_117,13,4323.73
partner_117,14,5702.01
partner_117,15,4425.69
partner_117,16,4624.01
partner_117,17,4066.8
partner_117,18,3913.32
partner_117,19,3734.1
partner_117,20,3187.81
partner_117,21,3579.25
partner_117,22,3364.93
partner_117,23,3778.6
partner_117,24,2871.19
partner_117,25,2963.44
partner_117,26,2760.11
partner_118,0,15046.71
partner_118,1,16334.72
partner_118,2,15336.33
partner_118,3,14028.06
partner_118,4,14684.19
partner_118,5,19301.05
partner_118,6,16235.22
partner_118,7,20178.64
partner_118,8,20527.93
partner_118,9,22014.05
partner_118,10,23219.38
partner_118,11,21012.86
partner_118,12,21862.05
partner_118,13,27131.5
partner_118,14,24801.05
partner_118,15,20056.02
partner_118,16,30791.43
partner_118,17,27091.67
partner_118,18,33066.63
partner_118,19,37619.14
partner_118,20,34571.68
partner_118,21,39667.43
partner_118,22,38287.11
partner_118,23,45669.54
partner_118,24,36820.54
partner_118,25,43024.28
partner_118,26,48037.36
partner_119,0,7093.02
partner_119,1,8558.88
partner_119,2,8223.07
partner_119,3,6671.96
partner_119,4,6550.17
partner_119,5,6645.21
partner_119,6,5005.5
partner_119,7,4720.35
partner_119,8,5850.25
partner_119,9,5107.8
partner_119,10,4647.99
partner_119,11,4554.26
partner_119,12,3313.34
partner_119,13,4083.38
partner_119,14,3682.09
partner_119,15,4158.74
partner_119,16,4006.2
partner_119,17,3686.43
partner_119,18,3465.94
partner_119,19,2711.76
partner_119,20,3231.02
partner_119,21,3102.03
partner_119,22,3139.24
partner_119,23,3236.06
partner_119,24,2122.1
partner_119,25,2348.61
partner_119,26,2163.93
partner_12,0,8955.75
partner_12,1,10540.54
partner_12,2,8650.27
partner_12,3,8934.29
partner_12,4,11040.56
partner_12,5,10312.03
partner_12,6,9148.25
partner_12,7,9760.6
partner_12,8,9634.8
partner_12,9,6882.91
partner_12,10,8627.87
partner_12,11,9439.69
partner_12,12,9149.58
partner_12,13,9722.38
partner_12,14,10559.58
partner_12,15,9182.86
partner_12,16,8484.43
partner_12,17,9796.15
partner_12,18,9178.03
partner_12,19,9339.86
partner_12,20,9211.1
partner_12,21,11614.97
partner_12,22,7361.97
partner_12,23,9119.48
partner_12,24,9484.43
partner_12,25,8746.79
partner_12,26,10341.68
partner_120,0,11044.22
partner_120,1,10844.85
partner_120,2,12803.56
partner_120,3,12938.45
partner_120,4,8551.71
partner_120,5,7848.62
partner_120,6,8981.36
partner_120,7,8952.49
partner_120,8,8460.03
partner_120,9,10078.35
partner_120,10,9355.01
partner_120,11,10885.44
partner_120,12,10886.74
partner_120,13,13478.74
partner_120,14,14952.7
partner_120,15,15969.92
partner_120,16,10535.84
partner_120,17,9512.19
partner_120,18,10524.6
partner_120,19,9272.04
partner_120,20,10952.68
partner_120,21,9679.73
partner_120,22,11322.22
partner_120,23,10975.54
partner_120,24,14182.07
partner_120,25,13250.84
partner_120,26,14973.0
partner_121,0,5386.63
partner_121,1,5387.8
partner_121,2,6640.95
partner_121,3,6249.72
partner_121,4,5952.42
partner_121,5,6010.39
partner_121,6,5878.92
partner_121,7,7284.2
partner_121,8,5792.47
partner_121,9,5425.69
partner_121,10,6750.05
partner_121,11,6117.44
partner_121,12,7527.04
partner_121,13,5923.33
partner_121,14,6781.27
partner_121,15,6928.96
partner_121,16,5926.38
partner_121,17,5787.83
partner_121,18,6715.86
partner_121,19,6611.77
partner_121,20,5370.37
partner_121,21,5546.8
partner_121,22,4666.47
partner_121,23,6624.59
partner_121,24,6088.63
partner_121,25,6150.95
partner_121,26,5194.79
partner_122,0,4809.54
partner_122,1,5044.46
partner_122,2,5102.13
partner_122,3,5719.42
partner_122,4,4498.29
partner_122,5,4844.4
partner_122,6,3864.4
partner_122,7,3392.31
partner_122,8,3801.27
partner_122,9,3201.1
partner_122,10,3689.23
partner_122,11,3284.02
partner_122,12,2771.14
partner_122,13,3908.51
partner_122,14,3047.12
partner_122,15,2603.84
partner_122,16,3281.21
partner_122,17,2699.12
partner_122,18,3121.85
partner_122,19,2522.27
partner_122,20,2489.53
partner_122,21,2632.62
partner_122,22,2606.69
partner_122,23,2562.2
partner_122,24,2280.03
partner_122,25,2342.2
partner_122,26,2311.43
partner_123,0,7415.45
partner_123,1,8837.66
partner_123,2,8054.26
partner_123,3,7395.81
partner_123,4,8369.25
partner_123,5,6119.09
partner_123,6,7995.26
partner_123,7,6590.12
partner_123,8,6554.95
partner_123,9,5869.79
partner_123,10,4898.44
partner_123,11,5575.54
partner_123,12,5621.15
partner_123,13,5585.68
partner_123,14,4932.92
partner_123,15,3779.49
partner_123,16,3938.59
partner_123,17,5398.2
partner_123,18,3837.74
partner_123,19,4735.75
partner_123,20,3614.09
partner_123,21,3764.63
partner_123,22,3919.13
partner_123,23,3257.01
partner_123,24,3956.26
partner_123,25,3307.71
partner_123,26,3303.32
partner_124,0,8479.03
partner_124,1,6981.05
partner_124,2,8738.03
partner_124,3,9901.45
partner_124,4,9555.43
partner_124,5,10937.18
partner_124,6,7231.81
partner_124,7,6615.83
partner_124,8,7498.58
partner_124,9,7351.88
partner_124,10,7200.0
partner_124,11,7213.46
partner_124,12,7240.75
partner_124,13,7239.53
partner_124,14,8319.9
partner_124,15,8926.99
partner_124,16,13686.91
partner_124,17,9298.13
partner_124,18,6877.19
partner_124,19,6941.09
partner_124,20,8810.45
partner_124,21,6357.05
partner_124,22,7642.97
partner_124,23,7523.84
partner_124,24,7631.56
partner_124,25,8536.04
partner_124,26,9301.86
partner_125,0,6809.2
partner_125,1,5434.46
partner_125,2,6745.79
partner_125,3,6149.25
partner_125,4,6555.11
partner_125,5,5553.84
partner_125,6,6950.04
partner_125,7,5546.36
partner_125,8,6778.65
partner_125,9,5860.35
partner_125,10,6112.08
partner_125,11,7450.92
partner_125,12,7072.31
partner_125,13,7447.23
partner_125,14,7721.44
partner_125,15,6163.38
partner_125,16,7680.86
partner_125,17,5700.7
partner_125,18,7177.97
partner_125,19,6350.07
partner_125,20,6058.2
partner_125,21,7090.05
partner_125,22,7310.79
partner_125,23,7290.97
partner_125,24,6823.12
partner_125,25,6767.75
partner_125,26,7031.53
partner_126,0,9522.6
partner_126,1,9217.85
partner_126,2,9794.9
partner_126,3,7563.62
partner_126,4,8914.98
partner_126,5,7783.46
partner_126,6,9283.53
partner_126,7,10516.81
partner_126,8,8605.3
partner_126,9,9148.52
partner_126,10,9716.94
partner_126,11,7165.67
partner_126,12,8561.91
partner_126,13,9362.85
partner_126,14,6416.55
partner_126,15,8151.16
partner_126,16,10028.03
partner_126,17,9939.63
partner_126,18,9371.71
partner_126,19,9830.5
partner_126,20,9227.88
partner_126,21,9535.29
partner_126,22,8748.42
partner_126,23,9138.19
partner_126,24,8462.31
partner_126,25,10174.94
partner_126,26,10408.08
partner_127,0,23272.71
partner_127,1,12552.39
partner_127,2,15628.06
partner_127,3,14593.77
partner_127,4,14277.8
partner_127,5,12932.1
partner_127,6,14387.51
partner_127,7,12369.63
partner_127,8,15280.02
partner_127,9,18281.6
partner_127,10,22539.27
partner_127,11,24112.47
partner_127,12,19380.77
partner_127,13,13937.59
partner_127,14,16571.51
partner_127,15,12449.31
partner_127,16,13535.84
partner_127,17,15522.44
partner_127,18,14432.17
partner_127,19,17057.33
partner_127,20,13116.33
partner_127,21,14259.15
partner_127,22,21424.76
partner_127,23,19527.23
partner_127,24,21715.88
partner_127,25,13374.68
partner_127,26,14839.13
partner_128,0,10695.7
partner_128,1,9816.59
partner_128,2,11470.93
partner_128,3,14345.9
partner_128,4,10935.26
partner_128,5,10330.15
partner_128,6,8900.72
partner_128,7,9576.17
partner_128,8,10009.61
partner_128,9,9681.4
partner_128,10,10211.76
partner_128,11,12046.79
partner_128,12,11503.83
partner_128,13,10065.74
partner_128,14,8992.35
partner_128,15,11596.09
partner_128,16,10178.03
partner_128,17,8462.3
partner_128,18,10956.89
partner_128,19,11277.29
partner_128,20,7746.93
partner_128,21,9384.83
partner_128,22,10115.23
partner_128,23,10979.47
partner_128,24,9700.69
partner_128,25,9377.07
partner_128,26,10971.96
partner_129,0,6992.93
partner_129,1,5896.06
partner_129,2,5736.32
partner_129,3,7134.37
partner_129,4,6800.87
partner_129,5,7245.27
partner_129,6,6280.08
partner_129,7,6105.94
partner_129,8,7535.98
partner_129,9,5623.13
partner_129,10,7463.51
partner_129,11,7509.31
partner_129,12,7203.9
partner_129,13,6177.12
partner_129,14,6091.74
partner_129,15,6494.03
partner_129,16,5774.32
partner_129,17,5995.44
partner_129,18,7061.04
partner_129,19,7064.1
partner_129,20,5937.15
partner_129,21,7081.86
partner_129,22,6934.72
partner_129,23,7634.93
partner_129,24,7010.9
partner_129,25,7335.56
partner_129,26,6949.83
partner_13,0,12208.37
partner_13,1,14023.08
partner_13,2,15539.67
partner_13,3,16223.92
partner_13,4,11870.84
partner_13,5,9673.29
partner_13,6,9863.3
partner_13,7,9086.74
partner_13,8,11956.98
partner_13,9,11275.61
partner_13,10,11598.82
partner_13,11,9689.7
partner_13,12,14397.54
partner_13,13,13143.39
partner_13,14,15946.18
partner_13,15,17008.32
partner_13,16,9852.4
partner_13,17,10325.62
partner_13,18,11108.93
partner_13,19,14020.39
partner_13,20,11224.03
partner_13,21,12642.31
partner_13,22,12251.03
partner_13,23,11607.21
partner_13,24,10900.65
partner_13,25,15327.18
partner_13,26,13202.49
partner_130,0,11695.03
partner_130,1,12313.31
partner_130,2,12592.28
partner_130,3,14074.52
partner_130,4,14963.52
partner_130,5,15267.99
partner_130,6,15068.45
partner_130,7,14838.27
partner_130,8,18558.17
partner_130,9,18071.81
partner_130,10,16374.42
partner_130,11,18667.17
partner_130,12,16410.79
partner_130,13,20826.03
partner_130,14,21238.37
partner_130,15,21324.53
partner_130,16,27365.58
partner_130,17,21812.98
partner_130,18,27571.93
partner_130,19,32768.8
partner_130,20,31099.75
partner_130,21,29221.5
partner_130,22,27136.19
partner_130,23,27604.81
partner_130,24,31994.34
partner_130,25,32446.26
partner_130,26,33759.37
partner_131,0,7361.74
partner_131,1,6381.16
partner_131,2,7038.51
partner_131,3,7710.13
partner_131,4,7968.22
partner_131,5,9977.88
partner_131,6,8946.88
partner_131,7,7606.06
partner_131,8,9800.73
partner_131,9,10290.19
partner_131,10,9994.56
partner_131,11,9224.36
partner_131,12,12803.64
partner_131,13,10086.44
partner_131,14,12489.72
partner_131,15,12395.07
partner_131,16,13361.92
partner_131,17,15305.69
partner_131,18,14322.76
partner_131,19,13280.42
partner_131,20,16203.86
partner_131,21,14178.58
partner_131,22,15954.12
partner_131,23,14176.67
partner_131,24,15143.5
partner_131,25,17607.66
partner_131,26,18838.97
partner_132,0,12306.93
partner_132,1,11857.13
partner_132,2,15292.3
partner_132,3,16951.02
partner_132,4,24821.13
partner_132,5,22189.86
partner_132,6,13023.44
partner_132,7,14109.98
partner_132,8,12071.29
partner_132,9,11776.18
partner_132,10,14175.71
partner_132,11,12221.28
partner_132,12,12399.91
partner_132,13,15811.07
partner_132,14,17447.61
partner_132,15,17826.5
partner_132,16,22568.32
partner_132,17,22045.14
partner_132,18,17009.49
partner_132,19,15868.68
partner_132,20,14040.91
partner_132,21,15616.79
partner_132,22,12858.38
partner_132,23,13989.02
partner_132,24,15377.21
partner_132,25,16656.7
partner_132,26,17929.82
partner_133,0,77906.06
partner_133,1,76036.06
partner_133,2,75011.3
partner_133,3,74005.47
partner_133,4,79093.41
partner_133,5,80476.14
partner_133,6,78833.84
partner_133,7,68189.9
partner_133,8,69578.75
partner_133,9,80383.89
partner_133,10,88676.63
partner_133,11,78478.7
partner_133,12,74118.3
partner_133,13,79034.68
partner_133,14,68512.83
partner_133,15,87418.72
partner_133,16,78742.9
partner_133,17,72125.58
partner_133,18,76011.18
partner_133,19,73226.5
partner_133,20,87439.79
partner_133,21,75737.19
partner_133,22,78501.5
partner_133,23,81735.45
partner_133,24,71574.35
partner_133,25,78797.9
partner_133,26,79421.92
partner_134,0,37422.68
partner_134,1,36765.75
partner_134,2,35163.21
partner_134,3,34702.8
partner_134,4,37023.04
partner_134,5,27807.51
partner_134,6,29393.96
partner_134,7,31341.01
partner_134,8,29729.96
partner_134,9,28642.45
partner_134,10,33716.59
partner_134,11,27089.74
partner_134,12,27425.87
partner_134,13,23056.43
partner_134,14,20683.78
partner_134,15,21472.58
partner_134,16,22926.17
partner_134,17,21502.52
partner_134,18,20751.46
partner_134,19,18844.21
partner_134,20,17895.8
partner_134,21,17624.74
partner_134,22,18581.87
partner_134,23,18133.44
partner_134,24,14523.51
partner_134,25,16778.21
partner_134,26,14071.01
partner_135,0,29578.9
partner_135,1,34879.9
partner_135,2,28897.0
partner_135,3,30696.48
partner_135,4,31987.18
partner_135,5,27522.16
partner_135,6,29938.11
partner_135,7,29353.86
partner_135,8,28608.28
partner_135,9,28831.72
partner_135,10,33511.42
partner_135,11,28352.73
partner_135,12,31865.99
partner_135,13,31106.58
partner_135,14,25944.84
partner_135,15,31723.53
partner_135,16,25894.98
partner_135,17,32052.02
partner_135,18,28628.25
partner_135,19,30183.06
partner_135,20,26254.56
partner_135,21,30526.91
partner_135,22,32953.31
partner_135,23,27724.19
partner_135,24,28326.74
partner_135,25,31528.87
partner_135,26,31604.25
partner_136,0,9941.42
partner_136,1,10381.18
partner_136,2,9831.44
partner_136,3,8349.81
partner_136,4,11247.84
partner_136,5,10217.71
partner_136,6,11736.3
partner_136,7,11189.97
partner_136,8,12038.21
partner_136,9,11148.58
partner_136,10,13494.8
partner_136,11,11249.29
partner_136,12,16067.81
partner_136,13,16504.2
partner_136,14,16124.06
partner_136,15,16063.38
partner_136,16,14518.53
partner_136,17,16804.95
partner_136,18,15318.96
partner_136,19,13427.98
partner_136,20,18795.83
partner_136,21,18689.61
partner_136,22,17206.64
partner_136,23,15567.01
partner_136,24,17164.86
partner_136,25,15327.67
partner_136,26,21081.95
partner_137,0,4333.59
partner_137,1,3857.33
partner_137,2,3611.72
partner_137,3,4313.17
partner_137,4,4072.14
partner_137,5,4565.87
partner_137,6,3678.75
partner_137,7,3893.72
partner_137,8,3206.9
partner_137,9,3292.55
partner_137,10,4970.3
partner_137,11,5090.53
partner_137,12,4251.82
partner_137,13,3865.7
partner_137,14,4087.03
partner_137,15,4580.78
partner_137,16,3996.06
partner_137,17,4312.87
partner_137,18,4207.39
partner_137,19,3973.13
partner_137,20,3991.09
partner_137,21,4336.33
partner_137,22,3801.22
partner_137,23,4403.06
partner_137,24,4014.09
partner_137,25,4266.42
partner_137,26,4795.79
partner_138,0,19184.82
partner_138,1,23063.45
partner_138,2,25128.97
partner_138,3,30938.37
partner_138,4,21601.53
partner_138,5,27552.0
partner_138,6,33001.74
partner_138,7,27485.14
partner_138,8,30226.39
partner_138,9,33039.15
partner_138,10,33722.64
partner_138,11,39653.54
partner_138,12,37092.5
partner_138,13,41639.33
partner_138,14,36691.19
partner_138,15,36491.98
partner_138,16,39886.11
partner_138,17,37355.91
partner_138,18,45866.51
partner_138,19,43553.64
partner_138,20,43756.16
partner_138,21,50991.82
partner_138,22,44539.39
partner_138,23,56086.01
partner_138,24,51340.17
partner_138,25,62301.65
partner_138,26,55538.75
partner_139,0,47823.53
partner_139,1,39669.21
partner_139,2,35858.9
partner_139,3,32479.1
partner_139,4,35563.33
partner_139,5,35445.46
partner_139,6,30775.73
partner_139,7,30500.68
partner_139,8,36161.21
partner_139,9,33995.96
partner_139,10,41974.16
partner_139,11,43902.4
partner_139,12,55984.55
partner_139,13,53251.19
partner_139,14,35978.79
partner_139,15,33863.64
partner_139,16,36210.84
partner_139,17,39844.94
partner_139,18,35617.24
partner_139,19,37958.68
partner_139,20,36605.24
partner_139,21,38109.97
partner_139,22,48308.1
partner_139,23,53757.84
partner_139,24,54959.98
partner_139,25,56027.15
partner_139,26,34911.76
partner_14,0,18638.63
partner_14,1,16904.6
partner_14,2,22178.56
partner_14,3,23471.0
partner_14,4,26017.24
partner_14,5,14595.13
partner_14,6,14006.45
partner_14,7,16155.23
partner_14,8,16486.04
partner_14,9,16020.9
partner_14,10,18834.66
partner_14,11,15590.11
partner_14,12,18295.3
partner_14,13,19853.03
partner_14,14,19804.72
partner_14,15,23515.38
partner_14,16,27391.78
partner_14,17,21533.91
partner_14,18,19204.27
partner_14,19,15170.38
partner_14,20,12757.65
partner_14,21,20074.5
partner_14,22,18720.54
partner_14,23,21389.8
partner_14,24,18228.15
partner_14,25,22996.86
partner_14,26,28666.08
partner_140,0,25313.14
partner_140,1,24486.37
partner_140,2,19776.11
partner_140,3,23841.93
partner_140,4,21020.42
partner_140,5,18665.49
partner_140,6,22924.49
partner_140,7,22635.47
partner_140,8,19789.84
partner_140,9,20161.94
partner_140,10,19795.22
partner_140,11,20457.23
partner_140,12,18805.29
partner_140,13,14843.93
partner_140,14,20072.7
partner_140,15,18059.36
partner_140,16,15124.07
partner_140,17,13958.76
partner_140,18,15961.74
partner_140,19,14424.19
partner_140,20,14965.91
partner_140,21,15198.5
partner_140,22,13031.36
partner_140,23,11983.21
partner_140,24,13679.37
partner_140,25,12175.18
partner_140,26,12741.94
partner_141,0,43825.67
partner_141,1,45380.61
partner_141,2,41232.68
partner_141,3,41355.54
partner_141,4,49063.08
partner_141,5,54120.3
partner_141,6,55781.0
partner_141,7,53209.28
partner_141,8,60415.53
partner_141,9,70594.85
partner_141,10,65522.2
partner_141,11,56197.18
partner_141,12,71692.2
partner_141,13,88529.45
partner_141,14,66996.16
partner_141,15,80681.47
partner_141,16,82247.99
partner_141,17,88878.21
partner_141,18,93883.54
partner_141,19,107325.09
partner_141,20,101640.51
partner_141,21,118901.39
partner_141,22,108999.99
partner_141,23,111345.0
partner_141,24,112629.55
partner_141,25,103329.35
partner_141,26,135741.83
partner_142,0,19442.49
partner_142,1,17804.19
partner_142,2,18494.07
partner_142,3,21256.71
partner_142,4,23721.41
partner_142,5,23164.43
partner_142,6,22240.7
partner_142,7,21084.93
partner_142,8,21897.61
partner_142,9,20243.92
partner_142,10,19112.23
partner_142,11,20242.63
partner_142,12,23403.38
partner_142,13,23077.35
partner_142,14,20699.88
partner_142,15,24677.49
partner_142,16,24479.65
partner_142,17,22783.19
partner_142,18,25371.54
partner_142,19,26031.3
partner_142,20,25760.62
partner_142,21,30621.06
partner_142,22,23163.08
partner_142,23,23402.47
partner_142,24,29818.01
partner_142,25,30720.3
partner_142,26,32315.77
partner_143,0,18301.89
partner_143,1,20136.91
partner_143,2,19261.8
partner_143,3,23277.32
partner_143,4,19498.28
partner_143,5,20044.48
partner_143,6,25140.03
partner_143,7,19759.18
partner_143,8,21272.4
partner_143,9,21454.08
partner_143,10,21625.55
partner_143,11,20735.02
partner_143,12,20542.28
partner_143,13,20353.85
partner_143,14,18990.93
partner_143,15,20807.63
partner_143,16,24239.71
partner_143,17,22591.38
partner_143,18,20764.1
partner_143,19,21876.29
partner_143,20,18400.12
partner_143,21,19626.68
partner_143,22,22061.73
partner_143,23,23148.54
partner_143,24,18598.23
partner_143,25,19177.14
partner_143,26,24547.49
partner_144,0,26518.83
partner_144,1,27242.09
partner_144,2,26376.7
partner_144,3,30466.99
partner_144,4,32360.88
partner_144,5,26139.26
partner_144,6,28785.67
partner_144,7,33327.47
partner_144,8,30841.02
partner_144,9,30397.21
partner_144,10,36024.11
partner_144,11,37179.05
partner_144,12,32724.73
partner_144,13,35809.56
partner_144,14,31546.63
partner_144,15,33431.96
partner_144,16,38043.48
partner_144,17,38574.39
partner_144,18,35546.05
partner_144,19,37385.73
partner_144,20,36819.52
partner_144,21,44088.82
partner_144,22,34662.61
partner_144,23,39693.35
partner_144,24,36772.05
partner_144,25,48182.96
partner_144,26,38792.86
partner_145,0,9458.03
partner_145,1,6907.43
partner_145,2,9032.33
partner_145,3,8222.76
partner_145,4,8361.39
partner_145,5,9765.96
partner_145,6,11539.8
partner_145,7,11334.19
partner_145,8,10329.7
partner_145,9,12391.22
partner_145,10,9341.01
partner_145,11,11586.63
partner_145,12,11962.61
partner_145,13,13670.03
partner_145,14,13825.98
partner_145,15,14475.08
partner_145,16,15009.55
partner_145,17,15929.73
partner_145,18,17429.95
partner_145,19,17462.3
partner_145,20,17392.0
partner_145,21,19373.05
partner_145,22,20978.69
partner_145,23,19040.31
partner_145,24,20851.89
partner_145,25,24360.45
partner_145,26,20203.0
partner_146,0,124786.38
partner_146,1,139105.02
partner_146,2,130390.63
partner_146,3,175604.96
partner_146,4,136828.75
partner_146,5,136864.9
partner_146,6,138739.28
partner_146,7,145458.52
partner_146,8,139348.84
partner_146,9,142166.42
partner_146,10,93231.83
partner_146,11,144904.63
partner_146,12,144337.63
partner_146,13,159044.88
partner_146,14,162942.16
partner_146,15,141376.55
partner_146,16,155841.38
partner_146,17,128209.55
partner_146,18,155137.02
partner_146,19,135832.78
partner_146,20,127011.82
partner_146,21,141407.09
partner_146,22,164259.23
partner_146,23,146689.02
partner_146,24,165642.63
partner_146,25,133293.25
partner_146,26,159178.62
partner_147,0,6296.63
partner_147,1,6445.12
partner_147,2,6078.32
partner_147,3,5386.32
partner_147,4,6207.25
partner_147,5,6564.97
partner_147,6,5168.49
partner_147,7,4395.9
partner_147,8,5544.72
partner_147,9,5008.49
partner_147,10,5014.38
partner_147,11,5261.02
partner_147,12,4665.43
partner_147,13,4666.14
partner_147,14,4656.28
partner_147,15,5291.49
partner_147,16,4538.82
partner_147,17,3890.2
partner_147,18,3833.14
partner_147,19,4330.01
partner_147,20,3715.79
partner_147,21,3466.87
partner_147,22,4286.36
partner_147,23,4223.75
partner_147,24,3734.82
partner_147,25,3915.11
partner_147,26,3800.87
partner_148,0,65862.9
partner_148,1,84194.47
partner_148,2,87880.43
partner_148,3,77601.09
partner_148,4,78658.62
partner_148,5,81605.72
partner_148,6,74112.46
partner_148,7,81939.75
partner_148,8,76733.03
partner_148,9,65998.16
partner_148,10,63406.15
partner_148,11,44793.19
partner_148,12,58697.04
partner_148,13,50814.96
partner_148,14,58176.79
partner_148,15,55968.34
partner_148,16,57105.25
partner_148,17,58931.23
partner_148,18,49949.61
partner_148,19,59565.46
partner_148,20,48069.33
partner_148,21,39537.06
partner_148,22,41589.05
partner_148,23,41087.69
partner_148,24,43782.39
partner_148,25,36241.3
partner_148,26,37617.73
partner_149,0,25342.36
partner_149,1,26002.17
partner_149,2,28443.51
partner_149,3,25673.99
partner_149,4,31008.34
partner_149,5,24918.67
partner_149,6,25902.77
partner_149,7,27549.39
partner_149,8,32716.02
partner_149,9,38169.84
partner_149,10,33380.17
partner_149,11,35261.18
partner_149,12,37763.68
partner_149,13,42540.18
partner_149,14,39939.53
partner_149,15,41390.48
partner_149,16,39446.09
partner_149,17,44795.94
partner_149,18,55360.36
partner_149,19,52099.83
partner_149,20,49839.37
partner_149,21,63040.78
partner_149,22,55063.56
partner_149,23,69625.41
partner_149,24,72476.14
partner_149,25,66623.6
partner_149,26,58714.44
partner_15,0,7051.94
partner_15,1,6662.09
partner_15,2,7302.55
partner_15,3,6330.89
partner_15,4,5744.54
partner_15,5,7958.09
partner_15,6,6418.2
partner_15,7,7071.18
partner_15,8,8746.68
partner_15,9,10106.76
partner_15,10,9626.15
partner_15,11,6489.79
partner_15,12,6458.53
partner_15,13,6580.62
partner_15,14,4930.06
partner_15,15,7644.69
partner_15,16,6327.3
partner_15,17,6815.22
partner_15,18,5709.64
partner_15,19,6925.68
partner_15,20,7961.43
partner_15,21,11162.55
partner_15,22,9138.37
partner_15,23,6780.01
partner_15,24,5877.1
partner_15,25,5985.92
partner_15,26,6099.94
partner_150,0,31359.38
partner_150,1,33455.09
partner_150,2,19019.59
partner_150,3,21215.45
partner_150,4,18293.19
partner_150,5,22345.97
partner_150,6,21099.72
partner_150,7,21959.52
partner_150,8,21348.59
partner_150,9,21891.22
partner_150,10,22511.26
partner_150,11,31056.78
partner_150,12,37677.15
partner_150,13,31258.47
partner_150,14,24056.95
partner_150,15,24004.4
partner_150,16,23245.58
partner_150,17,19866.48
partner_150,18,20586.99
partner_150,19,22036.91
partner_150,20,19060.25
partner_150,21,28668.11
partner_150,22,28602.66
partner_150,23,32113.93
partner_150,24,28660.65
partner_150,25,30287.9
partner_150,26,25504.67
partner_151,0,59735.27
partner_151,1,50686.33
partner_151,2,51837.27
partner_151,3,55980.52
partner_151,4,46661.6
partner_151,5,43570.77
partner_151,6,51742.02
partner_151,7,44078.31
partner_151,8,47122.67
partner_151,9,38319.75
partner_151,10,45437.11
partner_151,11,39625.59
partner_151,12,38970.48
partner_151,13,36638.0
partner_151,14,33244.97
partner_151,15,33898.45
partner_151,16,31375.7
partner_151,17,34837.42
partner_151,18,30153.95
partner_151,19,25342.61
partner_151,20,24010.85
partner_151,21,23117.04
partner_151,22,28727.39
partner_151,23,23180.58
partner_151,24,26127.39
partner_151,25,24896.98
partner_151,26,23628.51
partner_152,0,6950.12
partner_152,1,9408.9
partner_152,2,10339.13
partner_152,3,11774.57
partner_152,4,12057.07
partner_152,5,9088.49
partner_152,6,10357.47
partner_152,7,9232.5
partner_152,8,12862.26
partner_152,9,12541.42
partner_152,10,12022.34
partner_152,11,12043.59
partner_152,12,13751.36
partner_152,13,13817.0
partner_152,14,14025.63
partner_152,15,13406.2
partner_152,16,12619.77
partner_152,17,14360.4
partner_152,18,14713.39
partner_152,19,13610.14
partner_152,20,13654.33
partner_152,21,16069.46
partner_152,22,17171.43
partner_152,23,13890.0
partner_152,24,14911.38
partner_152,25,16168.38
partner_152,26,16707.03
partner_153,0,21142.23
partner_153,1,20407.15
partner_153,2,21765.27
partner_153,3,16886.72
partner_153,4,16739.51
partner_153,5,14110.57
partner_153,6,15144.41
partner_153,7,12528.19
partner_153,8,15112.16
partner_153,9,13995.03
partner_153,10,12473.97
partner_153,11,12131.8
partner_153,12,12597.41
partner_153,13,9911.76
partner_153,14,10899.08
partner_153,15,10916.34
partner_153,16,8008.78
partner_153,17,9946.9
partner_153,18,7403.72
partner_153,19,8394.23
partner_153,20,7169.76
partner_153,21,8859.6
partner_153,22,6546.59
partner_153,23,5904.72
partner_153,24,6845.06
partner_153,25,6185.52
partner_153,26,5236.12
partner_154,0,27655.0
partner_154,1,28563.38
partner_154,2,32159.27
partner_154,3,33033.31
partner_154,4,31895.88
partner_154,5,27787.5
partner_154,6,20992.43
partner_154,7,28295.57
partner_154,8,30683.66
partner_154,9,29519.1
partner_154,10,27007.58
partner_154,11,22340.19
partner_154,12,23599.7
partner_154,13,29199.5
partner_154,14,20630.21
partner_154,15,20900.41
partner_154,16,25379.27
partner_154,17,21800.91
partner_154,18,19735.69
partner_154,19,25344.16
partner_154,20,22592.03
partner_154,21,20404.61
partner_154,22,18451.85
partner_154,23,24662.54
partner_154,24,20060.23
partner_154,25,22514.22
partner_154,26,21138.85
partner_155,0,23233.56
partner_155,1,22683.21
partner_155,2,15671.83
partner_155,3,19843.42
partner_155,4,18115.53
partner_155,5,16030.73
partner_155,6,17886.18
partner_155,7,14699.65
partner_155,8,15794.26
partner_155,9,14862.07
partner_155,10,14959.84
partner_155,11,15242.37
partner_155,12,13447.24
partner_155,13,16887.66
partner_155,14,14928.03
partner_155,15,16358.64
partner_155,16,13305.51
partner_155,17,12459.53
partner_155,18,15112.54
partner_155,19,11806.01
partner_155,20,11998.42
partner_155,21,12767.57
partner_155,22,10174.26
partner_155,23,12125.57
partner_155,24,11680.4
partner_155,25,12125.7
partner_155,26,11423.86
partner_156,0,107583.76
partner_156,1,146626.84
partner_156,2,105503.08
partner_156,3,109777.23
partner_156,4,139114.37
partner_156,5,157409.93
partner_156,6,141885.23
partner_156,7,157503.35
partner_156,8,117864.99
partner_156,9,143864.59
partner_156,10,126541.09
partner_156,11,172635.35
partner_156,12,139198.91
partner_156,13,147708.14
partner_156,14,183101.03
partner_156,15,198102.97
partner_156,16,181237.19
partner_156,17,200184.85
partner_156,18,205230.1
partner_156,19,195963.83
partner_156,20,183410.75
partner_156,21,223760.79
partner_156,22,231155.1
partner_156,23,244001.33
partner_156,24,237515.53
partner_156,25,209181.48
partner_156,26,260389.07
partner_157,0,7760.0
partner_157,1,7637.58
partner_157,2,9165.74
partner_157,3,7412.01
partner_157,4,7981.38
partner_157,5,8793.68
partner_157,6,10835.02
partner_157,7,10581.7
partner_157,8,8210.23
partner_157,9,11439.53
partner_157,10,11735.51
partner_157,11,9363.97
partner_157,12,8141.06
partner_157,13,11088.79
partner_157,14,12746.74
partner_157,15,13630.08
partner_157,16,11014.55
partner_157,17,14548.37
partner_157,18,9872.06
partner_157,19,12553.16
partner_157,20,12814.41
partner_157,21,15301.73
partner_157,22,15905.81
partner_157,23,15823.11
partner_157,24,12819.37
partner_157,25,16518.88
partner_157,26,16397.48
partner_158,0,3252.4
partner_158,1,4525.4
partner_158,2,4026.0
partner_158,3,3572.94
partner_158,4,4014.49
partner_158,5,4249.09
partner_158,6,4065.87
partner_158,7,3463.55
partner_158,8,4872.89
partner_158,9,4511.55
partner_158,10,3962.34
partner_158,11,3978.86
partner_158,12,4247.22
partner_158,13,3636.71
partner_158,14,4232.13
partner_158,15,3554.26
partner_158,16,4070.92
partner_158,17,3620.74
partner_158,18,3641.44
partner_158,19,4774.56
partner_158,20,4124.12
partner_158,21,4184.87
partner_158,22,3275.21
partner_158,23,3855.08
partner_158,24,4288.93
partner_158,25,4179.43
partner_158,26,3216.72
partner_159,0,8121.63
partner_159,1,6733.92
partner_159,2,7809.94
partner_159,3,7760.04
partner_159,4,9660.19
partner_159,5,7259.8
partner_159,6,11331.01
partner_159,7,15605.66
partner_159,8,13650.07
partner_159,9,9358.1
partner_159,10,7168.8
partner_159,11,7193.43
partner_159,12,9783.81
partner_159,13,8629.95
partner_159,14,8626.29
partner_159,15,7619.85
partner_159,16,8945.03
partner_159,17,8686.68
partner_159,18,13062.06
partner_159,19,17110.49
partner_159,20,14075.33
partner_159,21,7916.45
partner_159,22,6303.1
partner_159,23,7010.72
partner_159,24,9728.91
partner_159,25,7543.59
partner_159,26,8092.13
partner_16,0,33645.49
partner_16,1,37487.81
partner_16,2,39084.64
partner_16,3,36898.22
partner_16,4,44797.52
partner_16,5,45211.25
partner_16,6,58015.09
partner_16,7,72787.13
partner_16,8,45642.92
partner_16,9,44968.61
partner_16,10,39958.08
partner_16,11,37819.97
partner_16,12,39837.85
partner_16,13,45065.61
partner_16,14,49746.0
partner_16,15,51621.61
partner_16,16,55304.72
partner_16,17,56430.89
partner_16,18,69673.48
partner_16,19,67681.61
partner_16,20,46259.28
partner_16,21,57174.36
partner_16,22,39368.89
partner_16,23,46953.92
partner_16,24,54241.22
partner_16,25,41564.19
partner_16,26,46082.79
partner_160,0,10190.05
partner_160,1,10474.71
partner_160,2,11543.34
partner_160,3,11277.98
partner_160,4,11908.81
partner_160,5,13810.58
partner_160,6,14184.25
partner_160,7,17737.86
partner_160,8,16024.55
partner_160,9,17972.26
partner_160,10,15108.54
partner_160,11,18698.74
partner_160,12,17303.83
partner_160,13,20357.64
partner_160,14,21976.15
partner_160,15,21694.25
partner_160,16,28119.83
partner_160,17,27192.81
partner_160,18,27923.49
partner_160,19,28233.86
partner_160,20,32394.15
partner_160,21,24757.85
partner_160,22,34514.92
partner_160,23,28711.15
partner_160,24,31572.44
partner_160,25,37102.85
partner_160,26,41432.44
partner_161,0,5092.24
partner_161,1,4794.76
partner_161,2,5137.74
partner_161,3,6161.59
partner_161,4,4629.23
partner_161,5,3987.95
partner_161,6,3629.53
partner_161,7,3908.78
partner_161,8,3546.18
partner_161,9,3969.48
partner_161,10,3840.02
partner_161,11,3394.54
partner_161,12,4132.92
partner_161,13,3095.21
partner_161,14,3198.09
partner_161,15,3336.26
partner_161,16,3309.08
partner_161,17,3319.38
partner_161,18,2973.77
partner_161,19,3053.0
partner_161,20,2498.52
partner_161,21,2831.15
partner_161,22,2739.53
partner_161,23,2802.14
partner_161,24,1964.61
partner_161,25,2077.26
partner_161,26,2395.47
partner_162,0,2650.97
partner_162,1,2481.02
partner_162,2,2643.74
partner_162,3,2662.99
partner_162,4,2637.03
partner_162,5,2731.9
partner_162,6,3238.83
partner_162,7,3946.62
partner_162,8,5655.83
partner_162,9,4590.99
partner_162,10,2964.64
partner_162,11,2709.87
partner_162,12,2715.44
partner_162,13,2401.93
partner_162,14,2448.89
partner_162,15,2565.51
partner_162,16,3002.4
partner_162,17,3403.03
partner_162,18,2848.2
partner_162,19,3998.55
partner_162,20,4283.44
partner_162,21,4846.98
partner_162,22,3306.6
partner_162,23,2861.74
partner_162,24,2991.54
partner_162,25,3454.98
partner_162,26,3165.11
partner_163,0,6150.87
partner_163,1,6207.19
partner_163,2,5096.24
partner_163,3,6007.38
partner_163,4,5839.55
partner_163,5,6275.37
partner_163,6,6696.46
partner_163,7,7291.51
partner_163,8,8213.17
partner_163,9,10830.34
partner_163,10,9041.45
partner_163,11,5126.24
partner_163,12,4019.19
partner_163,13,5865.37
partner_163,14,5421.83
partner_163,15,6142.77
partner_163,16,4747.29
partner_163,17,5569.67
partner_163,18,6477.4
partner_163,19,6246.58
partner_163,20,8822.3
partner_163,21,9360.06
partner_163,22,9880.21
partner_163,23,6261.71
partner_163,24,6473.42
partner_163,25,5965.28
partner_163,26,5429.79
partner_164,0,6403.7
partner_164,1,6561.51
partner_164,2,5937.5
partner_164,3,5390.89
partner_164,4,7176.03
partner_164,5,8307.62
partner_164,6,7442.42
partner_164,7,10854.55
partner_164,8,11548.2
partner_164,9,6767.16
partner_164,10,6091.95
partner_164,11,5730.24
partner_164,12,6348.74
partner_164,13,6424.06
partner_164,14,6303.96
partner_164,15,6142.93
partner_164,16,5750.92
partner_164,17,7466.98
partner_164,18,8977.01
partner_164,19,10096.63
partner_164,20,9961.1
partner_164,21,7052.55
partner_164,22,5635.12
partner_164,23,6749.0
partner_164,24,5517.46
partner_164,25,6584.4
partner_164,26,6632.02
partner_165,0,65177.32
partner_165,1,55371.9
partner_165,2,56961.1
partner_165,3,64226.97
partner_165,4,61437.55
partner_165,5,49033.96
partner_165,6,52716.77
partner_165,7,53181.94
partner_165,8,48235.28
partner_165,9,61221.65
partner_165,10,49427.64
partner_165,11,46797.3
partner_165,12,51374.98
partner_165,13,43122.66
partner_165,14,48031.28
partner_165,15,35446.75
partner_165,16,39593.62
partner_165,17,44677.48
partner_165,18,45611.95
partner_165,19,35461.68
partner_165,20,34136.15
partner_165,21,38604.03
partner_165,22,33396.41
partner_165,23,33790.03
partner_165,24,36819.05
partner_165,25,31207.92
partner_165,26,25852.34
partner_166,0,3868.21
partner_166,1,4526.11
partner_166,2,3939.86
partner_166,3,5227.48
partner_166,4,5360.63
partner_166,5,3866.18
partner_166,6,4351.35
partner_166,7,3762.88
partner_166,8,3958.07
partner_166,9,4730.39
partner_166,10,3748.77
partner_166,11,3747.99
partner_166,12,3428.99
partner_166,13,4140.41
partner_166,14,2455.41
partner_166,15,3417.93
partner_166,16,3492.95
partner_166,17,3215.47
partner_166,18,3670.09
partner_166,19,3713.3
partner_166,20,2793.26
partner_166,21,3859.49
partner_166,22,2685.7
partner_166,23,3468.44
partner_166,24,3059.92
partner_166,25,2809.07
partner_166,26,2783.64
partner_167,0,62712.59
partner_167,1,69686.22
partner_167,2,68037.57
partner_167,3,66906.66
partner_167,4,72252.21
partner_167,5,71941.09
partner_167,6,80453.0
partner_167,7,90515.38
partner_167,8,90718.79
partner_167,9,110889.21
partner_167,10,74524.83
partner_167,11,103480.7
partner_167,12,102180.97
partner_167,13,114102.71
partner_167,14,116800.67
partner_167,15,110743.89
partner_167,16,118339.69
partner_167,17,111241.7
partner_167,18,131784.63
partner_167,19,104175.64
partner_167,20,142821.03
partner_167,21,136598.19
partner_167,22,134560.77
partner_167,23,142737.14
partner_167,24,148571.96
partner_167,25,176210.73
partner_167,26,213247.18
partner_168,0,13852.48
partner_168,1,14420.13
partner_168,2,12710.83
partner_168,3,12690.33
partner_168,4,14959.26
partner_168,5,16868.11
partner_168,6,13572.73
partner_168,7,15565.77
partner_168,8,18387.16
partner_168,9,18105.27
partner_168,10,21339.63
partner_168,11,16643.8
partner_168,12,24816.33
partner_168,13,17625.19
partner_168,14,17211.95
partner_168,15,22254.92
partner_168,16,20576.12
partner_168,17,23968.33
partner_168,18,24761.46
partner_168,19,25355.33
partner_168,20,24552.91
partner_168,21,28998.98
partner_168,22,27902.85
partner_168,23,33173.1
partner_168,24,30414.5
partner_168,25,29013.27
partner_168,26,27671.85
partner_169,0,6459.66
partner_169,1,7725.62
partner_169,2,5929.56
partner_169,3,8087.52
partner_169,4,7075.32
partner_169,5,6813.56
partner_169,6,6029.24
partner_169,7,7113.9
partner_169,8,6492.49
partner_169,9,5944.11
partner_169,10,6396.85
partner_169,11,5125.89
partner_169,12,5065.93
partner_169,13,5284.84
partner_169,14,6052.95
partner_169,15,5745.44
partner_169,16,6240.29
partner_169,17,5039.5
partner_169,18,5767.48
partner_169,19,5298.63
partner_169,20,4770.21
partner_169,21,5375.18
partner_169,22,5052.61
partner_169,23,4683.72
partner_169,24,4932.29
partner_169,25,4764.14
partner_169,26,4670.23
partner_17,0,6329.64
partner_17,1,5440.95
partner_17,2,6859.61
partner_17,3,6905.58
partner_17,4,6803.34
partner_17,5,5910.71
partner_17,6,6530.22
partner_17,7,5891.89
partner_17,8,6258.88
partner_17,9,7868.41
partner_17,10,6536.16
partner_17,11,5705.38
partner_17,12,6590.96
partner_17,13,5599.03
partner_17,14,5697.94
partner_17,15,5800.16
partner_17,16,6186.55
partner_17,17,7080.82
partner_17,18,6848.67
partner_17,19,6812.81
partner_17,20,5762.74
partner_17,21,6123.75
partner_17,22,6650.31
partner_17,23,6067.42
partner_17,24,6293.99
partner_17,25,6759.95
partner_17,26,6248.4
partner_170,0,18430.51
partner_170,1,21355.03
partner_170,2,19495.08
partner_170,3,19033.81
partner_170,4,20686.35
partner_170,5,22752.44
partner_170,6,21589.99
partner_170,7,20070.71
partner_170,8,19985.5
partner_170,9,22544.26
partner_170,10,16116.3
partner_170,11,22886.69
partner_170,12,17224.29
partner_170,13,18196.38
partner_170,14,20106.49
partner_170,15,25796.47
partner_170,16,24752.1
partner_170,17,22694.06
partner_170,18,21952.3
partner_170,19,17249.17
partner_170,20,21528.83
partner_170,21,20032.39
partner_170,22,19465.5
partner_170,23,21524.68
partner_170,24,20197.96
partner_170,25,23039.17
partner_170,26,17093.0
partner_171,0,7905.98
partner_171,1,8341.1
partner_171,2,7060.03
partner_171,3,7932.44
partner_171,4,7500.35
partner_171,5,7027.37
partner_171,6,7040.62
partner_171,7,7142.49
partner_171,8,6576.4
partner_171,9,6999.44
partner_171,10,6676.88
partner_171,11,6331.44
partner_171,12,7674.4
partner_171,13,6771.84
partner_171,14,6139.89
partner_171,15,6360.15
partner_171,16,5523.26
partner_171,17,5779.95
partner_171,18,5744.63
partner_171,19,5100.67
partner_171,20,5943.41
partner_171,21,5334.19
partner_171,22,5320.51
partner_171,23,5108.73
partner_171,24,6892.67
partner_171,25,4876.51
partner_171,26,4067.24
partner_172,0,4538.76
partner_172,1,4782.23
partner_172,2,3930.84
partner_172,3,4757.97
partner_172,4,4531.29
partner_172,5,4138.52
partner_172,6,4108.59
partner_172,7,4294.75
partner_172,8,4588.6
partner_172,9,4386.05
partner_172,10,3932.95
partner_172,11,4144.97
partner_172,12,5054.24
partner_172,13,4324.43
partner_172,14,4585.18
partner_172,15,4446.2
partner_172,16,4333.77
partner_172,17,4264.31
partner_172,18,4597.01
partner_172,19,4521.61
partner_172,20,4329.78
partner_172,21,3925.79
partner_172,22,4381.1
partner_172,23,4190.19
partner_172,24,4088.42
partner_172,25,5348.48
partner_172,26,3569.21
partner_173,0,37163.06
partner_173,1,44451.13
partner_173,2,30817.44
partner_173,3,30496.8
partner_173,4,31642.58
partner_173,5,27972.55
partner_173,6,32071.2
partner_173,7,26891.33
partner_173,8,29182.92
partner_173,9,22899.24
partner_173,10,20862.14
partner_173,11,23987.9
partner_173,12,19957.34
partner_173,13,26286.39
partner_173,14,18637.29
partner_173,15,19013.19
partner_173,16,21300.13
partner_173,17,18564.51
partner_173,18,16126.87
partner_173,19,22072.05
partner_173,20,15904.74
partner_173,21,16707.08
partner_173,22,16086.92
partner_173,23,16966.88
partner_173,24,15979.93
partner_173,25,13508.65
partner_173,26,13735.69
partner_174,0,6452.27
partner_174,1,8621.94
partner_174,2,6509.96
partner_174,3,6911.74
partner_174,4,6005.09
partner_174,5,5804.67
partner_174,6,5977.58
partner_174,7,5808.01
partner_174,8,6054.66
partner_174,9,5595.26
partner_174,10,6514.28
partner_174,11,5512.55
partner_174,12,5348.08
partner_174,13,5540.52
partner_174,14,6225.44
partner_174,15,5680.58
partner_174,16,5406.4
partner_174,17,4593.94
partner_174,18,4664.0
partner_174,19,4509.75
partner_174,20,5741.14
partner_174,21,5250.58
partner_174,22,4474.29
partner_174,23,4536.55
partner_174,24,4331.58
partner_174,25,4225.41
partner_174,26,4762.08
partner_175,0,8614.87
partner_175,1,8022.44
partner_175,2,8064.59
partner_175,3,7609.56
partner_175,4,6829.44
partner_175,5,7557.1
partner_175,6,6882.08
partner_175,7,8293.35
partner_175,8,7419.11
partner_175,9,7317.91
partner_175,10,7221.44
partner_175,11,8371.78
partner_175,12,6108.44
partner_175,13,8441.68
partner_175,14,6998.08
partner_175,15,6128.13
partner_175,16,6594.44
partner_175,17,5953.66
partner_175,18,7596.94
partner_175,19,6390.44
partner_175,20,7251.1
partner_175,21,7939.62
partner_175,22,6651.62
partner_175,23,6939.65
partner_175,24,6201.42
partner_175,25,6853.9
partner_175,26,8966.32
partner_176,0,51142.91
partner_176,1,52009.32
partner_176,2,32669.74
partner_176,3,35891.98
partner_176,4,30823.24
partner_176,5,30794.31
partner_176,6,35306.83
partner_176,7,30073.75
partner_176,8,36714.52
partner_176,9,35147.76
partner_176,10,31476.23
partner_176,11,45474.01
partner_176,12,42504.86
partner_176,13,54642.03
partner_176,14,33093.52
partner_176,15,40203.86
partner_176,16,37543.73
partner_176,17,30302.02
partner_176,18,27038.18
partner_176,19,31333.23
partner_176,20,29898.76
partner_176,21,41427.58
partner_176,22,38295.21
partner_176,23,48947.74
partner_176,24,49427.48
partner_176,25,49943.83
partner_176,26,33667.03
partner_177,0,11137.37
partner_177,1,14181.25
partner_177,2,11603.98
partner_177,3,11178.02
partner_177,4,8227.36
partner_177,5,11954.29
partner_177,6,11124.35
partner_177,7,10897.5
partner_177,8,10144.98
partner_177,9,9760.63
partner_177,10,9771.27
partner_177,11,10400.82
partner_177,12,10361.18
partner_177,13,9320.76
partner_177,14,10234.67
partner_177,15,9085.68
partner_177,16,8519.82
partner_177,17,8964.61
partner_177,18,7441.19
partner_177,19,8633.52
partner_177,20,6991.24
partner_177,21,7266.03
partner_177,22,6332.4
partner_177,23,7636.96
partner_177,24,8841.19
partner_177,25,7373.55
partner_177,26,7779.97
partner_178,0,66647.13
partner_178,1,59156.94
partner_178,2,60038.67
partner_178,3,64063.01
partner_178,4,60004.55
partner_178,5,60483.76
partner_178,6,70370.22
partner_178,7,70632.23
partner_178,8,53509.0
partner_178,9,58817.7
partner_178,10,61086.44
partner_178,11,67896.49
partner_178,12,71381.2
partner_178,13,81367.28
partner_178,14,61075.75
partner_178,15,61395.69
partner_178,16,67829.11
partner_178,17,59688.6
partner_178,18,63155.81
partner_178,19,61400.11
partner_178,20,47264.8
partner_178,21,64848.22
partner_178,22,62890.62
partner_178,23,72202.15
partner_178,24,64093.97
partner_178,25,56021.04
partner_178,26,62405.45
partner_179,0,3686.29
partner_179,1,3317.34
partner_179,2,3646.06
partner_179,3,2631.6
partner_179,4,3136.98
partner_179,5,3005.03
partner_179,6,3392.25
partner_179,7,3243.05
partner_179,8,3173.55
partner_179,9,3377.58
partner_179,10,2766.27
partner_179,11,3194.78
partner_179,12,2477.17
partner_179,13,2421.08
partner_179,14,2864.45
partner_179,15,2220.92
partner_179,16,2712.56
partner_179,17,2543.34
partner_179,18,2735.78
partner_179,19,2410.5
partner_179,20,2393.09
partner_179,21,2454.36
partner_179,22,2140.05
partner_179,23,2090.4
partner_179,24,2312.07
partner_179,25,2159.89
partner_179,26,2039.3
partner_18,0,8606.61
partner_18,1,10177.21
partner_18,2,9993.15
partner_18,3,8394.72
partner_18,4,9100.27
partner_18,5,9745.85
partner_18,6,10107.98
partner_18,7,11386.38
partner_18,8,12678.91
partner_18,9,13975.91
partner_18,10,13306.46
partner_18,11,12821.31
partner_18,12,11045.54
partner_18,13,14604.66
partner_18,14,15114.94
partner_18,15,15959.28
partner_18,16,19724.32
partner_18,17,19038.56
partner_18,18,18989.75
partner_18,19,16543.12
partner_18,20,18052.19
partner_18,21,19593.59
partner_18,22,18969.33
partner_18,23,22447.36
partner_18,24,23016.48
partner_18,25,20588.32
partner_18,26,26891.02
partner_180,0,64719.88
partner_180,1,67342.63
partner_180,2,61171.6
partner_180,3,76663.8
partner_180,4,85631.99
partner_180,5,90877.21
partner_180,6,88475.87
partner_180,7,100084.75
partner_180,8,102316.16
partner_180,9,110585.02
partner_180,10,114080.56
partner_180,11,125413.39
partner_180,12,111211.75
partner_180,13,102405.26
partner_180,14,131412.51
partner_180,15,138656.84
partner_180,16,155312.23
partner_180,17,158053.26
partner_180,18,174670.77
partner_180,19,162071.88
partner_180,20,162924.53
partner_180,21,143215.39
partner_180,22,178848.07
partner_180,23,171078.23
partner_180,24,192992.39
partner_180,25,198327.75
partner_180,26,215582.37
partner_181,0,26293.69
partner_181,1,17497.46
partner_181,2,24502.24
partner_181,3,26936.83
partner_181,4,28542.0
partner_181,5,25805.43
partner_181,6,28096.76
partner_181,7,24451.61
partner_181,8,24052.28
partner_181,9,25318.4
partner_181,10,24037.72
partner_181,11,22164.19
partner_181,12,22806.48
partner_181,13,21371.18
partner_181,14,25315.9
partner_181,15,24072.79
partner_181,16,23179.07
partner_181,17,22682.78
partner_181,18,25259.82
partner_181,19,25922.01
partner_181,20,21327.03
partner_181,21,20949.11
partner_181,22,26340.55
partner_181,23,20738.83
partner_181,24,25361.85
partner_181,25,27933.32
partner_181,26,27938.91
partner_182,0,115208.19
partner_182,1,73731.71
partner_182,2,93818.21
partner_182,3,109177.67
partner_182,4,99469.93
partner_182,5,118352.86
partner_182,6,107284.45
partner_182,7,111625.07
partner_182,8,109599.85
partner_182,9,109251.49
partner_182,10,111462.03
partner_182,11,123882.62
partner_182,12,113816.64
partner_182,13,138225.57
partner_182,14,137517.06
partner_182,15,146556.08
partner_182,16,119814.19
partner_182,17,114674.2
partner_182,18,141255.93
partner_182,19,186451.6
partner_182,20,166580.0
partner_182,21,142856.75
partner_182,22,161271.4
partner_182,23,169758.65
partner_182,24,139717.25
partner_182,25,188248.96
partner_182,26,166525.98
partner_183,0,24166.78
partner_183,1,26868.86
partner_183,2,22288.74
partner_183,3,19994.03
partner_183,4,24888.07
partner_183,5,19182.3
partner_183,6,23383.5
partner_183,7,26970.93
partner_183,8,25505.6
partner_183,9,26622.5
partner_183,10,25605.07
partner_183,11,29920.62
partner_183,12,22691.23
partner_183,13,25069.31
partner_183,14,23053.16
partner_183,15,26416.23
partner_183,16,23960.99
partner_183,17,28253.48
partner_183,18,22829.67
partner_183,19,27501.94
partner_183,20,25539.47
partner_183,21,24031.18
partner_183,22,25417.24
partner_183,23,24739.33
partner_183,24,24967.63
partner_183,25,23610.69
partner_183,26,22417.95
partner_184,0,5818.91
partner_184,1,7585.59
partner_184,2,6132.34
partner_184,3,6844.24
partner_184,4,7449.93
partner_184,5,7583.81
partner_184,6,5754.88
partner_184,7,6932.26
partner_184,8,7318.18
partner_184,9,7032.91
partner_184,10,7936.91
partner_184,11,6421.54
partner_184,12,5562.91
partner_184,13,7563.47
partner_184,14,6620.75
partner_184,15,5766.15
partner_184,16,6885.62
partner_184,17,7857.48
partner_184,18,6112.68
partner_184,19,8630.91
partner_184,20,6410.3
partner_184,21,7057.4
partner_184,22,6143.55
partner_184,23,7025.63
partner_184,24,6902.94
partner_184,25,5954.39
partner_184,26,8973.62
partner_185,0,22493.63
partner_185,1,25042.4
partner_185,2,24378.34
partner_185,3,19927.41
partner_185,4,23910.96
partner_185,5,19645.63
partner_185,6,27268.19
partner_185,7,21627.01
partner_185,8,24578.51
partner_185,9,27615.84
partner_185,10,29825.28
partner_185,11,28745.61
partner_185,12,35143.95
partner_185,13,33817.16
partner_185,14,34699.57
partner_185,15,29552.71
partner_185,16,40748.25
partner_185,17,33110.68
partner_185,18,43679.8
partner_185,19,46245.1
partner_185,20,41799.67
partner_185,21,45341.26
partner_185,22,29385.98
partner_185,23,43056.95
partner_185,24,50394.36
partner_185,25,51257.18
partner_185,26,42583.3
partner_186,0,7406.97
partner_186,1,5935.61
partner_186,2,8368.04
partner_186,3,8643.31
partner_186,4,7569.18
partner_186,5,8595.0
partner_186,6,8216.13
partner_186,7,8843.07
partner_186,8,7858.19
partner_186,9,9693.79
partner_186,10,7842.13
partner_186,11,7880.21
partner_186,12,9795.04
partner_186,13,9978.94
partner_186,14,10765.81
partner_186,15,10074.79
partner_186,16,13165.83
partner_186,17,11570.87
partner_186,18,11980.27
partner_186,19,12273.64
partner_186,20,13615.11
partner_186,21,13454.21
partner_186,22,13656.61
partner_186,23,14435.2
partner_186,24,11300.86
partner_186,25,11671.74
partner_186,26,14498.81
partner_187,0,23145.63
partner_187,1,23958.07
partner_187,2,19426.98
partner_187,3,21727.05
partner_187,4,18459.57
partner_187,5,21703.51
partner_187,6,16633.46
partner_187,7,20772.71
partner_187,8,16784.67
partner_187,9,18544.61
partner_187,10,20592.79
partner_187,11,18947.17
partner_187,12,15169.84
partner_187,13,16600.77
partner_187,14,14825.03
partner_187,15,14200.0
partner_187,16,16955.29
partner_187,17,17345.64
partner_187,18,16808.5
partner_187,19,16730.37
partner_187,20,15447.69
partner_187,21,14744.56
partner_187,22,13263.6
partner_187,23,13922.03
partner_187,24,12387.67
partner_187,25,12807.87
partner_187,26,13834.4
partner_188,0,29652.92
partner_188,1,39326.65
partner_188,2,39819.15
partner_188,3,26510.06
partner_188,4,23538.28
partner_188,5,24374.58
partner_188,6,23977.04
partner_188,7,21723.98
partner_188,8,23830.81
partner_188,9,24903.37
partner_188,10,27355.2
partner_188,11,32662.57
partner_188,12,37265.16
partner_188,13,44016.43
partner_188,14,37693.39
partner_188,15,28435.39
partner_188,16,25308.96
partner_188,17,29475.58
partner_188,18,31293.31
partner_188,19,27358.92
partner_188,20,25257.17
partner_188,21,28529.12
partner_188,22,31015.22
partner_188,23,33063.56
partner_188,24,39741.35
partner_188,25,52645.34
partner_188,26,52748.51
partner_189,0,7391.38
partner_189,1,9748.2
partner_189,2,11188.6
partner_189,3,8984.76
partner_189,4,7163.36
partner_189,5,7508.76
partner_189,6,7634.36
partner_189,7,7297.68
partner_189,8,5816.13
partner_189,9,8221.75
partner_189,10,7673.58
partner_189,11,6727.98
partner_189,12,7830.54
partner_189,13,10367.4
partner_189,14,12498.3
partner_189,15,11187.45
partner_189,16,8167.46
partner_189,17,6223.05
partner_189,18,6825.98
partner_189,19,6077.54
partner_189,20,7006.5
partner_189,21,8908.38
partner_189,22,9436.28
partner_189,23,8311.22
partner_189,24,8448.97
partner_189,25,10520.51
partner_189,26,13013.74
partner_19,0,21541.08
partner_19,1,25910.61
partner_19,2,26776.71
partner_19,3,28577.9
partner_19,4,25165.39
partner_19,5,28200.64
partner_19,6,26531.73
partner_19,7,22619.36
partner_19,8,22358.62
partner_19,9,28967.96
partner_19,10,29159.19
partner_19,11,26885.32
partner_19,12,29939.79
partner_19,13,28796.2
partner_19,14,27824.79
partner_19,15,23670.88
partner_19,16,30553.72
partner_19,17,27441.09
partner_19,18,25039.44
partner_19,19,24303.86
partner_19,20,26713.1
partner_19,21,21692.17
partner_19,22,27866.58
partner_19,23,23560.82
partner_19,24,27009.55
partner_19,25,24685.8
partner_19,26,25355.67
partner_190,0,42836.36
partner_190,1,32726.25
partner_190,2,32986.58
partner_190,3,34834.3
partner_190,4,34901.57
partner_190,5,31043.8
partner_190,6,32555.03
partner_190,7,33435.21
partner_190,8,36782.53
partner_190,9,29622.71
partner_190,10,29149.41
partner_190,11,32918.88
partner_190,12,26330.95
partner_190,13,23582.12
partner_190,14,27183.17
partner_190,15,28657.62
partner_190,16,26154.03
partner_190,17,24388.54
partner_190,18,20547.17
partner_190,19,23304.87
partner_190,20,25690.67
partner_190,21,19559.33
partner_190,22,21236.43
partner_190,23,20415.72
partner_190,24,19275.36
partner_190,25,20717.28
partner_190,26,20597.74
partner_191,0,7946.48
partner_191,1,10139.14
partner_191,2,9742.68
partner_191,3,12617.93
partner_191,4,13156.87
partner_191,5,13787.59
partner_191,6,10820.32
partner_191,7,13111.1
partner_191,8,14006.53
partner_191,9,14397.32
partner_191,10,13407.2
partner_191,11,16283.91
partner_191,12,14995.99
partner_191,13,15774.51
partner_191,14,13689.32
partner_191,15,17885.84
partner_191,16,16997.57
partner_191,17,18969.21
partner_191,18,19270.13
partner_191,19,19909.15
partner_191,20,20218.46
partner_191,21,22755.97
partner_191,22,21476.27
partner_191,23,19447.27
partner_191,24,24983.98
partner_191,25,22566.54
partner_191,26,22124.92
partner_192,0,17080.16
partner_192,1,16449.25
partner_192,2,13067.27
partner_192,3,15972.33
partner_192,4,18551.6
partner_192,5,15859.98
partner_192,6,16334.71
partner_192,7,18341.92
partner_192,8,17930.83
partner_192,9,18306.64
partner_192,10,12004.47
partner_192,11,19488.87
partner_192,12,17666.59
partner_192,13,20697.97
partner_192,14,15310.15
partner_192,15,13680.55
partner_192,16,16621.55
partner_192,17,16152.18
partner_192,18,17695.27
partner_192,19,18394.97
partner_192,20,16464.57
partner_192,21,16209.76
partner_192,22,17477.78
partner_192,23,16183.81
partner_192,24,16044.87
partner_192,25,18332.2
partner_192,26,18702.0
partner_193,0,30316.46
partner_193,1,39248.17
partner_193,2,38030.4
partner_193,3,41952.05
partner_193,4,40955.73
partner_193,5,45252.45
partner_193,6,41970.75
partner_193,7,42183.66
partner_193,8,56081.6
partner_193,9,46610.9
partner_193,10,53316.0
partner_193,11,60324.85
partner_193,12,62081.05
partner_193,13,63421.92
partner_193,14,62523.15
partner_193,15,67220.17
partner_193,16,73634.44
partner_193,17,69717.12
partner_193,18,56384.71
partner_193,19,67577.09
partner_193,20,78827.65
partner_193,21,71347.08
partner_193,22,91363.35
partner_193,23,80699.21
partner_193,24,84599.61
partner_193,25,96389.93
partner_193,26,87859.14
partner_194,0,7712.8
partner_194,1,9145.97
partner_194,2,6995.15
partner_194,3,7789.66
partner_194,4,8488.08
partner_194,5,7712.23
partner_194,6,8588.72
partner_194,7,6167.57
partner_194,8,5947.28
partner_194,9,7534.35
partner_194,10,7430.71
partner_194,11,6555.7
partner_194,12,6796.25
partner_194,13,6863.73
partner_194,14,5735.93
partner_194,15,5672.3
partner_194,16,6079.73
partner_194,17,6359.71
partner_194,18,5036.55
partner_194,19,5462.81
partner_194,20,5314.79
partner_194,21,5547.95
partner_194,22,5201.13
partner_194,23,4810.86
partner_194,24,5595.31
partner_194,25,4600.21
partner_194,26,4614.28
partner_195,0,12283.29
partner_195,1,13909.84
partner_195,2,13651.29
partner_195,3,14020.21
partner_195,4,13956.02
partner_195,5,15988.68
partner_195,6,12238.01
partner_195,7,11085.17
partner_195,8,11837.63
partner_195,9,12296.48
partner_195,10,11938.46
partner_195,11,13351.11
partner_195,12,14884.13
partner_195,13,15263.76
partner_195,14,13894.28
partner_195,15,16059.53
partner_195,16,12755.84
partner_195,17,11067.85
partner_195,18,14620.28
partner_195,19,10795.27
partner_195,20,12228.56
partner_195,21,13915.18
partner_195,22,13091.8
partner_195,23,12974.64
partner_195,24,11665.36
partner_195,25,13212.93
partner_195,26,14554.79
partner_196,0,23108.27
partner_196,1,22056.62
partner_196,2,23160.26
partner_196,3,26189.18
partner_196,4,26066.37
partner_196,5,23183.16
partner_196,6,19629.26
partner_196,7,26258.93
partner_196,8,22938.21
partner_196,9,26936.95
partner_196,10,23295.05
partner_196,11,22710.92
partner_196,12,25586.48
partner_196,13,31141.99
partner_196,14,27088.07
partner_196,15,25543.76
partner_196,16,26104.8
partner_196,17,20787.58
partner_196,18,22372.13
partner_196,19,18872.82
partner_196,20,29559.84
partner_196,21,29049.56
partner_196,22,26190.4
partner_196,23,25540.98
partner_196,24,21290.4
partner_196,25,24647.83
partner_196,26,29717.39
partner_197,0,6949.41
partner_197,1,9387.22
partner_197,2,8012.95
partner_197,3,6507.43
partner_197,4,7009.0
partner_197,5,6589.87
partner_197,6,7293.6
partner_197,7,7380.36
partner_197,8,6717.46
partner_197,9,7457.48
partner_197,10,6822.84
partner_197,11,7325.98
partner_197,12,6247.22
partner_197,13,8268.03
partner_197,14,5850.28
partner_197,15,5517.69
partner_197,16,5324.88
partner_197,17,5682.54
partner_197,18,4702.41
partner_197,19,5719.22
partner_197,20,4399.4
partner_197,21,5402.84
partner_197,22,4498.56
partner_197,23,4894.41
partner_197,24,5278.85
partner_197,25,5991.82
partner_197,26,4250.47
partner_198,0,21493.35
partner_198,1,22562.45
partner_198,2,27149.97
partner_198,3,24627.71
partner_198,4,32737.25
partner_198,5,28734.68
partner_198,6,25600.08
partner_198,7,28316.06
partner_198,8,27908.37
partner_198,9,33824.87
partner_198,10,27030.56
partner_198,11,28895.58
partner_198,12,32408.23
partner_198,13,37984.29
partner_198,14,41227.48
partner_198,15,43114.91
partner_198,16,41177.56
partner_198,17,40031.45
partner_198,18,44977.95
partner_198,19,38087.36
partner_198,20,36206.45
partner_198,21,47827.77
partner_198,22,42546.49
partner_198,23,48509.37
partner_198,24,51004.85
partner_198,25,53317.16
partner_198,26,58739.23
partner_199,0,10666.02
partner_199,1,11457.33
partner_199,2,10827.39
partner_199,3,11465.62
partner_199,4,14990.02
partner_199,5,12286.81
partner_199,6,12809.04
partner_199,7,11572.03
partner_199,8,13936.68
partner_199,9,13822.63
partner_199,10,14049.75
partner_199,11,13538.97
partner_199,12,14855.41
partner_199,13,15414.36
partner_199,14,14284.1
partner_199,15,13948.1
partner_199,16,15614.35
partner_199,17,13241.9
partner_199,18,13725.93
partner_199,19,14940.66
partner_199,20,12600.61
partner_199,21,16780.59
partner_199,22,14226.44
partner_199,23,15236.49
partner_199,24,15896.06
partner_199,25,16563.33
partner_199,26,16182.66
partner_2,0,5743.76
partner_2,1,5445.6
partner_2,2,4609.71
partner_2,3,5253.17
partner_2,4,4554.25
partner_2,5,5325.77
partner_2,6,4467.9
partner_2,7,5637.37
partner_2,8,5556.6
partner_2,9,6375.79
partner_2,10,5808.2
partner_2,11,5127.79
partner_2,12,5792.24
partner_2,13,4605.89
partner_2,14,4838.9
partner_2,15,5532.6
partner_2,16,4198.65
partner_2,17,5334.33
partner_2,18,4807.95
partner_2,19,5408.47
partner_2,20,4777.18
partner_2,21,5581.38
partner_2,22,5364.58
partner_2,23,6104.01
partner_2,24,5357.83
partner_2,25,4942.68
partner_2,26,5222.04
partner_20,0,5814.9
partner_20,1,7026.85
partner_20,2,6728.78
partner_20,3,6119.69
partner_20,4,5895.24
partner_20,5,6409.13
partner_20,6,6578.02
partner_20,7,5419.75
partner_20,8,5864.42
partner_20,9,4833.38
partner_20,10,6573.96
partner_20,11,7130.66
partner_20,12,5957.52
partner_20,13,4654.27
partner_20,14,6270.05
partner_20,15,5375.85
partner_20,16,5518.14
partner_20,17,6280.51
partner_20,18,6060.63
partner_20,19,5621.71
partner_20,20,5526.26
partner_20,21,5984.56
partner_20,22,5668.19
partner_20,23,5254.61
partner_20,24,5713.64
partner_20,25,6110.89
partner_20,26,5804.93
partner_200,0,23247.42
partner_200,1,21767.79
partner_200,2,25344.69
partner_200,3,17506.56
partner_200,4,21053.06
partner_200,5,19861.5
partner_200,6,21048.1
partner_200,7,16736.71
partner_200,8,18037.74
partner_200,9,18218.26
partner_200,10,19753.87
partner_200,11,17873.94
partner_200,12,14786.03
partner_200,13,15465.96
partner_200,14,17158.45
partner_200,15,13445.56
partner_200,16,14697.11
partner_200,17,14347.99
partner_200,18,13385.29
partner_200,19,17135.58
partner_200,20,12544.74
partner_200,21,13255.62
partner_200,22,11355.22
partner_200,23,12551.11
partner_200,24,12564.18
partner_200,25,10545.89
partner_200,26,10802.99
partner_201,0,4242.29
partner_201,1,6550.12
partner_201,2,5101.41
partner_201,3,5418.19
partner_201,4,6651.97
partner_201,5,6215.41
partner_201,6,7347.44
partner_201,7,7512.7
partner_201,8,7132.45
partner_201,9,5282.03
partner_201,10,5541.45
partner_201,11,5486.23
partner_201,12,5044.78
partner_201,13,5287.15
partner_201,14,4290.79
partner_201,15,5507.12
partner_201,16,5503.2
partner_201,17,7154.75
partner_201,18,7084.53
partner_201,19,7351.99
partner_201,20,8039.96
partner_201,21,4923.92
partner_201,22,5288.4
partner_201,23,5059.04
partner_201,24,4390.11
partner_201,25,4182.81
partner_201,26,5112.9
partner_202,0,131621.79
partner_202,1,137926.82
partner_202,2,132301.97
partner_202,3,121791.14
partner_202,4,139089.33
partner_202,5,157313.72
partner_202,6,152082.49
partner_202,7,159725.36
partner_202,8,145830.95
partner_202,9,154141.64
partner_202,10,159952.88
partner_202,11,165700.88
partner_202,12,191388.07
partner_202,13,134940.99
partner_202,14,181981.49
partner_202,15,185190.05
partner_202,16,165729.62
partner_202,17,210902.72
partner_202,18,188609.74
partner_202,19,201752.28
partner_202,20,255071.78
partner_202,21,243868.63
partner_202,22,240996.04
partner_202,23,243422.89
partner_202,24,237301.79
partner_202,25,297887.43
partner_202,26,275921.37
partner_203,0,44604.76
partner_203,1,54806.61
partner_203,2,51576.84
partner_203,3,44455.19
partner_203,4,54089.54
partner_203,5,50471.26
partner_203,6,54618.99
partner_203,7,54157.77
partner_203,8,48711.75
partner_203,9,55148.96
partner_203,10,49284.15
partner_203,11,49621.4
partner_203,12,49105.9
partner_203,13,57732.59
partner_203,14,50411.38
partner_203,15,58985.01
partner_203,16,61116.94
partner_203,17,48035.13
partner_203,18,36716.4
partner_203,19,57284.13
partner_203,20,50092.92
partner_203,21,47374.0
partner_203,22,48813.13
partner_203,23,49715.11
partner_203,24,58594.71
partner_203,25,52696.02
partner_203,26,58524.2
partner_204,0,9447.2
partner_204,1,9368.11
partner_204,2,10296.15
partner_204,3,10548.46
partner_204,4,10720.4
partner_204,5,9493.69
partner_204,6,9919.46
partner_204,7,10318.02
partner_204,8,9374.34
partner_204,9,8642.24
partner_204,10,8962.65
partner_204,11,9513.68
partner_204,12,10394.22
partner_204,13,10975.99
partner_204,14,8426.69
partner_204,15,9166.33
partner_204,16,9399.79
partner_204,17,10523.4
partner_204,18,9233.82
partner_204,19,9329.73
partner_204,20,8372.15
partner_204,21,10219.91
partner_204,22,9591.32
partner_204,23,9111.05
partner_204,24,9495.67
partner_204,25,10847.33
partner_204,26,8769.03
partner_205,0,5756.48
partner_205,1,6259.01
partner_205,2,6265.14
partner_205,3,6162.54
partner_205,4,6128.77
partner_205,5,7062.09
partner_205,6,7472.58
partner_205,7,7618.89
partner_205,8,6220.99
partner_205,9,8192.2
partner_205,10,7174.25
partner_205,11,7062.92
partner_205,12,7711.43
partner_205,13,8723.65
partner_205,14,8716.8
partner_205,15,8274.36
partner_205,16,9448.84
partner_205,17,9077.11
partner_205,18,8664.89
partner_205,19,8769.37
partner_205,20,10087.75
partner_205,21,9867.52
partner_205,22,8810.75
partner_205,23,11378.06
partner_205,24,10252.96
partner_205,25,12819.18
partner_205,26,9761.53
partner_206,0,20988.17
partner_206,1,22900.54
partner_206,2,29328.32
partner_206,3,26160.33
partner_206,4,24581.65
partner_206,5,22578.65
partner_206,6,23677.34
partner_206,7,28015.51
partner_206,8,28700.19
partner_206,9,31006.03
partner_206,10,25369.68
partner_206,11,33668.93
partner_206,12,38787.03
partner_206,13,42313.96
partner_206,14,30543.95
partner_206,15,35878.61
partner_206,16,36923.65
partner_206,17,42397.34
partner_206,18,37978.03
partner_206,19,52302.77
partner_206,20,46543.05
partner_206,21,47376.01
partner_206,22,57556.72
partner_206,23,51307.93
partner_206,24,55322.15
partner_206,25,50924.68
partner_206,26,49179.11
partner_207,0,20824.09
partner_207,1,19526.71
partner_207,2,16642.0
partner_207,3,19527.94
partner_207,4,15009.6
partner_207,5,14212.69
partner_207,6,15441.09
partner_207,7,18973.32
partner_207,8,18324.83
partner_207,9,14271.66
partner_207,10,13526.05
partner_207,11,11766.03
partner_207,12,13764.98
partner_207,13,13469.06
partner_207,14,13877.74
partner_207,15,13618.38
partner_207,16,11873.28
partner_207,17,12407.61
partner_207,18,10607.14
partner_207,19,11663.3
partner_207,20,10196.55
partner_207,21,10902.53
partner_207,22,10498.09
partner_207,23,9883.5
partner_207,24,10282.41
partner_207,25,7792.11
partner_207,26,8015.02
partner_208,0,6144.46
partner_208,1,6888.69
partner_208,2,6911.83
partner_208,3,8121.31
partner_208,4,7283.2
partner_208,5,7920.07
partner_208,6,7397.48
partner_208,7,6796.19
partner_208,8,7276.87
partner_208,9,7704.64
partner_208,10,8037.81
partner_208,11,7085.84
partner_208,12,5997.8
partner_208,13,5947.32
partner_208,14,6946.46
partner_208,15,5502.04
partner_208,16,8469.89
partner_208,17,7609.5
partner_208,18,6724.39
partner_208,19,6384.03
partner_208,20,7919.13
partner_208,21,6381.16
partner_208,22,6449.68
partner_208,23,6630.84
partner_208,24,7262.77
partner_208,25,7626.63
partner_208,26,8037.29
partner_209,0,12152.17
partner_209,1,13391.29
partner_209,2,11335.88
partner_209,3,9938.65
partner_209,4,11335.72
partner_209,5,11171.52
partner_209,6,11383.28
partner_209,7,10985.47
partner_209,8,11590.92
partner_209,9,12904.62
partner_209,10,14235.47
partner_209,11,10054.72
partner_209,12,10586.47
partner_209,13,11189.52
partner_209,14,13081.7
partner_209,15,11902.19
partner_209,16,11271.34
partner_209,17,13022.14
partner_209,18,13313.36
partner_209,19,12128.43
partner_209,20,11159.42
partner_209,21,12479.65
partner_209,22,11867.78
partner_209,23,11858.37
partner_209,24,11528.6
partner_209,25,13275.19
partner_209,26,12454.86
partner_21,0,10313.26
partner_21,1,13217.43
partner_21,2,12640.43
partner_21,3,13321.28
partner_21,4,13504.55
partner_21,5,13858.19
partner_21,6,11267.58
partner_21,7,12510.46
partner_21,8,11736.25
partner_21,9,9293.32
partner_21,10,12997.31
partner_21,11,9107.78
partner_21,12,10797.26
partner_21,13,10487.46
partner_21,14,10103.11
partner_21,15,9103.48
partner_21,16,10100.53
partner_21,17,7669.01
partner_21,18,8793.01
partner_21,19,8135.59
partner_21,20,7829.38
partner_21,21,8531.15
partner_21,22,8826.86
partner_21,23,7495.24
partner_21,24,8150.63
partner_21,25,7400.99
partner_21,26,6533.0
partner_210,0,13724.04
partner_210,1,12661.9
partner_210,2,11493.1
partner_210,3,13365.7
partner_210,4,12670.0
partner_210,5,15257.95
partner_210,6,12481.67
partner_210,7,12950.89
partner_210,8,12457.84
partner_210,9,11986.28
partner_210,10,11792.95
partner_210,11,12462.47
partner_210,12,12737.2
partner_210,13,13503.78
partner_210,14,12480.15
partner_210,15,11545.87
partner_210,16,11710.55
partner_210,17,10504.67
partner_210,18,14117.36
partner_210,19,11451.09
partner_210,20,13277.46
partner_210,21,12441.05
partner_210,22,12473.96
partner_210,23,11964.07
partner_210,24,11152.52
partner_210,25,10933.72
partner_210,26,14198.77
partner_211,0,72974.73
partner_211,1,87621.01
partner_211,2,99971.43
partner_211,3,101012.87
partner_211,4,112160.16
partner_211,5,77731.8
partner_211,6,69783.86
partner_211,7,71093.03
partner_211,8,72236.49
partner_211,9,89074.49
partner_211,10,60121.47
partner_211,11,77801.29
partner_211,12,74547.29
partner_211,13,79072.17
partner_211,14,97245.71
partner_211,15,122469.79
partner_211,16,123177.49
partner_211,17,75161.11
partner_211,18,81886.0
partner_211,19,83220.77
partner_211,20,79913.01
partner_211,21,69878.71
partner_211,22,77654.37
partner_211,23,78175.3
partner_211,24,70600.71
partner_211,25,71584.42
partner_211,26,80194.56
partner_212,0,8471.88
partner_212,1,7254.47
partner_212,2,9087.23
partner_212,3,8351.92
partner_212,4,9336.84
partner_212,5,8531.52
partner_212,6,7349.45
partner_212,7,8603.7
partner_212,8,8777.97
partner_212,9,7776.18
partner_212,10,7040.32
partner_212,11,8309.2
partner_212,12,7403.33
partner_212,13,9148.81
partner_212,14,7891.72
partner_212,15,9645.47
partner_212,16,6479.21
partner_212,17,8337.58
partner_212,18,9402.61
partner_212,19,7494.26
partner_212,20,8095.72
partner_212,21,7895.12
partner_212,22,7664.18
partner_212,23,8427.93
partner_212,24,7160.99
partner_212,25,8135.4
partner_212,26,8651.18
partner_213,0,57544.16
partner_213,1,55928.65
partner_213,2,58393.9
partner_213,3,69894.8
partner_213,4,74189.54
partner_213,5,90347.52
partner_213,6,91592.47
partner_213,7,85890.37
partner_213,8,69904.76
partner_213,9,60454.41
partner_213,10,65163.81
partner_213,11,54033.8
partner_213,12,60279.21
partner_213,13,70385.13
partner_213,14,59625.21
partner_213,15,71332.91
partner_213,16,55102.41
partner_213,17,78666.13
partner_213,18,92608.41
partner_213,19,110597.04
partner_213,20,56264.33
partner_213,21,67960.4
partner_213,22,70389.91
partner_213,23,59044.51
partner_213,24,61236.56
partner_213,25,64524.03
partner_213,26,54446.24
partner_214,0,7519.52
partner_214,1,7017.07
partner_214,2,6564.01
partner_214,3,6743.94
partner_214,4,7055.91
partner_214,5,7183.62
partner_214,6,6297.49
partner_214,7,7691.97
partner_214,8,7546.35
partner_214,9,7120.17
partner_214,10,6106.4
partner_214,11,5988.2
partner_214,12,6450.74
partner_214,13,6709.06
partner_214,14,5489.21
partner_214,15,6998.42
partner_214,16,7527.08
partner_214,17,7052.96
partner_214,18,6217.71
partner_214,19,6138.78
partner_214,20,6868.49
partner_214,21,6566.3
partner_214,22,6963.98
partner_214,23,7069.8
partner_214,24,7396.67
partner_214,25,5913.57
partner_214,26,6816.32
partner_215,0,66889.73
partner_215,1,72271.89
partner_215,2,73939.22
partner_215,3,84398.04
partner_215,4,96693.52
partner_215,5,82427.16
partner_215,6,70846.82
partner_215,7,60785.67
partner_215,8,66334.25
partner_215,9,67784.39
partner_215,10,55867.02
partner_215,11,58270.03
partner_215,12,74993.22
partner_215,13,69515.33
partner_215,14,71173.96
partner_215,15,89771.33
partner_215,16,117173.16
partner_215,17,116179.4
partner_215,18,56805.31
partner_215,19,77852.7
partner_215,20,73770.33
partner_215,21,66596.18
partner_215,22,59886.51
partner_215,23,75607.04
partner_215,24,72491.7
partner_215,25,61480.82
partner_215,26,78636.18
partner_216,0,27981.95
partner_216,1,25863.09
partner_216,2,25118.53
partner_216,3,32886.36
partner_216,4,30304.14
partner_216,5,31867.65
partner_216,6,28629.17
partner_216,7,31439.06
partner_216,8,25565.99
partner_216,9,28390.06
partner_216,10,28737.76
partner_216,11,31797.83
partner_216,12,28826.56
partner_216,13,26188.43
partner_216,14,28114.84
partner_216,15,23252.65
partner_216,16,21452.02
partner_216,17,30258.27
partner_216,18,26888.97
partner_216,19,27205.56
partner_216,20,30257.17
partner_216,21,31838.51
partner_216,22,29428.98
partner_216,23,33322.08
partner_216,24,29340.15
partner_216,25,28780.11
partner_216,26,28607.39
partner_217,0,5241.17
partner_217,1,3613.97
partner_217,2,4503.38
partner_217,3,4794.81
partner_217,4,4406.03
partner_217,5,4567.73
partner_217,6,5663.77
partner_217,7,5311.99
partner_217,8,4455.75
partner_217,9,4559.21
partner_217,10,4172.94
partner_217,11,5121.1
partner_217,12,4664.37
partner_217,13,3843.11
partner_217,14,4832.05
partner_217,15,4993.84
partner_217,16,5244.59
partner_217,17,4748.75
partner_217,18,4605.56
partner_217,19,5734.04
partner_217,20,4786.99
partner_217,21,5128.07
partner_217,22,4525.73
partner_217,23,5113.88
partner_217,24,4087.49
partner_217,25,4562.79
partner_217,26,4205.82
partner_218,0,61826.42
partner_218,1,51589.51
partner_218,2,58901.66
partner_218,3,63292.58
partner_218,4,54802.97
partner_218,5,60415.72
partner_218,6,57873.08
partner_218,7,55594.39
partner_218,8,59077.84
partner_218,9,65065.81
partner_218,10,51452.44
partner_218,11,49683.28
partner_218,12,49360.62
partner_218,13,60419.35
partner_218,14,61160.9
partner_218,15,52003.26
partner_218,16,43216.16
partner_218,17,51246.43
partner_218,18,57965.23
partner_218,19,54587.85
partner_218,20,55945.61
partner_218,21,52078.5
partner_218,22,60527.4
partner_218,23,56840.51
partner_218,24,58177.4
partner_218,25,55828.66
partner_218,26,57836.16
partner_219,0,93867.26
partner_219,1,88267.23
partner_219,2,78919.5
partner_219,3,88019.46
partner_219,4,107227.81
partner_219,5,130093.55
partner_219,6,126336.68
partner_219,7,75571.03
partner_219,8,75653.44
partner_219,9,67509.7
partner_219,10,58890.69
partner_219,11,84615.27
partner_219,12,105889.97
partner_219,13,102106.75
partner_219,14,80492.76
partner_219,15,99308.0
partner_219,16,97735.2
partner_219,17,113296.28
partner_219,18,114993.98
partner_219,19,84999.52
partner_219,20,85524.58
partner_219,21,89473.22
partner_219,22,93220.23
partner_219,23,84629.98
partner_219,24,88105.35
partner_219,25,78737.16
partner_219,26,78877.72
partner_22,0,7385.02
partner_22,1,6087.9
partner_22,2,6063.71
partner_22,3,7596.99
partner_22,4,6720.01
partner_22,5,7608.41
partner_22,6,8255.34
partner_22,7,7435.48
partner_22,8,8740.24
partner_22,9,13734.82
partner_22,10,12218.54
partner_22,11,7167.4
partner_22,12,6804.66
partner_22,13,7145.94
partner_22,14,6655.61
partner_22,15,8249.97
partner_22,16,7019.34
partner_22,17,8522.15
partner_22,18,7645.93
partner_22,19,7935.9
partner_22,20,10134.36
partner_22,21,9026.24
partner_22,22,12129.55
partner_22,23,7649.25
partner_22,24,8451.11
partner_22,25,6355.37
partner_22,26,8771.73
partner_220,0,4677.47
partner_220,1,4243.88
partner_220,2,3570.45
partner_220,3,4364.59
partner_220,4,3843.78
partner_220,5,5121.59
partner_220,6,4138.06
partner_220,7,4691.64
partner_220,8,4870.6
partner_220,9,3972.87
partner_220,10,4425.7
partner_220,11,4635.4
partner_220,12,4443.05
partner_220,13,4550.9
partner_220,14,3808.29
partner_220,15,4635.65
partner_220,16,4178.76
partner_220,17,4545.79
partner_220,18,4796.38
partner_220,19,4686.06
partner_220,20,4545.47
partner_220,21,4674.34
partner_220,22,4694.67
partner_220,23,5049.17
partner_220,24,4377.34
partner_220,25,4464.31
partner_220,26,4801.69
partner_221,0,6739.69
partner_221,1,6862.06
partner_221,2,10044.87
partner_221,3,12885.93
partner_221,4,9517.27
partner_221,5,7566.77
partner_221,6,5167.67
partner_221,7,6704.87
partner_221,8,8341.64
partner_221,9,6873.13
partner_221,10,7238.24
partner_221,11,7842.53
partner_221,12,6322.14
partner_221,13,8718.28
partner_221,14,10677.76
partner_221,15,14830.78
partner_221,16,11052.41
partner_221,17,7323.37
partner_221,18,6966.89
partner_221,19,6945.11
partner_221,20,8694.45
partner_221,21,7902.72
partner_221,22,7514.3
partner_221,23,7663.08
partner_221,24,7988.04
partner_221,25,9145.31
partner_221,26,10279.18
partner_222,0,6954.35
partner_222,1,6666.83
partner_222,2,7325.31
partner_222,3,7386.51
partner_222,4,6811.93
partner_222,5,7109.5
partner_222,6,8770.58
partner_222,7,8743.03
partner_222,8,6453.1
partner_222,9,6553.83
partner_222,10,6449.27
partner_222,11,7975.97
partner_222,12,6925.99
partner_222,13,7386.36
partner_222,14,8653.97
partner_222,15,7205.92
partner_222,16,7722.92
partner_222,17,7588.87
partner_222,18,6789.16
partner_222,19,7977.49
partner_222,20,6600.54
partner_222,21,8179.99
partner_222,22,6789.71
partner_222,23,6868.69
partner_222,24,6428.29
partner_222,25,6546.76
partner_222,26,6905.62
partner_223,0,5000.37
partner_223,1,3139.2
partner_223,2,2786.49
partner_223,3,2848.73
partner_223,4,2902.9
partner_223,5,3399.65
partner_223,6,2706.32
partner_223,7,2739.81
partner_223,8,2687.32
partner_223,9,2824.86
partner_223,10,4002.84
partner_223,11,4506.71
partner_223,12,4962.0
partner_223,13,3155.82
partner_223,14,3527.87
partner_223,15,2812.4
partner_223,16,2747.51
partner_223,17,2443.63
partner_223,18,2993.31
partner_223,19,2834.92
partner_223,20,3061.88
partner_223,21,2788.68
partner_223,22,3815.09
partner_223,23,4277.78
partner_223,24,4231.54
partner_223,25,2527.04
partner_223,26,3021.74
partner_224,0,19475.01
partner_224,1,12373.72
partner_224,2,17726.42
partner_224,3,12918.72
partner_224,4,14399.32
partner_224,5,12625.66
partner_224,6,13600.14
partner_224,7,14408.37
partner_224,8,10352.03
partner_224,9,11721.48
partner_224,10,11031.08
partner_224,11,12878.88
partner_224,12,11094.61
partner_224,13,8973.96
partner_224,14,9269.08
partner_224,15,10750.74
partner_224,16,9532.73
partner_224,17,7727.61
partner_224,18,7920.32
partner_224,19,7599.6
partner_224,20,7042.57
partner_224,21,5900.85
partner_224,22,6346.33
partner_224,23,7415.03
partner_224,24,5989.18
partner_224,25,5893.33
partner_224,26,5775.01
partner_225,0,186734.7
partner_225,1,232935.19
partner_225,2,277817.83
partner_225,3,255479.08
partner_225,4,165204.3
partner_225,5,183249.6
partner_225,6,154524.16
partner_225,7,167634.55
partner_225,8,179165.37
partner_225,9,153323.43
partner_225,10,186271.48
partner_225,11,174946.11
partner_225,12,190711.2
partner_225,13,186591.11
partner_225,14,260779.1
partner_225,15,280406.27
partner_225,16,193383.74
partner_225,17,173650.2
partner_225,18,182459.89
partner_225,19,143875.53
partner_225,20,161275.0
partner_225,21,183059.84
partner_225,22,149356.25
partner_225,23,185935.39
partner_225,24,203205.46
partner_225,25,234211.27
partner_225,26,255792.8
partner_226,0,6349.33
partner_226,1,5732.74
partner_226,2,5575.7
partner_226,3,5169.43
partner_226,4,5412.46
partner_226,5,5480.85
partner_226,6,5607.65
partner_226,7,5788.0
partner_226,8,4970.13
partner_226,9,4601.24
partner_226,10,5437.48
partner_226,11,4449.93
partner_226,12,5217.52
partner_226,13,5117.48
partner_226,14,5657.19
partner_226,15,6461.06
partner_226,16,4343.51
partner_226,17,6618.29
partner_226,18,5266.36
partner_226,19,5579.58
partner_226,20,4629.16
partner_226,21,5929.56
partner_226,22,5414.4
partner_226,23,5358.89
partner_226,24,4347.39
partner_226,25,5431.83
partner_226,26,5848.11
partner_227,0,29490.2
partner_227,1,29337.83
partner_227,2,32930.23
partner_227,3,33003.51
partner_227,4,22660.3
partner_227,5,16541.25
partner_227,6,21969.46
partner_227,7,19280.15
partner_227,8,25887.93
partner_227,9,25743.32
partner_227,10,24160.77
partner_227,11,22233.39
partner_227,12,22149.96
partner_227,13,26426.48
partner_227,14,37901.36
partner_227,15,29460.79
partner_227,16,16661.88
partner_227,17,23977.58
partner_227,18,24933.49
partner_227,19,25210.36
partner_227,20,23805.27
partner_227,21,24105.68
partner_227,22,21677.59
partner_227,23,17479.56
partner_227,24,23924.4
partner_227,25,29099.36
partner_227,26,30321.74
partner_228,0,6696.29
partner_228,1,9195.17
partner_228,2,9626.89
partner_228,3,8459.83
partner_228,4,9081.01
partner_228,5,8314.62
partner_228,6,10240.57
partner_228,7,11810.6
partner_228,8,8879.75
partner_228,9,11449.09
partner_228,10,12035.9
partner_228,11,12548.97
partner_228,12,14485.62
partner_228,13,15630.11
partner_228,14,13237.9
partner_228,15,15099.87
partner_228,16,14890.97
partner_228,17,14438.49
partner_228,18,16522.87
partner_228,19,17918.69
partner_228,20,17906.12
partner_228,21,16680.92
partner_228,22,18208.24
partner_228,23,19020.27
partner_228,24,19048.55
partner_228,25,22391.86
partner_228,26,23608.69
partner_229,0,10822.03
partner_229,1,11153.64
partner_229,2,13677.4
partner_229,3,11642.5
partner_229,4,11872.88
partner_229,5,11629.94
partner_229,6,13178.41
partner_229,7,13224.31
partner_229,8,13154.95
partner_229,9,11868.67
partner_229,10,10804.5
partner_229,11,14116.13
partner_229,12,12850.85
partner_229,13,11296.66
partner_229,14,13522.62
partner_229,15,11203.21
partner_229,16,13507.1
partner_229,17,13587.09
partner_229,18,10746.44
partner_229,19,12525.86
partner_229,20,12763.11
partner_229,21,14932.54
partner_229,22,10958.54
partner_229,23,13532.95
partner_229,24,11857.75
partner_229,25,10367.79
partner_229,26,11695.19
partner_23,0,11049.61
partner_23,1,12444.82
partner_23,2,9802.53
partner_23,3,12524.79
partner_23,4,10975.12
partner_23,5,10099.06
partner_23,6,10921.51
partner_23,7,12523.26
partner_23,8,11682.12
partner_23,9,13437.56
partner_23,10,10791.19
partner_23,11,10549.5
partner_23,12,15500.79
partner_23,13,15117.67
partner_23,14,12623.19
partner_23,15,14341.24
partner_23,16,16079.93
partner_23,17,15465.4
partner_23,18,15322.22
partner_23,19,17040.02
partner_23,20,14480.65
partner_23,21,15940.38
partner_23,22,16135.25
partner_23,23,15993.59
partner_23,24,16072.88
partner_23,25,17136.4
partner_23,26,17364.53
partner_230,0,27421.62
partner_230,1,25862.88
partner_230,2,24136.84
partner_230,3,25564.13
partner_230,4,27239.49
partner_230,5,31776.78
partner_230,6,42714.87
partner_230,7,46815.44
partner_230,8,39550.94
partner_230,9,25689.44
partner_230,10,27931.76
partner_230,11,30851.13
partner_230,12,31627.14
partner_230,13,33273.42
partner_230,14,28920.43
partner_230,15,31244.11
partner_230,16,26051.38
partner_230,17,36286.67
partner_230,18,38385.03
partner_230,19,50664.88
partner_230,20,67054.59
partner_230,21,31374.11
partner_230,22,28080.65
partner_230,23,32289.3
partner_230,24,29696.25
partner_230,25,28574.31
partner_230,26,38651.1
partner_231,0,21829.92
partner_231,1,12649.13
partner_231,2,8499.79
partner_231,3,15281.44
partner_231,4,12543.57
partner_231,5,12757.23
partner_231,6,13699.59
partner_231,7,13021.28
partner_231,8,13804.93
partner_231,9,13567.04
partner_231,10,14671.17
partner_231,11,19706.38
partner_231,12,21940.34
partner_231,13,11647.76
partner_231,14,11562.0
partner_231,15,14009.57
partner_231,16,11928.87
partner_231,17,12002.47
partner_231,18,12071.82
partner_231,19,12544.37
partner_231,20,10984.33
partner_231,21,13601.68
partner_231,22,17367.17
partner_231,23,19887.26
partner_231,24,21732.24
partner_231,25,14963.77
partner_231,26,14568.42
partner_232,0,60523.16
partner_232,1,38138.95
partner_232,2,38974.62
partner_232,3,38242.85
partner_232,4,35549.1
partner_232,5,38803.07
partner_232,6,40524.09
partner_232,7,39414.91
partner_232,8,37493.81
partner_232,9,38784.12
partner_232,10,47046.73
partner_232,11,56047.31
partner_232,12,61665.44
partner_232,13,37716.75
partner_232,14,30768.99
partner_232,15,34018.33
partner_232,16,36680.49
partner_232,17,32576.17
partner_232,18,37364.61
partner_232,19,34941.11
partner_232,20,34722.62
partner_232,21,42329.57
partner_232,22,53217.08
partner_232,23,54772.05
partner_232,24,58374.66
partner_232,25,37346.46
partner_232,26,32945.45
partner_233,0,3488.63
partner_233,1,3949.68
partner_233,2,3578.55
partner_233,3,3978.67
partner_233,4,4808.29
partner_233,5,3553.74
partner_233,6,4005.51
partner_233,7,5000.94
partner_233,8,4290.23
partner_233,9,3970.43
partner_233,10,4057.33
partner_233,11,4298.98
partner_233,12,4821.0
partner_233,13,3903.18
partner_233,14,3809.71
partner_233,15,3553.66
partner_233,16,4164.5
partner_233,17,3542.58
partner_233,18,3930.83
partner_233,19,3747.44
partner_233,20,4564.76
partner_233,21,3912.44
partner_233,22,4285.62
partner_233,23,3460.79
partner_233,24,4176.21
partner_233,25,3626.06
partner_233,26,3946.55
partner_234,0,185323.21
partner_234,1,167344.05
partner_234,2,223749.66
partner_234,3,154006.78
partner_234,4,189273.76
partner_234,5,143538.87
partner_234,6,165385.91
partner_234,7,146673.05
partner_234,8,173882.27
partner_234,9,170469.72
partner_234,10,164305.35
partner_234,11,188033.56
partner_234,12,159907.39
partner_234,13,175061.73
partner_234,14,183431.03
partner_234,15,144377.21
partner_234,16,156833.72
partner_234,17,170433.96
partner_234,18,180203.33
partner_234,19,193613.86
partner_234,20,165861.29
partner_234,21,164156.06
partner_234,22,154728.58
partner_234,23,175114.83
partner_234,24,164484.14
partner_234,25,164875.49
partner_234,26,167929.3
partner_235,0,28765.22
partner_235,1,33623.98
partner_235,2,23244.36
partner_235,3,32381.86
partner_235,4,31531.76
partner_235,5,41279.94
partner_235,6,36419.63
partner_235,7,37186.43
partner_235,8,40537.23
partner_235,9,39613.01
partner_235,10,41799.7
partner_235,11,45472.02
partner_235,12,44601.09
partner_235,13,46083.49
partner_235,14,44758.49
partner_235,15,45541.39
partner_235,16,53554.95
partner_235,17,56730.29
partner_235,18,48786.45
partner_235,19,63322.82
partner_235,20,65501.52
partner_235,21,69054.73
partner_235,22,67013.01
partner_235,23,71560.69
partner_235,24,84762.52
partner_235,25,69759.99
partner_235,26,66597.86
partner_236,0,35161.26
partner_236,1,37069.8
partner_236,2,44381.47
partner_236,3,37642.16
partner_236,4,40312.36
partner_236,5,69229.23
partner_236,6,58995.87
partner_236,7,41165.35
partner_236,8,38779.95
partner_236,9,41663.4
partner_236,10,33966.56
partner_236,11,36864.06
partner_236,12,40917.28
partner_236,13,31619.71
partner_236,14,40945.63
partner_236,15,44454.5
partner_236,16,51963.16
partner_236,17,57408.23
partner_236,18,55005.76
partner_236,19,34386.03
partner_236,20,42889.72
partner_236,21,41233.82
partner_236,22,36864.51
partner_236,23,43247.71
partner_236,24,41962.94
partner_236,25,41671.07
partner_236,26,35362.34
partner_237,0,10578.84
partner_237,1,9482.04
partner_237,2,9729.51
partner_237,3,11078.47
partner_237,4,10266.36
partner_237,5,10646.92
partner_237,6,9697.27
partner_237,7,9576.59
partner_237,8,7429.43
partner_237,9,8588.87
partner_237,10,8508.95
partner_237,11,9587.29
partner_237,12,7958.03
partner_237,13,8443.55
partner_237,14,8254.17
partner_237,15,8838.07
partner_237,16,7669.05
partner_237,17,8259.14
partner_237,18,6209.03
partner_237,19,6159.71
partner_237,20,5562.13
partner_237,21,7629.17
partner_237,22,7408.61
partner_237,23,7422.14
partner_237,24,6231.22
partner_237,25,6189.4
partner_237,26,6358.53
partner_238,0,16666.44
partner_238,1,15383.71
partner_238,2,14724.12
partner_238,3,16155.58
partner_238,4,13887.71
partner_238,5,13695.16
partner_238,6,14068.46
partner_238,7,12857.45
partner_238,8,14002.91
partner_238,9,12659.77
partner_238,10,15713.22
partner_238,11,15027.22
partner_238,12,16289.8
partner_238,13,11930.23
partner_238,14,16962.71
partner_238,15,12011.2
partner_238,16,12544.47
partner_238,17,13367.53
partner_238,18,16116.15
partner_238,19,14573.84
partner_238,20,13904.83
partner_238,21,13122.66
partner_238,22,12291.31
partner_238,23,15866.6
partner_238,24,15390.59
partner_238,25,16179.9
partner_238,26,14817.9
partner_239,0,2773.85
partner_239,1,3008.36
partner_239,2,3350.44
partner_239,3,4737.4
partner_239,4,4563.35
partner_239,5,3046.43
partner_239,6,2740.4
partner_239,7,3002.75
partner_239,8,2577.8
partner_239,9,2962.45
partner_239,10,2263.19
partner_239,11,2589.63
partner_239,12,3086.58
partner_239,13,4366.33
partner_239,14,3419.05
partner_239,15,4195.75
partner_239,16,4937.26
partner_239,17,3780.68
partner_239,18,3305.19
partner_239,19,3496.73
partner_239,20,3183.95
partner_239,21,3153.74
partner_239,22,3381.41
partner_239,23,3176.89
partner_239,24,3787.35
partner_239,25,3279.32
partner_239,26,5028.3
partner_24,0,4746.13
partner_24,1,5059.34
partner_24,2,4936.03
partner_24,3,5180.75
partner_24,4,3876.19
partner_24,5,5267.58
partner_24,6,4434.26
partner_24,7,5247.75
partner_24,8,4379.46
partner_24,9,4500.81
partner_24,10,5298.88
partner_24,11,4252.43
partner_24,12,4833.83
partner_24,13,4246.0
partner_24,14,4331.93
partner_24,15,4118.6
partner_24,16,4362.98
partner_24,17,3683.96
partner_24,18,3506.6
partner_24,19,3580.42
partner_24,20,3798.56
partner_24,21,3616.84
partner_24,22,3895.34
partner_24,23,4043.18
partner_24,24,3173.85
partner_24,25,3204.73
partner_24,26,2912.59
partner_240,0,24850.93
partner_240,1,21223.67
partner_240,2,22907.94
partner_240,3,28440.36
partner_240,4,24866.47
partner_240,5,26103.26
partner_240,6,23162.56
partner_240,7,25322.45
partner_240,8,21911.49
partner_240,9,25649.9
partner_240,10,26337.53
partner_240,11,26210.48
partner_240,12,23101.47
partner_240,13,24527.56
partner_240,14,26760.51
partner_240,15,24859.27
partner_240,16,24666.59
partner_240,17,30230.33
partner_240,18,22981.08
partner_240,19,28140.09
partner_240,20,22463.78
partner_240,21,27059.14
partner_240,22,27194.68
partner_240,23,24100.1
partner_240,24,22304.3
partner_240,25,20392.08
partner_240,26,23834.08
partner_241,0,9969.97
partner_241,1,8742.29
partner_241,2,10404.61
partner_241,3,9796.99
partner_241,4,11405.26
partner_241,5,11341.74
partner_241,6,10926.06
partner_241,7,12033.87
partner_241,8,12131.5
partner_241,9,12073.42
partner_241,10,16001.27
partner_241,11,14456.94
partner_241,12,12147.26
partner_241,13,15172.56
partner_241,14,18345.13
partner_241,15,16129.35
partner_241,16,20850.75
partner_241,17,17223.22
partner_241,18,20551.34
partner_241,19,22430.91
partner_241,20,22061.49
partner_241,21,18914.52
partner_241,22,20631.04
partner_241,23,26428.19
partner_241,24,22598.62
partner_241,25,28018.41
partner_241,26,25375.32
partner_242,0,7950.71
partner_242,1,8109.28
partner_242,2,9540.19
partner_242,3,9885.56
partner_242,4,10757.67
partner_242,5,10264.49
partner_242,6,10277.35
partner_242,7,12113.04
partner_242,8,11202.25
partner_242,9,14523.63
partner_242,10,13605.01
partner_242,11,13976.72
partner_242,12,15868.34
partner_242,13,15800.99
partner_242,14,13943.93
partner_242,15,15685.19
partner_242,16,20370.0
partner_242,17,19501.04
partner_242,18,16887.9
partner_242,19,22063.13
partner_242,20,21122.65
partner_242,21,21433.99
partner_242,22,21834.6
partner_242,23,28473.74
partner_242,24,21833.21
partner_242,25,26138.18
partner_242,26,30307.69
partner_243,0,13003.41
partner_243,1,15545.39
partner_243,2,16061.45
partner_243,3,14441.39
partner_243,4,18593.47
partner_243,5,19274.79
partner_243,6,24760.48
partner_243,7,19009.29
partner_243,8,16332.17
partner_243,9,15245.42
partner_243,10,17838.62
partner_243,11,16027.52
partner_243,12,18222.29
partner_243,13,17136.2
partner_243,14,16282.07
partner_243,15,18398.26
partner_243,16,20204.16
partner_243,17,22914.44
partner_243,18,19216.71
partner_243,19,22621.39
partner_243,20,19373.81
partner_243,21,14973.07
partner_243,22,18750.25
partner_243,23,18561.29
partner_243,24,16178.59
partner_243,25,14058.57
partner_243,26,16750.45
partner_244,0,16782.96
partner_244,1,16909.74
partner_244,2,16536.26
partner_244,3,20600.09
partner_244,4,17922.49
partner_244,5,17218.98
partner_244,6,20965.06
partner_244,7,19433.14
partner_244,8,16680.07
partner_244,9,16121.13
partner_244,10,20496.1
partner_244,11,18399.53
partner_244,12,15523.26
partner_244,13,15093.34
partner_244,14,16318.67
partner_244,15,16091.92
partner_244,16,14610.31
partner_244,17,16349.04
partner_244,18,16680.46
partner_244,19,17518.8
partner_244,20,21478.34
partner_244,21,17878.53
partner_244,22,18060.88
partner_244,23,19304.12
partner_244,24,17932.77
partner_244,25,19103.72
partner_244,26,18884.14
partner_245,0,9167.59
partner_245,1,7831.1
partner_245,2,9516.68
partner_245,3,8831.42
partner_245,4,10470.54
partner_245,5,9034.71
partner_245,6,9734.87
partner_245,7,11834.79
partner_245,8,13150.2
partner_245,9,13124.6
partner_245,10,14175.47
partner_245,11,14159.16
partner_245,12,14510.49
partner_245,13,14156.8
partner_245,14,16846.6
partner_245,15,17951.28
partner_245,16,16909.38
partner_245,17,17576.21
partner_245,18,21543.93
partner_245,19,19384.6
partner_245,20,20453.84
partner_245,21,22242.95
partner_245,22,21955.49
partner_245,23,21271.3
partner_245,24,25132.48
partner_245,25,25211.14
partner_245,26,31323.4
partner_246,0,11849.63
partner_246,1,14610.37
partner_246,2,14891.07
partner_246,3,18692.35
partner_246,4,18085.78
partner_246,5,10793.71
partner_246,6,9738.72
partner_246,7,11250.93
partner_246,8,11034.96
partner_246,9,11902.55
partner_246,10,10499.47
partner_246,11,10106.49
partner_246,12,11773.97
partner_246,13,11289.53
partner_246,14,16536.78
partner_246,15,19301.51
partner_246,16,19520.44
partner_246,17,10570.33
partner_246,18,9649.15
partner_246,19,10208.95
partner_246,20,10437.16
partner_246,21,9451.25
partner_246,22,11306.98
partner_246,23,10586.4
partner_246,24,9434.88
partner_246,25,13833.44
partner_246,26,14299.44
partner_247,0,5932.82
partner_247,1,6378.71
partner_247,2,6203.08
partner_247,3,6661.43
partner_247,4,6894.73
partner_247,5,6777.98
partner_247,6,6926.77
partner_247,7,7382.67
partner_247,8,7854.69
partner_247,9,7075.05
partner_247,10,8566.05
partner_247,11,9553.03
partner_247,12,8528.26
partner_247,13,8810.54
partner_247,14,9952.91
partner_247,15,9278.28
partner_247,16,8999.66
partner_247,17,12068.16
partner_247,18,10797.49
partner_247,19,11832.35
partner_247,20,11583.45
partner_247,21,14530.14
partner_247,22,14606.64
partner_247,23,13718.86
partner_247,24,12950.38
partner_247,25,14804.09
partner_247,26,16931.88
partner_248,0,38636.25
partner_248,1,47841.56
partner_248,2,41587.49
partner_248,3,34648.9
partner_248,4,27027.59
partner_248,5,28606.7
partner_248,6,29857.03
partner_248,7,27310.26
partner_248,8,28749.87
partner_248,9,29148.1
partner_248,10,27751.23
partner_248,11,36211.3
partner_248,12,35592.31
partner_248,13,59107.01
partner_248,14,54707.02
partner_248,15,32257.52
partner_248,16,25251.24
partner_248,17,28357.48
partner_248,18,35353.16
partner_248,19,44274.14
partner_248,20,35328.15
partner_248,21,35355.7
partner_248,22,35313.84
partner_248,23,34878.25
partner_248,24,51480.65
partner_248,25,49163.72
partner_248,26,48941.2
partner_249,0,4779.19
partner_249,1,4682.15
partner_249,2,4463.23
partner_249,3,3825.47
partner_249,4,3878.2
partner_249,5,3760.09
partner_249,6,3322.61
partner_249,7,3540.05
partner_249,8,3206.36
partner_249,9,3667.18
partner_249,10,3564.28
partner_249,11,2807.0
partner_249,12,3016.9
partner_249,13,3554.76
partner_249,14,2607.79
partner_249,15,2907.22
partner_249,16,2717.22
partner_249,17,2876.35
partner_249,18,2574.4
partner_249,19,2307.36
partner_249,20,2340.9
partner_249,21,2260.71
partner_249,22,2142.68
partner_249,23,1810.31
partner_249,24,2261.03
partner_249,25,2146.15
partner_249,26,1674.9
partner_25,0,18886.65
partner_25,1,14946.02
partner_25,2,16526.59
partner_25,3,16634.96
partner_25,4,14775.7
partner_25,5,16078.8
partner_25,6,17116.74
partner_25,7,12053.24
partner_25,8,11447.37
partner_25,9,11139.05
partner_25,10,13572.28
partner_25,11,12366.32
partner_25,12,10579.59
partner_25,13,10308.51
partner_25,14,9033.02
partner_25,15,10258.22
partner_25,16,8678.38
partner_25,17,8414.55
partner_25,18,8777.22
partner_25,19,7774.37
partner_25,20,7409.64
partner_25,21,7274.42
partner_25,22,7512.64
partner_25,23,7761.88
partner_25,24,6756.14
partner_25,25,6603.3
partner_25,26,5736.57
partner_250,0,6272.95
partner_250,1,5911.9
partner_250,2,6949.23
partner_250,3,7361.03
partner_250,4,6694.65
partner_250,5,8157.41
partner_250,6,9169.08
partner_250,7,9126.02
partner_250,8,8516.23
partner_250,9,7212.23
partner_250,10,9705.97
partner_250,11,9417.74
partner_250,12,9915.19
partner_250,13,11634.07
partner_250,14,9164.34
partner_250,15,7292.88
partner_250,16,9383.73
partner_250,17,11270.64
partner_250,18,11043.88
partner_250,19,9914.74
partner_250,20,9924.06
partner_250,21,11432.07
partner_250,22,10632.21
partner_250,23,13094.25
partner_250,24,12229.53
partner_250,25,12250.28
partner_250,26,12377.78
partner_251,0,28335.61
partner_251,1,29327.97
partner_251,2,29666.18
partner_251,3,27792.58
partner_251,4,29800.92
partner_251,5,32030.18
partner_251,6,41731.25
partner_251,7,31037.1
partner_251,8,35653.17
partner_251,9,38977.39
partner_251,10,38821.12
partner_251,11,45986.31
partner_251,12,41744.18
partner_251,13,43629.19
partner_251,14,50115.93
partner_251,15,56770.13
partner_251,16,56874.01
partner_251,17,51006.72
partner_251,18,53373.67
partner_251,19,55896.77
partner_251,20,58557.12
partner_251,21,54785.88
partner_251,22,67902.14
partner_251,23,65729.83
partner_251,24,66497.94
partner_251,25,60478.02
partner_251,26,72313.04
partner_252,0,11041.55
partner_252,1,11063.3
partner_252,2,12059.9
partner_252,3,13927.28
partner_252,4,12393.92
partner_252,5,13421.47
partner_252,6,12479.86
partner_252,7,13042.4
partner_252,8,13900.64
partner_252,9,10865.48
partner_252,10,10788.97
partner_252,11,12507.52
partner_252,12,11719.14
partner_252,13,11981.78
partner_252,14,11431.92
partner_252,15,11024.43
partner_252,16,13623.54
partner_252,17,10434.03
partner_252,18,12528.14
partner_252,19,12338.02
partner_252,20,9872.3
partner_252,21,10749.49
partner_252,22,10946.55
partner_252,23,12385.33
partner_252,24,11293.16
partner_252,25,11623.11
partner_252,26,10014.58
partner_253,0,20427.88
partner_253,1,21295.62
partner_253,2,19186.89
partner_253,3,18959.71
partner_253,4,24163.06
partner_253,5,16395.69
partner_253,6,20848.66
partner_253,7,17826.12
partner_253,8,19461.99
partner_253,9,18989.19
partner_253,10,18283.56
partner_253,11,20355.36
partner_253,12,15074.62
partner_253,13,19643.55
partner_253,14,20100.33
partner_253,15,17526.38
partner_253,16,23352.8
partner_253,17,19077.7
partner_253,18,19801.77
partner_253,19,19082.24
partner_253,20,20118.02
partner_253,21,22936.84
partner_253,22,25299.6
partner_253,23,21795.88
partner_253,24,22490.3
partner_253,25,23764.98
partner_253,26,20788.27
partner_254,0,50563.67
partner_254,1,47525.78
partner_254,2,48492.57
partner_254,3,38317.63
partner_254,4,48219.79
partner_254,5,39618.54
partner_254,6,39236.6
partner_254,7,47754.84
partner_254,8,41631.59
partner_254,9,46817.85
partner_254,10,47499.76
partner_254,11,47708.79
partner_254,12,42615.26
partner_254,13,51061.61
partner_254,14,46433.1
partner_254,15,48917.67
partner_254,16,41245.72
partner_254,17,46015.69
partner_254,18,51992.13
partner_254,19,51396.58
partner_254,20,43115.77
partner_254,21,44295.17
partner_254,22,42219.07
partner_254,23,43775.81
partner_254,24,40296.38
partner_254,25,46203.81
partner_254,26,49817.51
partner_255,0,50671.93
partner_255,1,50007.73
partner_255,2,56530.63
partner_255,3,48007.86
partner_255,4,48193.87
partner_255,5,46809.1
partner_255,6,45318.57
partner_255,7,53841.25
partner_255,8,50444.36
partner_255,9,51415.52
partner_255,10,57653.16
partner_255,11,57946.88
partner_255,12,42717.19
partner_255,13,54447.97
partner_255,14,52289.1
partner_255,15,48774.89
partner_255,16,52810.87
partner_255,17,42307.35
partner_255,18,58614.51
partner_255,19,53768.43
partner_255,20,46711.04
partner_255,21,48141.74
partner_255,22,42426.17
partner_255,23,49529.82
partner_255,24,48666.79
partner_255,25,44359.27
partner_255,26,55106.94
partner_256,0,40388.83
partner_256,1,42657.72
partner_256,2,40032.75
partner_256,3,35098.72
partner_256,4,36098.0
partner_256,5,36769.75
partner_256,6,38103.93
partner_256,7,36516.7
partner_256,8,36550.31
partner_256,9,29768.81
partner_256,10,36757.51
partner_256,11,33828.92
partner_256,12,41652.46
partner_256,13,31296.58
partner_256,14,32980.34
partner_256,15,40215.51
partner_256,16,31354.89
partner_256,17,29975.96
partner_256,18,26690.5
partner_256,19,33497.39
partner_256,20,25206.16
partner_256,21,29170.12
partner_256,22,26149.78
partner_256,23,26424.02
partner_256,24,22664.81
partner_256,25,29414.41
partner_256,26,24737.48
partner_257,0,40883.66
partner_257,1,45323.18
partner_257,2,48431.01
partner_257,3,47660.94
partner_257,4,36169.42
partner_257,5,50497.06
partner_257,6,47609.12
partner_257,7,47376.51
partner_257,8,49356.11
partner_257,9,42645.71
partner_257,10,52770.71
partner_257,11,45543.9
partner_257,12,52185.96
partner_257,13,55576.79
partner_257,14,61727.19
partner_257,15,52124.59
partner_257,16,66230.56
partner_257,17,64490.11
partner_257,18,57431.96
partner_257,19,54348.66
partner_257,20,53274.23
partner_257,21,65146.75
partner_257,22,59840.83
partner_257,23,73699.31
partner_257,24,62476.91
partner_257,25,62130.08
partner_257,26,71175.93
partner_258,0,20873.76
partner_258,1,20016.53
partner_258,2,20850.42
partner_258,3,21891.62
partner_258,4,18555.11
partner_258,5,24170.33
partner_258,6,24606.32
partner_258,7,27470.4
partner_258,8,27850.39
partner_258,9,26791.24
partner_258,10,31411.49
partner_258,11,28779.69
partner_258,12,31633.97
partner_258,13,31145.0
partner_258,14,35017.61
partner_258,15,33541.39
partner_258,16,42271.53
partner_258,17,45413.84
partner_258,18,42788.95
partner_258,19,47289.54
partner_258,20,36098.32
partner_258,21,38111.81
partner_258,22,44772.68
partner_258,23,48368.26
partner_258,24,49163.72
partner_258,25,43651.61
partner_258,26,60646.76
partner_259,0,19365.26
partner_259,1,17512.52
partner_259,2,19454.34
partner_259,3,23612.81
partner_259,4,19006.53
partner_259,5,19002.57
partner_259,6,22462.3
partner_259,7,23550.96
partner_259,8,21512.58
partner_259,9,27364.08
partner_259,10,30927.62
partner_259,11,33113.79
partner_259,12,23668.6
partner_259,13,19796.38
partner_259,14,24109.56
partner_259,15,22179.25
partner_259,16,27332.96
partner_259,17,23123.73
partner_259,18,22542.85
partner_259,19,25088.43
partner_259,20,25566.43
partner_259,21,25950.46
partner_259,22,35770.87
partner_259,23,36066.98
partner_259,24,20173.18
partner_259,25,24054.56
partner_259,26,19413.11
partner_26,0,6130.65
partner_26,1,5044.96
partner_26,2,5551.2
partner_26,3,5554.3
partner_26,4,5186.33
partner_26,5,6123.4
partner_26,6,5453.94
partner_26,7,5775.74
partner_26,8,5086.15
partner_26,9,4875.14
partner_26,10,4276.9
partner_26,11,4610.27
partner_26,12,4499.3
partner_26,13,3785.34
partner_26,14,4047.92
partner_26,15,4040.34
partner_26,16,4242.84
partner_26,17,4159.29
partner_26,18,3654.19
partner_26,19,3963.44
partner_26,20,3627.12
partner_26,21,2570.55
partner_26,22,3347.39
partner_26,23,3803.24
partner_26,24,2786.46
partner_26,25,3305.69
partner_26,26,3695.48
partner_260,0,7028.83
partner_260,1,6809.41
partner_260,2,7182.21
partner_260,3,6810.46
partner_260,4,7546.68
partner_260,5,7734.83
partner_260,6,7138.61
partner_260,7,8216.86
partner_260,8,8377.04
partner_260,9,8189.39
partner_260,10,10552.08
partner_260,11,8544.26
partner_260,12,8593.66
partner_260,13,8637.41
partner_260,14,8306.5
partner_260,15,10028.48
partner_260,16,8916.57
partner_260,17,9211.46
partner_260,18,9426.33
partner_260,19,9161.96
partner_260,20,8551.96
partner_260,21,10086.31
partner_260,22,11730.85
partner_260,23,11222.43
partner_260,24,12979.08
partner_260,25,12312.9
partner_260,26,12295.37
partner_261,0,61327.19
partner_261,1,53891.18
partner_261,2,52456.51
partner_261,3,66248.65
partner_261,4,68777.07
partner_261,5,91444.56
partner_261,6,91141.64
partner_261,7,55121.62
partner_261,8,59847.9
partner_261,9,48608.03
partner_261,10,58506.82
partner_261,11,55354.01
partner_261,12,75310.72
partner_261,13,60305.69
partner_261,14,58134.9
partner_261,15,59457.12
partner_261,16,93313.59
partner_261,17,92330.84
partner_261,18,88825.24
partner_261,19,64006.82
partner_261,20,66484.26
partner_261,21,66926.02
partner_261,22,63573.73
partner_261,23,64986.08
partner_261,24,66029.22
partner_261,25,67646.74
partner_261,26,71031.06
partner_262,0,99590.48
partner_262,1,105267.01
partner_262,2,113121.76
partner_262,3,85092.69
partner_262,4,83864.48
partner_262,5,109718.67
partner_262,6,114015.55
partner_262,7,85141.33
partner_262,8,96963.68
partner_262,9,90769.58
partner_262,10,90688.23
partner_262,11,94510.46
partner_262,12,78643.9
partner_262,13,79105.77
partner_262,14,84970.22
partner_262,15,85029.89
partner_262,16,75410.82
partner_262,17,90302.5
partner_262,18,78985.81
partner_262,19,77756.49
partner_262,20,82212.8
partner_262,21,77728.4
partner_262,22,84047.2
partner_262,23,69249.86
partner_262,24,64712.24
partner_262,25,71790.98
partner_262,26,73404.93
partner_263,0,4959.0
partner_263,1,4654.93
partner_263,2,4452.09
partner_263,3,5906.58
partner_263,4,5218.65
partner_263,5,6423.3
partner_263,6,5974.66
partner_263,7,6342.83
partner_263,8,6236.94
partner_263,9,4839.79
partner_263,10,6039.81
partner_263,11,6958.68
partner_263,12,7553.83
partner_263,13,6188.11
partner_263,14,7752.68
partner_263,15,7156.1
partner_263,16,8531.67
partner_263,17,8604.14
partner_263,18,9578.23
partner_263,19,10203.53
partner_263,20,9972.54
partner_263,21,10709.03
partner_263,22,9840.22
partner_263,23,13523.05
partner_263,24,9576.84
partner_263,25,10683.43
partner_263,26,12715.31
partner_264,0,11540.69
partner_264,1,8846.24
partner_264,2,13386.4
partner_264,3,11696.01
partner_264,4,13878.93
partner_264,5,10162.62
partner_264,6,13524.45
partner_264,7,12861.93
partner_264,8,14894.81
partner_264,9,15024.74
partner_264,10,15604.2
partner_264,11,13912.17
partner_264,12,15991.99
partner_264,13,16325.47
partner_264,14,18035.76
partner_264,15,19520.32
partner_264,16,18637.22
partner_264,17,16556.92
partner_264,18,19828.84
partner_264,19,25572.9
partner_264,20,24410.83
partner_264,21,15221.83
partner_264,22,22537.38
partner_264,23,25307.15
partner_264,24,23492.28
partner_264,25,23596.01
partner_264,26,24884.01
partner_265,0,34885.45
partner_265,1,31723.31
partner_265,2,29589.36
partner_265,3,37153.14
partner_265,4,28892.13
partner_265,5,33023.03
partner_265,6,33729.59
partner_265,7,44451.67
partner_265,8,34886.89
partner_265,9,30062.64
partner_265,10,36927.62
partner_265,11,41945.26
partner_265,12,44266.1
partner_265,13,51560.34
partner_265,14,49018.42
partner_265,15,44794.97
partner_265,16,40977.59
partner_265,17,53506.19
partner_265,18,45361.81
partner_265,19,45017.75
partner_265,20,47249.94
partner_265,21,44131.58
partner_265,22,49218.31
partner_265,23,51584.02
partner_265,24,57987.85
partner_265,25,53146.22
partner_265,26,49403.21
partner_266,0,4300.25
partner_266,1,4242.57
partner_266,2,3978.5
partner_266,3,4015.09
partner_266,4,4375.61
partner_266,5,4797.67
partner_266,6,3883.38
partner_266,7,4249.42
partner_266,8,4615.6
partner_266,9,3885.08
partner_266,10,4205.4
partner_266,11,4195.98
partner_266,12,3659.66
partner_266,13,4282.95
partner_266,14,4225.27
partner_266,15,4445.78
partner_266,16,3712.07
partner_266,17,4216.18
partner_266,18,4793.96
partner_266,19,5087.02
partner_266,20,4751.17
partner_266,21,3716.2
partner_266,22,4401.96
partner_266,23,4008.48
partner_266,24,4331.56
partner_266,25,3886.72
partner_266,26,3490.27
partner_267,0,23355.62
partner_267,1,22408.98
partner_267,2,22659.36
partner_267,3,22252.92
partner_267,4,22662.8
partner_267,5,22935.04
partner_267,6,21183.37
partner_267,7,21962.22
partner_267,8,25578.78
partner_267,9,22091.04
partner_267,10,21874.38
partner_267,11,22005.77
partner_267,12,21307.03
partner_267,13,20833.39
partner_267,14,22236.21
partner_267,15,20680.14
partner_267,16,21464.72
partner_267,17,20059.8
partner_267,18,22016.94
partner_267,19,23054.15
partner_267,20,21320.09
partner_267,21,17407.09
partner_267,22,23067.6
partner_267,23,22043.45
partner_267,24,19618.25
partner_267,25,23465.98
partner_267,26,18735.67
partner_268,0,29362.24
partner_268,1,37492.23
partner_268,2,34274.78
partner_268,3,32720.47
partner_268,4,31127.13
partner_268,5,32179.55
partner_268,6,30078.72
partner_268,7,24967.73
partner_268,8,33519.73
partner_268,9,28136.61
partner_268,10,25925.3
partner_268,11,24068.8
partner_268,12,28341.17
partner_268,13,22206.95
partner_268,14,25083.64
partner_268,15,22605.38
partner_268,16,22060.13
partner_268,17,20090.15
partner_268,18,20543.47
partner_268,19,21261.17
partner_268,20,21087.48
partner_268,21,18412.38
partner_268,22,19204.1
partner_268,23,20466.63
partner_268,24,15199.46
partner_268,25,17670.37
partner_268,26,15518.43
partner_269,0,16836.83
partner_269,1,15513.87
partner_269,2,14411.95
partner_269,3,18581.5
partner_269,4,17918.28
partner_269,5,13237.91
partner_269,6,13989.22
partner_269,7,17382.32
partner_269,8,15941.11
partner_269,9,18870.77
partner_269,10,17419.86
partner_269,11,16899.92
partner_269,12,14731.82
partner_269,13,17214.93
partner_269,14,14315.2
partner_269,15,18550.26
partner_269,16,17101.21
partner_269,17,15055.12
partner_269,18,17728.9
partner_269,19,20086.56
partner_269,20,16051.47
partner_269,21,17311.69
partner_269,22,15699.97
partner_269,23,16548.59
partner_269,24,13935.39
partner_269,25,16407.67
partner_269,26,16480.05
partner_27,0,16037.13
partner_27,1,22421.45
partner_27,2,19995.52
partner_27,3,21181.99
partner_27,4,25031.47
partner_27,5,24576.66
partner_27,6,21993.17
partner_27,7,23572.32
partner_27,8,27658.17
partner_27,9,25836.59
partner_27,10,22713.33
partner_27,11,29968.42
partner_27,12,26840.49
partner_27,13,38265.58
partner_27,14,35053.5
partner_27,15,32756.27
partner_27,16,35028.89
partner_27,17,31938.33
partner_27,18,36648.38
partner_27,19,47430.17
partner_27,20,55066.48
partner_27,21,50492.96
partner_27,22,48768.63
partner_27,23,49244.63
partner_27,24,48668.97
partner_27,25,67863.1
partner_27,26,57729.62
partner_270,0,117949.03
partner_270,1,139714.91
partner_270,2,162269.72
partner_270,3,140277.15
partner_270,4,141289.6
partner_270,5,131774.36
partner_270,6,130346.23
partner_270,7,117505.55
partner_270,8,134707.55
partner_270,9,129530.44
partner_270,10,145449.52
partner_270,11,132429.74
partner_270,12,136858.44
partner_270,13,137252.11
partner_270,14,143060.3
partner_270,15,136155.03
partner_270,16,128489.22
partner_270,17,144985.6
partner_270,18,159098.04
partner_270,19,145599.42
partner_270,20,134986.35
partner_270,21,141982.42
partner_270,22,114274.29
partner_270,23,141748.73
partner_270,24,137997.48
partner_270,25,130333.94
partner_270,26,132941.07
partner_271,0,19247.4
partner_271,1,20300.04
partner_271,2,20539.41
partner_271,3,23564.58
partner_271,4,22318.9
partner_271,5,22419.96
partner_271,6,23761.46
partner_271,7,22114.05
partner_271,8,29895.64
partner_271,9,31600.02
partner_271,10,33598.87
partner_271,11,36225.99
partner_271,12,26560.38
partner_271,13,22847.44
partner_271,14,26364.97
partner_271,15,22777.83
partner_271,16,22641.73
partner_271,17,26391.82
partner_271,18,22938.93
partner_271,19,28366.71
partner_271,20,30352.5
partner_271,21,32149.02
partner_271,22,40660.75
partner_271,23,39057.35
partner_271,24,27276.1
partner_271,25,31616.34
partner_271,26,25842.24
partner_272,0,28296.67
partner_272,1,32070.37
partner_272,2,30212.33
partner_272,3,28368.94
partner_272,4,34444.98
partner_272,5,31687.24
partner_272,6,30934.43
partner_272,7,37237.93
partner_272,8,29902.19
partner_272,9,49540.79
partner_272,10,46460.5
partner_272,11,52156.69
partner_272,12,30046.83
partner_272,13,29052.47
partner_272,14,36305.61
partner_272,15,38144.34
partner_272,16,31543.63
partner_272,17,33449.48
partner_272,18,32838.58
partner_272,19,39731.99
partner_272,20,29796.21
partner_272,21,47039.26
partner_272,22,48726.54
partner_272,23,40271.25
partner_272,24,31741.4
partner_272,25,39114.78
partner_272,26,30927.56
partner_273,0,38412.85
partner_273,1,34257.71
partner_273,2,34714.44
partner_273,3,28414.14
partner_273,4,31844.73
partner_273,5,37412.41
partner_273,6,34509.39
partner_273,7,35561.29
partner_273,8,34758.01
partner_273,9,41820.11
partner_273,10,32824.52
partner_273,11,39808.02
partner_273,12,34759.19
partner_273,13,40112.57
partner_273,14,30099.43
partner_273,15,34934.64
partner_273,16,32950.86
partner_273,17,34779.67
partner_273,18,38494.16
partner_273,19,35600.62
partner_273,20,38487.32
partner_273,21,32002.32
partner_273,22,31478.83
partner_273,23,34356.5
partner_273,24,34168.68
partner_273,25,33663.74
partner_273,26,31013.03
partner_274,0,38914.94
partner_274,1,46138.59
partner_274,2,40431.53
partner_274,3,42998.44
partner_274,4,42632.11
partner_274,5,37051.65
partner_274,6,41862.84
partner_274,7,48166.7
partner_274,8,41396.09
partner_274,9,44019.44
partner_274,10,43179.51
partner_274,11,41619.94
partner_274,12,41133.08
partner_274,13,42590.14
partner_274,14,43462.22
partner_274,15,34920.03
partner_274,16,41378.69
partner_274,17,39636.77
partner_274,18,38799.09
partner_274,19,45613.19
partner_274,20,37419.62
partner_274,21,34747.99
partner_274,22,43593.18
partner_274,23,34644.51
partner_274,24,32595.03
partner_274,25,44047.67
partner_274,26,41021.0
partner_275,0,74545.85
partner_275,1,82521.71
partner_275,2,74656.89
partner_275,3,91288.24
partner_275,4,93756.27
partner_275,5,119272.65
partner_275,6,137167.37
partner_275,7,140625.46
partner_275,8,90474.66
partner_275,9,83402.38
partner_275,10,88168.1
partner_275,11,88826.73
partner_275,12,65858.42
partner_275,13,92890.84
partner_275,14,89299.82
partner_275,15,96232.68
partner_275,16,88094.99
partner_275,17,116642.03
partner_275,18,123759.79
partner_275,19,149618.18
partner_275,20,76174.73
partner_275,21,80586.13
partner_275,22,93802.09
partner_275,23,83636.04
partner_275,24,81161.11
partner_275,25,97874.81
partner_275,26,99065.45
partner_276,0,10431.6
partner_276,1,10172.77
partner_276,2,9445.13
partner_276,3,9986.69
partner_276,4,9047.61
partner_276,5,8886.91
partner_276,6,9575.69
partner_276,7,9826.0
partner_276,8,8884.02
partner_276,9,9799.68
partner_276,10,7510.26
partner_276,11,6413.83
partner_276,12,8188.18
partner_276,13,6858.29
partner_276,14,7029.73
partner_276,15,5784.84
partner_276,16,6220.86
partner_276,17,5648.94
partner_276,18,6183.98
partner_276,19,6038.93
partner_276,20,6169.1
partner_276,21,6683.1
partner_276,22,6173.88
partner_276,23,4711.24
partner_276,24,5801.33
partner_276,25,5377.87
partner_276,26,5121.59
partner_277,0,43746.88
partner_277,1,36472.99
partner_277,2,22357.94
partner_277,3,24846.46
partner_277,4,22241.66
partner_277,5,20819.74
partner_277,6,24361.67
partner_277,7,28993.48
partner_277,8,25457.08
partner_277,9,26957.44
partner_277,10,23164.74
partner_277,11,36662.27
partner_277,12,40946.06
partner_277,13,37985.08
partner_277,14,26315.27
partner_277,15,26369.55
partner_277,16,23251.86
partner_277,17,26952.13
partner_277,18,29299.6
partner_277,19,25665.93
partner_277,20,24204.58
partner_277,21,26979.5
partner_277,22,33135.92
partner_277,23,31959.69
partner_277,24,44506.81
partner_277,25,39339.34
partner_277,26,27458.02
partner_278,0,7355.71
partner_278,1,5585.3
partner_278,2,6942.93
partner_278,3,7911.48
partner_278,4,7339.36
partner_278,5,6064.27
partner_278,6,6211.6
partner_278,7,6710.94
partner_278,8,7507.13
partner_278,9,7697.06
partner_278,10,6691.18
partner_278,11,7126.3
partner_278,12,7306.71
partner_278,13,7952.56
partner_278,14,9885.69
partner_278,15,7617.04
partner_278,16,7720.34
partner_278,17,7726.9
partner_278,18,9439.45
partner_278,19,9002.01
partner_278,20,8381.31
partner_278,21,9036.35
partner_278,22,8793.92
partner_278,23,10014.05
partner_278,24,12565.12
partner_278,25,10644.79
partner_278,26,10179.9
partner_279,0,46443.75
partner_279,1,57587.6
partner_279,2,57296.09
partner_279,3,51150.57
partner_279,4,60160.96
partner_279,5,53764.51
partner_279,6,57807.95
partner_279,7,55240.4
partner_279,8,52700.91
partner_279,9,48528.19
partner_279,10,52870.44
partner_279,11,58168.97
partner_279,12,50925.06
partner_279,13,56010.53
partner_279,14,47842.25
partner_279,15,57836.38
partner_279,16,55330.23
partner_279,17,47201.79
partner_279,18,52449.4
partner_279,19,58648.56
partner_279,20,46896.4
partner_279,21,47905.48
partner_279,22,53278.41
partner_279,23,65096.85
partner_279,24,50042.8
partner_279,25,56308.47
partner_279,26,55046.92
partner_28,0,15401.06
partner_28,1,18003.92
partner_28,2,18616.92
partner_28,3,20473.15
partner_28,4,21218.94
partner_28,5,28698.11
partner_28,6,20380.74
partner_28,7,24167.77
partner_28,8,25946.04
partner_28,9,25275.84
partner_28,10,26437.32
partner_28,11,24222.45
partner_28,12,28276.65
partner_28,13,30420.96
partner_28,14,30916.93
partner_28,15,32731.41
partner_28,16,36555.36
partner_28,17,36236.61
partner_28,18,34516.01
partner_28,19,31296.38
partner_28,20,34469.27
partner_28,21,37097.48
partner_28,22,40225.09
partner_28,23,38643.04
partner_28,24,38051.84
partner_28,25,38264.16
partner_28,26,37500.52
partner_280,0,25172.55
partner_280,1,24855.74
partner_280,2,29877.74
partner_280,3,21835.86
partner_280,4,20246.51
partner_280,5,22433.55
partner_280,6,21504.53
partner_280,7,20302.01
partner_280,8,19244.64
partner_280,9,19732.62
partner_280,10,18288.63
partner_280,11,22944.39
partner_280,12,28057.33
partner_280,13,36990.05
partner_280,14,33401.77
partner_280,15,19386.33
partner_280,16,18254.47
partner_280,17,20983.72
partner_280,18,23277.03
partner_280,19,21156.52
partner_280,20,22929.61
partner_280,21,21572.25
partner_280,22,24340.61
partner_280,23,20982.37
partner_280,24,33991.17
partner_280,25,29724.03
partner_280,26,36272.89
partner_281,0,6792.63
partner_281,1,7153.91
partner_281,2,7681.39
partner_281,3,8002.82
partner_281,4,8646.51
partner_281,5,9113.68
partner_281,6,8433.32
partner_281,7,9769.02
partner_281,8,8600.28
partner_281,9,9644.26
partner_281,10,9276.76
partner_281,11,8589.53
partner_281,12,9454.48
partner_281,13,9965.37
partner_281,14,9662.91
partner_281,15,10313.7
partner_281,16,10995.75
partner_281,17,10315.73
partner_281,18,7454.48
partner_281,19,12605.69
partner_281,20,10700.48
partner_281,21,10340.63
partner_281,22,10218.98
partner_281,23,11367.59
partner_281,24,11342.61
partner_281,25,11375.08
partner_281,26,11691.11
partner_282,0,11895.82
partner_282,1,10699.56
partner_282,2,10998.21
partner_282,3,9514.98
partner_282,4,9991.66
partner_282,5,10309.88
partner_282,6,9235.98
partner_282,7,9467.2
partner_282,8,10733.16
partner_282,9,10966.27
partner_282,10,9954.82
partner_282,11,8706.37
partner_282,12,9595.88
partner_282,13,8462.95
partner_282,14,9962.53
partner_282,15,10140.71
partner_282,16,9620.48
partner_282,17,10127.17
partner_282,18,10300.4
partner_282,19,10142.16
partner_282,20,8700.07
partner_282,21,9637.73
partner_282,22,10293.43
partner_282,23,11449.22
partner_282,24,9619.28
partner_282,25,10432.85
partner_282,26,10756.5
partner_283,0,8662.04
partner_283,1,11871.06
partner_283,2,10207.04
partner_283,3,13256.48
partner_283,4,8133.61
partner_283,5,8611.23
partner_283,6,7389.45
partner_283,7,8322.41
partner_283,8,8816.36
partner_283,9,6916.71
partner_283,10,7710.93
partner_283,11,6355.11
partner_283,12,8668.65
partner_283,13,9399.62
partner_283,14,11337.81
partner_283,15,15058.34
partner_283,16,9431.82
partner_283,17,6927.11
partner_283,18,8586.97
partner_283,19,8831.49
partner_283,20,7944.06
partner_283,21,8417.47
partner_283,22,8584.1
partner_283,23,7457.07
partner_283,24,8435.42
partner_283,25,11094.57
partner_283,26,12473.82
partner_284,0,18660.93
partner_284,1,21014.02
partner_284,2,19637.45
partner_284,3,23578.3
partner_284,4,19349.39
partner_284,5,21731.04
partner_284,6,21081.07
partner_284,7,23722.24
partner_284,8,21173.09
partner_284,9,28083.98
partner_284,10,20057.03
partner_284,11,28989.62
partner_284,12,25595.16
partner_284,13,27441.27
partner_284,14,30216.21
partner_284,15,29672.75
partner_284,16,25970.76
partner_284,17,30443.92
partner_284,18,34940.9
partner_284,19,27504.77
partner_284,20,37496.58
partner_284,21,32943.21
partner_284,22,31108.59
partner_284,23,30357.16
partner_284,24,33410.06
partner_284,25,28182.54
partner_284,26,34421.91
partner_285,0,7739.92
partner_285,1,6809.73
partner_285,2,6302.73
partner_285,3,6295.28
partner_285,4,6514.1
partner_285,5,6126.18
partner_285,6,5467.39
partner_285,7,5755.55
partner_285,8,5467.38
partner_285,9,4707.24
partner_285,10,4987.86
partner_285,11,5253.0
partner_285,12,5074.97
partner_285,13,4534.07
partner_285,14,4790.19
partner_285,15,3912.4
partner_285,16,3795.36
partner_285,17,3952.08
partner_285,18,4506.14
partner_285,19,3850.81
partner_285,20,3562.17
partner_285,21,4088.12
partner_285,22,3325.37
partner_285,23,4049.48
partner_285,24,3036.22
partner_285,25,2780.5
partner_285,26,2940.92
partner_286,0,7472.1
partner_286,1,7636.05
partner_286,2,7019.07
partner_286,3,7035.31
partner_286,4,8609.61
partner_286,5,7353.37
partner_286,6,9559.73
partner_286,7,12373.74
partner_286,8,14512.04
partner_286,9,7465.96
partner_286,10,8141.16
partner_286,11,7897.64
partner_286,12,8964.92
partner_286,13,6730.08
partner_286,14,8658.62
partner_286,15,8020.31
partner_286,16,9349.55
partner_286,17,8888.2
partner_286,18,11857.72
partner_286,19,13762.36
partner_286,20,12606.9
partner_286,21,7412.25
partner_286,22,8068.67
partner_286,23,8743.64
partner_286,24,8039.33
partner_286,25,8475.52
partner_286,26,7172.07
partner_287,0,96625.47
partner_287,1,98545.66
partner_287,2,55508.69
partner_287,3,70450.02
partner_287,4,73237.88
partner_287,5,61774.57
partner_287,6,76626.83
partner_287,7,56838.54
partner_287,8,53761.39
partner_287,9,59107.27
partner_287,10,69186.4
partner_287,11,104071.98
partner_287,12,94928.28
partner_287,13,89401.24
partner_287,14,56004.45
partner_287,15,68642.57
partner_287,16,67856.82
partner_287,17,58788.88
partner_287,18,50270.27
partner_287,19,55008.06
partner_287,20,73229.84
partner_287,21,69140.93
partner_287,22,72392.12
partner_287,23,102002.13
partner_287,24,118754.44
partner_287,25,99086.77
partner_287,26,62451.4
partner_288,0,16863.4
partner_288,1,17657.59
partner_288,2,17993.09
partner_288,3,25241.67
partner_288,4,20131.31
partner_288,5,29864.94
partner_288,6,24268.92
partner_288,7,32192.29
partner_288,8,27683.72
partner_288,9,25385.9
partner_288,10,35580.87
partner_288,11,37664.42
partner_288,12,31470.33
partner_288,13,35050.52
partner_288,14,34538.25
partner_288,15,39306.35
partner_288,16,42128.91
partner_288,17,42128.97
partner_288,18,37421.51
partner_288,19,45134.94
partner_288,20,53730.7
partner_288,21,51489.75
partner_288,22,53287.35
partner_288,23,52341.5
partner_288,24,56771.8
partner_288,25,72261.75
partner_288,26,58789.65
partner_289,0,10934.87
partner_289,1,9742.83
partner_289,2,9990.08
partner_289,3,10192.46
partner_289,4,9521.63
partner_289,5,10221.16
partner_289,6,10189.92
partner_289,7,11682.57
partner_289,8,9715.7
partner_289,9,7529.94
partner_289,10,10236.49
partner_289,11,8847.69
partner_289,12,10685.47
partner_289,13,10050.45
partner_289,14,8193.62
partner_289,15,9113.2
partner_289,16,7874.3
partner_289,17,8247.6
partner_289,18,8670.11
partner_289,19,8889.02
partner_289,20,8583.49
partner_289,21,7817.7
partner_289,22,9540.57
partner_289,23,7252.66
partner_289,24,6222.42
partner_289,25,6269.23
partner_289,26,8252.39
partner_29,0,19412.92
partner_29,1,20480.57
partner_29,2,21861.09
partner_29,3,19717.3
partner_29,4,23621.74
partner_29,5,24442.08
partner_29,6,21507.16
partner_29,7,21762.95
partner_29,8,23980.57
partner_29,9,21132.64
partner_29,10,20976.21
partner_29,11,25480.45
partner_29,12,24769.71
partner_29,13,24126.5
partner_29,14,24864.06
partner_29,15,18257.72
partner_29,16,25838.51
partner_29,17,23649.75
partner_29,18,25057.81
partner_29,19,23638.6
partner_29,20,22868.86
partner_29,21,22130.98
partner_29,22,23593.05
partner_29,23,22048.06
partner_29,24,24732.59
partner_29,25,19147.14
partner_29,26,21525.03
partner_290,0,7881.84
partner_290,1,7337.52
partner_290,2,7407.21
partner_290,3,7147.77
partner_290,4,8123.97
partner_290,5,7682.88
partner_290,6,8095.93
partner_290,7,8021.78
partner_290,8,7428.02
partner_290,9,6626.69
partner_290,10,6559.13
partner_290,11,10106.64
partner_290,12,8905.26
partner_290,13,8798.2
partner_290,14,7235.04
partner_290,15,7765.81
partner_290,16,7125.84
partner_290,17,6740.46
partner_290,18,7301.64
partner_290,19,8787.34
partner_290,20,8410.72
partner_290,21,7005.83
partner_290,22,7514.19
partner_290,23,8339.64
partner_290,24,7315.45
partner_290,25,7820.18
partner_290,26,8070.2
partner_291,0,76497.89
partner_291,1,79541.7
partner_291,2,76762.82
partner_291,3,75141.17
partner_291,4,90529.51
partner_291,5,101877.39
partner_291,6,83501.05
partner_291,7,102351.28
partner_291,8,110509.76
partner_291,9,86031.5
partner_291,10,105457.78
partner_291,11,129829.86
partner_291,12,120981.93
partner_291,13,95863.33
partner_291,14,129262.97
partner_291,15,115406.63
partner_291,16,137155.05
partner_291,17,122835.84
partner_291,18,134979.6
partner_291,19,132062.52
partner_291,20,143585.63
partner_291,21,139254.42
partner_291,22,148440.35
partner_291,23,137801.33
partner_291,24,168488.2
partner_291,25,168078.24
partner_291,26,142425.19
partner_292,0,37791.69
partner_292,1,38500.15
partner_292,2,35524.78
partner_292,3,36932.64
partner_292,4,30878.37
partner_292,5,33757.57
partner_292,6,29782.84
partner_292,7,29730.61
partner_292,8,28308.88
partner_292,9,29415.15
partner_292,10,26981.58
partner_292,11,23130.14
partner_292,12,21782.62
partner_292,13,22272.33
partner_292,14,19890.14
partner_292,15,18523.63
partner_292,16,15672.22
partner_292,17,16180.12
partner_292,18,22068.8
partner_292,19,16545.29
partner_292,20,20271.07
partner_292,21,17037.56
partner_292,22,15671.65
partner_292,23,12873.84
partner_292,24,14573.42
partner_292,25,16659.39
partner_292,26,15570.6
partner_293,0,25228.11
partner_293,1,26316.54
partner_293,2,33459.5
partner_293,3,35585.73
partner_293,4,32166.8
partner_293,5,31547.65
partner_293,6,38745.14
partner_293,7,31211.14
partner_293,8,35861.62
partner_293,9,38493.77
partner_293,10,34665.65
partner_293,11,36635.51
partner_293,12,37465.23
partner_293,13,47498.47
partner_293,14,51116.33
partner_293,15,44750.33
partner_293,16,44399.92
partner_293,17,44225.8
partner_293,18,48525.15
partner_293,19,47278.46
partner_293,20,51092.57
partner_293,21,55402.39
partner_293,22,52641.02
partner_293,23,55504.9
partner_293,24,57261.79
partner_293,25,58254.57
partner_293,26,59304.56
partner_294,0,12560.04
partner_294,1,11298.9
partner_294,2,12150.63
partner_294,3,12617.57
partner_294,4,11229.86
partner_294,5,11280.19
partner_294,6,11437.63
partner_294,7,12778.54
partner_294,8,14400.92
partner_294,9,13019.94
partner_294,10,15067.98
partner_294,11,11136.79
partner_294,12,14412.31
partner_294,13,17196.67
partner_294,14,15549.12
partner_294,15,14903.83
partner_294,16,15598.19
partner_294,17,11957.2
partner_294,18,15835.75
partner_294,19,20012.7
partner_294,20,17509.85
partner_294,21,18213.18
partner_294,22,15046.3
partner_294,23,16869.87
partner_294,24,23171.52
partner_294,25,22585.46
partner_294,26,19017.57
partner_295,0,6198.4
partner_295,1,5472.96
partner_295,2,4970.65
partner_295,3,6117.56
partner_295,4,6572.5
partner_295,5,6584.46
partner_295,6,6760.63
partner_295,7,5250.76
partner_295,8,6252.53
partner_295,9,6049.65
partner_295,10,6162.31
partner_295,11,6084.88
partner_295,12,5805.96
partner_295,13,4340.51
partner_295,14,6938.79
partner_295,15,6421.67
partner_295,16,5293.82
partner_295,17,6510.66
partner_295,18,5938.47
partner_295,19,5956.08
partner_295,20,5738.85
partner_295,21,6550.32
partner_295,22,5719.32
partner_295,23,5534.68
partner_295,24,6920.09
partner_295,25,6105.33
partner_295,26,6124.85
partner_296,0,9848.66
partner_296,1,10059.13
partner_296,2,10875.81
partner_296,3,8926.54
partner_296,4,10786.51
partner_296,5,9755.66
partner_296,6,11455.98
partner_296,7,11130.08
partner_296,8,10990.66
partner_296,9,8857.33
partner_296,10,10444.06
partner_296,11,9310.79
partner_296,12,10514.28
partner_296,13,8109.82
partner_296,14,8927.11
partner_296,15,11807.99
partner_296,16,10942.65
partner_296,17,10179.79
partner_296,18,9594.17
partner_296,19,9408.95
partner_296,20,10764.41
partner_296,21,10190.54
partner_296,22,12185.38
partner_296,23,10358.2
partner_296,24,10615.15
partner_296,25,9087.87
partner_296,26,10172.53
partner_297,0,27910.6
partner_297,1,32369.57
partner_297,2,31924.21
partner_297,3,42253.83
partner_297,4,46852.34
partner_297,5,49130.04
partner_297,6,25938.13
partner_297,7,27181.57
partner_297,8,27324.63
partner_297,9,29556.09
partner_297,10,30393.76
partner_297,11,28673.04
partner_297,12,31148.93
partner_297,13,28109.0
partner_297,14,36296.09
partner_297,15,44256.91
partner_297,16,49906.55
partner_297,17,47596.16
partner_297,18,31356.76
partner_297,19,26781.2
partner_297,20,30138.98
partner_297,21,30588.17
partner_297,22,25873.56
partner_297,23,31431.13
partner_297,24,26555.79
partner_297,25,30212.03
partner_297,26,35472.08
partner_298,0,8333.29
partner_298,1,8286.22
partner_298,2,11044.01
partner_298,3,5938.36
partner_298,4,5310.2
partner_298,5,5432.22
partner_298,6,6728.65
partner_298,7,5799.48
partner_298,8,5234.55
partner_298,9,6624.67
partner_298,10,6028.33
partner_298,11,7341.63
partner_298,12,8807.7
partner_298,13,9415.33
partner_298,14,11379.45
partner_298,15,5074.88
partner_298,16,5640.92
partner_298,17,5996.75
partner_298,18,7559.2
partner_298,19,7286.8
partner_298,20,6988.68
partner_298,21,5739.15
partner_298,22,5989.07
partner_298,23,6455.62
partner_298,24,7582.06
partner_298,25,10757.1
partner_298,26,9147.91
partner_299,0,6378.27
partner_299,1,7506.69
partner_299,2,6488.7
partner_299,3,6903.73
partner_299,4,6535.27
partner_299,5,6343.45
partner_299,6,6762.25
partner_299,7,6597.09
partner_299,8,6160.9
partner_299,9,6376.05
partner_299,10,5479.34
partner_299,11,6255.68
partner_299,12,5598.05
partner_299,13,5308.87
partner_299,14,5012.04
partner_299,15,5185.78
partner_299,16,6156.7
partner_299,17,5029.94
partner_299,18,4375.08
partner_299,19,5264.91
partner_299,20,4484.02
partner_299,21,4723.47
partner_299,22,4211.36
partner_299,23,4935.62
partner_299,24,4017.95
partner_299,25,4750.3
partner_299,26,3640.85
partner_3,0,43298.22
partner_3,1,51790.64
partner_3,2,39569.74
partner_3,3,41714.7
partner_3,4,41035.23
partner_3,5,45170.89
partner_3,6,46649.14
partner_3,7,45402.92
partner_3,8,51407.71
partner_3,9,44199.34
partner_3,10,52571.72
partner_3,11,51229.13
partner_3,12,49322.83
partner_3,13,48585.4
partner_3,14,63327.24
partner_3,15,47539.28
partner_3,16,54156.55
partner_3,17,49415.7
partner_3,18,63961.48
partner_3,19,60020.54
partner_3,20,52206.42
partner_3,21,59809.97
partner_3,22,59285.16
partner_3,23,55679.03
partner_3,24,64165.19
partner_3,25,62947.77
partner_3,26,62877.38
partner_30,0,55293.05
partner_30,1,49601.95
partner_30,2,54005.44
partner_30,3,46488.15
partner_30,4,47302.5
partner_30,5,50219.2
partner_30,6,41351.45
partner_30,7,46065.97
partner_30,8,44380.9
partner_30,9,43541.26
partner_30,10,38359.22
partner_30,11,48106.37
partner_30,12,38572.55
partner_30,13,34600.91
partner_30,14,29366.77
partner_30,15,30612.31
partner_30,16,33923.7
partner_30,17,33388.8
partner_30,18,31434.35
partner_30,19,28367.33
partner_30,20,22089.31
partner_30,21,25443.55
partner_30,22,20408.87
partner_30,23,19050.56
partner_30,24,22007.87
partner_30,25,21723.32
partner_30,26,21617.43
partner_300,0,22609.97
partner_300,1,28526.28
partner_300,2,23647.86
partner_300,3,26058.81
partner_300,4,31619.79
partner_300,5,23562.58
partner_300,6,24273.42
partner_300,7,27931.83
partner_300,8,34304.61
partner_300,9,27826.13
partner_300,10,36741.75
partner_300,11,38155.69
partner_300,12,45526.08
partner_300,13,43755.75
partner_300,14,42921.18
partner_300,15,49178.93
partner_300,16,47700.31
partner_300,17,45140.12
partner_300,18,43804.35
partner_300,19,48768.8
partner_300,20,53845.45
partner_300,21,57506.9
partner_300,22,46469.12
partner_300,23,60412.48
partner_300,24,64758.93
partner_300,25,71203.77
partner_300,26,82054.79
partner_301,0,61688.56
partner_301,1,83058.63
partner_301,2,73151.26
partner_301,3,89740.8
partner_301,4,97022.5
partner_301,5,74200.39
partner_301,6,95463.39
partner_301,7,105292.66
partner_301,8,105907.36
partner_301,9,78304.67
partner_301,10,93408.93
partner_301,11,91796.75
partner_301,12,114197.88
partner_301,13,116484.35
partner_301,14,84198.72
partner_301,15,115284.48
partner_301,16,132333.01
partner_301,17,128166.36
partner_301,18,132093.07
partner_301,19,129301.9
partner_301,20,123686.13
partner_301,21,142354.04
partner_301,22,147756.57
partner_301,23,160842.14
partner_301,24,167066.84
partner_301,25,162383.05
partner_301,26,184132.54
partner_302,0,22544.89
partner_302,1,22272.73
partner_302,2,23598.92
partner_302,3,20073.83
partner_302,4,27694.51
partner_302,5,25714.07
partner_302,6,23833.08
partner_302,7,22736.72
partner_302,8,28400.13
partner_302,9,23318.8
partner_302,10,32843.68
partner_302,11,25700.45
partner_302,12,32800.48
partner_302,13,28077.46
partner_302,14,33860.33
partner_302,15,27689.6
partner_302,16,30605.03
partner_302,17,33736.54
partner_302,18,34028.13
partner_302,19,36212.58
partner_302,20,31718.53
partner_302,21,34371.24
partner_302,22,39185.76
partner_302,23,33096.78
partner_302,24,38480.27
partner_302,25,36386.92
partner_302,26,38808.76
partner_303,0,8059.46
partner_303,1,8049.44
partner_303,2,7529.57
partner_303,3,8441.69
partner_303,4,7700.47
partner_303,5,6900.56
partner_303,6,5939.26
partner_303,7,5657.17
partner_303,8,7078.12
partner_303,9,5095.53
partner_303,10,5496.41
partner_303,11,5398.84
partner_303,12,4840.65
partner_303,13,4310.36
partner_303,14,4232.69
partner_303,15,4163.39
partner_303,16,3923.13
partner_303,17,4586.42
partner_303,18,3878.58
partner_303,19,3527.3
partner_303,20,3607.17
partner_303,21,3650.62
partner_303,22,3168.06
partner_303,23,3429.79
partner_303,24,2633.04
partner_303,25,3231.04
partner_303,26,2770.69
partner_304,0,6884.23
partner_304,1,6683.95
partner_304,2,7572.19
partner_304,3,8870.46
partner_304,4,7739.59
partner_304,5,7396.27
partner_304,6,8131.12
partner_304,7,8789.5
partner_304,8,9019.92
partner_304,9,9425.49
partner_304,10,10766.68
partner_304,11,11220.0
partner_304,12,12238.09
partner_304,13,8725.49
partner_304,14,9736.6
partner_304,15,11642.69
partner_304,16,10617.35
partner_304,17,12345.91
partner_304,18,11858.51
partner_304,19,13749.01
partner_304,20,13400.9
partner_304,21,13718.88
partner_304,22,12154.1
partner_304,23,12829.24
partner_304,24,12836.78
partner_304,25,11494.84
partner_304,26,15866.5
partner_305,0,12185.18
partner_305,1,10345.1
partner_305,2,9230.74
partner_305,3,12751.62
partner_305,4,10349.16
partner_305,5,11916.94
partner_305,6,12707.13
partner_305,7,13244.86
partner_305,8,14171.71
partner_305,9,14158.33
partner_305,10,14460.2
partner_305,11,12929.61
partner_305,12,14804.39
partner_305,13,12513.14
partner_305,14,17446.33
partner_305,15,13288.31
partner_305,16,15283.52
partner_305,17,14078.19
partner_305,18,15398.47
partner_305,19,17038.18
partner_305,20,16507.54
partner_305,21,19895.78
partner_305,22,18702.05
partner_305,23,17864.71
partner_305,24,18931.05
partner_305,25,22051.15
partner_305,26,21961.64
partner_306,0,5313.87
partner_306,1,5507.37
partner_306,2,4991.88
partner_306,3,6286.81
partner_306,4,5586.39
partner_306,5,7269.04
partner_306,6,7099.94
partner_306,7,6270.11
partner_306,8,7021.59
partner_306,9,7349.11
partner_306,10,8281.83
partner_306,11,8373.07
partner_306,12,7935.91
partner_306,13,8087.57
partner_306,14,10395.35
partner_306,15,10628.71
partner_306,16,10949.16
partner_306,17,11668.64
partner_306,18,11175.55
partner_306,19,12721.29
partner_306,20,16423.14
partner_306,21,15347.53
partner_306,22,13986.06
partner_306,23,14310.54
partner_306,24,11305.01
partner_306,25,18377.79
partner_306,26,18779.28
partner_307,0,17233.03
partner_307,1,17789.02
partner_307,2,21006.36
partner_307,3,19932.88
partner_307,4,21503.53
partner_307,5,20286.42
partner_307,6,22056.96
partner_307,7,20855.87
partner_307,8,21779.48
partner_307,9,15909.67
partner_307,10,17629.98
partner_307,11,19379.76
partner_307,12,22283.85
partner_307,13,23894.79
partner_307,14,19782.24
partner_307,15,18882.52
partner_307,16,16180.62
partner_307,17,21849.41
partner_307,18,19005.99
partner_307,19,26062.53
partner_307,20,18625.43
partner_307,21,24346.81
partner_307,22,21617.72
partner_307,23,18044.46
partner_307,24,20579.46
partner_307,25,21664.01
partner_307,26,19659.52
partner_308,0,12098.39
partner_308,1,11852.73
partner_308,2,11167.26
partner_308,3,9871.43
partner_308,4,11099.79
partner_308,5,11382.62
partner_308,6,9087.19
partner_308,7,11374.98
partner_308,8,11077.4
partner_308,9,9735.32
partner_308,10,10813.19
partner_308,11,10836.86
partner_308,12,13344.63
partner_308,13,11431.9
partner_308,14,12344.57
partner_308,15,11053.9
partner_308,16,9089.58
partner_308,17,11937.74
partner_308,18,10449.46
partner_308,19,10810.29
partner_308,20,10007.86
partner_308,21,11267.08
partner_308,22,12377.16
partner_308,23,12229.01
partner_308,24,12959.94
partner_308,25,13118.52
partner_308,26,8897.23
partner_309,0,14535.7
partner_309,1,15415.31
partner_309,2,17685.35
partner_309,3,22508.18
partner_309,4,21395.62
partner_309,5,22037.8
partner_309,6,15823.61
partner_309,7,17777.16
partner_309,8,15886.65
partner_309,9,14715.09
partner_309,10,12589.72
partner_309,11,17632.71
partner_309,12,15057.63
partner_309,13,14932.35
partner_309,14,15585.62
partner_309,15,19314.33
partner_309,16,23636.95
partner_309,17,25610.97
partner_309,18,14475.22
partner_309,19,16827.09
partner_309,20,16166.81
partner_309,21,20325.83
partner_309,22,13842.59
partner_309,23,17024.74
partner_309,24,17209.63
partner_309,25,15745.24
partner_309,26,19764.71
partner_31,0,8799.01
partner_31,1,10116.86
partner_31,2,9096.23
partner_31,3,8972.03
partner_31,4,12623.83
partner_31,5,11385.01
partner_31,6,14023.14
partner_31,7,15008.69
partner_31,8,13277.16
partner_31,9,15702.06
partner_31,10,14505.03
partner_31,11,13267.22
partner_31,12,17254.51
partner_31,13,17014.17
partner_31,14,17880.88
partner_31,15,23463.91
partner_31,16,17393.44
partner_31,17,22324.65
partner_31,18,20283.25
partner_31,19,25738.16
partner_31,20,25454.85
partner_31,21,26874.89
partner_31,22,24561.11
partner_31,23,26238.61
partner_31,24,32525.2
partner_31,25,36702.22
partner_31,26,34232.44
partner_310,0,96152.54
partner_310,1,108418.36
partner_310,2,74494.71
partner_310,3,87212.72
partner_310,4,109281.11
partner_310,5,103919.17
partner_310,6,100381.1
partner_310,7,106977.97
partner_310,8,76981.54
partner_310,9,102810.5
partner_310,10,105370.0
partner_310,11,88960.58
partner_310,12,120272.79
partner_310,13,97103.52
partner_310,14,74351.08
partner_310,15,98864.61
partner_310,16,88378.13
partner_310,17,106328.29
partner_310,18,100451.89
partner_310,19,89539.39
partner_310,20,109542.01
partner_310,21,104180.35
partner_310,22,87349.03
partner_310,23,93785.64
partner_310,24,100156.4
partner_310,25,91764.61
partner_310,26,92049.01
partner_311,0,63464.9
partner_311,1,55175.24
partner_311,2,72734.61
partner_311,3,56907.56
partner_311,4,63981.75
partner_311,5,58451.3
partner_311,6,59326.02
partner_311,7,74064.54
partner_311,8,69456.7
partner_311,9,69200.32
partner_311,10,61688.27
partner_311,11,66377.01
partner_311,12,73710.07
partner_311,13,70665.88
partner_311,14,76879.83
partner_311,15,77891.51
partner_311,16,69244.22
partner_311,17,57878.27
partner_311,18,65661.0
partner_311,19,70341.95
partner_311,20,65520.05
partner_311,21,63544.27
partner_311,22,71531.38
partner_311,23,88299.77
partner_311,24,67568.0
partner_311,25,71015.96
partner_311,26,61715.73
partner_312,0,14214.94
partner_312,1,15256.12
partner_312,2,13124.68
partner_312,3,13573.83
partner_312,4,16733.01
partner_312,5,15511.33
partner_312,6,11588.04
partner_312,7,15895.94
partner_312,8,14619.24
partner_312,9,17269.85
partner_312,10,16838.09
partner_312,11,13641.18
partner_312,12,17314.26
partner_312,13,17575.92
partner_312,14,18211.82
partner_312,15,18972.87
partner_312,16,21055.19
partner_312,17,19471.95
partner_312,18,19132.53
partner_312,19,21724.88
partner_312,20,24356.96
partner_312,21,22169.39
partner_312,22,21162.85
partner_312,23,22084.22
partner_312,24,22164.35
partner_312,25,22103.51
partner_312,26,27400.51
partner_313,0,6613.51
partner_313,1,5854.17
partner_313,2,5051.08
partner_313,3,5817.14
partner_313,4,5604.62
partner_313,5,6271.22
partner_313,6,5982.92
partner_313,7,5322.85
partner_313,8,6800.92
partner_313,9,6575.11
partner_313,10,6869.13
partner_313,11,6069.28
partner_313,12,5907.6
partner_313,13,6345.92
partner_313,14,5586.42
partner_313,15,6005.9
partner_313,16,5824.63
partner_313,17,5062.57
partner_313,18,6004.36
partner_313,19,5667.35
partner_313,20,5784.99
partner_313,21,6144.47
partner_313,22,6683.25
partner_313,23,5425.57
partner_313,24,5729.25
partner_313,25,5475.19
partner_313,26,5436.59
partner_314,0,6676.2
partner_314,1,6611.47
partner_314,2,5819.52
partner_314,3,7465.3
partner_314,4,7348.23
partner_314,5,6205.44
partner_314,6,7775.64
partner_314,7,7266.96
partner_314,8,7036.06
partner_314,9,7520.63
partner_314,10,7356.17
partner_314,11,7899.85
partner_314,12,7752.22
partner_314,13,7468.89
partner_314,14,6261.03
partner_314,15,8395.93
partner_314,16,7798.57
partner_314,17,8869.25
partner_314,18,8761.5
partner_314,19,8195.53
partner_314,20,9506.94
partner_314,21,8940.15
partner_314,22,9044.51
partner_314,23,8914.41
partner_314,24,10727.64
partner_314,25,8661.42
partner_314,26,9168.08
partner_315,0,5231.31
partner_315,1,4592.98
partner_315,2,4647.66
partner_315,3,4624.78
partner_315,4,4907.48
partner_315,5,4266.91
partner_315,6,3782.88
partner_315,7,5100.11
partner_315,8,3846.13
partner_315,9,5293.44
partner_315,10,5636.97
partner_315,11,4796.8
partner_315,12,5510.64
partner_315,13,4865.06
partner_315,14,5656.82
partner_315,15,4654.4
partner_315,16,3723.56
partner_315,17,4837.92
partner_315,18,5709.84
partner_315,19,5137.79
partner_315,20,4625.57
partner_315,21,5037.29
partner_315,22,5350.5
partner_315,23,4835.13
partner_315,24,6157.75
partner_315,25,4624.55
partner_315,26,5365.8
partner_316,0,10390.02
partner_316,1,11618.03
partner_316,2,10395.43
partner_316,3,10294.67
partner_316,4,8093.98
partner_316,5,10021.08
partner_316,6,9401.46
partner_316,7,8824.36
partner_316,8,8942.08
partner_316,9,8043.94
partner_316,10,7668.14
partner_316,11,7729.08
partner_316,12,7339.94
partner_316,13,9111.2
partner_316,14,7931.99
partner_316,15,6379.96
partner_316,16,8262.72
partner_316,17,6382.43
partner_316,18,6502.12
partner_316,19,6865.54
partner_316,20,4916.33
partner_316,21,5808.72
partner_316,22,5450.42
partner_316,23,5734.06
partner_316,24,5662.4
partner_316,25,5265.32
partner_316,26,5092.88
partner_317,0,12300.35
partner_317,1,12180.62
partner_317,2,13920.92
partner_317,3,11723.96
partner_317,4,10712.09
partner_317,5,8953.37
partner_317,6,9288.33
partner_317,7,10128.78
partner_317,8,10298.38
partner_317,9,9634.89
partner_317,10,10347.47
partner_317,11,9238.44
partner_317,12,8720.47
partner_317,13,9981.29
partner_317,14,10477.86
partner_317,15,8030.6
partner_317,16,9064.37
partner_317,17,7018.9
partner_317,18,7243.4
partner_317,19,7835.08
partner_317,20,9083.56
partner_317,21,7371.12
partner_317,22,7193.52
partner_317,23,7702.84
partner_317,24,7548.6
partner_317,25,6790.79
partner_317,26,8655.38
partner_318,0,21579.05
partner_318,1,22757.55
partner_318,2,23745.55
partner_318,3,23901.79
partner_318,4,18354.62
partner_318,5,21385.47
partner_318,6,19705.55
partner_318,7,19875.59
partner_318,8,17398.42
partner_318,9,16707.17
partner_318,10,18052.39
partner_318,11,17533.65
partner_318,12,17948.55
partner_318,13,15345.45
partner_318,14,14433.04
partner_318,15,10665.72
partner_318,16,11505.14
partner_318,17,12773.53
partner_318,18,11473.68
partner_318,19,13518.87
partner_318,20,10533.0
partner_318,21,11163.03
partner_318,22,10868.23
partner_318,23,12379.1
partner_318,24,10060.49
partner_318,25,10856.08
partner_318,26,10267.35
partner_319,0,12457.92
partner_319,1,11443.33
partner_319,2,9534.09
partner_319,3,11215.65
partner_319,4,11458.82
partner_319,5,11810.12
partner_319,6,10634.89
partner_319,7,12791.68
partner_319,8,11497.37
partner_319,9,10424.84
partner_319,10,10955.6
partner_319,11,13696.03
partner_319,12,12244.55
partner_319,13,12685.54
partner_319,14,10285.81
partner_319,15,10690.83
partner_319,16,10699.34
partner_319,17,11693.44
partner_319,18,11281.94
partner_319,19,10919.7
partner_319,20,11063.71
partner_319,21,10570.04
partner_319,22,11275.24
partner_319,23,12759.89
partner_319,24,9744.38
partner_319,25,11879.55
partner_319,26,13066.31
partner_32,0,21698.26
partner_32,1,17994.54
partner_32,2,20827.77
partner_32,3,17165.52
partner_32,4,18832.28
partner_32,5,20488.7
partner_32,6,20464.57
partner_32,7,18540.68
partner_32,8,18826.32
partner_32,9,22963.08
partner_32,10,23859.63
partner_32,11,25038.18
partner_32,12,26190.65
partner_32,13,22940.36
partner_32,14,22373.6
partner_32,15,26740.7
partner_32,16,25746.97
partner_32,17,22109.23
partner_32,18,22427.19
partner_32,19,26772.38
partner_32,20,25570.35
partner_32,21,26486.74
partner_32,22,29998.39
partner_32,23,29737.02
partner_32,24,31946.43
partner_32,25,23209.26
partner_32,26,30089.25
partner_320,0,61613.62
partner_320,1,71066.69
partner_320,2,58651.4
partner_320,3,64906.56
partner_320,4,58289.56
partner_320,5,52888.39
partner_320,6,64065.46
partner_320,7,56835.26
partner_320,8,64978.25
partner_320,9,72307.91
partner_320,10,77116.88
partner_320,11,65662.62
partner_320,12,71684.6
partner_320,13,67649.59
partner_320,14,62561.86
partner_320,15,52532.7
partner_320,16,75635.19
partner_320,17,58229.33
partner_320,18,74049.68
partner_320,19,68546.33
partner_320,20,58704.81
partner_320,21,67083.86
partner_320,22,78929.65
partner_320,23,75044.24
partner_320,24,61718.76
partner_320,25,60422.44
partner_320,26,65706.07
partner_321,0,8385.81
partner_321,1,8041.28
partner_321,2,6220.44
partner_321,3,7830.94
partner_321,4,7353.41
partner_321,5,7515.29
partner_321,6,7673.9
partner_321,7,8385.06
partner_321,8,8219.63
partner_321,9,6926.14
partner_321,10,7443.62
partner_321,11,7151.68
partner_321,12,6228.22
partner_321,13,7405.62
partner_321,14,8868.77
partner_321,15,6205.61
partner_321,16,7469.49
partner_321,17,7445.47
partner_321,18,7702.95
partner_321,19,6766.67
partner_321,20,6420.46
partner_321,21,6455.28
partner_321,22,8484.05
partner_321,23,6751.72
partner_321,24,7113.46
partner_321,25,9063.35
partner_321,26,6937.73
partner_322,0,10150.22
partner_322,1,10106.1
partner_322,2,7952.63
partner_322,3,8519.81
partner_322,4,9451.65
partner_322,5,10943.99
partner_322,6,8475.63
partner_322,7,8721.4
partner_322,8,9559.19
partner_322,9,9742.75
partner_322,10,9798.34
partner_322,11,8397.79
partner_322,12,8686.14
partner_322,13,9371.96
partner_322,14,10332.33
partner_322,15,8955.47
partner_322,16,9153.8
partner_322,17,8233.04
partner_322,18,10883.63
partner_322,19,9315.78
partner_322,20,10163.02
partner_322,21,9201.69
partner_322,22,9252.48
partner_322,23,7797.83
partner_322,24,7201.09
partner_322,25,10322.79
partner_322,26,9245.87
partner_323,0,7603.35
partner_323,1,7903.97
partner_323,2,9611.6
partner_323,3,10200.55
partner_323,4,8148.81
partner_323,5,9272.03
partner_323,6,8853.71
partner_323,7,8583.89
partner_323,8,10297.7
partner_323,9,8294.84
partner_323,10,9766.62
partner_323,11,9020.01
partner_323,12,8673.93
partner_323,13,9880.7
partner_323,14,8940.69
partner_323,15,8604.83
partner_323,16,9887.15
partner_323,17,9774.04
partner_323,18,9732.95
partner_323,19,5310.65
partner_323,20,9071.06
partner_323,21,8872.91
partner_323,22,8658.32
partner_323,23,9218.42
partner_323,24,8915.0
partner_323,25,9277.53
partner_323,26,8455.79
partner_324,0,15356.61
partner_324,1,15644.07
partner_324,2,17023.52
partner_324,3,17211.13
partner_324,4,15801.78
partner_324,5,17976.77
partner_324,6,17032.01
partner_324,7,20417.68
partner_324,8,19460.16
partner_324,9,16823.86
partner_324,10,22648.58
partner_324,11,14846.98
partner_324,12,20465.72
partner_324,13,18319.84
partner_324,14,23945.83
partner_324,15,21146.9
partner_324,16,19433.67
partner_324,17,21028.76
partner_324,18,20532.72
partner_324,19,21938.04
partner_324,20,22399.71
partner_324,21,21923.65
partner_324,22,24915.45
partner_324,23,25800.76
partner_324,24,22880.04
partner_324,25,21695.14
partner_324,26,27445.77
partner_325,0,10619.46
partner_325,1,10442.27
partner_325,2,11453.27
partner_325,3,10883.56
partner_325,4,12548.95
partner_325,5,12965.43
partner_325,6,8156.83
partner_325,7,7722.32
partner_325,8,9889.47
partner_325,9,10395.81
partner_325,10,9821.68
partner_325,11,10593.1
partner_325,12,9629.33
partner_325,13,9210.0
partner_325,14,9359.5
partner_325,15,9698.68
partner_325,16,10731.59
partner_325,17,9415.07
partner_325,18,9610.8
partner_325,19,10461.11
partner_325,20,9700.04
partner_325,21,11001.97
partner_325,22,8986.77
partner_325,23,8772.15
partner_325,24,10198.27
partner_325,25,10296.9
partner_325,26,9040.75
partner_326,0,112290.63
partner_326,1,132515.53
partner_326,2,84610.95
partner_326,3,118447.2
partner_326,4,94131.35
partner_326,5,108811.07
partner_326,6,86273.53
partner_326,7,91270.45
partner_326,8,81314.72
partner_326,9,83370.8
partner_326,10,97035.3
partner_326,11,78123.01
partner_326,12,92085.53
partner_326,13,70387.15
partner_326,14,81005.0
partner_326,15,56835.32
partner_326,16,63473.01
partner_326,17,59542.6
partner_326,18,69891.1
partner_326,19,59404.37
partner_326,20,44429.64
partner_326,21,46983.86
partner_326,22,46785.45
partner_326,23,54803.1
partner_326,24,52142.7
partner_326,25,45067.83
partner_326,26,42282.18
partner_327,0,9805.56
partner_327,1,9837.07
partner_327,2,12070.72
partner_327,3,12461.26
partner_327,4,12160.89
partner_327,5,13532.35
partner_327,6,13684.46
partner_327,7,14800.56
partner_327,8,12717.12
partner_327,9,16212.66
partner_327,10,17529.75
partner_327,11,17077.86
partner_327,12,18257.81
partner_327,13,17728.52
partner_327,14,20320.44
partner_327,15,19545.91
partner_327,16,17891.85
partner_327,17,22762.84
partner_327,18,18318.09
partner_327,19,23434.73
partner_327,20,22809.37
partner_327,21,23582.89
partner_327,22,26139.29
partner_327,23,24849.43
partner_327,24,29264.47
partner_327,25,29139.76
partner_327,26,28296.58
partner_328,0,14525.18
partner_328,1,15358.49
partner_328,2,15100.13
partner_328,3,13797.57
partner_328,4,12451.88
partner_328,5,10835.15
partner_328,6,12705.18
partner_328,7,13597.64
partner_328,8,12494.84
partner_328,9,7788.72
partner_328,10,12716.12
partner_328,11,12590.96
partner_328,12,10998.99
partner_328,13,12269.46
partner_328,14,11684.21
partner_328,15,10082.43
partner_328,16,12012.59
partner_328,17,9163.45
partner_328,18,10272.66
partner_328,19,10012.91
partner_328,20,9189.14
partner_328,21,10161.16
partner_328,22,10981.96
partner_328,23,10752.88
partner_328,24,10093.91
partner_328,25,7695.99
partner_328,26,7905.89
partner_329,0,30612.44
partner_329,1,32003.9
partner_329,2,27349.75
partner_329,3,28870.94
partner_329,4,31234.85
partner_329,5,31730.79
partner_329,6,47264.05
partner_329,7,39228.55
partner_329,8,40923.52
partner_329,9,25556.68
partner_329,10,32824.9
partner_329,11,30852.28
partner_329,12,27171.58
partner_329,13,26413.78
partner_329,14,33137.21
partner_329,15,30518.17
partner_329,16,34884.58
partner_329,17,33735.52
partner_329,18,42436.71
partner_329,19,47967.34
partner_329,20,43928.38
partner_329,21,29909.77
partner_329,22,26915.92
partner_329,23,32235.33
partner_329,24,33257.08
partner_329,25,34172.73
partner_329,26,33390.1
partner_33,0,9870.84
partner_33,1,9427.51
partner_33,2,10051.25
partner_33,3,11364.05
partner_33,4,11449.49
partner_33,5,8524.23
partner_33,6,9518.83
partner_33,7,9303.92
partner_33,8,8919.13
partner_33,9,8700.65
partner_33,10,8400.6
partner_33,11,9285.26
partner_33,12,8594.96
partner_33,13,6743.87
partner_33,14,7935.7
partner_33,15,7802.09
partner_33,16,7199.64
partner_33,17,7570.91
partner_33,18,6752.18
partner_33,19,6587.59
partner_33,20,6369.34
partner_33,21,4894.56
partner_33,22,5927.4
partner_33,23,5433.6
partner_33,24,5000.69
partner_33,25,6321.68
partner_33,26,5659.16
partner_330,0,8655.38
partner_330,1,8718.37
partner_330,2,7531.05
partner_330,3,7936.63
partner_330,4,8246.93
partner_330,5,6790.83
partner_330,6,6858.86
partner_330,7,6948.98
partner_330,8,8724.07
partner_330,9,10082.5
partner_330,10,10249.04
partner_330,11,12167.24
partner_330,12,7687.88
partner_330,13,8695.04
partner_330,14,9357.44
partner_330,15,8159.34
partner_330,16,7272.68
partner_330,17,8342.86
partner_330,18,7902.16
partner_330,19,7961.11
partner_330,20,8231.36
partner_330,21,10158.01
partner_330,22,12004.97
partner_330,23,13228.29
partner_330,24,8332.71
partner_330,25,9391.33
partner_330,26,8491.98
partner_331,0,26550.86
partner_331,1,26838.79
partner_331,2,25429.37
partner_331,3,19541.77
partner_331,4,22691.77
partner_331,5,28130.8
partner_331,6,24152.4
partner_331,7,21536.29
partner_331,8,22356.69
partner_331,9,16620.67
partner_331,10,20404.07
partner_331,11,21500.4
partner_331,12,18094.25
partner_331,13,14478.59
partner_331,14,16205.79
partner_331,15,18319.33
partner_331,16,16007.26
partner_331,17,12864.69
partner_331,18,17811.96
partner_331,19,12101.6
partner_331,20,12970.07
partner_331,21,11446.06
partner_331,22,10998.21
partner_331,23,11254.46
partner_331,24,12044.87
partner_331,25,12283.75
partner_331,26,10048.74
partner_332,0,5596.48
partner_332,1,5612.14
partner_332,2,5469.23
partner_332,3,5488.11
partner_332,4,5280.73
partner_332,5,5393.27
partner_332,6,5243.83
partner_332,7,5912.45
partner_332,8,6531.03
partner_332,9,5436.8
partner_332,10,5337.34
partner_332,11,5477.5
partner_332,12,4989.46
partner_332,13,5749.41
partner_332,14,5576.47
partner_332,15,5116.28
partner_332,16,5822.63
partner_332,17,5350.99
partner_332,18,4822.75
partner_332,19,5528.63
partner_332,20,5467.42
partner_332,21,5853.79
partner_332,22,5784.96
partner_332,23,5282.51
partner_332,24,5088.71
partner_332,25,5341.78
partner_332,26,5534.88
partner_333,0,30061.94
partner_333,1,31954.6
partner_333,2,25955.97
partner_333,3,33268.97
partner_333,4,27483.45
partner_333,5,21700.58
partner_333,6,23860.81
partner_333,7,24172.85
partner_333,8,20741.93
partner_333,9,17508.54
partner_333,10,17669.57
partner_333,11,19910.82
partner_333,12,14916.35
partner_333,13,14816.34
partner_333,14,17488.04
partner_333,15,15543.41
partner_333,16,14167.4
partner_333,17,13863.22
partner_333,18,11915.08
partner_333,19,14028.94
partner_333,20,11782.77
partner_333,21,11618.34
partner_333,22,12166.15
partner_333,23,10973.54
partner_333,24,10027.5
partner_333,25,8277.12
partner_333,26,10260.7
partner_334,0,7400.25
partner_334,1,8095.21
partner_334,2,8296.92
partner_334,3,7827.49
partner_334,4,8833.65
partner_334,5,7956.07
partner_334,6,7199.43
partner_334,7,7652.07
partner_334,8,7011.55
partner_334,9,6863.19
partner_334,10,7557.32
partner_334,11,5962.45
partner_334,12,6429.3
partner_334,13,7028.02
partner_334,14,6340.04
partner_334,15,5799.72
partner_334,16,4890.52
partner_334,17,4462.94
partner_334,18,6827.35
partner_334,19,5706.64
partner_334,20,5103.98
partner_334,21,5493.2
partner_334,22,4704.68
partner_334,23,4920.44
partner_334,24,4514.15
partner_334,25,4189.69
partner_334,26,3771.98
partner_335,0,4112.22
partner_335,1,4743.65
partner_335,2,3954.47
partner_335,3,4711.67
partner_335,4,4995.22
partner_335,5,4655.1
partner_335,6,4595.97
partner_335,7,4893.42
partner_335,8,4717.64
partner_335,9,5622.22
partner_335,10,6075.19
partner_335,11,5970.37
partner_335,12,4171.75
partner_335,13,5181.55
partner_335,14,5525.6
partner_335,15,5891.01
partner_335,16,4747.99
partner_335,17,4830.53
partner_335,18,6743.22
partner_335,19,5739.48
partner_335,20,5275.39
partner_335,21,5620.01
partner_335,22,6691.02
partner_335,23,6024.36
partner_335,24,6853.15
partner_335,25,6153.48
partner_335,26,5740.43
partner_336,0,42720.68
partner_336,1,40931.84
partner_336,2,48374.98
partner_336,3,43666.1
partner_336,4,44902.61
partner_336,5,37062.67
partner_336,6,38653.26
partner_336,7,39088.73
partner_336,8,34696.86
partner_336,9,35532.68
partner_336,10,33007.78
partner_336,11,35617.31
partner_336,12,29043.72
partner_336,13,34569.52
partner_336,14,32942.86
partner_336,15,30583.5
partner_336,16,31874.19
partner_336,17,28716.57
partner_336,18,27169.95
partner_336,19,30001.48
partner_336,20,29434.54
partner_336,21,25787.54
partner_336,22,24969.09
partner_336,23,25460.63
partner_336,24,23942.2
partner_336,25,28536.78
partner_336,26,24958.94
partner_337,0,65816.76
partner_337,1,76444.95
partner_337,2,74612.17
partner_337,3,55712.09
partner_337,4,80229.64
partner_337,5,96350.43
partner_337,6,104657.23
partner_337,7,110870.22
partner_337,8,61092.59
partner_337,9,53861.34
partner_337,10,68293.0
partner_337,11,78374.01
partner_337,12,52016.99
partner_337,13,70849.3
partner_337,14,63262.96
partner_337,15,79068.13
partner_337,16,106286.18
partner_337,17,101503.53
partner_337,18,116858.54
partner_337,19,128968.81
partner_337,20,81506.64
partner_337,21,80160.71
partner_337,22,90161.05
partner_337,23,87034.12
partner_337,24,86133.29
partner_337,25,83199.26
partner_337,26,82446.37
partner_338,0,11025.73
partner_338,1,13439.55
partner_338,2,11103.39
partner_338,3,14696.75
partner_338,4,13950.84
partner_338,5,12469.95
partner_338,6,15038.5
partner_338,7,13866.89
partner_338,8,15422.98
partner_338,9,15156.22
partner_338,10,16292.32
partner_338,11,18724.3
partner_338,12,18656.21
partner_338,13,16313.87
partner_338,14,17017.2
partner_338,15,20280.79
partner_338,16,21167.69
partner_338,17,19780.23
partner_338,18,25481.61
partner_338,19,24637.56
partner_338,20,22136.74
partner_338,21,22706.44
partner_338,22,24787.69
partner_338,23,25417.04
partner_338,24,30669.69
partner_338,25,31019.73
partner_338,26,29370.72
partner_339,0,35485.5
partner_339,1,32978.22
partner_339,2,34107.27
partner_339,3,34735.37
partner_339,4,34385.92
partner_339,5,30233.72
partner_339,6,30565.17
partner_339,7,31840.97
partner_339,8,30470.24
partner_339,9,27957.31
partner_339,10,35003.45
partner_339,11,33922.97
partner_339,12,28395.79
partner_339,13,31997.3
partner_339,14,32182.97
partner_339,15,33383.74
partner_339,16,29239.87
partner_339,17,28347.83
partner_339,18,34491.23
partner_339,19,27757.76
partner_339,20,32024.36
partner_339,21,31718.08
partner_339,22,32382.98
partner_339,23,33615.79
partner_339,24,38028.46
partner_339,25,27542.91
partner_339,26,35661.26
partner_34,0,8139.23
partner_34,1,8882.92
partner_34,2,7578.93
partner_34,3,8442.65
partner_34,4,9385.0
partner_34,5,7119.12
partner_34,6,8973.5
partner_34,7,8830.94
partner_34,8,9306.9
partner_34,9,9160.08
partner_34,10,9994.94
partner_34,11,12018.38
partner_34,12,9970.81
partner_34,13,10842.07
partner_34,14,12918.42
partner_34,15,10405.02
partner_34,16,13299.25
partner_34,17,11514.1
partner_34,18,13861.42
partner_34,19,12930.13
partner_34,20,12674.09
partner_34,21,12488.6
partner_34,22,12049.88
partner_34,23,13238.53
partner_34,24,14637.79
partner_34,25,13714.44
partner_34,26,13594.66
partner_340,0,2330.45
partner_340,1,3726.21
partner_340,2,2945.76
partner_340,3,3540.47
partner_340,4,3555.86
partner_340,5,3138.7
partner_340,6,3236.76
partner_340,7,3147.32
partner_340,8,3790.68
partner_340,9,3442.7
partner_340,10,3376.53
partner_340,11,3964.59
partner_340,12,3503.77
partner_340,13,3808.22
partner_340,14,4071.61
partner_340,15,3856.49
partner_340,16,4008.93
partner_340,17,4975.37
partner_340,18,4322.51
partner_340,19,4351.93
partner_340,20,4537.37
partner_340,21,4939.34
partner_340,22,4333.73
partner_340,23,5156.02
partner_340,24,5188.08
partner_340,25,4249.52
partner_340,26,6244.33
partner_341,0,16938.51
partner_341,1,17064.95
partner_341,2,26300.1
partner_341,3,22254.86
partner_341,4,17278.94
partner_341,5,13763.34
partner_341,6,14963.57
partner_341,7,17202.79
partner_341,8,14906.65
partner_341,9,15975.53
partner_341,10,17511.59
partner_341,11,15545.54
partner_341,12,16093.84
partner_341,13,18905.59
partner_341,14,27239.2
partner_341,15,26976.05
partner_341,16,18290.11
partner_341,17,16224.6
partner_341,18,14422.19
partner_341,19,12984.94
partner_341,20,22045.1
partner_341,21,18207.5
partner_341,22,17796.84
partner_341,23,18816.55
partner_341,24,17550.92
partner_341,25,22659.43
partner_341,26,33613.32
partner_342,0,9615.23
partner_342,1,9133.01
partner_342,2,9873.3
partner_342,3,10081.77
partner_342,4,12543.33
partner_342,5,10214.15
partner_342,6,9171.8
partner_342,7,10349.14
partner_342,8,10685.32
partner_342,9,9077.07
partner_342,10,10828.8
partner_342,11,11668.64
partner_342,12,10554.5
partner_342,13,9580.39
partner_342,14,9859.58
partner_342,15,8683.27
partner_342,16,10270.82
partner_342,17,10733.67
partner_342,18,9476.73
partner_342,19,12429.4
partner_342,20,11234.92
partner_342,21,8543.83
partner_342,22,8565.19
partner_342,23,9385.76
partner_342,24,12047.85
partner_342,25,11337.6
partner_342,26,12100.45
partner_343,0,24576.44
partner_343,1,21970.77
partner_343,2,25980.09
partner_343,3,24609.87
partner_343,4,24513.22
partner_343,5,29163.98
partner_343,6,24785.15
partner_343,7,28443.37
partner_343,8,21115.87
partner_343,9,31850.08
partner_343,10,24165.31
partner_343,11,26877.5
partner_343,12,27276.85
partner_343,13,23853.82
partner_343,14,27158.26
partner_343,15,27288.72
partner_343,16,23312.14
partner_343,17,23341.88
partner_343,18,25216.03
partner_343,19,24812.39
partner_343,20,28599.38
partner_343,21,26866.16
partner_343,22,24925.52
partner_343,23,26623.7
partner_343,24,19964.73
partner_343,25,23557.73
partner_343,26,25824.8
partner_344,0,12747.92
partner_344,1,14320.78
partner_344,2,13583.01
partner_344,3,11887.91
partner_344,4,12323.23
partner_344,5,13008.69
partner_344,6,11937.52
partner_344,7,14412.08
partner_344,8,11112.53
partner_344,9,12893.32
partner_344,10,13417.42
partner_344,11,12106.49
partner_344,12,11824.83
partner_344,13,12403.15
partner_344,14,13513.09
partner_344,15,11873.52
partner_344,16,11162.28
partner_344,17,13936.27
partner_344,18,12997.29
partner_344,19,13757.88
partner_344,20,13447.27
partner_344,21,15222.72
partner_344,22,13891.76
partner_344,23,11593.27
partner_344,24,13085.99
partner_344,25,11801.48
partner_344,26,11930.66
partner_345,0,19228.01
partner_345,1,18462.4
partner_345,2,17492.06
partner_345,3,15033.53
partner_345,4,13469.38
partner_345,5,15482.38
partner_345,6,18186.92
partner_345,7,15985.6
partner_345,8,11004.98
partner_345,9,20042.87
partner_345,10,14286.34
partner_345,11,20297.11
partner_345,12,21118.94
partner_345,13,22236.15
partner_345,14,16376.15
partner_345,15,12728.67
partner_345,16,16038.45
partner_345,17,18188.85
partner_345,18,15063.58
partner_345,19,14288.16
partner_345,20,16587.73
partner_345,21,16875.02
partner_345,22,18174.96
partner_345,23,20134.18
partner_345,24,27624.81
partner_345,25,28051.91
partner_345,26,15685.47
partner_346,0,4988.14
partner_346,1,5384.32
partner_346,2,5812.47
partner_346,3,4827.21
partner_346,4,4088.3
partner_346,5,4633.05
partner_346,6,4195.74
partner_346,7,4031.38
partner_346,8,4107.93
partner_346,9,4017.04
partner_346,10,3612.9
partner_346,11,3428.5
partner_346,12,3987.06
partner_346,13,3546.9
partner_346,14,3287.08
partner_346,15,2945.31
partner_346,16,2505.34
partner_346,17,2969.79
partner_346,18,2594.09
partner_346,19,2308.74
partner_346,20,2290.52
partner_346,21,2032.01
partner_346,22,2383.06
partner_346,23,2206.03
partner_346,24,2014.49
partner_346,25,1887.62
partner_346,26,1692.75
partner_347,0,25639.63
partner_347,1,27640.98
partner_347,2,27192.14
partner_347,3,30722.38
partner_347,4,32281.39
partner_347,5,29474.9
partner_347,6,34065.2
partner_347,7,27520.79
partner_347,8,29453.71
partner_347,9,29706.16
partner_347,10,33119.49
partner_347,11,30174.56
partner_347,12,30257.21
partner_347,13,24917.3
partner_347,14,27171.42
partner_347,15,33130.74
partner_347,16,23661.76
partner_347,17,33868.36
partner_347,18,31350.32
partner_347,19,27626.42
partner_347,20,27374.03
partner_347,21,35519.42
partner_347,22,34072.63
partner_347,23,29501.77
partner_347,24,30260.27
partner_347,25,27929.01
partner_347,26,30260.84
partner_348,0,18942.9
partner_348,1,22549.29
partner_348,2,18910.3
partner_348,3,17091.88
partner_348,4,16484.06
partner_348,5,19335.56
partner_348,6,17640.09
partner_348,7,19563.69
partner_348,8,16000.76
partner_348,9,20410.74
partner_348,10,17068.7
partner_348,11,19181.25
partner_348,12,18446.94
partner_348,13,22373.75
partner_348,14,19420.28
partner_348,15,22807.32
partner_348,16,20163.48
partner_348,17,21814.37
partner_348,18,18694.2
partner_348,19,19752.52
partner_348,20,21419.6
partner_348,21,20820.69
partner_348,22,20106.68
partner_348,23,18466.74
partner_348,24,18789.71
partner_348,25,21264.98
partner_348,26,21662.59
partner_349,0,5740.41
partner_349,1,6948.95
partner_349,2,5917.5
partner_349,3,7175.31
partner_349,4,7111.94
partner_349,5,6482.97
partner_349,6,8061.63
partner_349,7,6051.55
partner_349,8,8402.5
partner_349,9,7560.73
partner_349,10,5904.97
partner_349,11,8779.94
partner_349,12,8449.59
partner_349,13,7494.42
partner_349,14,7192.66
partner_349,15,6823.82
partner_349,16,10216.86
partner_349,17,7594.21
partner_349,18,7431.82
partner_349,19,8880.72
partner_349,20,7353.35
partner_349,21,8063.15
partner_349,22,9994.71
partner_349,23,9671.33
partner_349,24,9033.8
partner_349,25,9571.52
partner_349,26,9284.02
partner_35,0,7954.63
partner_35,1,8123.01
partner_35,2,6753.65
partner_35,3,6752.61
partner_35,4,7510.95
partner_35,5,8341.82
partner_35,6,8065.72
partner_35,7,6330.54
partner_35,8,7045.34
partner_35,9,6563.01
partner_35,10,7042.85
partner_35,11,8397.45
partner_35,12,6206.98
partner_35,13,6064.95
partner_35,14,6636.86
partner_35,15,7444.34
partner_35,16,7685.64
partner_35,17,7552.99
partner_35,18,8087.21
partner_35,19,5960.59
partner_35,20,8096.37
partner_35,21,7010.59
partner_35,22,7765.77
partner_35,23,6278.75
partner_35,24,7240.02
partner_35,25,7407.41
partner_35,26,8072.79
partner_350,0,7351.23
partner_350,1,7098.33
partner_350,2,6792.0
partner_350,3,7835.19
partner_350,4,7402.0
partner_350,5,6037.05
partner_350,6,5679.27
partner_350,7,6149.65
partner_350,8,7357.04
partner_350,9,5260.7
partner_350,10,5588.34
partner_350,11,5551.12
partner_350,12,5272.33
partner_350,13,4926.96
partner_350,14,5579.87
partner_350,15,5065.88
partner_350,16,5091.17
partner_350,17,4815.35
partner_350,18,4798.94
partner_350,19,4943.52
partner_350,20,4684.19
partner_350,21,4935.68
partner_350,22,4351.7
partner_350,23,3506.54
partner_350,24,3949.08
partner_350,25,3777.31
partner_350,26,4072.53
partner_351,0,5063.41
partner_351,1,5619.38
partner_351,2,5145.83
partner_351,3,5421.58
partner_351,4,4371.86
partner_351,5,5404.36
partner_351,6,5027.53
partner_351,7,4919.94
partner_351,8,5697.43
partner_351,9,4510.96
partner_351,10,4772.27
partner_351,11,4585.07
partner_351,12,4554.41
partner_351,13,5369.75
partner_351,14,4349.95
partner_351,15,4011.09
partner_351,16,4966.07
partner_351,17,3988.96
partner_351,18,3398.96
partner_351,19,3688.16
partner_351,20,3430.2
partner_351,21,3161.26
partner_351,22,3655.01
partner_351,23,3705.02
partner_351,24,4104.09
partner_351,25,3838.54
partner_351,26,3760.14
partner_352,0,55783.06
partner_352,1,53107.95
partner_352,2,55558.05
partner_352,3,48581.84
partner_352,4,64143.65
partner_352,5,71320.5
partner_352,6,65202.43
partner_352,7,61982.59
partner_352,8,67640.94
partner_352,9,68717.99
partner_352,10,72144.32
partner_352,11,83144.61
partner_352,12,83744.94
partner_352,13,93531.43
partner_352,14,91970.26
partner_352,15,84528.7
partner_352,16,91699.21
partner_352,17,95046.53
partner_352,18,103119.7
partner_352,19,129307.94
partner_352,20,136743.0
partner_352,21,129322.36
partner_352,22,125988.06
partner_352,23,112215.79
partner_352,24,138514.72
partner_352,25,130234.29
partner_352,26,171587.89
partner_353,0,3840.17
partner_353,1,4119.53
partner_353,2,4309.69
partner_353,3,4363.97
partner_353,4,3856.2
partner_353,5,4091.15
partner_353,6,3478.54
partner_353,7,3740.07
partner_353,8,3935.55
partner_353,9,3621.55
partner_353,10,3252.87
partner_353,11,3271.72
partner_353,12,3632.94
partner_353,13,2878.83
partner_353,14,2867.68
partner_353,15,3289.73
partner_353,16,2907.15
partner_353,17,2546.61
partner_353,18,3314.05
partner_353,19,2546.37
partner_353,20,2747.54
partner_353,21,2576.91
partner_353,22,2611.74
partner_353,23,2404.42
partner_353,24,2769.35
partner_353,25,2560.84
partner_353,26,2725.98
partner_354,0,15861.8
partner_354,1,15814.5
partner_354,2,21186.14
partner_354,3,18109.47
partner_354,4,17149.91
partner_354,5,16592.51
partner_354,6,16128.39
partner_354,7,15072.5
partner_354,8,12680.44
partner_354,9,14564.51
partner_354,10,13766.31
partner_354,11,14155.04
partner_354,12,13975.91
partner_354,13,11771.4
partner_354,14,9587.83
partner_354,15,12341.29
partner_354,16,9031.26
partner_354,17,9970.32
partner_354,18,9013.02
partner_354,19,8490.65
partner_354,20,9160.83
partner_354,21,8362.38
partner_354,22,8231.31
partner_354,23,6897.16
partner_354,24,7077.65
partner_354,25,6377.21
partner_354,26,6494.8
partner_355,0,9035.84
partner_355,1,7430.96
partner_355,2,6007.26
partner_355,3,8693.14
partner_355,4,7971.58
partner_355,5,7528.9
partner_355,6,7295.3
partner_355,7,6906.45
partner_355,8,9107.35
partner_355,9,7668.4
partner_355,10,6303.14
partner_355,11,7878.87
partner_355,12,8549.02
partner_355,13,7748.19
partner_355,14,6941.03
partner_355,15,6872.77
partner_355,16,6929.04
partner_355,17,8789.7
partner_355,18,7574.18
partner_355,19,6348.17
partner_355,20,7921.9
partner_355,21,7736.44
partner_355,22,7286.39
partner_355,23,6850.39
partner_355,24,6817.22
partner_355,25,8457.82
partner_355,26,7817.67
partner_356,0,31267.42
partner_356,1,27653.15
partner_356,2,27229.27
partner_356,3,29744.95
partner_356,4,29141.24
partner_356,5,21474.76
partner_356,6,22955.51
partner_356,7,24351.03
partner_356,8,25579.9
partner_356,9,24306.0
partner_356,10,18195.91
partner_356,11,21359.63
partner_356,12,18260.14
partner_356,13,19213.1
partner_356,14,17984.43
partner_356,15,13955.6
partner_356,16,16150.1
partner_356,17,16144.74
partner_356,18,14029.01
partner_356,19,13138.98
partner_356,20,10879.89
partner_356,21,13215.71
partner_356,22,12101.37
partner_356,23,10311.76
partner_356,24,10530.63
partner_356,25,10592.28
partner_356,26,9437.46
partner_357,0,6607.13
partner_357,1,9089.27
partner_357,2,8021.31
partner_357,3,7128.15
partner_357,4,6038.7
partner_357,5,8832.76
partner_357,6,8455.52
partner_357,7,8177.3
partner_357,8,8700.23
partner_357,9,8698.03
partner_357,10,8164.29
partner_357,11,7804.98
partner_357,12,7674.5
partner_357,13,8345.69
partner_357,14,9127.39
partner_357,15,7926.16
partner_357,16,9191.02
partner_357,17,8307.41
partner_357,18,8313.45
partner_357,19,9934.72
partner_357,20,9332.13
partner_357,21,9352.9
partner_357,22,7369.8
partner_357,23,9764.2
partner_357,24,7942.73
partner_357,25,7826.38
partner_357,26,6279.32
partner_358,0,29648.34
partner_358,1,24475.95
partner_358,2,31761.65
partner_358,3,27616.24
partner_358,4,31245.16
partner_358,5,22205.5
partner_358,6,27773.03
partner_358,7,19163.9
partner_358,8,23200.6
partner_358,9,20699.57
partner_358,10,20517.99
partner_358,11,19803.82
partner_358,12,18444.22
partner_358,13,17250.05
partner_358,14,18338.03
partner_358,15,18869.34
partner_358,16,20243.99
partner_358,17,18149.76
partner_358,18,19137.71
partner_358,19,14198.6
partner_358,20,15496.44
partner_358,21,16866.56
partner_358,22,15834.06
partner_358,23,13600.97
partner_358,24,15819.87
partner_358,25,13318.47
partner_358,26,12611.29
partner_359,0,85105.45
partner_359,1,80605.45
partner_359,2,80316.65
partner_359,3,75954.04
partner_359,4,81687.02
partner_359,5,94408.89
partner_359,6,87132.95
partner_359,7,93206.11
partner_359,8,89442.3
partner_359,9,79845.64
partner_359,10,71026.54
partner_359,11,77169.81
partner_359,12,79343.92
partner_359,13,78686.06
partner_359,14,93396.85
partner_359,15,93308.12
partner_359,16,103865.67
partner_359,17,78557.3
partner_359,18,98639.75
partner_359,19,98587.18
partner_359,20,83077.51
partner_359,21,89080.71
partner_359,22,95605.79
partner_359,23,84551.81
partner_359,24,83892.93
partner_359,25,79717.29
partner_359,26,64980.15
partner_36,0,13301.07
partner_36,1,11821.24
partner_36,2,13930.59
partner_36,3,14290.9
partner_36,4,14967.12
partner_36,5,12550.83
partner_36,6,14489.82
partner_36,7,15064.89
partner_36,8,11081.3
partner_36,9,14072.28
partner_36,10,14531.31
partner_36,11,12917.21
partner_36,12,11654.77
partner_36,13,14510.68
partner_36,14,11669.71
partner_36,15,13023.79
partner_36,16,13207.09
partner_36,17,14209.12
partner_36,18,12429.36
partner_36,19,12352.51
partner_36,20,13391.46
partner_36,21,14594.79
partner_36,22,16293.52
partner_36,23,11261.33
partner_36,24,13678.44
partner_36,25,11819.51
partner_36,26,14611.27
partner_360,0,7343.84
partner_360,1,8763.44
partner_360,2,7345.11
partner_360,3,9487.46
partner_360,4,9405.36
partner_360,5,8800.57
partner_360,6,9308.36
partner_360,7,8432.95
partner_360,8,10515.26
partner_360,9,10182.23
partner_360,10,10480.7
partner_360,11,10960.12
partner_360,12,9979.17
partner_360,13,9241.83
partner_360,14,12201.17
partner_360,15,12162.03
partner_360,16,11004.44
partner_360,17,12366.89
partner_360,18,13667.54
partner_360,19,13818.09
partner_360,20,11960.76
partner_360,21,11024.85
partner_360,22,11492.7
partner_360,23,13103.66
partner_360,24,15841.71
partner_360,25,13093.79
partner_360,26,13570.43
partner_361,0,19511.19
partner_361,1,16474.18
partner_361,2,20254.36
partner_361,3,17417.69
partner_361,4,21331.86
partner_361,5,14593.1
partner_361,6,18533.57
partner_361,7,17618.7
partner_361,8,14343.64
partner_361,9,13897.28
partner_361,10,12705.07
partner_361,11,12303.93
partner_361,12,13090.72
partner_361,13,12688.37
partner_361,14,10284.51
partner_361,15,14561.97
partner_361,16,11159.45
partner_361,17,11153.75
partner_361,18,10046.45
partner_361,19,10089.35
partner_361,20,9667.36
partner_361,21,9694.51
partner_361,22,9365.64
partner_361,23,9801.87
partner_361,24,8973.57
partner_361,25,9084.14
partner_361,26,8200.08
partner_362,0,9655.58
partner_362,1,9294.19
partner_362,2,9092.02
partner_362,3,9300.38
partner_362,4,9618.95
partner_362,5,10008.68
partner_362,6,10180.31
partner_362,7,9917.44
partner_362,8,11602.27
partner_362,9,11974.11
partner_362,10,13370.21
partner_362,11,10938.8
partner_362,12,12740.54
partner_362,13,9915.67
partner_362,14,13616.83
partner_362,15,11022.41
partner_362,16,11934.43
partner_362,17,14033.18
partner_362,18,13069.37
partner_362,19,13213.85
partner_362,20,13959.05
partner_362,21,16150.36
partner_362,22,14003.13
partner_362,23,15760.02
partner_362,24,15642.63
partner_362,25,18049.1
partner_362,26,18566.85
partner_363,0,4240.71
partner_363,1,3604.95
partner_363,2,3930.17
partner_363,3,3478.96
partner_363,4,3981.94
partner_363,5,4819.03
partner_363,6,3888.27
partner_363,7,3662.89
partner_363,8,3750.31
partner_363,9,3275.42
partner_363,10,4395.77
partner_363,11,3959.58
partner_363,12,3436.73
partner_363,13,3449.24
partner_363,14,3845.32
partner_363,15,4197.28
partner_363,16,3397.53
partner_363,17,4266.94
partner_363,18,3804.27
partner_363,19,3482.29
partner_363,20,3659.88
partner_363,21,4510.8
partner_363,22,3306.45
partner_363,23,3558.44
partner_363,24,4205.19
partner_363,25,3922.56
partner_363,26,3535.66
partner_364,0,106379.65
partner_364,1,94732.75
partner_364,2,94366.22
partner_364,3,99684.41
partner_364,4,82528.81
partner_364,5,105456.37
partner_364,6,106749.8
partner_364,7,87306.95
partner_364,8,90753.02
partner_364,9,96067.7
partner_364,10,100629.62
partner_364,11,95333.58
partner_364,12,66813.11
partner_364,13,76730.41
partner_364,14,81537.25
partner_364,15,72338.88
partner_364,16,87877.32
partner_364,17,85002.47
partner_364,18,65789.4
partner_364,19,69064.6
partner_364,20,63646.52
partner_364,21,66114.92
partner_364,22,64595.27
partner_364,23,70946.63
partner_364,24,57834.36
partner_364,25,45929.07
partner_364,26,51183.5
partner_365,0,17374.29
partner_365,1,14868.97
partner_365,2,14738.08
partner_365,3,15301.76
partner_365,4,15078.39
partner_365,5,16138.12
partner_365,6,16259.53
partner_365,7,19213.24
partner_365,8,18056.04
partner_365,9,23129.76
partner_365,10,26276.75
partner_365,11,30219.86
partner_365,12,17529.01
partner_365,13,19792.47
partner_365,14,15941.81
partner_365,15,18036.94
partner_365,16,17185.97
partner_365,17,16107.47
partner_365,18,18455.14
partner_365,19,22660.62
partner_365,20,19695.29
partner_365,21,25445.98
partner_365,22,25943.21
partner_365,23,25657.42
partner_365,24,17623.96
partner_365,25,18378.87
partner_365,26,18575.2
partner_366,0,21409.32
partner_366,1,22934.81
partner_366,2,18046.48
partner_366,3,19259.45
partner_366,4,19653.56
partner_366,5,16830.14
partner_366,6,18055.34
partner_366,7,14155.23
partner_366,8,17382.1
partner_366,9,15823.29
partner_366,10,14677.85
partner_366,11,15527.52
partner_366,12,12906.92
partner_366,13,11973.65
partner_366,14,13878.41
partner_366,15,13817.18
partner_366,16,10384.52
partner_366,17,10548.4
partner_366,18,11268.86
partner_366,19,9679.72
partner_366,20,9883.52
partner_366,21,9616.57
partner_366,22,8050.24
partner_366,23,8498.41
partner_366,24,7794.51
partner_366,25,6550.36
partner_366,26,6425.62
partner_367,0,6734.65
partner_367,1,6754.88
partner_367,2,6624.58
partner_367,3,6433.67
partner_367,4,6416.85
partner_367,5,6333.5
partner_367,6,6413.63
partner_367,7,6455.39
partner_367,8,5296.98
partner_367,9,5675.47
partner_367,10,5528.38
partner_367,11,6844.72
partner_367,12,7181.78
partner_367,13,4825.79
partner_367,14,7126.76
partner_367,15,6215.89
partner_367,16,6786.54
partner_367,17,6474.56
partner_367,18,7050.09
partner_367,19,6291.7
partner_367,20,5322.23
partner_367,21,6097.33
partner_367,22,6480.22
partner_367,23,6029.37
partner_367,24,6567.78
partner_367,25,6121.97
partner_367,26,5795.47
partner_368,0,5287.26
partner_368,1,4033.91
partner_368,2,4478.84
partner_368,3,3764.51
partner_368,4,4273.44
partner_368,5,4938.04
partner_368,6,3763.65
partner_368,7,4425.42
partner_368,8,5144.07
partner_368,9,4440.01
partner_368,10,3803.69
partner_368,11,3946.51
partner_368,12,3037.2
partner_368,13,2871.44
partner_368,14,3308.98
partner_368,15,3322.2
partner_368,16,3432.06
partner_368,17,2825.01
partner_368,18,2956.46
partner_368,19,2853.05
partner_368,20,2683.55
partner_368,21,2613.94
partner_368,22,2331.6
partner_368,23,2537.69
partner_368,24,2436.95
partner_368,25,2212.67
partner_368,26,2390.3
partner_369,0,12378.61
partner_369,1,16007.31
partner_369,2,16349.23
partner_369,3,20292.23
partner_369,4,13051.23
partner_369,5,13508.39
partner_369,6,13395.42
partner_369,7,11801.23
partner_369,8,11622.09
partner_369,9,14271.5
partner_369,10,12023.53
partner_369,11,10873.23
partner_369,12,15122.76
partner_369,13,16222.29
partner_369,14,20869.19
partner_369,15,18591.88
partner_369,16,12184.19
partner_369,17,14081.96
partner_369,18,10345.3
partner_369,19,11518.94
partner_369,20,11157.96
partner_369,21,9569.16
partner_369,22,13408.71
partner_369,23,11979.28
partner_369,24,15113.04
partner_369,25,16759.36
partner_369,26,19406.6
partner_37,0,45256.34
partner_37,1,48700.41
partner_37,2,51697.23
partner_37,3,53575.49
partner_37,4,52119.4
partner_37,5,46139.51
partner_37,6,58258.18
partner_37,7,55123.81
partner_37,8,63121.23
partner_37,9,53624.54
partner_37,10,49454.1
partner_37,11,59890.62
partner_37,12,69272.42
partner_37,13,63587.24
partner_37,14,62585.7
partner_37,15,59495.91
partner_37,16,78190.89
partner_37,17,60875.34
partner_37,18,64227.89
partner_37,19,74696.98
partner_37,20,58730.24
partner_37,21,82970.62
partner_37,22,79784.39
partner_37,23,83524.96
partner_37,24,82566.78
partner_37,25,78516.84
partner_37,26,72778.03
partner_370,0,21023.74
partner_370,1,22371.04
partner_370,2,20043.37
partner_370,3,18417.24
partner_370,4,17140.79
partner_370,5,19540.91
partner_370,6,17786.07
partner_370,7,18381.29
partner_370,8,17769.48
partner_370,9,17103.89
partner_370,10,18116.81
partner_370,11,18264.65
partner_370,12,20359.36
partner_370,13,17998.62
partner_370,14,19072.08
partner_370,15,14850.92
partner_370,16,13358.03
partner_370,17,15615.38
partner_370,18,16695.46
partner_370,19,16178.79
partner_370,20,16666.41
partner_370,21,10909.14
partner_370,22,16172.82
partner_370,23,14605.48
partner_370,24,11749.46
partner_370,25,14650.72
partner_370,26,13661.17
partner_371,0,9718.79
partner_371,1,7755.23
partner_371,2,8749.98
partner_371,3,7262.78
partner_371,4,9005.78
partner_371,5,9408.3
partner_371,6,7056.5
partner_371,7,7335.74
partner_371,8,6998.2
partner_371,9,7151.6
partner_371,10,7613.83
partner_371,11,6820.92
partner_371,12,7420.8
partner_371,13,7523.81
partner_371,14,7367.78
partner_371,15,5753.34
partner_371,16,7198.81
partner_371,17,7075.87
partner_371,18,6958.6
partner_371,19,5786.34
partner_371,20,5306.9
partner_371,21,5049.65
partner_371,22,4864.48
partner_371,23,5342.12
partner_371,24,5649.68
partner_371,25,5747.56
partner_371,26,4720.74
partner_372,0,7376.73
partner_372,1,8771.33
partner_372,2,8781.65
partner_372,3,8914.09
partner_372,4,9443.08
partner_372,5,10037.54
partner_372,6,10401.15
partner_372,7,9319.31
partner_372,8,11496.38
partner_372,9,11222.66
partner_372,10,10857.03
partner_372,11,12048.36
partner_372,12,12631.22
partner_372,13,14034.93
partner_372,14,11761.81
partner_372,15,15430.01
partner_372,16,14164.38
partner_372,17,13915.5
partner_372,18,14386.67
partner_372,19,14189.3
partner_372,20,13507.66
partner_372,21,18112.48
partner_372,22,21079.74
partner_372,23,15297.05
partner_372,24,17129.01
partner_372,25,21107.68
partner_372,26,20269.62
partner_373,0,10521.2
partner_373,1,11330.04
partner_373,2,9164.24
partner_373,3,11056.87
partner_373,4,14184.82
partner_373,5,15048.4
partner_373,6,15916.04
partner_373,7,15119.61
partner_373,8,11637.88
partner_373,9,14605.91
partner_373,10,18329.68
partner_373,11,19523.55
partner_373,12,19807.36
partner_373,13,17663.32
partner_373,14,16321.32
partner_373,15,19404.6
partner_373,16,20249.96
partner_373,17,24269.29
partner_373,18,22273.11
partner_373,19,22637.65
partner_373,20,23626.34
partner_373,21,25313.5
partner_373,22,26842.4
partner_373,23,24315.19
partner_373,24,24327.86
partner_373,25,32102.67
partner_373,26,24491.77
partner_374,0,14502.32
partner_374,1,17563.71
partner_374,2,16637.62
partner_374,3,15014.56
partner_374,4,18736.68
partner_374,5,18801.72
partner_374,6,18991.18
partner_374,7,18914.68
partner_374,8,20893.57
partner_374,9,20522.05
partner_374,10,28159.71
partner_374,11,22971.43
partner_374,12,23547.03
partner_374,13,24045.6
partner_374,14,31116.64
partner_374,15,22959.1
partner_374,16,29564.9
partner_374,17,28950.91
partner_374,18,26438.46
partner_374,19,29413.57
partner_374,20,34352.09
partner_374,21,31613.99
partner_374,22,36898.7
partner_374,23,43841.88
partner_374,24,39510.21
partner_374,25,34505.69
partner_374,26,38407.54
partner_375,0,9912.0
partner_375,1,12933.9
partner_375,2,11051.02
partner_375,3,6365.05
partner_375,4,8045.29
partner_375,5,8145.65
partner_375,6,7419.98
partner_375,7,7091.87
partner_375,8,7749.16
partner_375,9,7200.51
partner_375,10,6040.97
partner_375,11,8868.86
partner_375,12,10807.94
partner_375,13,13022.81
partner_375,14,10578.73
partner_375,15,7594.6
partner_375,16,7630.88
partner_375,17,7529.89
partner_375,18,7571.97
partner_375,19,7534.09
partner_375,20,7690.44
partner_375,21,8156.16
partner_375,22,8808.08
partner_375,23,8011.82
partner_375,24,10067.06
partner_375,25,11254.08
partner_375,26,11115.42
partner_376,0,4201.53
partner_376,1,4392.28
partner_376,2,4126.37
partner_376,3,4187.62
partner_376,4,4366.76
partner_376,5,4782.83
partner_376,6,4015.44
partner_376,7,3700.31
partner_376,8,4153.47
partner_376,9,4980.85
partner_376,10,3704.8
partner_376,11,4463.87
partner_376,12,4676.7
partner_376,13,3199.89
partner_376,14,4363.32
partner_376,15,4444.29
partner_376,16,4079.33
partner_376,17,3920.43
partner_376,18,3943.81
partner_376,19,4053.66
partner_376,20,4064.76
partner_376,21,3985.67
partner_376,22,4046.99
partner_376,23,4690.48
partner_376,24,3682.36
partner_376,25,3458.28
partner_376,26,4697.18
partner_377,0,64103.83
partner_377,1,67319.82
partner_377,2,63559.07
partner_377,3,71679.7
partner_377,4,62723.2
partner_377,5,68464.48
partner_377,6,55905.91
partner_377,7,81607.32
partner_377,8,72992.85
partner_377,9,80643.86
partner_377,10,80543.19
partner_377,11,82501.36
partner_377,12,79485.03
partner_377,13,84056.53
partner_377,14,74394.97
partner_377,15,73917.36
partner_377,16,84301.87
partner_377,17,80739.06
partner_377,18,100678.8
partner_377,19,92996.2
partner_377,20,84642.89
partner_377,21,90225.39
partner_377,22,95593.83
partner_377,23,95309.23
partner_377,24,100265.03
partner_377,25,99973.18
partner_377,26,86953.87
partner_378,0,11883.65
partner_378,1,10530.11
partner_378,2,12096.96
partner_378,3,12342.87
partner_378,4,13790.95
partner_378,5,13394.18
partner_378,6,17865.72
partner_378,7,20006.89
partner_378,8,10823.79
partner_378,9,11115.89
partner_378,10,9066.19
partner_378,11,12541.54
partner_378,12,9685.93
partner_378,13,8423.58
partner_378,14,10221.45
partner_378,15,8313.6
partner_378,16,11064.38
partner_378,17,19018.46
partner_378,18,17063.99
partner_378,19,15198.57
partner_378,20,10506.0
partner_378,21,9534.31
partner_378,22,11375.12
partner_378,23,9534.31
partner_378,24,10744.31
partner_378,25,9264.51
partner_378,26,13274.04
partner_379,0,9498.72
partner_379,1,9556.79
partner_379,2,9663.66
partner_379,3,9961.28
partner_379,4,13056.53
partner_379,5,10920.09
partner_379,6,9405.64
partner_379,7,10914.6
partner_379,8,13958.73
partner_379,9,12873.14
partner_379,10,13470.63
partner_379,11,15767.53
partner_379,12,13460.13
partner_379,13,16042.95
partner_379,14,14557.93
partner_379,15,17057.01
partner_379,16,16022.34
partner_379,17,16822.94
partner_379,18,19285.05
partner_379,19,19805.42
partner_379,20,18736.05
partner_379,21,18767.6
partner_379,22,23620.17
partner_379,23,22294.24
partner_379,24,20915.26
partner_379,25,21034.25
partner_379,26,25650.77
partner_38,0,6826.41
partner_38,1,7931.82
partner_38,2,8174.34
partner_38,3,8681.16
partner_38,4,7845.29
partner_38,5,8263.44
partner_38,6,7339.32
partner_38,7,7202.31
partner_38,8,7922.37
partner_38,9,7271.75
partner_38,10,7767.7
partner_38,11,6761.39
partner_38,12,6897.21
partner_38,13,8044.71
partner_38,14,8234.78
partner_38,15,6818.53
partner_38,16,8071.34
partner_38,17,7161.12
partner_38,18,7576.57
partner_38,19,8635.87
partner_38,20,8174.88
partner_38,21,8166.09
partner_38,22,9007.91
partner_38,23,7031.66
partner_38,24,6818.36
partner_38,25,7017.87
partner_38,26,7371.58
partner_380,0,26482.07
partner_380,1,26244.79
partner_380,2,24477.9
partner_380,3,26744.35
partner_380,4,26062.26
partner_380,5,23639.24
partner_380,6,24756.88
partner_380,7,21122.83
partner_380,8,21877.74
partner_380,9,21837.75
partner_380,10,21203.67
partner_380,11,20368.49
partner_380,12,19235.58
partner_380,13,20978.69
partner_380,14,16094.76
partner_380,15,16241.03
partner_380,16,15653.74
partner_380,17,14940.91
partner_380,18,12050.1
partner_380,19,16590.74
partner_380,20,12692.05
partner_380,21,13947.25
partner_380,22,11407.66
partner_380,23,13695.74
partner_380,24,11522.23
partner_380,25,10747.79
partner_380,26,11986.02
partner_381,0,17804.51
partner_381,1,19213.54
partner_381,2,20400.15
partner_381,3,17343.16
partner_381,4,17016.77
partner_381,5,18933.4
partner_381,6,19907.64
partner_381,7,21652.05
partner_381,8,16865.4
partner_381,9,18288.43
partner_381,10,21109.99
partner_381,11,22616.03
partner_381,12,17013.19
partner_381,13,17493.5
partner_381,14,19608.9
partner_381,15,17797.74
partner_381,16,17454.93
partner_381,17,19350.82
partner_381,18,21815.75
partner_381,19,16415.56
partner_381,20,21719.25
partner_381,21,17803.36
partner_381,22,19542.21
partner_381,23,21894.01
partner_381,24,19503.55
partner_381,25,18327.11
partner_381,26,20245.61
partner_382,0,12292.49
partner_382,1,9766.71
partner_382,2,6745.07
partner_382,3,6466.05
partner_382,4,7504.62
partner_382,5,6410.46
partner_382,6,7064.14
partner_382,7,6771.4
partner_382,8,8812.91
partner_382,9,7140.94
partner_382,10,7595.37
partner_382,11,10494.75
partner_382,12,13670.85
partner_382,13,11593.74
partner_382,14,7727.65
partner_382,15,8783.14
partner_382,16,8485.54
partner_382,17,8154.74
partner_382,18,7387.09
partner_382,19,8229.14
partner_382,20,6854.87
partner_382,21,7681.24
partner_382,22,10299.01
partner_382,23,11962.14
partner_382,24,12619.15
partner_382,25,9784.46
partner_382,26,7049.27
partner_383,0,5991.45
partner_383,1,5333.85
partner_383,2,5945.96
partner_383,3,7173.48
partner_383,4,6340.47
partner_383,5,6229.52
partner_383,6,5475.81
partner_383,7,5096.98
partner_383,8,5347.4
partner_383,9,5072.34
partner_383,10,6141.86
partner_383,11,6330.14
partner_383,12,5507.67
partner_383,13,6186.29
partner_383,14,6991.64
partner_383,15,7289.56
partner_383,16,6565.77
partner_383,17,5989.54
partner_383,18,6546.08
partner_383,19,6920.2
partner_383,20,4872.49
partner_383,21,6999.61
partner_383,22,5764.13
partner_383,23,5770.0
partner_383,24,5879.75
partner_383,25,6291.25
partner_383,26,5418.69
partner_384,0,7294.62
partner_384,1,7125.38
partner_384,2,6386.13
partner_384,3,6786.29
partner_384,4,6746.56
partner_384,5,6451.84
partner_384,6,5882.75
partner_384,7,5933.8
partner_384,8,5670.15
partner_384,9,6357.5
partner_384,10,5409.64
partner_384,11,4595.61
partner_384,12,4051.93
partner_384,13,4174.94
partner_384,14,3985.22
partner_384,15,4166.11
partner_384,16,3544.09
partner_384,17,4101.21
partner_384,18,3033.79
partner_384,19,2834.78
partner_384,20,3213.51
partner_384,21,2868.31
partner_384,22,2632.78
partner_384,23,2711.39
partner_384,24,2572.44
partner_384,25,2680.08
partner_384,26,2414.64
partner_385,0,6543.4
partner_385,1,6653.85
partner_385,2,6446.6
partner_385,3,6950.37
partner_385,4,6992.81
partner_385,5,7933.66
partner_385,6,6320.5
partner_385,7,9065.5
partner_385,8,11093.5
partner_385,9,10799.22
partner_385,10,6399.3
partner_385,11,6201.1
partner_385,12,7772.29
partner_385,13,6708.75
partner_385,14,6039.41
partner_385,15,8030.19
partner_385,16,7851.54
partner_385,17,7722.88
partner_385,18,7896.7
partner_385,19,10237.18
partner_385,20,13422.78
partner_385,21,10127.27
partner_385,22,6645.7
partner_385,23,7450.74
partner_385,24,8001.12
partner_385,25,7694.08
partner_385,26,8695.47
partner_386,0,40810.46
partner_386,1,40503.76
partner_386,2,40271.26
partner_386,3,35741.23
partner_386,4,37580.69
partner_386,5,36965.06
partner_386,6,42960.56
partner_386,7,45528.83
partner_386,8,38820.76
partner_386,9,46660.37
partner_386,10,43129.62
partner_386,11,43071.48
partner_386,12,46131.85
partner_386,13,44584.28
partner_386,14,54339.67
partner_386,15,51395.65
partner_386,16,57685.43
partner_386,17,52008.75
partner_386,18,53276.74
partner_386,19,67273.57
partner_386,20,48428.58
partner_386,21,66564.74
partner_386,22,70146.1
partner_386,23,66115.35
partner_386,24,60590.84
partner_386,25,73059.46
partner_386,26,63137.97
partner_387,0,47788.2
partner_387,1,58998.3
partner_387,2,49525.58
partner_387,3,55384.34
partner_387,4,52357.36
partner_387,5,72192.44
partner_387,6,72824.45
partner_387,7,73016.72
partner_387,8,54518.05
partner_387,9,61277.6
partner_387,10,58174.95
partner_387,11,58876.01
partner_387,12,55598.65
partner_387,13,54768.6
partner_387,14,61814.57
partner_387,15,55941.7
partner_387,16,70751.39
partner_387,17,86297.6
partner_387,18,80479.99
partner_387,19,82215.42
partner_387,20,55612.92
partner_387,21,50466.42
partner_387,22,56672.43
partner_387,23,67567.75
partner_387,24,53828.77
partner_387,25,68491.65
partner_387,26,58480.68
partner_388,0,17364.69
partner_388,1,18366.95
partner_388,2,16939.12
partner_388,3,17353.72
partner_388,4,21129.0
partner_388,5,19519.58
partner_388,6,20552.5
partner_388,7,16183.63
partner_388,8,19855.56
partner_388,9,16824.96
partner_388,10,16143.14
partner_388,11,19080.21
partner_388,12,19061.15
partner_388,13,18734.68
partner_388,14,19972.45
partner_388,15,20263.18
partner_388,16,21374.15
partner_388,17,16417.03
partner_388,18,21434.31
partner_388,19,22143.0
partner_388,20,17952.79
partner_388,21,15525.99
partner_388,22,16057.08
partner_388,23,17774.59
partner_388,24,22388.67
partner_388,25,18667.09
partner_388,26,17485.13
partner_389,0,34760.57
partner_389,1,30499.59
partner_389,2,20537.7
partner_389,3,18484.52
partner_389,4,16857.99
partner_389,5,17250.66
partner_389,6,16296.68
partner_389,7,20591.13
partner_389,8,18223.75
partner_389,9,21344.82
partner_389,10,21624.12
partner_389,11,24208.08
partner_389,12,25038.17
partner_389,13,29177.94
partner_389,14,18307.97
partner_389,15,20383.57
partner_389,16,17340.26
partner_389,17,19805.48
partner_389,18,21694.5
partner_389,19,19135.19
partner_389,20,20175.82
partner_389,21,20335.11
partner_389,22,25053.45
partner_389,23,25528.53
partner_389,24,29944.64
partner_389,25,27853.83
partner_389,26,17043.17
partner_39,0,9217.09
partner_39,1,10673.44
partner_39,2,10403.94
partner_39,3,9591.21
partner_39,4,10972.21
partner_39,5,11281.02
partner_39,6,9860.82
partner_39,7,10311.15
partner_39,8,8561.83
partner_39,9,9962.17
partner_39,10,10510.54
partner_39,11,11613.44
partner_39,12,10598.48
partner_39,13,11274.66
partner_39,14,10588.82
partner_39,15,12462.56
partner_39,16,12970.78
partner_39,17,13140.57
partner_39,18,12842.23
partner_39,19,11016.43
partner_39,20,12403.73
partner_39,21,12879.81
partner_39,22,13083.17
partner_39,23,13946.23
partner_39,24,16058.72
partner_39,25,15430.0
partner_39,26,13059.37
partner_390,0,4436.57
partner_390,1,5163.75
partner_390,2,4874.62
partner_390,3,4976.1
partner_390,4,4210.38
partner_390,5,3981.17
partner_390,6,4369.49
partner_390,7,3980.44
partner_390,8,3501.72
partner_390,9,4643.0
partner_390,10,3487.84
partner_390,11,3322.22
partner_390,12,3505.49
partner_390,13,3937.06
partner_390,14,2669.12
partner_390,15,3706.72
partner_390,16,2937.31
partner_390,17,3230.8
partner_390,18,2858.18
partner_390,19,3580.07
partner_390,20,2943.72
partner_390,21,2631.11
partner_390,22,2674.68
partner_390,23,2709.82
partner_390,24,2662.13
partner_390,25,2659.16
partner_390,26,2480.56
partner_391,0,15285.55
partner_391,1,13729.57
partner_391,2,16036.71
partner_391,3,15391.48
partner_391,4,15325.41
partner_391,5,17907.35
partner_391,6,13495.42
partner_391,7,15552.83
partner_391,8,19130.08
partner_391,9,20572.99
partner_391,10,21816.68
partner_391,11,18223.32
partner_391,12,19362.34
partner_391,13,20450.56
partner_391,14,21765.48
partner_391,15,20328.5
partner_391,16,21991.31
partner_391,17,21496.8
partner_391,18,22081.41
partner_391,19,19460.35
partner_391,20,21160.02
partner_391,21,21174.02
partner_391,22,20101.1
partner_391,23,19447.34
partner_391,24,22778.54
partner_391,25,23647.12
partner_391,26,25060.97
partner_392,0,31810.88
partner_392,1,30421.33
partner_392,2,28366.15
partner_392,3,33962.01
partner_392,4,30905.57
partner_392,5,29869.05
partner_392,6,30641.32
partner_392,7,28935.61
partner_392,8,29566.55
partner_392,9,29467.31
partner_392,10,30326.33
partner_392,11,33270.99
partner_392,12,32494.64
partner_392,13,36052.95
partner_392,14,35006.94
partner_392,15,37332.13
partner_392,16,32969.39
partner_392,17,32919.26
partner_392,18,29701.62
partner_392,19,33802.61
partner_392,20,29174.87
partner_392,21,26632.22
partner_392,22,35989.21
partner_392,23,27323.12
partner_392,24,32593.75
partner_392,25,28474.8
partner_392,26,34741.35
partner_393,0,13959.87
partner_393,1,14910.73
partner_393,2,13268.0
partner_393,3,16220.4
partner_393,4,14247.56
partner_393,5,12064.29
partner_393,6,13350.56
partner_393,7,13056.08
partner_393,8,12926.25
partner_393,9,11061.19
partner_393,10,13771.19
partner_393,11,11421.0
partner_393,12,9910.02
partner_393,13,12802.17
partner_393,14,12256.09
partner_393,15,12116.02
partner_393,16,9144.1
partner_393,17,12130.2
partner_393,18,13028.05
partner_393,19,12417.49
partner_393,20,13771.82
partner_393,21,15104.7
partner_393,22,13942.88
partner_393,23,14619.09
partner_393,24,14728.78
partner_393,25,11907.44
partner_393,26,13840.46
partner_394,0,11392.21
partner_394,1,10969.75
partner_394,2,12543.3
partner_394,3,10146.66
partner_394,4,10615.53
partner_394,5,11117.29
partner_394,6,12448.13
partner_394,7,12172.26
partner_394,8,13141.21
partner_394,9,10813.42
partner_394,10,10749.57
partner_394,11,12535.56
partner_394,12,10960.17
partner_394,13,11192.64
partner_394,14,9699.82
partner_394,15,12257.94
partner_394,16,13747.41
partner_394,17,10685.46
partner_394,18,13128.5
partner_394,19,11840.75
partner_394,20,9808.63
partner_394,21,10845.75
partner_394,22,10772.21
partner_394,23,11534.47
partner_394,24,12411.21
partner_394,25,14113.85
partner_394,26,10206.79
partner_395,0,20789.84
partner_395,1,20592.96
partner_395,2,16852.59
partner_395,3,20621.79
partner_395,4,18115.13
partner_395,5,20769.05
partner_395,6,24305.44
partner_395,7,25468.73
partner_395,8,30267.53
partner_395,9,33023.81
partner_395,10,35094.88
partner_395,11,21714.03
partner_395,12,21506.82
partner_395,13,20345.57
partner_395,14,20992.77
partner_395,15,17839.24
partner_395,16,19047.93
partner_395,17,22168.67
partner_395,18,23337.58
partner_395,19,24521.11
partner_395,20,34070.92
partner_395,21,36566.84
partner_395,22,33982.15
partner_395,23,18013.39
partner_395,24,23463.64
partner_395,25,22088.94
partner_395,26,24193.36
partner_396,0,181843.27
partner_396,1,177008.37
partner_396,2,168158.85
partner_396,3,150352.73
partner_396,4,187168.51
partner_396,5,227350.23
partner_396,6,275648.57
partner_396,7,261741.79
partner_396,8,172911.25
partner_396,9,159601.03
partner_396,10,180098.0
partner_396,11,170672.51
partner_396,12,141012.18
partner_396,13,181745.52
partner_396,14,179594.13
partner_396,15,172293.55
partner_396,16,186521.99
partner_396,17,250025.08
partner_396,18,205480.46
partner_396,19,275156.5
partner_396,20,148358.0
partner_396,21,172259.99
partner_396,22,156601.52
partner_396,23,135054.31
partner_396,24,146083.79
partner_396,25,168969.87
partner_396,26,150468.97
partner_397,0,6639.88
partner_397,1,7183.0
partner_397,2,4706.91
partner_397,3,7511.27
partner_397,4,5866.21
partner_397,5,5959.51
partner_397,6,5277.9
partner_397,7,5405.03
partner_397,8,5399.46
partner_397,9,4645.72
partner_397,10,4675.45
partner_397,11,5572.38
partner_397,12,4123.59
partner_397,13,4993.45
partner_397,14,4512.09
partner_397,15,4149.8
partner_397,16,5384.86
partner_397,17,3986.21
partner_397,18,3829.7
partner_397,19,4151.13
partner_397,20,3826.05
partner_397,21,4063.27
partner_397,22,4040.3
partner_397,23,3989.4
partner_397,24,3771.71
partner_397,25,3478.98
partner_397,26,3901.83
partner_398,0,8782.71
partner_398,1,7226.19
partner_398,2,7757.88
partner_398,3,7507.83
partner_398,4,7217.47
partner_398,5,6536.25
partner_398,6,5845.2
partner_398,7,5553.42
partner_398,8,5213.63
partner_398,9,4002.5
partner_398,10,5236.81
partner_398,11,4785.56
partner_398,12,4835.22
partner_398,13,4220.65
partner_398,14,4354.79
partner_398,15,3366.43
partner_398,16,3296.53
partner_398,17,2685.47
partner_398,18,3366.92
partner_398,19,3011.02
partner_398,20,2838.14
partner_398,21,3083.0
partner_398,22,2730.97
partner_398,23,2336.4
partner_398,24,3271.22
partner_398,25,2484.05
partner_398,26,2125.71
partner_399,0,6012.42
partner_399,1,7174.18
partner_399,2,6531.76
partner_399,3,8096.29
partner_399,4,6777.38
partner_399,5,7660.88
partner_399,6,8400.12
partner_399,7,8849.91
partner_399,8,9275.26
partner_399,9,8273.66
partner_399,10,8816.97
partner_399,11,6881.64
partner_399,12,9305.22
partner_399,13,10919.11
partner_399,14,11127.31
partner_399,15,10500.26
partner_399,16,12853.15
partner_399,17,10958.04
partner_399,18,10973.63
partner_399,19,11686.42
partner_399,20,11289.64
partner_399,21,14011.77
partner_399,22,14076.83
partner_399,23,15057.44
partner_399,24,14110.43
partner_399,25,15180.05
partner_399,26,12387.4
partner_4,0,23026.22
partner_4,1,29192.66
partner_4,2,23312.06
partner_4,3,30489.29
partner_4,4,34185.32
partner_4,5,48448.83
partner_4,6,37786.57
partner_4,7,24125.61
partner_4,8,23708.9
partner_4,9,27328.14
partner_4,10,23025.68
partner_4,11,25624.26
partner_4,12,21309.26
partner_4,13,28214.52
partner_4,14,27310.37
partner_4,15,27467.92
partner_4,16,43208.61
partner_4,17,39524.35
partner_4,18,49499.27
partner_4,19,26724.85
partner_4,20,33617.66
partner_4,21,31405.85
partner_4,22,26487.74
partner_4,23,26977.91
partner_4,24,31783.19
partner_4,25,29610.35
partner_4,26,31191.19
partner_40,0,30150.32
partner_40,1,34827.22
partner_40,2,30921.23
partner_40,3,26425.16
partner_40,4,31484.62
partner_40,5,30118.38
partner_40,6,28200.15
partner_40,7,28142.84
partner_40,8,25664.46
partner_40,9,28721.42
partner_40,10,26383.83
partner_40,11,26371.94
partner_40,12,26300.05
partner_40,13,21987.64
partner_40,14,22157.38
partner_40,15,18556.19
partner_40,16,24634.9
partner_40,17,20059.29
partner_40,18,22641.19
partner_40,19,22685.25
partner_40,20,22702.28
partner_40,21,18437.22
partner_40,22,20385.24
partner_40,23,23441.21
partner_40,24,23033.48
partner_40,25,21148.44
partner_40,26,19478.05
partner_400,0,25861.95
partner_400,1,29954.25
partner_400,2,30719.42
partner_400,3,38641.62
partner_400,4,30584.55
partner_400,5,36822.24
partner_400,6,33076.59
partner_400,7,36515.8
partner_400,8,41400.0
partner_400,9,41076.59
partner_400,10,43686.02
partner_400,11,47048.75
partner_400,12,45089.55
partner_400,13,53776.04
partner_400,14,49894.35
partner_400,15,53088.2
partner_400,16,57862.99
partner_400,17,59492.88
partner_400,18,64500.26
partner_400,19,65122.31
partner_400,20,68835.89
partner_400,21,66263.33
partner_400,22,63720.74
partner_400,23,63708.97
partner_400,24,64482.03
partner_400,25,94856.98
partner_400,26,65414.6
partner_401,0,45081.98
partner_401,1,32282.11
partner_401,2,41531.22
partner_401,3,50045.21
partner_401,4,48086.35
partner_401,5,44555.37
partner_401,6,38165.63
partner_401,7,42227.05
partner_401,8,56935.69
partner_401,9,49567.57
partner_401,10,52379.15
partner_401,11,55735.15
partner_401,12,48424.16
partner_401,13,59527.83
partner_401,14,56294.13
partner_401,15,62136.9
partner_401,16,58427.39
partner_401,17,53683.47
partner_401,18,62647.32
partner_401,19,71538.94
partner_401,20,71788.05
partner_401,21,71171.47
partner_401,22,79435.49
partner_401,23,73354.56
partner_401,24,77356.23
partner_401,25,75232.15
partner_401,26,88946.78
partner_402,0,50269.41
partner_402,1,41991.08
partner_402,2,28418.57
partner_402,3,34929.49
partner_402,4,30610.36
partner_402,5,32976.93
partner_402,6,26933.0
partner_402,7,31605.14
partner_402,8,28870.07
partner_402,9,30960.98
partner_402,10,40078.57
partner_402,11,38940.85
partner_402,12,46561.04
partner_402,13,42366.76
partner_402,14,31539.23
partner_402,15,27401.7
partner_402,16,32068.07
partner_402,17,24345.94
partner_402,18,30825.09
partner_402,19,27420.59
partner_402,20,31718.48
partner_402,21,30620.62
partner_402,22,32395.37
partner_402,23,39532.85
partner_402,24,43650.63
partner_402,25,51817.75
partner_402,26,26617.91
partner_403,0,23242.58
partner_403,1,26091.95
partner_403,2,22446.04
partner_403,3,21922.08
partner_403,4,23081.7
partner_403,5,17808.49
partner_403,6,19773.94
partner_403,7,21623.59
partner_403,8,20865.11
partner_403,9,18870.35
partner_403,10,24394.09
partner_403,11,23050.52
partner_403,12,22782.06
partner_403,13,20907.74
partner_403,14,22645.3
partner_403,15,23622.74
partner_403,16,21871.79
partner_403,17,23465.75
partner_403,18,20678.42
partner_403,19,22685.95
partner_403,20,25033.77
partner_403,21,25234.9
partner_403,22,25449.61
partner_403,23,23108.51
partner_403,24,22537.96
partner_403,25,21458.64
partner_403,26,18406.07
partner_404,0,40433.05
partner_404,1,45231.23
partner_404,2,43482.87
partner_404,3,34704.68
partner_404,4,39087.48
partner_404,5,33361.95
partner_404,6,36287.87
partner_404,7,35592.03
partner_404,8,35903.55
partner_404,9,29441.04
partner_404,10,33071.47
partner_404,11,23661.36
partner_404,12,31888.62
partner_404,13,27303.48
partner_404,14,26530.6
partner_404,15,20491.09
partner_404,16,23982.75
partner_404,17,27474.13
partner_404,18,22458.63
partner_404,19,24369.95
partner_404,20,22132.27
partner_404,21,23658.7
partner_404,22,21133.54
partner_404,23,18232.99
partner_404,24,19605.83
partner_404,25,21930.43
partner_404,26,19241.49
partner_405,0,26628.39
partner_405,1,24859.34
partner_405,2,22837.23
partner_405,3,22875.39
partner_405,4,22098.48
partner_405,5,15458.68
partner_405,6,19798.21
partner_405,7,18048.7
partner_405,8,16784.26
partner_405,9,16683.18
partner_405,10,13838.49
partner_405,11,12935.54
partner_405,12,17096.79
partner_405,13,15317.95
partner_405,14,10698.69
partner_405,15,12798.56
partner_405,16,14232.35
partner_405,17,12245.41
partner_405,18,13644.25
partner_405,19,12912.93
partner_405,20,9728.22
partner_405,21,10684.81
partner_405,22,9972.61
partner_405,23,8658.49
partner_405,24,8276.22
partner_405,25,8575.68
partner_405,26,8407.76
partner_406,0,14657.85
partner_406,1,9494.11
partner_406,2,8815.9
partner_406,3,8548.36
partner_406,4,10633.29
partner_406,5,6850.99
partner_406,6,7260.76
partner_406,7,9336.71
partner_406,8,9090.09
partner_406,9,8999.12
partner_406,10,11442.83
partner_406,11,13575.25
partner_406,12,16282.73
partner_406,13,9966.07
partner_406,14,10339.39
partner_406,15,7466.87
partner_406,16,7659.17
partner_406,17,7594.17
partner_406,18,10011.93
partner_406,19,9298.98
partner_406,20,9343.3
partner_406,21,10671.68
partner_406,22,12625.87
partner_406,23,13183.47
partner_406,24,15600.55
partner_406,25,8658.94
partner_406,26,7759.34
partner_407,0,30116.65
partner_407,1,32171.58
partner_407,2,31062.87
partner_407,3,34259.93
partner_407,4,32148.55
partner_407,5,28676.24
partner_407,6,32468.9
partner_407,7,32571.72
partner_407,8,33064.46
partner_407,9,34714.46
partner_407,10,29518.37
partner_407,11,33557.07
partner_407,12,26030.42
partner_407,13,31078.58
partner_407,14,30592.04
partner_407,15,36010.35
partner_407,16,30964.24
partner_407,17,33368.5
partner_407,18,25914.16
partner_407,19,30349.52
partner_407,20,28793.7
partner_407,21,39242.98
partner_407,22,29358.53
partner_407,23,31686.51
partner_407,24,31854.17
partner_407,25,26456.14
partner_407,26,29801.31
partner_408,0,12121.88
partner_408,1,16296.38
partner_408,2,15666.01
partner_408,3,10570.53
partner_408,4,8499.1
partner_408,5,10642.44
partner_408,6,9397.73
partner_408,7,10949.69
partner_408,8,9460.85
partner_408,9,7570.73
partner_408,10,10673.07
partner_408,11,10409.98
partner_408,12,12455.59
partner_408,13,12728.73
partner_408,14,17319.0
partner_408,15,8995.74
partner_408,16,10991.57
partner_408,17,9091.83
partner_408,18,8625.22
partner_408,19,10768.68
partner_408,20,9455.61
partner_408,21,9527.13
partner_408,22,8638.22
partner_408,23,10469.05
partner_408,24,13594.03
partner_408,25,13050.76
partner_408,26,14199.29
partner_409,0,7762.05
partner_409,1,6459.1
partner_409,2,6104.81
partner_409,3,8231.52
partner_409,4,6084.27
partner_409,5,6143.68
partner_409,6,5947.17
partner_409,7,5906.01
partner_409,8,6028.3
partner_409,9,6433.29
partner_409,10,6035.68
partner_409,11,6328.49
partner_409,12,6213.68
partner_409,13,5656.31
partner_409,14,5661.87
partner_409,15,5969.38
partner_409,16,4703.86
partner_409,17,6513.39
partner_409,18,4869.17
partner_409,19,4876.84
partner_409,20,4374.18
partner_409,21,4322.27
partner_409,22,5297.41
partner_409,23,5833.05
partner_409,24,4416.02
partner_409,25,4770.54
partner_409,26,4640.29
partner_41,0,5655.51
partner_41,1,5020.96
partner_41,2,5406.27
partner_41,3,6132.31
partner_41,4,7259.44
partner_41,5,8471.6
partner_41,6,7569.14
partner_41,7,4480.18
partner_41,8,5987.56
partner_41,9,6402.13
partner_41,10,5329.92
partner_41,11,4405.28
partner_41,12,4665.6
partner_41,13,5318.82
partner_41,14,5891.14
partner_41,15,5005.75
partner_41,16,6606.53
partner_41,17,7772.0
partner_41,18,8242.17
partner_41,19,4718.76
partner_41,20,4102.81
partner_41,21,5140.81
partner_41,22,5358.87
partner_41,23,4754.69
partner_41,24,4967.97
partner_41,25,4552.05
partner_41,26,4489.89
partner_410,0,127609.74
partner_410,1,120322.68
partner_410,2,101945.44
partner_410,3,109960.29
partner_410,4,110997.25
partner_410,5,104228.12
partner_410,6,92992.21
partner_410,7,96095.69
partner_410,8,116429.02
partner_410,9,117506.35
partner_410,10,102270.15
partner_410,11,107164.35
partner_410,12,116941.92
partner_410,13,86638.91
partner_410,14,99776.33
partner_410,15,125512.18
partner_410,16,107563.85
partner_410,17,92644.64
partner_410,18,105662.82
partner_410,19,115105.61
partner_410,20,77842.48
partner_410,21,106279.04
partner_410,22,100548.52
partner_410,23,87289.25
partner_410,24,105293.58
partner_410,25,103012.57
partner_410,26,104186.35
partner_411,0,18585.02
partner_411,1,19572.74
partner_411,2,22071.26
partner_411,3,20106.03
partner_411,4,18862.49
partner_411,5,16452.28
partner_411,6,17086.36
partner_411,7,18423.94
partner_411,8,17425.02
partner_411,9,15270.18
partner_411,10,11453.41
partner_411,11,13974.03
partner_411,12,13787.1
partner_411,13,12733.69
partner_411,14,12978.37
partner_411,15,14155.56
partner_411,16,12604.01
partner_411,17,13440.35
partner_411,18,10039.43
partner_411,19,11080.42
partner_411,20,8906.19
partner_411,21,10225.03
partner_411,22,9245.37
partner_411,23,11260.07
partner_411,24,10044.21
partner_411,25,10274.2
partner_411,26,8629.88
partner_412,0,47789.49
partner_412,1,53396.3
partner_412,2,45719.96
partner_412,3,41045.68
partner_412,4,40633.11
partner_412,5,40095.5
partner_412,6,46978.8
partner_412,7,42616.45
partner_412,8,37801.07
partner_412,9,36174.17
partner_412,10,35790.63
partner_412,11,35417.04
partner_412,12,31422.01
partner_412,13,29144.91
partner_412,14,34105.47
partner_412,15,30089.52
partner_412,16,31924.62
partner_412,17,32979.59
partner_412,18,28933.71
partner_412,19,27667.01
partner_412,20,34240.95
partner_412,21,25713.62
partner_412,22,21797.96
partner_412,23,23092.81
partner_412,24,26656.98
partner_412,25,19510.86
partner_412,26,20127.64
partner_413,0,12105.05
partner_413,1,12574.34
partner_413,2,15511.02
partner_413,3,22384.31
partner_413,4,21792.97
partner_413,5,11836.67
partner_413,6,11290.99
partner_413,7,12477.52
partner_413,8,14316.33
partner_413,9,11852.29
partner_413,10,12136.67
partner_413,11,11580.17
partner_413,12,13208.74
partner_413,13,16023.35
partner_413,14,22948.75
partner_413,15,22729.52
partner_413,16,22218.61
partner_413,17,14527.65
partner_413,18,14364.78
partner_413,19,12707.15
partner_413,20,16660.55
partner_413,21,13567.4
partner_413,22,13991.75
partner_413,23,14585.5
partner_413,24,14918.81
partner_413,25,18785.3
partner_413,26,18744.41
partner_414,0,37561.03
partner_414,1,32818.42
partner_414,2,31739.02
partner_414,3,34617.62
partner_414,4,32765.58
partner_414,5,28477.36
partner_414,6,34516.56
partner_414,7,32020.61
partner_414,8,29041.72
partner_414,9,27350.12
partner_414,10,29164.01
partner_414,11,29418.47
partner_414,12,22748.74
partner_414,13,27537.03
partner_414,14,27725.73
partner_414,15,19520.02
partner_414,16,25522.58
partner_414,17,26253.08
partner_414,18,25472.16
partner_414,19,25503.21
partner_414,20,22394.28
partner_414,21,20344.29
partner_414,22,18259.39
partner_414,23,24221.78
partner_414,24,22920.51
partner_414,25,23455.21
partner_414,26,19102.09
partner_415,0,10074.55
partner_415,1,10934.84
partner_415,2,11269.58
partner_415,3,12080.11
partner_415,4,9879.99
partner_415,5,9049.55
partner_415,6,8806.85
partner_415,7,8836.77
partner_415,8,11349.99
partner_415,9,9777.29
partner_415,10,9885.31
partner_415,11,8498.0
partner_415,12,8519.13
partner_415,13,8922.06
partner_415,14,7748.44
partner_415,15,7754.63
partner_415,16,7289.67
partner_415,17,7308.15
partner_415,18,7524.13
partner_415,19,6725.75
partner_415,20,7376.83
partner_415,21,7218.64
partner_415,22,6746.18
partner_415,23,6166.62
partner_415,24,6648.71
partner_415,25,6114.3
partner_415,26,6331.56
partner_416,0,15110.17
partner_416,1,11817.29
partner_416,2,11885.87
partner_416,3,10123.73
partner_416,4,11698.34
partner_416,5,9942.3
partner_416,6,9275.54
partner_416,7,8727.39
partner_416,8,8642.34
partner_416,9,8873.08
partner_416,10,8308.86
partner_416,11,7801.72
partner_416,12,6977.48
partner_416,13,6649.89
partner_416,14,6590.33
partner_416,15,6930.53
partner_416,16,6774.81
partner_416,17,6579.27
partner_416,18,5842.97
partner_416,19,5819.27
partner_416,20,5284.07
partner_416,21,4256.28
partner_416,22,4836.32
partner_416,23,4562.53
partner_416,24,4073.79
partner_416,25,4112.45
partner_416,26,4237.62
partner_417,0,5871.21
partner_417,1,4191.53
partner_417,2,4810.75
partner_417,3,4250.04
partner_417,4,4368.41
partner_417,5,4545.63
partner_417,6,4103.15
partner_417,7,4726.3
partner_417,8,4981.19
partner_417,9,4670.87
partner_417,10,4663.09
partner_417,11,3579.64
partner_417,12,3977.78
partner_417,13,4189.63
partner_417,14,4271.9
partner_417,15,4534.35
partner_417,16,4192.48
partner_417,17,4051.88
partner_417,18,4612.17
partner_417,19,3618.68
partner_417,20,3417.09
partner_417,21,3515.92
partner_417,22,3081.31
partner_417,23,3352.34
partner_417,24,2704.58
partner_417,25,3039.56
partner_417,26,3114.65
partner_418,0,33029.59
partner_418,1,43004.73
partner_418,2,35210.46
partner_418,3,34614.69
partner_418,4,27606.13
partner_418,5,30097.16
partner_418,6,34543.32
partner_418,7,30974.45
partner_418,8,29993.88
partner_418,9,29567.48
partner_418,10,24102.01
partner_418,11,27177.5
partner_418,12,30502.19
partner_418,13,28879.84
partner_418,14,25061.32
partner_418,15,28592.66
partner_418,16,21057.1
partner_418,17,21190.04
partner_418,18,27128.54
partner_418,19,23566.49
partner_418,20,21078.74
partner_418,21,21030.52
partner_418,22,18941.62
partner_418,23,20628.85
partner_418,24,19943.35
partner_418,25,19092.17
partner_418,26,16411.19
partner_419,0,8422.78
partner_419,1,8016.81
partner_419,2,10020.31
partner_419,3,10823.39
partner_419,4,10621.42
partner_419,5,9471.91
partner_419,6,8657.5
partner_419,7,8831.14
partner_419,8,9254.44
partner_419,9,8519.95
partner_419,10,10066.62
partner_419,11,7083.19
partner_419,12,8630.7
partner_419,13,9606.16
partner_419,14,8142.05
partner_419,15,8680.13
partner_419,16,9421.68
partner_419,17,10244.01
partner_419,18,7742.92
partner_419,19,7676.98
partner_419,20,8052.34
partner_419,21,7526.27
partner_419,22,7589.55
partner_419,23,8028.65
partner_419,24,9990.74
partner_419,25,8616.16
partner_419,26,8921.61
partner_42,0,39540.23
partner_42,1,42445.48
partner_42,2,32318.19
partner_42,3,33419.74
partner_42,4,35178.32
partner_42,5,31992.53
partner_42,6,35795.26
partner_42,7,31891.13
partner_42,8,28661.16
partner_42,9,31357.65
partner_42,10,31019.68
partner_42,11,32652.27
partner_42,12,30385.01
partner_42,13,29943.13
partner_42,14,28921.12
partner_42,15,26920.07
partner_42,16,24937.84
partner_42,17,27058.62
partner_42,18,24890.33
partner_42,19,29468.49
partner_42,20,27993.16
partner_42,21,25692.71
partner_42,22,24552.69
partner_42,23,22958.02
partner_42,24,19816.74
partner_42,25,21721.55
partner_42,26,21956.79
partner_420,0,56725.52
partner_420,1,42634.23
partner_420,2,53732.96
partner_420,3,46525.66
partner_420,4,44044.25
partner_420,5,44792.59
partner_420,6,43834.43
partner_420,7,48996.68
partner_420,8,42581.7
partner_420,9,41792.13
partner_420,10,37197.69
partner_420,11,41230.72
partner_420,12,33694.47
partner_420,13,36894.13
partner_420,14,46055.94
partner_420,15,26247.49
partner_420,16,35098.5
partner_420,17,34508.7
partner_420,18,32157.27
partner_420,19,31574.43
partner_420,20,31861.91
partner_420,21,30147.1
partner_420,22,30965.3
partner_420,23,28225.4
partner_420,24,34942.3
partner_420,25,27751.45
partner_420,26,29474.06
partner_421,0,6570.62
partner_421,1,6658.12
partner_421,2,5985.28
partner_421,3,6439.32
partner_421,4,8494.37
partner_421,5,7008.35
partner_421,6,8428.18
partner_421,7,7487.0
partner_421,8,9501.13
partner_421,9,8391.07
partner_421,10,8498.91
partner_421,11,9118.06
partner_421,12,9680.58
partner_421,13,11130.66
partner_421,14,11244.59
partner_421,15,10380.42
partner_421,16,12134.49
partner_421,17,11249.86
partner_421,18,14113.02
partner_421,19,14985.99
partner_421,20,14414.12
partner_421,21,15492.37
partner_421,22,18503.0
partner_421,23,16176.14
partner_421,24,15536.25
partner_421,25,18946.23
partner_421,26,16577.23
partner_422,0,7424.0
partner_422,1,9055.76
partner_422,2,10748.64
partner_422,3,11983.79
partner_422,4,11290.01
partner_422,5,7017.48
partner_422,6,5482.01
partner_422,7,7406.37
partner_422,8,5492.66
partner_422,9,5722.4
partner_422,10,6945.99
partner_422,11,7255.5
partner_422,12,6918.55
partner_422,13,9119.37
partner_422,14,9635.01
partner_422,15,10176.07
partner_422,16,11834.07
partner_422,17,7926.74
partner_422,18,7175.55
partner_422,19,6270.51
partner_422,20,6396.92
partner_422,21,5766.39
partner_422,22,6689.45
partner_422,23,6019.66
partner_422,24,6667.36
partner_422,25,7718.35
partner_422,26,7024.75
partner_423,0,15000.94
partner_423,1,13778.33
partner_423,2,13554.13
partner_423,3,12444.12
partner_423,4,11004.11
partner_423,5,11707.89
partner_423,6,11635.28
partner_423,7,11072.08
partner_423,8,11105.54
partner_423,9,10998.19
partner_423,10,10837.5
partner_423,11,9133.79
partner_423,12,7895.74
partner_423,13,10154.01
partner_423,14,8992.19
partner_423,15,7527.55
partner_423,16,8220.78
partner_423,17,8508.91
partner_423,18,8666.84
partner_423,19,7280.0
partner_423,20,7549.39
partner_423,21,5767.22
partner_423,22,6283.25
partner_423,23,5857.81
partner_423,24,6024.92
partner_423,25,6501.11
partner_423,26,5515.92
partner_424,0,5942.35
partner_424,1,5975.26
partner_424,2,7371.86
partner_424,3,7310.64
partner_424,4,8385.64
partner_424,5,4738.98
partner_424,6,5152.6
partner_424,7,4977.51
partner_424,8,3569.89
partner_424,9,5087.09
partner_424,10,4776.4
partner_424,11,5140.13
partner_424,12,5375.73
partner_424,13,6881.6
partner_424,14,6991.56
partner_424,15,7921.35
partner_424,16,8007.32
partner_424,17,5517.05
partner_424,18,5280.23
partner_424,19,5168.66
partner_424,20,5359.28
partner_424,21,3771.61
partner_424,22,5995.69
partner_424,23,5750.74
partner_424,24,5189.6
partner_424,25,4745.39
partner_424,26,7187.85
partner_425,0,46230.77
partner_425,1,67291.33
partner_425,2,48879.02
partner_425,3,59682.61
partner_425,4,48458.36
partner_425,5,63572.6
partner_425,6,63429.41
partner_425,7,76566.91
partner_425,8,68310.63
partner_425,9,82470.6
partner_425,10,68967.67
partner_425,11,77490.43
partner_425,12,80583.11
partner_425,13,90131.8
partner_425,14,92402.32
partner_425,15,99164.91
partner_425,16,98539.52
partner_425,17,106190.51
partner_425,18,94084.74
partner_425,19,111440.26
partner_425,20,129223.89
partner_425,21,96117.47
partner_425,22,125751.73
partner_425,23,132837.51
partner_425,24,147982.7
partner_425,25,143721.58
partner_425,26,140448.84
partner_426,0,27510.28
partner_426,1,28540.83
partner_426,2,25726.74
partner_426,3,34108.22
partner_426,4,31029.46
partner_426,5,26972.62
partner_426,6,30498.55
partner_426,7,33135.24
partner_426,8,32640.7
partner_426,9,26938.39
partner_426,10,20387.57
partner_426,11,30866.83
partner_426,12,27059.45
partner_426,13,31540.68
partner_426,14,32514.44
partner_426,15,32999.51
partner_426,16,34873.44
partner_426,17,33363.91
partner_426,18,34887.72
partner_426,19,33787.63
partner_426,20,34046.43
partner_426,21,29571.47
partner_426,22,25864.44
partner_426,23,37063.37
partner_426,24,29879.74
partner_426,25,33341.2
partner_426,26,28058.89
partner_427,0,8887.45
partner_427,1,11280.78
partner_427,2,11647.84
partner_427,3,12307.8
partner_427,4,13024.69
partner_427,5,10476.5
partner_427,6,12539.97
partner_427,7,13206.61
partner_427,8,14523.24
partner_427,9,12594.86
partner_427,10,11223.06
partner_427,11,10267.55
partner_427,12,13915.41
partner_427,13,12630.99
partner_427,14,11737.75
partner_427,15,9858.12
partner_427,16,10668.2
partner_427,17,12506.27
partner_427,18,12179.84
partner_427,19,9474.02
partner_427,20,12507.79
partner_427,21,9918.56
partner_427,22,13356.41
partner_427,23,12008.94
partner_427,24,11218.46
partner_427,25,12928.38
partner_427,26,12179.45
partner_428,0,60421.54
partner_428,1,43792.25
partner_428,2,50148.15
partner_428,3,40903.75
partner_428,4,46073.76
partner_428,5,39645.97
partner_428,6,34668.65
partner_428,7,45032.78
partner_428,8,47190.85
partner_428,9,49162.83
partner_428,10,49105.37
partner_428,11,67453.96
partner_428,12,67518.72
partner_428,13,41110.27
partner_428,14,39195.43
partner_428,15,44392.92
partner_428,16,48742.3
partner_428,17,47885.4
partner_428,18,42139.5
partner_428,19,47289.74
partner_428,20,52387.16
partner_428,21,46400.43
partner_428,22,61445.31
partner_428,23,78494.23
partner_428,24,60677.55
partner_428,25,53224.73
partner_428,26,55695.48
partner_429,0,25236.92
partner_429,1,23030.2
partner_429,2,18410.26
partner_429,3,24455.84
partner_429,4,26532.4
partner_429,5,27921.54
partner_429,6,24322.89
partner_429,7,26625.05
partner_429,8,30815.37
partner_429,9,28628.09
partner_429,10,25030.67
partner_429,11,34065.75
partner_429,12,30434.19
partner_429,13,35388.27
partner_429,14,28166.08
partner_429,15,33176.51
partner_429,16,36209.92
partner_429,17,35039.11
partner_429,18,31973.73
partner_429,19,28324.25
partner_429,20,43983.06
partner_429,21,40130.0
partner_429,22,44861.71
partner_429,23,45043.57
partner_429,24,44808.54
partner_429,25,41987.3
partner_429,26,46686.04
partner_43,0,25532.32
partner_43,1,31326.0
partner_43,2,29536.56
partner_43,3,26963.24
partner_43,4,30016.41
partner_43,5,34467.17
partner_43,6,39185.33
partner_43,7,40816.23
partner_43,8,33735.61
partner_43,9,27362.06
partner_43,10,28567.25
partner_43,11,22223.47
partner_43,12,25379.14
partner_43,13,29898.31
partner_43,14,27763.9
partner_43,15,15323.59
partner_43,16,31522.01
partner_43,17,40396.58
partner_43,18,30430.72
partner_43,19,43696.84
partner_43,20,18933.51
partner_43,21,28587.0
partner_43,22,26054.06
partner_43,23,19903.78
partner_43,24,27118.46
partner_43,25,28897.88
partner_43,26,26922.71
partner_430,0,43807.06
partner_430,1,70404.6
partner_430,2,69422.56
partner_430,3,91966.74
partner_430,4,52293.79
partner_430,5,53977.99
partner_430,6,51205.39
partner_430,7,43132.68
partner_430,8,40022.73
partner_430,9,55751.6
partner_430,10,41928.2
partner_430,11,59930.41
partner_430,12,62689.67
partner_430,13,71578.11
partner_430,14,88881.08
partner_430,15,89962.26
partner_430,16,50872.52
partner_430,17,59914.48
partner_430,18,60327.04
partner_430,19,54316.22
partner_430,20,50776.13
partner_430,21,61726.21
partner_430,22,44294.91
partner_430,23,60819.53
partner_430,24,71032.89
partner_430,25,74469.26
partner_430,26,105149.02
partner_431,0,27120.31
partner_431,1,21125.19
partner_431,2,24675.51
partner_431,3,17437.03
partner_431,4,21429.67
partner_431,5,20046.46
partner_431,6,18088.35
partner_431,7,19030.49
partner_431,8,17407.52
partner_431,9,18582.73
partner_431,10,17005.49
partner_431,11,16125.14
partner_431,12,15209.87
partner_431,13,13489.07
partner_431,14,13153.31
partner_431,15,13315.23
partner_431,16,12230.99
partner_431,17,13249.02
partner_431,18,11529.45
partner_431,19,11354.13
partner_431,20,9012.48
partner_431,21,10989.64
partner_431,22,9061.31
partner_431,23,8255.24
partner_431,24,10282.3
partner_431,25,9047.95
partner_431,26,8894.2
partner_432,0,29705.01
partner_432,1,29145.94
partner_432,2,32320.42
partner_432,3,33380.09
partner_432,4,29779.87
partner_432,5,36198.69
partner_432,6,29392.67
partner_432,7,25804.47
partner_432,8,24822.44
partner_432,9,24923.63
partner_432,10,28743.53
partner_432,11,29288.62
partner_432,12,32031.04
partner_432,13,29898.53
partner_432,14,32513.1
partner_432,15,30118.92
partner_432,16,30024.85
partner_432,17,28252.67
partner_432,18,34249.85
partner_432,19,25392.26
partner_432,20,30887.77
partner_432,21,29439.65
partner_432,22,32328.35
partner_432,23,29921.86
partner_432,24,30010.23
partner_432,25,29184.81
partner_432,26,34161.9
partner_433,0,29952.94
partner_433,1,25705.34
partner_433,2,25078.52
partner_433,3,24660.4
partner_433,4,26436.05
partner_433,5,23551.67
partner_433,6,25388.78
partner_433,7,25044.43
partner_433,8,25837.97
partner_433,9,25899.99
partner_433,10,26030.03
partner_433,11,25261.56
partner_433,12,28950.21
partner_433,13,26081.51
partner_433,14,31545.31
partner_433,15,25148.82
partner_433,16,27423.66
partner_433,17,23207.2
partner_433,18,28529.42
partner_433,19,23261.67
partner_433,20,26164.86
partner_433,21,24362.37
partner_433,22,26155.18
partner_433,23,24436.51
partner_433,24,23049.04
partner_433,25,24344.44
partner_433,26,28881.73
partner_434,0,10700.56
partner_434,1,9146.38
partner_434,2,11232.64
partner_434,3,11488.5
partner_434,4,12033.54
partner_434,5,13989.23
partner_434,6,11270.18
partner_434,7,13576.38
partner_434,8,15000.22
partner_434,9,12978.8
partner_434,10,13365.77
partner_434,11,14606.18
partner_434,12,16166.25
partner_434,13,14003.56
partner_434,14,17910.94
partner_434,15,15185.24
partner_434,16,20782.99
partner_434,17,20145.73
partner_434,18,23767.85
partner_434,19,22162.43
partner_434,20,20970.07
partner_434,21,20721.94
partner_434,22,24008.88
partner_434,23,24341.21
partner_434,24,28436.56
partner_434,25,24010.93
partner_434,26,33129.25
partner_435,0,40781.33
partner_435,1,49112.64
partner_435,2,38368.52
partner_435,3,42484.41
partner_435,4,36314.8
partner_435,5,49315.57
partner_435,6,34770.73
partner_435,7,35632.21
partner_435,8,38986.35
partner_435,9,47133.21
partner_435,10,45603.45
partner_435,11,42136.64
partner_435,12,45870.21
partner_435,13,41148.11
partner_435,14,43387.08
partner_435,15,48504.46
partner_435,16,40601.93
partner_435,17,38438.27
partner_435,18,43586.66
partner_435,19,44710.22
partner_435,20,42088.34
partner_435,21,45805.5
partner_435,22,40790.75
partner_435,23,42159.52
partner_435,24,43187.87
partner_435,25,42824.81
partner_435,26,48344.38
partner_436,0,85436.15
partner_436,1,91249.15
partner_436,2,91214.45
partner_436,3,92685.97
partner_436,4,75089.01
partner_436,5,67724.03
partner_436,6,103887.96
partner_436,7,98238.51
partner_436,8,95913.78
partner_436,9,104993.48
partner_436,10,119603.06
partner_436,11,116898.82
partner_436,12,114677.7
partner_436,13,97374.49
partner_436,14,100875.07
partner_436,15,84867.46
partner_436,16,121064.97
partner_436,17,129179.15
partner_436,18,132910.52
partner_436,19,129508.44
partner_436,20,122000.02
partner_436,21,119417.64
partner_436,22,118596.66
partner_436,23,129872.71
partner_436,24,121667.76
partner_436,25,161924.48
partner_436,26,122361.79
partner_437,0,23790.32
partner_437,1,22685.86
partner_437,2,21489.73
partner_437,3,19844.21
partner_437,4,21498.95
partner_437,5,19959.38
partner_437,6,20446.84
partner_437,7,24344.43
partner_437,8,20338.84
partner_437,9,20682.8
partner_437,10,18389.01
partner_437,11,17453.63
partner_437,12,18557.35
partner_437,13,22840.79
partner_437,14,17424.07
partner_437,15,18255.16
partner_437,16,15869.43
partner_437,17,12310.87
partner_437,18,15370.39
partner_437,19,20291.46
partner_437,20,17054.35
partner_437,21,18401.62
partner_437,22,14984.73
partner_437,23,11653.14
partner_437,24,13313.28
partner_437,25,15289.02
partner_437,26,14784.95
partner_438,0,23575.87
partner_438,1,27235.49
partner_438,2,23647.83
partner_438,3,25662.32
partner_438,4,25382.27
partner_438,5,23978.56
partner_438,6,22701.91
partner_438,7,23832.1
partner_438,8,29560.54
partner_438,9,27665.53
partner_438,10,27436.34
partner_438,11,22938.0
partner_438,12,21316.71
partner_438,13,27625.81
partner_438,14,27148.49
partner_438,15,25237.67
partner_438,16,23973.48
partner_438,17,21251.35
partner_438,18,27055.46
partner_438,19,27848.98
partner_438,20,23205.31
partner_438,21,22997.41
partner_438,22,27985.72
partner_438,23,23297.99
partner_438,24,29325.12
partner_438,25,24624.48
partner_438,26,23933.6
partner_439,0,8474.61
partner_439,1,7625.29
partner_439,2,8593.75
partner_439,3,8187.5
partner_439,4,8120.87
partner_439,5,7263.41
partner_439,6,6627.79
partner_439,7,6756.4
partner_439,8,6304.8
partner_439,9,7352.81
partner_439,10,6869.99
partner_439,11,6024.7
partner_439,12,5372.29
partner_439,13,6653.89
partner_439,14,5691.0
partner_439,15,5395.82
partner_439,16,6148.53
partner_439,17,4919.55
partner_439,18,4886.92
partner_439,19,4802.06
partner_439,20,4156.36
partner_439,21,4808.13
partner_439,22,4192.69
partner_439,23,4167.39
partner_439,24,4000.52
partner_439,25,3944.76
partner_439,26,3738.5
partner_44,0,71985.21
partner_44,1,97804.08
partner_44,2,111158.55
partner_44,3,108893.88
partner_44,4,81074.24
partner_44,5,88797.97
partner_44,6,99076.07
partner_44,7,94104.25
partner_44,8,116276.61
partner_44,9,124436.08
partner_44,10,106112.5
partner_44,11,138010.52
partner_44,12,140401.19
partner_44,13,129463.29
partner_44,14,139213.99
partner_44,15,117939.14
partner_44,16,146482.85
partner_44,17,156816.98
partner_44,18,164797.46
partner_44,19,173957.82
partner_44,20,177575.88
partner_44,21,174533.96
partner_44,22,190712.88
partner_44,23,210964.18
partner_44,24,196416.98
partner_44,25,211609.62
partner_44,26,208164.17
partner_440,0,27731.0
partner_440,1,35069.54
partner_440,2,28745.21
partner_440,3,31851.32
partner_440,4,33113.69
partner_440,5,31576.89
partner_440,6,33580.21
partner_440,7,33689.52
partner_440,8,35281.77
partner_440,9,33483.9
partner_440,10,34779.1
partner_440,11,37697.19
partner_440,12,31076.47
partner_440,13,45773.4
partner_440,14,49804.93
partner_440,15,42843.85
partner_440,16,46214.37
partner_440,17,49388.15
partner_440,18,39771.5
partner_440,19,51532.62
partner_440,20,46435.31
partner_440,21,61319.25
partner_440,22,50351.21
partner_440,23,57578.55
partner_440,24,53325.44
partner_440,25,68114.47
partner_440,26,54500.49
partner_441,0,116066.79
partner_441,1,119735.17
partner_441,2,114631.11
partner_441,3,95548.67
partner_441,4,149757.58
partner_441,5,134957.18
partner_441,6,166300.54
partner_441,7,161719.05
partner_441,8,183599.35
partner_441,9,185796.09
partner_441,10,135997.55
partner_441,11,201020.13
partner_441,12,191879.79
partner_441,13,232793.1
partner_441,14,231712.77
partner_441,15,243402.79
partner_441,16,234317.29
partner_441,17,229680.71
partner_441,18,253722.88
partner_441,19,228187.5
partner_441,20,274751.2
partner_441,21,261520.48
partner_441,22,275258.87
partner_441,23,341252.54
partner_441,24,372851.08
partner_441,25,370212.14
partner_441,26,370259.39
partner_442,0,5026.27
partner_442,1,5530.5
partner_442,2,4795.26
partner_442,3,6150.71
partner_442,4,5509.72
partner_442,5,6159.07
partner_442,6,6567.27
partner_442,7,6330.99
partner_442,8,6727.33
partner_442,9,5022.32
partner_442,10,6116.33
partner_442,11,7259.01
partner_442,12,6982.29
partner_442,13,7999.86
partner_442,14,8030.86
partner_442,15,7181.69
partner_442,16,6907.43
partner_442,17,6510.83
partner_442,18,6969.71
partner_442,19,7133.09
partner_442,20,7109.07
partner_442,21,6974.8
partner_442,22,8118.18
partner_442,23,9277.13
partner_442,24,8812.42
partner_442,25,7926.94
partner_442,26,9168.08
partner_443,0,9095.1
partner_443,1,9299.9
partner_443,2,10437.17
partner_443,3,10260.15
partner_443,4,9687.77
partner_443,5,9951.52
partner_443,6,11482.5
partner_443,7,11998.27
partner_443,8,11508.38
partner_443,9,10879.18
partner_443,10,14252.82
partner_443,11,14439.94
partner_443,12,10823.46
partner_443,13,15817.17
partner_443,14,14102.62
partner_443,15,15156.03
partner_443,16,17106.77
partner_443,17,18480.46
partner_443,18,18019.31
partner_443,19,17318.74
partner_443,20,15060.51
partner_443,21,14378.6
partner_443,22,20255.76
partner_443,23,21808.41
partner_443,24,18237.67
partner_443,25,19949.69
partner_443,26,19991.78
partner_444,0,20094.84
partner_444,1,28792.71
partner_444,2,23108.84
partner_444,3,32707.14
partner_444,4,27780.71
partner_444,5,19569.85
partner_444,6,20196.76
partner_444,7,21601.41
partner_444,8,19416.48
partner_444,9,19223.99
partner_444,10,19429.89
partner_444,11,17950.36
partner_444,12,22106.34
partner_444,13,23643.9
partner_444,14,28461.41
partner_444,15,31130.14
partner_444,16,30771.46
partner_444,17,22463.94
partner_444,18,22174.9
partner_444,19,22986.49
partner_444,20,20906.79
partner_444,21,22904.09
partner_444,22,19366.09
partner_444,23,19935.63
partner_444,24,23531.67
partner_444,25,25209.93
partner_444,26,26772.67
partner_445,0,4903.72
partner_445,1,6351.83
partner_445,2,5999.11
partner_445,3,5298.28
partner_445,4,5287.81
partner_445,5,5603.88
partner_445,6,5904.36
partner_445,7,6328.69
partner_445,8,7361.65
partner_445,9,6157.53
partner_445,10,8620.96
partner_445,11,6538.2
partner_445,12,6382.6
partner_445,13,8936.69
partner_445,14,8908.16
partner_445,15,7950.04
partner_445,16,8651.34
partner_445,17,8924.95
partner_445,18,8946.72
partner_445,19,7905.51
partner_445,20,7027.61
partner_445,21,8807.31
partner_445,22,11698.13
partner_445,23,12078.84
partner_445,24,10210.66
partner_445,25,9756.89
partner_445,26,11413.72
partner_446,0,25742.76
partner_446,1,33098.23
partner_446,2,29265.58
partner_446,3,28741.59
partner_446,4,38351.6
partner_446,5,44734.01
partner_446,6,50362.55
partner_446,7,52024.8
partner_446,8,28725.39
partner_446,9,30124.78
partner_446,10,30966.29
partner_446,11,29766.07
partner_446,12,29523.35
partner_446,13,32608.53
partner_446,14,24151.86
partner_446,15,27432.46
partner_446,16,33692.22
partner_446,17,38037.35
partner_446,18,46138.15
partner_446,19,54055.55
partner_446,20,27552.18
partner_446,21,22780.44
partner_446,22,26615.58
partner_446,23,27865.28
partner_446,24,27727.9
partner_446,25,29086.05
partner_446,26,28982.49
partner_447,0,7234.02
partner_447,1,7284.91
partner_447,2,7747.55
partner_447,3,8752.41
partner_447,4,8743.46
partner_447,5,9337.77
partner_447,6,8515.74
partner_447,7,10462.16
partner_447,8,9960.11
partner_447,9,9687.41
partner_447,10,10427.49
partner_447,11,9412.97
partner_447,12,8177.77
partner_447,13,9992.73
partner_447,14,11736.75
partner_447,15,11300.26
partner_447,16,11350.4
partner_447,17,10811.72
partner_447,18,9755.04
partner_447,19,14222.44
partner_447,20,12513.43
partner_447,21,12554.79
partner_447,22,12561.97
partner_447,23,15558.09
partner_447,24,15441.46
partner_447,25,13158.38
partner_447,26,16695.49
partner_448,0,7327.34
partner_448,1,7228.92
partner_448,2,7072.66
partner_448,3,9123.86
partner_448,4,8602.65
partner_448,5,9703.85
partner_448,6,9768.78
partner_448,7,10407.44
partner_448,8,8153.55
partner_448,9,9727.35
partner_448,10,11695.73
partner_448,11,10031.4
partner_448,12,12390.92
partner_448,13,10684.96
partner_448,14,12916.0
partner_448,15,15554.47
partner_448,16,14998.01
partner_448,17,11785.81
partner_448,18,16301.02
partner_448,19,18456.91
partner_448,20,20757.6
partner_448,21,17653.65
partner_448,22,15120.91
partner_448,23,18983.41
partner_448,24,21918.65
partner_448,25,19271.31
partner_448,26,22532.72
partner_449,0,27165.62
partner_449,1,17830.48
partner_449,2,17167.12
partner_449,3,15474.01
partner_449,4,16873.21
partner_449,5,18319.43
partner_449,6,17569.42
partner_449,7,17929.92
partner_449,8,19840.69
partner_449,9,20072.78
partner_449,10,28708.47
partner_449,11,26602.22
partner_449,12,35161.59
partner_449,13,19470.42
partner_449,14,16871.07
partner_449,15,16962.03
partner_449,16,17801.6
partner_449,17,18458.28
partner_449,18,19308.21
partner_449,19,15154.51
partner_449,20,18948.96
partner_449,21,16091.8
partner_449,22,24378.55
partner_449,23,33206.69
partner_449,24,24844.08
partner_449,25,14453.57
partner_449,26,17558.35
partner_45,0,51042.99
partner_45,1,54100.94
partner_45,2,50347.93
partner_45,3,46919.96
partner_45,4,45110.53
partner_45,5,42670.34
partner_45,6,36198.0
partner_45,7,43361.48
partner_45,8,41184.41
partner_45,9,42093.39
partner_45,10,35406.78
partner_45,11,42873.37
partner_45,12,33419.66
partner_45,13,30552.63
partner_45,14,29065.24
partner_45,15,25711.78
partner_45,16,34575.37
partner_45,17,32858.34
partner_45,18,29524.78
partner_45,19,24439.04
partner_45,20,30560.36
partner_45,21,24061.23
partner_45,22,23389.99
partner_45,23,26497.3
partner_45,24,23801.17
partner_45,25,26259.74
partner_45,26,21260.18
partner_450,0,35253.2
partner_450,1,34978.31
partner_450,2,41014.83
partner_450,3,34601.91
partner_450,4,38403.23
partner_450,5,37306.03
partner_450,6,33606.15
partner_450,7,40320.83
partner_450,8,34905.8
partner_450,9,35688.42
partner_450,10,33572.49
partner_450,11,29244.78
partner_450,12,28116.75
partner_450,13,26868.85
partner_450,14,28566.99
partner_450,15,24150.2
partner_450,16,29249.46
partner_450,17,22295.49
partner_450,18,23767.04
partner_450,19,21956.96
partner_450,20,20724.39
partner_450,21,25513.29
partner_450,22,19353.99
partner_450,23,18954.3
partner_450,24,17627.05
partner_450,25,18309.71
partner_450,26,17432.44
partner_451,0,16951.51
partner_451,1,16929.39
partner_451,2,14787.82
partner_451,3,14259.23
partner_451,4,13129.63
partner_451,5,12431.13
partner_451,6,11420.46
partner_451,7,10204.01
partner_451,8,10797.0
partner_451,9,12167.49
partner_451,10,10267.32
partner_451,11,9946.65
partner_451,12,9538.47
partner_451,13,10697.34
partner_451,14,8292.6
partner_451,15,9027.2
partner_451,16,8382.62
partner_451,17,8165.48
partner_451,18,7983.71
partner_451,19,7531.38
partner_451,20,7766.42
partner_451,21,6894.2
partner_451,22,7803.06
partner_451,23,6412.7
partner_451,24,5089.66
partner_451,25,6271.09
partner_451,26,5886.43
partner_452,0,29500.35
partner_452,1,23850.52
partner_452,2,27788.3
partner_452,3,21299.17
partner_452,4,22856.69
partner_452,5,28197.41
partner_452,6,29036.55
partner_452,7,36919.94
partner_452,8,40399.78
partner_452,9,39624.48
partner_452,10,23662.94
partner_452,11,22363.48
partner_452,12,28965.09
partner_452,13,29390.47
partner_452,14,22775.76
partner_452,15,22631.04
partner_452,16,24713.76
partner_452,17,27384.54
partner_452,18,28888.43
partner_452,19,36894.3
partner_452,20,40373.9
partner_452,21,40118.42
partner_452,22,31608.78
partner_452,23,24132.61
partner_452,24,29654.56
partner_452,25,29169.84
partner_452,26,26775.28
partner_453,0,11594.02
partner_453,1,10447.21
partner_453,2,12782.73
partner_453,3,13688.26
partner_453,4,15810.65
partner_453,5,16718.12
partner_453,6,18341.66
partner_453,7,21437.83
partner_453,8,14668.11
partner_453,9,12682.71
partner_453,10,13289.77
partner_453,11,12533.7
partner_453,12,12305.25
partner_453,13,13952.65
partner_453,14,13167.22
partner_453,15,14517.5
partner_453,16,16655.52
partner_453,17,20142.34
partner_453,18,24255.58
partner_453,19,21213.45
partner_453,20,12695.39
partner_453,21,14044.84
partner_453,22,14212.21
partner_453,23,13622.87
partner_453,24,14860.41
partner_453,25,15991.39
partner_453,26,16673.3
partner_454,0,38199.24
partner_454,1,38866.9
partner_454,2,42708.09
partner_454,3,44335.12
partner_454,4,42933.39
partner_454,5,41551.39
partner_454,6,42643.11
partner_454,7,46107.72
partner_454,8,38134.06
partner_454,9,54288.56
partner_454,10,44074.34
partner_454,11,48603.84
partner_454,12,41431.03
partner_454,13,46508.11
partner_454,14,44422.23
partner_454,15,47750.42
partner_454,16,43108.32
partner_454,17,50806.09
partner_454,18,37419.64
partner_454,19,48157.54
partner_454,20,44504.16
partner_454,21,39503.2
partner_454,22,52567.58
partner_454,23,52112.95
partner_454,24,34860.71
partner_454,25,44759.54
partner_454,26,47085.65
partner_455,0,33732.12
partner_455,1,31190.28
partner_455,2,37995.21
partner_455,3,34475.1
partner_455,4,30978.29
partner_455,5,30895.71
partner_455,6,37449.85
partner_455,7,31236.01
partner_455,8,33139.51
partner_455,9,34353.02
partner_455,10,37123.94
partner_455,11,35807.41
partner_455,12,32293.03
partner_455,13,42282.73
partner_455,14,37022.91
partner_455,15,47236.85
partner_455,16,41244.38
partner_455,17,45936.3
partner_455,18,44145.73
partner_455,19,47858.31
partner_455,20,45537.59
partner_455,21,44911.4
partner_455,22,49579.28
partner_455,23,56838.79
partner_455,24,45115.41
partner_455,25,50980.39
partner_455,26,48076.85
partner_456,0,30738.21
partner_456,1,24004.49
partner_456,2,29996.41
partner_456,3,33668.72
partner_456,4,28266.93
partner_456,5,33428.1
partner_456,6,31171.18
partner_456,7,30023.03
partner_456,8,33381.79
partner_456,9,32693.74
partner_456,10,31896.42
partner_456,11,33718.75
partner_456,12,31230.83
partner_456,13,25574.98
partner_456,14,29451.77
partner_456,15,25086.04
partner_456,16,32621.3
partner_456,17,33352.36
partner_456,18,33491.64
partner_456,19,32106.24
partner_456,20,33571.9
partner_456,21,25783.31
partner_456,22,30279.91
partner_456,23,26278.22
partner_456,24,29512.35
partner_456,25,35556.38
partner_456,26,33955.47
partner_457,0,61127.64
partner_457,1,57211.64
partner_457,2,27358.55
partner_457,3,32819.81
partner_457,4,26237.85
partner_457,5,35018.16
partner_457,6,30135.47
partner_457,7,28412.18
partner_457,8,35234.46
partner_457,9,35710.95
partner_457,10,38977.86
partner_457,11,56600.54
partner_457,12,57774.66
partner_457,13,50767.71
partner_457,14,33772.26
partner_457,15,31154.0
partner_457,16,36096.09
partner_457,17,32903.23
partner_457,18,33186.81
partner_457,19,27353.99
partner_457,20,32358.06
partner_457,21,33205.91
partner_457,22,33761.04
partner_457,23,44826.09
partner_457,24,55979.16
partner_457,25,53561.85
partner_457,26,27224.95
partner_458,0,7288.13
partner_458,1,7195.23
partner_458,2,8038.22
partner_458,3,10257.2
partner_458,4,13020.5
partner_458,5,12223.43
partner_458,6,8255.78
partner_458,7,8056.63
partner_458,8,8330.37
partner_458,9,8248.19
partner_458,10,8400.42
partner_458,11,6440.39
partner_458,12,7813.73
partner_458,13,8549.16
partner_458,14,9744.3
partner_458,15,9549.56
partner_458,16,12854.23
partner_458,17,12167.67
partner_458,18,8695.26
partner_458,19,6329.5
partner_458,20,6792.4
partner_458,21,6033.89
partner_458,22,7484.53
partner_458,23,9066.64
partner_458,24,7419.59
partner_458,25,7817.32
partner_458,26,9158.86
partner_459,0,7935.9
partner_459,1,7335.23
partner_459,2,8328.59
partner_459,3,9476.57
partner_459,4,10116.4
partner_459,5,10974.3
partner_459,6,10533.63
partner_459,7,11074.54
partner_459,8,12062.91
partner_459,9,11073.87
partner_459,10,11568.98
partner_459,11,12801.56
partner_459,12,11867.93
partner_459,13,14853.38
partner_459,14,16547.16
partner_459,15,14598.38
partner_459,16,17206.12
partner_459,17,16212.79
partner_459,18,16308.47
partner_459,19,22964.25
partner_459,20,17984.28
partner_459,21,18289.52
partner_459,22,22478.73
partner_459,23,23710.84
partner_459,24,25845.46
partner_459,25,30510.66
partner_459,26,24602.86
partner_46,0,5564.63
partner_46,1,6516.39
partner_46,2,7336.71
partner_46,3,6852.59
partner_46,4,6362.64
partner_46,5,5615.68
partner_46,6,6263.51
partner_46,7,6624.18
partner_46,8,6161.8
partner_46,9,5898.4
partner_46,10,5243.77
partner_46,11,6081.19
partner_46,12,3774.57
partner_46,13,5604.11
partner_46,14,6663.4
partner_46,15,4420.79
partner_46,16,4989.5
partner_46,17,5017.46
partner_46,18,4703.46
partner_46,19,5345.3
partner_46,20,4981.43
partner_46,21,4742.74
partner_46,22,4953.8
partner_46,23,4513.47
partner_46,24,5832.49
partner_46,25,4411.9
partner_46,26,4351.72
partner_460,0,21698.9
partner_460,1,20637.44
partner_460,2,17322.0
partner_460,3,19729.26
partner_460,4,18454.46
partner_460,5,16767.86
partner_460,6,14925.21
partner_460,7,15434.04
partner_460,8,17136.16
partner_460,9,12621.24
partner_460,10,12559.97
partner_460,11,12325.55
partner_460,12,12148.42
partner_460,13,12185.07
partner_460,14,12883.67
partner_460,15,11848.12
partner_460,16,10976.58
partner_460,17,10801.21
partner_460,18,10756.42
partner_460,19,8113.12
partner_460,20,10402.48
partner_460,21,8303.09
partner_460,22,8332.45
partner_460,23,8685.34
partner_460,24,8030.35
partner_460,25,8174.17
partner_460,26,7615.26
partner_461,0,66764.7
partner_461,1,62572.08
partner_461,2,63263.39
partner_461,3,53570.37
partner_461,4,68354.91
partner_461,5,48743.87
partner_461,6,53880.62
partner_461,7,50413.01
partner_461,8,48916.92
partner_461,9,47012.12
partner_461,10,44273.06
partner_461,11,52288.04
partner_461,12,40041.04
partner_461,13,48709.8
partner_461,14,46002.49
partner_461,15,40480.37
partner_461,16,43178.12
partner_461,17,39303.74
partner_461,18,34618.26
partner_461,19,33762.85
partner_461,20,39334.38
partner_461,21,38130.39
partner_461,22,35877.53
partner_461,23,32787.66
partner_461,24,32607.97
partner_461,25,31326.96
partner_461,26,26033.05
partner_462,0,27968.64
partner_462,1,28188.57
partner_462,2,28200.55
partner_462,3,34470.81
partner_462,4,27548.88
partner_462,5,29905.59
partner_462,6,33928.99
partner_462,7,35864.68
partner_462,8,29648.5
partner_462,9,40585.8
partner_462,10,41019.04
partner_462,11,32981.31
partner_462,12,43249.89
partner_462,13,42057.46
partner_462,14,45675.79
partner_462,15,43333.34
partner_462,16,54487.03
partner_462,17,64332.79
partner_462,18,58707.64
partner_462,19,46887.83
partner_462,20,64315.34
partner_462,21,64109.73
partner_462,22,60838.17
partner_462,23,74012.18
partner_462,24,81321.52
partner_462,25,72931.14
partner_462,26,68288.69
partner_463,0,3483.56
partner_463,1,4451.8
partner_463,2,5358.56
partner_463,3,6115.89
partner_463,4,6521.87
partner_463,5,3437.1
partner_463,6,3294.11
partner_463,7,3525.28
partner_463,8,3519.1
partner_463,9,2989.73
partner_463,10,3578.6
partner_463,11,4255.36
partner_463,12,4316.49
partner_463,13,4739.02
partner_463,14,5546.13
partner_463,15,7337.58
partner_463,16,5761.39
partner_463,17,3552.4
partner_463,18,4398.12
partner_463,19,3986.59
partner_463,20,3729.42
partner_463,21,4242.09
partner_463,22,3868.28
partner_463,23,3752.74
partner_463,24,3901.91
partner_463,25,4967.25
partner_463,26,5971.33
partner_464,0,44450.58
partner_464,1,53781.78
partner_464,2,52947.55
partner_464,3,50126.24
partner_464,4,42746.93
partner_464,5,47713.32
partner_464,6,47624.81
partner_464,7,54775.5
partner_464,8,53106.22
partner_464,9,66552.93
partner_464,10,49562.27
partner_464,11,53282.09
partner_464,12,63312.32
partner_464,13,66659.83
partner_464,14,48147.35
partner_464,15,55030.67
partner_464,16,66462.85
partner_464,17,79470.31
partner_464,18,85285.48
partner_464,19,70499.67
partner_464,20,74112.99
partner_464,21,70828.92
partner_464,22,84261.27
partner_464,23,93655.83
partner_464,24,93743.89
partner_464,25,85132.22
partner_464,26,80189.5
partner_465,0,7704.81
partner_465,1,6323.63
partner_465,2,7169.74
partner_465,3,6959.74
partner_465,4,5636.69
partner_465,5,6788.26
partner_465,6,6709.5
partner_465,7,7291.05
partner_465,8,5129.39
partner_465,9,6112.84
partner_465,10,6013.95
partner_465,11,5553.1
partner_465,12,4569.89
partner_465,13,4370.65
partner_465,14,4754.51
partner_465,15,4573.62
partner_465,16,4119.23
partner_465,17,4742.76
partner_465,18,3881.22
partner_465,19,3155.08
partner_465,20,3662.71
partner_465,21,3779.83
partner_465,22,3590.54
partner_465,23,3453.75
partner_465,24,3697.77
partner_465,25,2751.65
partner_465,26,2854.83
partner_466,0,46132.31
partner_466,1,54639.74
partner_466,2,57247.83
partner_466,3,57093.54
partner_466,4,60040.55
partner_466,5,52812.65
partner_466,6,70337.76
partner_466,7,57097.04
partner_466,8,60307.96
partner_466,9,74184.83
partner_466,10,71229.26
partner_466,11,80228.39
partner_466,12,86017.4
partner_466,13,101899.7
partner_466,14,94703.03
partner_466,15,89335.16
partner_466,16,106661.42
partner_466,17,96093.15
partner_466,18,120000.69
partner_466,19,116106.99
partner_466,20,125876.28
partner_466,21,104364.39
partner_466,22,103229.12
partner_466,23,118772.44
partner_466,24,172217.9
partner_466,25,136162.59
partner_466,26,173198.61
partner_467,0,19252.3
partner_467,1,22081.38
partner_467,2,19683.67
partner_467,3,18938.54
partner_467,4,20201.95
partner_467,5,16426.17
partner_467,6,19034.03
partner_467,7,18383.56
partner_467,8,18008.53
partner_467,9,15965.14
partner_467,10,15206.9
partner_467,11,14237.81
partner_467,12,14057.75
partner_467,13,13620.68
partner_467,14,15244.74
partner_467,15,14091.11
partner_467,16,14751.03
partner_467,17,14543.56
partner_467,18,12157.25
partner_467,19,11881.69
partner_467,20,12777.52
partner_467,21,11829.22
partner_467,22,11467.64
partner_467,23,14422.07
partner_467,24,10238.03
partner_467,25,14256.84
partner_467,26,11964.08
partner_468,0,39379.24
partner_468,1,44435.13
partner_468,2,34905.94
partner_468,3,39582.17
partner_468,4,37785.32
partner_468,5,35238.13
partner_468,6,40710.96
partner_468,7,53169.01
partner_468,8,45207.19
partner_468,9,56634.87
partner_468,10,58677.08
partner_468,11,64813.47
partner_468,12,60999.25
partner_468,13,65046.28
partner_468,14,55828.92
partner_468,15,56814.51
partner_468,16,58744.43
partner_468,17,58619.53
partner_468,18,61120.06
partner_468,19,66515.26
partner_468,20,60589.95
partner_468,21,56290.69
partner_468,22,69504.6
partner_468,23,64122.94
partner_468,24,66605.53
partner_468,25,71669.65
partner_468,26,71912.06
partner_469,0,43496.65
partner_469,1,38061.97
partner_469,2,35369.92
partner_469,3,34687.62
partner_469,4,28454.75
partner_469,5,32323.51
partner_469,6,32459.14
partner_469,7,31465.3
partner_469,8,23690.19
partner_469,9,22231.59
partner_469,10,23736.71
partner_469,11,27325.27
partner_469,12,23474.56
partner_469,13,20274.35
partner_469,14,17973.96
partner_469,15,18746.4
partner_469,16,17808.11
partner_469,17,20148.98
partner_469,18,19415.94
partner_469,19,15099.39
partner_469,20,17359.17
partner_469,21,16452.58
partner_469,22,13037.63
partner_469,23,14025.55
partner_469,24,13995.59
partner_469,25,13162.22
partner_469,26,10272.69
partner_47,0,3816.66
partner_47,1,4499.08
partner_47,2,3497.01
partner_47,3,3165.21
partner_47,4,4049.04
partner_47,5,4589.23
partner_47,6,4053.11
partner_47,7,3900.34
partner_47,8,3285.91
partner_47,9,4218.53
partner_47,10,4302.89
partner_47,11,3316.89
partner_47,12,4493.9
partner_47,13,4345.04
partner_47,14,4493.0
partner_47,15,4271.51
partner_47,16,4299.83
partner_47,17,4246.16
partner_47,18,4386.52
partner_47,19,3301.95
partner_47,20,3430.17
partner_47,21,3738.95
partner_47,22,3983.61
partner_47,23,4192.65
partner_47,24,4167.04
partner_47,25,4486.86
partner_47,26,4499.53
partner_470,0,9762.75
partner_470,1,8241.27
partner_470,2,8747.31
partner_470,3,9489.52
partner_470,4,10448.53
partner_470,5,10738.88
partner_470,6,11814.78
partner_470,7,10358.1
partner_470,8,12711.6
partner_470,9,11857.22
partner_470,10,13224.62
partner_470,11,16455.61
partner_470,12,12664.71
partner_470,13,14992.55
partner_470,14,14097.63
partner_470,15,17184.53
partner_470,16,19588.93
partner_470,17,18888.68
partner_470,18,19229.77
partner_470,19,23089.73
partner_470,20,22057.14
partner_470,21,24199.98
partner_470,22,25106.45
partner_470,23,17485.15
partner_470,24,25514.97
partner_470,25,24031.1
partner_470,26,25875.82
partner_471,0,12398.29
partner_471,1,12868.96
partner_471,2,15537.92
partner_471,3,13958.56
partner_471,4,15001.22
partner_471,5,14931.44
partner_471,6,16691.19
partner_471,7,19869.71
partner_471,8,24307.3
partner_471,9,25416.95
partner_471,10,16799.4
partner_471,11,14174.74
partner_471,12,13901.57
partner_471,13,13718.48
partner_471,14,16607.11
partner_471,15,15494.2
partner_471,16,11824.16
partner_471,17,12201.88
partner_471,18,15571.97
partner_471,19,21025.4
partner_471,20,23867.53
partner_471,21,25186.52
partner_471,22,14251.55
partner_471,23,16537.13
partner_471,24,15633.6
partner_471,25,14629.17
partner_471,26,16183.98
partner_472,0,36693.16
partner_472,1,39484.61
partner_472,2,31747.34
partner_472,3,38401.59
partner_472,4,42193.53
partner_472,5,43734.27
partner_472,6,48044.42
partner_472,7,47557.72
partner_472,8,45194.16
partner_472,9,49944.15
partner_472,10,47170.26
partner_472,11,50259.2
partner_472,12,55015.77
partner_472,13,52201.8
partner_472,14,55909.48
partner_472,15,60854.06
partner_472,16,61191.25
partner_472,17,66025.39
partner_472,18,74557.32
partner_472,19,66599.25
partner_472,20,61071.86
partner_472,21,69249.17
partner_472,22,70960.9
partner_472,23,74022.78
partner_472,24,82489.91
partner_472,25,61402.32
partner_472,26,87474.44
partner_473,0,55384.22
partner_473,1,55510.34
partner_473,2,51140.73
partner_473,3,52440.27
partner_473,4,56064.89
partner_473,5,55727.39
partner_473,6,56184.16
partner_473,7,55691.32
partner_473,8,57115.33
partner_473,9,56529.73
partner_473,10,47038.81
partner_473,11,56768.8
partner_473,12,62147.44
partner_473,13,52267.58
partner_473,14,60265.47
partner_473,15,47599.84
partner_473,16,52251.15
partner_473,17,49047.0
partner_473,18,59635.23
partner_473,19,61004.39
partner_473,20,51887.27
partner_473,21,58544.32
partner_473,22,61057.59
partner_473,23,52234.61
partner_473,24,53087.12
partner_473,25,56251.79
partner_473,26,47991.63
partner_474,0,24819.26
partner_474,1,29388.08
partner_474,2,29531.37
partner_474,3,28606.34
partner_474,4,30808.96
partner_474,5,36712.42
partner_474,6,34166.57
partner_474,7,35933.99
partner_474,8,40340.02
partner_474,9,34995.64
partner_474,10,33439.79
partner_474,11,45554.24
partner_474,12,40665.37
partner_474,13,45292.86
partner_474,14,39805.52
partner_474,15,46393.51
partner_474,16,41206.47
partner_474,17,48273.37
partner_474,18,46492.06
partner_474,19,47000.2
partner_474,20,51778.28
partner_474,21,42648.28
partner_474,22,50701.14
partner_474,23,64091.32
partner_474,24,63745.29
partner_474,25,56987.02
partner_474,26,69793.59
partner_475,0,5565.16
partner_475,1,5704.74
partner_475,2,6118.99
partner_475,3,8122.46
partner_475,4,6258.99
partner_475,5,7253.83
partner_475,6,8008.92
partner_475,7,7030.95
partner_475,8,6848.57
partner_475,9,8019.78
partner_475,10,9614.75
partner_475,11,9038.5
partner_475,12,9574.51
partner_475,13,11199.23
partner_475,14,9882.87
partner_475,15,11157.96
partner_475,16,10005.29
partner_475,17,12743.55
partner_475,18,13228.08
partner_475,19,14620.03
partner_475,20,12558.62
partner_475,21,14568.45
partner_475,22,13566.95
partner_475,23,15890.2
partner_475,24,19589.48
partner_475,25,17294.85
partner_475,26,16156.72
partner_476,0,5305.34
partner_476,1,6784.94
partner_476,2,5673.55
partner_476,3,7135.36
partner_476,4,7236.6
partner_476,5,7129.46
partner_476,6,8033.38
partner_476,7,7425.65
partner_476,8,9266.5
partner_476,9,8294.15
partner_476,10,8942.47
partner_476,11,9213.14
partner_476,12,10820.41
partner_476,13,11134.48
partner_476,14,8127.58
partner_476,15,11783.31
partner_476,16,9896.03
partner_476,17,12078.11
partner_476,18,12903.76
partner_476,19,13129.05
partner_476,20,14906.67
partner_476,21,15875.01
partner_476,22,14253.24
partner_476,23,14810.12
partner_476,24,16750.48
partner_476,25,14829.61
partner_476,26,17421.46
partner_477,0,13250.95
partner_477,1,13259.79
partner_477,2,17386.14
partner_477,3,14079.88
partner_477,4,14555.71
partner_477,5,14090.33
partner_477,6,16156.55
partner_477,7,17033.33
partner_477,8,15531.66
partner_477,9,19240.91
partner_477,10,18478.73
partner_477,11,20060.44
partner_477,12,18370.59
partner_477,13,19990.61
partner_477,14,19625.22
partner_477,15,23607.18
partner_477,16,21416.36
partner_477,17,21771.27
partner_477,18,21326.04
partner_477,19,21779.77
partner_477,20,24156.92
partner_477,21,26231.74
partner_477,22,23205.87
partner_477,23,25920.02
partner_477,24,26784.06
partner_477,25,27991.11
partner_477,26,23024.64
partner_478,0,5544.64
partner_478,1,5230.67
partner_478,2,5682.94
partner_478,3,5477.19
partner_478,4,6209.16
partner_478,5,5973.59
partner_478,6,7531.24
partner_478,7,7631.03
partner_478,8,7688.56
partner_478,9,7641.33
partner_478,10,6525.88
partner_478,11,8134.76
partner_478,12,8192.82
partner_478,13,9452.65
partner_478,14,10189.97
partner_478,15,10305.05
partner_478,16,11693.55
partner_478,17,10185.81
partner_478,18,10548.66
partner_478,19,12897.99
partner_478,20,12356.94
partner_478,21,12331.2
partner_478,22,15580.2
partner_478,23,14470.71
partner_478,24,13959.1
partner_478,25,13786.9
partner_478,26,17439.71
partner_479,0,9278.31
partner_479,1,9171.46
partner_479,2,8626.01
partner_479,3,8631.92
partner_479,4,8039.9
partner_479,5,7875.67
partner_479,6,6708.01
partner_479,7,8291.08
partner_479,8,5969.29
partner_479,9,6809.17
partner_479,10,5550.08
partner_479,11,6153.09
partner_479,12,5683.1
partner_479,13,5925.79
partner_479,14,5864.64
partner_479,15,4974.49
partner_479,16,5319.63
partner_479,17,5896.33
partner_479,18,4360.95
partner_479,19,4453.08
partner_479,20,5129.19
partner_479,21,4616.37
partner_479,22,4510.43
partner_479,23,4750.42
partner_479,24,3848.44
partner_479,25,3844.26
partner_479,26,3680.31
partner_48,0,19915.44
partner_48,1,25078.23
partner_48,2,18563.24
partner_48,3,35223.67
partner_48,4,19215.93
partner_48,5,17234.39
partner_48,6,22026.73
partner_48,7,17963.25
partner_48,8,19002.73
partner_48,9,17990.4
partner_48,10,22338.75
partner_48,11,19744.43
partner_48,12,22589.96
partner_48,13,29849.34
partner_48,14,32689.5
partner_48,15,30951.43
partner_48,16,22156.0
partner_48,17,25196.65
partner_48,18,20893.16
partner_48,19,20644.84
partner_48,20,20915.8
partner_48,21,23455.03
partner_48,22,19762.95
partner_48,23,21271.48
partner_48,24,20653.86
partner_48,25,25755.87
partner_48,26,32110.64
partner_480,0,69056.37
partner_480,1,50539.45
partner_480,2,53626.18
partner_480,3,52581.98
partner_480,4,69434.99
partner_480,5,57157.21
partner_480,6,58909.43
partner_480,7,51065.9
partner_480,8,59300.93
partner_480,9,66175.85
partner_480,10,62439.31
partner_480,11,60241.95
partner_480,12,51368.86
partner_480,13,58901.64
partner_480,14,61793.53
partner_480,15,54858.74
partner_480,16,64887.04
partner_480,17,66288.8
partner_480,18,57679.42
partner_480,19,65319.07
partner_480,20,60230.53
partner_480,21,67884.77
partner_480,22,73286.57
partner_480,23,54238.54
partner_480,24,65584.9
partner_480,25,68845.92
partner_480,26,54987.5
partner_481,0,19598.65
partner_481,1,19723.39
partner_481,2,20642.04
partner_481,3,23502.21
partner_481,4,18095.86
partner_481,5,20752.94
partner_481,6,25260.99
partner_481,7,25725.58
partner_481,8,22444.83
partner_481,9,27294.13
partner_481,10,30146.5
partner_481,11,27271.08
partner_481,12,25374.91
partner_481,13,31599.73
partner_481,14,35075.66
partner_481,15,28078.72
partner_481,16,31848.28
partner_481,17,36226.96
partner_481,18,34023.98
partner_481,19,28583.12
partner_481,20,37244.8
partner_481,21,33128.09
partner_481,22,33008.09
partner_481,23,32208.87
partner_481,24,44864.95
partner_481,25,37837.03
partner_481,26,43925.93
partner_482,0,10247.93
partner_482,1,10383.82
partner_482,2,10469.02
partner_482,3,10224.01
partner_482,4,9318.14
partner_482,5,9228.2
partner_482,6,9978.87
partner_482,7,9957.51
partner_482,8,10517.7
partner_482,9,11195.72
partner_482,10,10431.56
partner_482,11,9266.98
partner_482,12,7885.1
partner_482,13,9309.29
partner_482,14,8728.86
partner_482,15,9348.18
partner_482,16,10329.07
partner_482,17,10169.84
partner_482,18,11958.66
partner_482,19,10571.91
partner_482,20,12010.08
partner_482,21,10805.94
partner_482,22,11179.65
partner_482,23,9722.8
partner_482,24,9001.12
partner_482,25,9631.97
partner_482,26,10072.77
partner_483,0,5599.57
partner_483,1,6481.92
partner_483,2,5596.93
partner_483,3,5268.32
partner_483,4,5524.32
partner_483,5,6076.71
partner_483,6,5605.94
partner_483,7,6080.61
partner_483,8,6596.17
partner_483,9,6579.99
partner_483,10,5811.34
partner_483,11,5411.16
partner_483,12,5864.35
partner_483,13,6630.52
partner_483,14,6775.84
partner_483,15,6442.13
partner_483,16,6970.14
partner_483,17,7298.54
partner_483,18,5921.85
partner_483,19,7147.56
partner_483,20,6060.41
partner_483,21,6857.14
partner_483,22,6663.45
partner_483,23,4992.31
partner_483,24,5621.3
partner_483,25,5462.59
partner_483,26,5113.65
partner_484,0,11079.12
partner_484,1,11894.77
partner_484,2,12128.14
partner_484,3,10388.41
partner_484,4,9781.63
partner_484,5,9217.77
partner_484,6,9595.91
partner_484,7,9542.91
partner_484,8,8846.83
partner_484,9,8497.22
partner_484,10,7812.43
partner_484,11,6361.74
partner_484,12,7946.68
partner_484,13,6124.26
partner_484,14,7190.91
partner_484,15,7018.46
partner_484,16,5570.98
partner_484,17,5691.2
partner_484,18,7077.98
partner_484,19,5582.2
partner_484,20,4760.71
partner_484,21,5643.71
partner_484,22,4646.21
partner_484,23,3920.34
partner_484,24,4918.85
partner_484,25,4092.82
partner_484,26,4481.48
partner_485,0,18393.24
partner_485,1,12939.52
partner_485,2,17523.76
partner_485,3,15844.16
partner_485,4,18008.25
partner_485,5,15850.97
partner_485,6,15855.21
partner_485,7,13237.24
partner_485,8,12686.91
partner_485,9,13282.39
partner_485,10,12408.89
partner_485,11,14109.54
partner_485,12,11845.63
partner_485,13,10205.08
partner_485,14,10311.85
partner_485,15,11916.69
partner_485,16,10330.28
partner_485,17,9932.0
partner_485,18,10858.86
partner_485,19,8622.84
partner_485,20,7124.23
partner_485,21,8113.04
partner_485,22,8781.71
partner_485,23,8081.82
partner_485,24,6762.32
partner_485,25,8532.84
partner_485,26,7610.32
partner_486,0,8133.2
partner_486,1,10087.46
partner_486,2,11186.67
partner_486,3,11968.2
partner_486,4,12065.13
partner_486,5,12392.88
partner_486,6,10202.58
partner_486,7,12915.16
partner_486,8,12252.82
partner_486,9,16012.16
partner_486,10,16547.09
partner_486,11,14092.54
partner_486,12,16237.49
partner_486,13,17511.98
partner_486,14,19511.33
partner_486,15,15607.57
partner_486,16,15300.16
partner_486,17,20651.21
partner_486,18,16094.75
partner_486,19,22931.53
partner_486,20,25046.16
partner_486,21,27830.68
partner_486,22,24330.29
partner_486,23,27616.07
partner_486,24,30323.76
partner_486,25,26315.13
partner_486,26,34097.15
partner_487,0,28294.06
partner_487,1,28681.84
partner_487,2,32690.76
partner_487,3,30476.29
partner_487,4,33710.14
partner_487,5,32230.77
partner_487,6,32467.22
partner_487,7,37992.91
partner_487,8,35449.84
partner_487,9,43849.87
partner_487,10,44834.4
partner_487,11,40752.84
partner_487,12,46991.08
partner_487,13,44273.85
partner_487,14,41984.63
partner_487,15,49022.19
partner_487,16,54081.47
partner_487,17,59623.25
partner_487,18,59963.66
partner_487,19,67186.05
partner_487,20,57916.17
partner_487,21,64428.22
partner_487,22,81277.53
partner_487,23,58718.18
partner_487,24,72439.3
partner_487,25,70622.18
partner_487,26,80852.76
partner_488,0,19149.21
partner_488,1,21146.86
partner_488,2,17593.25
partner_488,3,18689.65
partner_488,4,19486.82
partner_488,5,20537.36
partner_488,6,23332.38
partner_488,7,19710.67
partner_488,8,16242.85
partner_488,9,17569.03
partner_488,10,17719.5
partner_488,11,16192.64
partner_488,12,17549.23
partner_488,13,12712.24
partner_488,14,17034.19
partner_488,15,15085.52
partner_488,16,15374.01
partner_488,17,17490.36
partner_488,18,13081.35
partner_488,19,15091.12
partner_488,20,15560.9
partner_488,21,14388.32
partner_488,22,11642.3
partner_488,23,15464.09
partner_488,24,13087.46
partner_488,25,12428.39
partner_488,26,12475.94
partner_489,0,10484.84
partner_489,1,10388.06
partner_489,2,8065.59
partner_489,3,6826.3
partner_489,4,6447.13
partner_489,5,6011.07
partner_489,6,8637.44
partner_489,7,7595.98
partner_489,8,6695.59
partner_489,9,8664.92
partner_489,10,9146.27
partner_489,11,8025.34
partner_489,12,9669.91
partner_489,13,10373.26
partner_489,14,6593.98
partner_489,15,7350.94
partner_489,16,7992.51
partner_489,17,6470.21
partner_489,18,7760.45
partner_489,19,8468.72
partner_489,20,7963.01
partner_489,21,7827.43
partner_489,22,7999.53
partner_489,23,10696.86
partner_489,24,9820.79
partner_489,25,11460.44
partner_489,26,7879.34
partner_49,0,8242.3
partner_49,1,7401.96
partner_49,2,7862.58
partner_49,3,10042.5
partner_49,4,10227.56
partner_49,5,9597.08
partner_49,6,9522.93
partner_49,7,11540.75
partner_49,8,9727.7
partner_49,9,11685.72
partner_49,10,14368.21
partner_49,11,12439.46
partner_49,12,11706.31
partner_49,13,13754.91
partner_49,14,13109.71
partner_49,15,12325.52
partner_49,16,15956.76
partner_49,17,17260.3
partner_49,18,15661.03
partner_49,19,16193.71
partner_49,20,15836.12
partner_49,21,17968.17
partner_49,22,17924.08
partner_49,23,17774.31
partner_49,24,24482.35
partner_49,25,22433.78
partner_49,26,23593.03
partner_490,0,38453.85
partner_490,1,43373.65
partner_490,2,48031.73
partner_490,3,66498.98
partner_490,4,61412.99
partner_490,5,37027.77
partner_490,6,37659.25
partner_490,7,43259.53
partner_490,8,36766.07
partner_490,9,37378.52
partner_490,10,45655.21
partner_490,11,41731.16
partner_490,12,48387.0
partner_490,13,47597.91
partner_490,14,59313.11
partner_490,15,69991.61
partner_490,16,78989.8
partner_490,17,49552.67
partner_490,18,49204.42
partner_490,19,41613.84
partner_490,20,40286.76
partner_490,21,48416.23
partner_490,22,51559.71
partner_490,23,51238.04
partner_490,24,47835.26
partner_490,25,57289.62
partner_490,26,68945.31
partner_491,0,94530.21
partner_491,1,108787.76
partner_491,2,98522.16
partner_491,3,75906.33
partner_491,4,74713.73
partner_491,5,80929.37
partner_491,6,84884.84
partner_491,7,85574.56
partner_491,8,86553.22
partner_491,9,70651.22
partner_491,10,67800.53
partner_491,11,95948.1
partner_491,12,118916.62
partner_491,13,139173.32
partner_491,14,126580.13
partner_491,15,61655.03
partner_491,16,80046.62
partner_491,17,81709.59
partner_491,18,87312.96
partner_491,19,88909.4
partner_491,20,85127.08
partner_491,21,74064.11
partner_491,22,73075.0
partner_491,23,95183.23
partner_491,24,99025.42
partner_491,25,142261.92
partner_491,26,103090.53
partner_492,0,9828.66
partner_492,1,8896.67
partner_492,2,7602.0
partner_492,3,8857.43
partner_492,4,8668.22
partner_492,5,9918.4
partner_492,6,8036.63
partner_492,7,8902.82
partner_492,8,7244.71
partner_492,9,8517.34
partner_492,10,6162.28
partner_492,11,9379.63
partner_492,12,7468.22
partner_492,13,5331.75
partner_492,14,6709.3
partner_492,15,6442.34
partner_492,16,6444.68
partner_492,17,6491.52
partner_492,18,6145.0
partner_492,19,5903.74
partner_492,20,5552.01
partner_492,21,6638.21
partner_492,22,6711.69
partner_492,23,5704.12
partner_492,24,5707.42
partner_492,25,4955.96
partner_492,26,5494.35
partner_493,0,9118.18
partner_493,1,9260.34
partner_493,2,8230.54
partner_493,3,10547.23
partner_493,4,9450.63
partner_493,5,11540.79
partner_493,6,10549.36
partner_493,7,12412.31
partner_493,8,11867.7
partner_493,9,11123.68
partner_493,10,10334.24
partner_493,11,10608.87
partner_493,12,12308.26
partner_493,13,12139.44
partner_493,14,11535.73
partner_493,15,13600.2
partner_493,16,12907.99
partner_493,17,14274.18
partner_493,18,12172.23
partner_493,19,15195.01
partner_493,20,14857.42
partner_493,21,16226.33
partner_493,22,16292.24
partner_493,23,15071.58
partner_493,24,15311.07
partner_493,25,18788.34
partner_493,26,15856.55
partner_494,0,76849.0
partner_494,1,79628.57
partner_494,2,90790.71
partner_494,3,89745.75
partner_494,4,83912.25
partner_494,5,86367.0
partner_494,6,77396.67
partner_494,7,66043.89
partner_494,8,72907.63
partner_494,9,67271.04
partner_494,10,59924.28
partner_494,11,64006.14
partner_494,12,59214.38
partner_494,13,53053.47
partner_494,14,53314.61
partner_494,15,59550.45
partner_494,16,57077.26
partner_494,17,49114.0
partner_494,18,46602.96
partner_494,19,38157.79
partner_494,20,50174.63
partner_494,21,45418.06
partner_494,22,42531.82
partner_494,23,29374.04
partner_494,24,36698.38
partner_494,25,34684.87
partner_494,26,36074.94
partner_495,0,62064.96
partner_495,1,55946.91
partner_495,2,59301.43
partner_495,3,66535.36
partner_495,4,76787.14
partner_495,5,75944.19
partner_495,6,80739.63
partner_495,7,76114.12
partner_495,8,90205.47
partner_495,9,67241.23
partner_495,10,101554.7
partner_495,11,106500.26
partner_495,12,95082.28
partner_495,13,102193.78
partner_495,14,97509.9
partner_495,15,99426.21
partner_495,16,98928.46
partner_495,17,108782.48
partner_495,18,119725.4
partner_495,19,122616.63
partner_495,20,146345.54
partner_495,21,127942.09
partner_495,22,111857.85
partner_495,23,158777.07
partner_495,24,124199.02
partner_495,25,138569.53
partner_495,26,156425.93
partner_496,0,27334.94
partner_496,1,26405.09
partner_496,2,34542.97
partner_496,3,38160.62
partner_496,4,31428.47
partner_496,5,41306.47
partner_496,6,43084.9
partner_496,7,38631.48
partner_496,8,34790.7
partner_496,9,40653.32
partner_496,10,44929.31
partner_496,11,57853.39
partner_496,12,51971.93
partner_496,13,49628.07
partner_496,14,58757.82
partner_496,15,52883.52
partner_496,16,67023.67
partner_496,17,60345.15
partner_496,18,64335.46
partner_496,19,76398.79
partner_496,20,90782.37
partner_496,21,98881.1
partner_496,22,76212.11
partner_496,23,83921.12
partner_496,24,98468.0
partner_496,25,109735.51
partner_496,26,80780.79
partner_497,0,20907.74
partner_497,1,23179.29
partner_497,2,26084.51
partner_497,3,28750.39
partner_497,4,32519.04
partner_497,5,31613.77
partner_497,6,34546.04
partner_497,7,32701.61
partner_497,8,31332.16
partner_497,9,34198.91
partner_497,10,38512.06
partner_497,11,41058.18
partner_497,12,37894.96
partner_497,13,36060.32
partner_497,14,42466.48
partner_497,15,44495.29
partner_497,16,49300.31
partner_497,17,42283.08
partner_497,18,43752.77
partner_497,19,52120.3
partner_497,20,48041.08
partner_497,21,49433.8
partner_497,22,60206.99
partner_497,23,47711.5
partner_497,24,68897.23
partner_497,25,55445.1
partner_497,26,66335.59
partner_498,0,7458.03
partner_498,1,8184.94
partner_498,2,7163.15
partner_498,3,6885.97
partner_498,4,8493.67
partner_498,5,7097.9
partner_498,6,6495.39
partner_498,7,5834.95
partner_498,8,8008.38
partner_498,9,6276.71
partner_498,10,7887.43
partner_498,11,6693.31
partner_498,12,6426.14
partner_498,13,6342.14
partner_498,14,7498.64
partner_498,15,4717.54
partner_498,16,6074.8
partner_498,17,5698.78
partner_498,18,5639.41
partner_498,19,5756.49
partner_498,20,5434.19
partner_498,21,5598.64
partner_498,22,5396.3
partner_498,23,4624.84
partner_498,24,5440.54
partner_498,25,5527.84
partner_498,26,4802.31
partner_499,0,57228.77
partner_499,1,55772.73
partner_499,2,50387.08
partner_499,3,54606.76
partner_499,4,55330.31
partner_499,5,50424.47
partner_499,6,42922.73
partner_499,7,44233.94
partner_499,8,45814.37
partner_499,9,45815.09
partner_499,10,40924.69
partner_499,11,37959.07
partner_499,12,45479.63
partner_499,13,34196.6
partner_499,14,33853.4
partner_499,15,31622.38
partner_499,16,32216.86
partner_499,17,39036.32
partner_499,18,38199.15
partner_499,19,32792.8
partner_499,20,33832.7
partner_499,21,31415.0
partner_499,22,27024.99
partner_499,23,36575.03
partner_499,24,33221.24
partner_499,25,29504.88
partner_499,26,25421.62
partner_5,0,12311.3
partner_5,1,13429.11
partner_5,2,14578.01
partner_5,3,14384.37
partner_5,4,13095.22
partner_5,5,12923.16
partner_5,6,10993.67
partner_5,7,11902.01
partner_5,8,13731.28
partner_5,9,13124.14
partner_5,10,13407.33
partner_5,11,14690.62
partner_5,12,11727.58
partner_5,13,12993.32
partner_5,14,13558.75
partner_5,15,12370.55
partner_5,16,15212.58
partner_5,17,14516.74
partner_5,18,13693.72
partner_5,19,15695.32
partner_5,20,11312.95
partner_5,21,13297.34
partner_5,22,13795.13
partner_5,23,12090.57
partner_5,24,13707.8
partner_5,25,11835.03
partner_5,26,14226.59
partner_50,0,11141.4
partner_50,1,12270.37
partner_50,2,13180.16
partner_50,3,14097.02
partner_50,4,14291.39
partner_50,5,16747.74
partner_50,6,11255.73
partner_50,7,9331.86
partner_50,8,12108.89
partner_50,9,12654.7
partner_50,10,14480.07
partner_50,11,11127.61
partner_50,12,11023.07
partner_50,13,10634.57
partner_50,14,13239.34
partner_50,15,15217.39
partner_50,16,15411.45
partner_50,17,16502.73
partner_50,18,9378.91
partner_50,19,12794.18
partner_50,20,10822.73
partner_50,21,11702.83
partner_50,22,10083.09
partner_50,23,11097.98
partner_50,24,11524.07
partner_50,25,12158.17
partner_50,26,13829.85
partner_500,0,7382.99
partner_500,1,7858.22
partner_500,2,7674.49
partner_500,3,7078.14
partner_500,4,10475.29
partner_500,5,9214.69
partner_500,6,9811.37
partner_500,7,9368.07
partner_500,8,8603.73
partner_500,9,10540.69
partner_500,10,10722.27
partner_500,11,12370.32
partner_500,12,13132.06
partner_500,13,13512.44
partner_500,14,14378.12
partner_500,15,16100.66
partner_500,16,14773.73
partner_500,17,16452.33
partner_500,18,16215.28
partner_500,19,13047.47
partner_500,20,16532.34
partner_500,21,15985.68
partner_500,22,18669.91
partner_500,23,17517.49
partner_500,24,21030.64
partner_500,25,22699.23
partner_500,26,24142.3
partner_501,0,12726.69
partner_501,1,13456.02
partner_501,2,19765.58
partner_501,3,16832.67
partner_501,4,15632.35
partner_501,5,15338.17
partner_501,6,15202.26
partner_501,7,12332.65
partner_501,8,14108.36
partner_501,9,15118.19
partner_501,10,14194.7
partner_501,11,14394.57
partner_501,12,19201.29
partner_501,13,14904.43
partner_501,14,15714.41
partner_501,15,15660.01
partner_501,16,16190.43
partner_501,17,14559.47
partner_501,18,17195.73
partner_501,19,15967.36
partner_501,20,13321.22
partner_501,21,15124.83
partner_501,22,15025.99
partner_501,23,14955.63
partner_501,24,16067.87
partner_501,25,16259.64
partner_501,26,16079.11
partner_502,0,22470.8
partner_502,1,30272.56
partner_502,2,28901.63
partner_502,3,24372.04
partner_502,4,27266.66
partner_502,5,27706.36
partner_502,6,28517.75
partner_502,7,26322.58
partner_502,8,25360.63
partner_502,9,26387.52
partner_502,10,22924.03
partner_502,11,24157.17
partner_502,12,21348.27
partner_502,13,24810.57
partner_502,14,18381.79
partner_502,15,23249.13
partner_502,16,21124.11
partner_502,17,22684.73
partner_502,18,18711.76
partner_502,19,20090.9
partner_502,20,19653.23
partner_502,21,19996.52
partner_502,22,16832.53
partner_502,23,19619.81
partner_502,24,14756.51
partner_502,25,16568.72
partner_502,26,14696.32
partner_503,0,188480.06
partner_503,1,160565.52
partner_503,2,105365.93
partner_503,3,100895.85
partner_503,4,100292.33
partner_503,5,115445.47
partner_503,6,124513.71
partner_503,7,99607.91
partner_503,8,114641.28
partner_503,9,114534.02
partner_503,10,130421.79
partner_503,11,159168.73
partner_503,12,177432.52
partner_503,13,118838.35
partner_503,14,127989.97
partner_503,15,104209.67
partner_503,16,110299.46
partner_503,17,111566.42
partner_503,18,106120.22
partner_503,19,119102.9
partner_503,20,117705.96
partner_503,21,115123.97
partner_503,22,143153.84
partner_503,23,172973.53
partner_503,24,224100.6
partner_503,25,179234.29
partner_503,26,113988.91
partner_504,0,30395.98
partner_504,1,32715.7
partner_504,2,35810.91
partner_504,3,37275.63
partner_504,4,38343.65
partner_504,5,36560.64
partner_504,6,45681.25
partner_504,7,49971.55
partner_504,8,37136.96
partner_504,9,40345.82
partner_504,10,54685.51
partner_504,11,59832.26
partner_504,12,42351.88
partner_504,13,60553.56
partner_504,14,67797.31
partner_504,15,55387.68
partner_504,16,73033.25
partner_504,17,64456.65
partner_504,18,70431.09
partner_504,19,65938.23
partner_504,20,81326.05
partner_504,21,83338.63
partner_504,22,93839.23
partner_504,23,95274.0
partner_504,24,86570.66
partner_504,25,118184.42
partner_504,26,106483.03
partner_505,0,8411.41
partner_505,1,8347.61
partner_505,2,8692.24
partner_505,3,10717.55
partner_505,4,9706.61
partner_505,5,8536.47
partner_505,6,8814.22
partner_505,7,8553.44
partner_505,8,9316.73
partner_505,9,7731.18
partner_505,10,8619.41
partner_505,11,8428.44
partner_505,12,7357.62
partner_505,13,9154.36
partner_505,14,7532.61
partner_505,15,6869.48
partner_505,16,8132.67
partner_505,17,7402.95
partner_505,18,7529.84
partner_505,19,6266.07
partner_505,20,7551.55
partner_505,21,8353.08
partner_505,22,5891.1
partner_505,23,6859.6
partner_505,24,5998.17
partner_505,25,8116.01
partner_505,26,7063.23
partner_506,0,8072.57
partner_506,1,9880.56
partner_506,2,8153.4
partner_506,3,8401.18
partner_506,4,9958.34
partner_506,5,10351.09
partner_506,6,10885.68
partner_506,7,10293.49
partner_506,8,12070.87
partner_506,9,10370.43
partner_506,10,12381.1
partner_506,11,12217.74
partner_506,12,13018.14
partner_506,13,14098.16
partner_506,14,12354.65
partner_506,15,12410.61
partner_506,16,11339.86
partner_506,17,11179.1
partner_506,18,14127.51
partner_506,19,14605.21
partner_506,20,13511.33
partner_506,21,14206.09
partner_506,22,18410.49
partner_506,23,17839.06
partner_506,24,14715.24
partner_506,25,16523.94
partner_506,26,18470.26
partner_507,0,52641.51
partner_507,1,58478.7
partner_507,2,57056.42
partner_507,3,45751.01
partner_507,4,49991.8
partner_507,5,46220.39
partner_507,6,40246.22
partner_507,7,42029.17
partner_507,8,36619.89
partner_507,9,45286.33
partner_507,10,45355.18
partner_507,11,36434.49
partner_507,12,34382.89
partner_507,13,39336.77
partner_507,14,38624.93
partner_507,15,29612.7
partner_507,16,31774.76
partner_507,17,31028.48
partner_507,18,27877.96
partner_507,19,30360.66
partner_507,20,26309.78
partner_507,21,25898.75
partner_507,22,26226.72
partner_507,23,21822.93
partner_507,24,19711.42
partner_507,25,26219.56
partner_507,26,21519.66
partner_508,0,156095.09
partner_508,1,212925.77
partner_508,2,198085.14
partner_508,3,177805.25
partner_508,4,147977.62
partner_508,5,223762.38
partner_508,6,220407.23
partner_508,7,240543.86
partner_508,8,236474.36
partner_508,9,224940.09
partner_508,10,255184.08
partner_508,11,299532.73
partner_508,12,283208.34
partner_508,13,297042.35
partner_508,14,274265.94
partner_508,15,342508.98
partner_508,16,316607.34
partner_508,17,408189.76
partner_508,18,363555.01
partner_508,19,399605.15
partner_508,20,525687.14
partner_508,21,439656.29
partner_508,22,455042.82
partner_508,23,528836.41
partner_508,24,430708.23
partner_508,25,619095.56
partner_508,26,634909.42
partner_509,0,30035.29
partner_509,1,27768.8
partner_509,2,36524.94
partner_509,3,37447.79
partner_509,4,36319.05
partner_509,5,31737.31
partner_509,6,42791.96
partner_509,7,37409.06
partner_509,8,46799.07
partner_509,9,41992.5
partner_509,10,44351.28
partner_509,11,41553.6
partner_509,12,51272.3
partner_509,13,49204.32
partner_509,14,54767.96
partner_509,15,50265.79
partner_509,16,50724.86
partner_509,17,55720.33
partner_509,18,62096.73
partner_509,19,61693.3
partner_509,20,58584.93
partner_509,21,48555.19
partner_509,22,66518.58
partner_509,23,54360.08
partner_509,24,65750.21
partner_509,25,66828.45
partner_509,26,59876.65
partner_51,0,142572.79
partner_51,1,133037.13
partner_51,2,129801.89
partner_51,3,158218.35
partner_51,4,187605.31
partner_51,5,206732.81
partner_51,6,166731.67
partner_51,7,118059.0
partner_51,8,125990.5
partner_51,9,140350.52
partner_51,10,130572.64
partner_51,11,146464.14
partner_51,12,149647.21
partner_51,13,149665.53
partner_51,14,155001.88
partner_51,15,136767.94
partner_51,16,188571.47
partner_51,17,193608.39
partner_51,18,173000.83
partner_51,19,132932.51
partner_51,20,155774.31
partner_51,21,144610.25
partner_51,22,166967.37
partner_51,23,142109.74
partner_51,24,174792.88
partner_51,25,144412.23
partner_51,26,147199.18
partner_510,0,35268.01
partner_510,1,28109.78
partner_510,2,31239.2
partner_510,3,35852.33
partner_510,4,31519.89
partner_510,5,27145.73
partner_510,6,29704.6
partner_510,7,30411.93
partner_510,8,33177.34
partner_510,9,32539.65
partner_510,10,20979.53
partner_510,11,26532.42
partner_510,12,28813.67
partner_510,13,26070.82
partner_510,14,18280.36
partner_510,15,26911.34
partner_510,16,29006.38
partner_510,17,27492.65
partner_510,18,26124.04
partner_510,19,29137.18
partner_510,20,30012.39
partner_510,21,27657.14
partner_510,22,32997.23
partner_510,23,29184.33
partner_510,24,26488.0
partner_510,25,25753.81
partner_510,26,28398.89
partner_511,0,13232.69
partner_511,1,12374.72
partner_511,2,14431.83
partner_511,3,12272.93
partner_511,4,10785.12
partner_511,5,12219.51
partner_511,6,12032.33
partner_511,7,10531.17
partner_511,8,9511.81
partner_511,9,11133.24
partner_511,10,10438.33
partner_511,11,8637.56
partner_511,12,10248.75
partner_511,13,9185.61
partner_511,14,8170.54
partner_511,15,9120.08
partner_511,16,10469.48
partner_511,17,10208.72
partner_511,18,9787.3
partner_511,19,9012.66
partner_511,20,9128.21
partner_511,21,8539.88
partner_511,22,7383.62
partner_511,23,7410.4
partner_511,24,7512.7
partner_511,25,8951.46
partner_511,26,8536.58
partner_512,0,4984.82
partner_512,1,5213.83
partner_512,2,5110.54
partner_512,3,6280.08
partner_512,4,5603.65
partner_512,5,5848.3
partner_512,6,5967.92
partner_512,7,5339.99
partner_512,8,6134.49
partner_512,9,6845.18
partner_512,10,7238.57
partner_512,11,5694.92
partner_512,12,5563.57
partner_512,13,6730.16
partner_512,14,7576.47
partner_512,15,7204.05
partner_512,16,7572.97
partner_512,17,6246.45
partner_512,18,6950.26
partner_512,19,5865.99
partner_512,20,7555.21
partner_512,21,6123.66
partner_512,22,9030.46
partner_512,23,9388.37
partner_512,24,8401.21
partner_512,25,7169.71
partner_512,26,8937.01
partner_513,0,15362.74
partner_513,1,16828.02
partner_513,2,13788.07
partner_513,3,21215.29
partner_513,4,18226.18
partner_513,5,21711.4
partner_513,6,22700.55
partner_513,7,23245.38
partner_513,8,31626.98
partner_513,9,15910.33
partner_513,10,18681.17
partner_513,11,18983.98
partner_513,12,18441.87
partner_513,13,16989.72
partner_513,14,18300.16
partner_513,15,17029.8
partner_513,16,21135.62
partner_513,17,22976.06
partner_513,18,25833.06
partner_513,19,28200.84
partner_513,20,36455.93
partner_513,21,16960.27
partner_513,22,16603.35
partner_513,23,19612.45
partner_513,24,19399.96
partner_513,25,22256.12
partner_513,26,21515.1
partner_514,0,8485.36
partner_514,1,9955.73
partner_514,2,8569.73
partner_514,3,7914.21
partner_514,4,8800.74
partner_514,5,6472.29
partner_514,6,8880.64
partner_514,7,10042.78
partner_514,8,9753.08
partner_514,9,9626.39
partner_514,10,10114.55
partner_514,11,10715.67
partner_514,12,11204.05
partner_514,13,10410.26
partner_514,14,9804.87
partner_514,15,7907.88
partner_514,16,11476.35
partner_514,17,11169.46
partner_514,18,10958.1
partner_514,19,10212.61
partner_514,20,12219.46
partner_514,21,11032.16
partner_514,22,11466.26
partner_514,23,11625.77
partner_514,24,12413.98
partner_514,25,10684.45
partner_514,26,12955.42
partner_515,0,5584.76
partner_515,1,6526.75
partner_515,2,5399.35
partner_515,3,6525.67
partner_515,4,6056.74
partner_515,5,5007.66
partner_515,6,6814.1
partner_515,7,6181.99
partner_515,8,6232.28
partner_515,9,6599.9
partner_515,10,6894.89
partner_515,11,6116.5
partner_515,12,6366.08
partner_515,13,6218.52
partner_515,14,5790.38
partner_515,15,5046.54
partner_515,16,6124.83
partner_515,17,6822.77
partner_515,18,6345.73
partner_515,19,5355.94
partner_515,20,6654.03
partner_515,21,5810.4
partner_515,22,4741.59
partner_515,23,6606.29
partner_515,24,5429.12
partner_515,25,7063.68
partner_515,26,6684.16
partner_516,0,23871.09
partner_516,1,28354.75
partner_516,2,25105.0
partner_516,3,23366.35
partner_516,4,29416.54
partner_516,5,23091.06
partner_516,6,24150.57
partner_516,7,20686.02
partner_516,8,19000.55
partner_516,9,22165.87
partner_516,10,22910.37
partner_516,11,23574.18
partner_516,12,19582.41
partner_516,13,24330.55
partner_516,14,20927.55
partner_516,15,24212.01
partner_516,16,24956.47
partner_516,17,21920.05
partner_516,18,20623.01
partner_516,19,26345.74
partner_516,20,24814.93
partner_516,21,23169.56
partner_516,22,26174.06
partner_516,23,23012.74
partner_516,24,21406.54
partner_516,25,20536.55
partner_516,26,22576.68
partner_517,0,10918.71
partner_517,1,11856.87
partner_517,2,10044.5
partner_517,3,9185.07
partner_517,4,8408.58
partner_517,5,8913.5
partner_517,6,7957.62
partner_517,7,10624.76
partner_517,8,8965.13
partner_517,9,8256.67
partner_517,10,9485.73
partner_517,11,6832.3
partner_517,12,7520.65
partner_517,13,8882.06
partner_517,14,7081.66
partner_517,15,8681.32
partner_517,16,7302.37
partner_517,17,7430.49
partner_517,18,7231.37
partner_517,19,6193.9
partner_517,20,5718.06
partner_517,21,5768.13
partner_517,22,5105.55
partner_517,23,5462.45
partner_517,24,5335.34
partner_517,25,6056.63
partner_517,26,5328.03
partner_518,0,18078.38
partner_518,1,19040.07
partner_518,2,21760.03
partner_518,3,17960.7
partner_518,4,14860.43
partner_518,5,16295.08
partner_518,6,14102.6
partner_518,7,13224.57
partner_518,8,17683.3
partner_518,9,13637.75
partner_518,10,13791.34
partner_518,11,12881.26
partner_518,12,12156.69
partner_518,13,10954.81
partner_518,14,11114.74
partner_518,15,11372.91
partner_518,16,12048.82
partner_518,17,11079.14
partner_518,18,8523.1
partner_518,19,10229.62
partner_518,20,9353.1
partner_518,21,8028.43
partner_518,22,8362.71
partner_518,23,8328.02
partner_518,24,7590.58
partner_518,25,7594.0
partner_518,26,6349.92
partner_519,0,58685.1
partner_519,1,60054.19
partner_519,2,64377.13
partner_519,3,58685.6
partner_519,4,73659.93
partner_519,5,68118.34
partner_519,6,63374.03
partner_519,7,66859.29
partner_519,8,79372.62
partner_519,9,68788.71
partner_519,10,100862.21
partner_519,11,98609.2
partner_519,12,110213.86
partner_519,13,114055.81
partner_519,14,98027.59
partner_519,15,96867.75
partner_519,16,81112.82
partner_519,17,110969.89
partner_519,18,142102.53
partner_519,19,115671.57
partner_519,20,128917.38
partner_519,21,129872.36
partner_519,22,148954.17
partner_519,23,169191.21
partner_519,24,132438.77
partner_519,25,141417.04
partner_519,26,196036.07
partner_52,0,5328.11
partner_52,1,4554.74
partner_52,2,4485.24
partner_52,3,5409.95
partner_52,4,5350.97
partner_52,5,5338.42
partner_52,6,4621.85
partner_52,7,4771.09
partner_52,8,4766.83
partner_52,9,5170.8
partner_52,10,5540.55
partner_52,11,4972.08
partner_52,12,5742.6
partner_52,13,5225.79
partner_52,14,4682.94
partner_52,15,5192.95
partner_52,16,5613.63
partner_52,17,5753.82
partner_52,18,5364.71
partner_52,19,4807.85
partner_52,20,4691.62
partner_52,21,5071.79
partner_52,22,5598.3
partner_52,23,5003.55
partner_52,24,5013.51
partner_52,25,4820.18
partner_52,26,4638.29
partner_520,0,9261.86
partner_520,1,11775.86
partner_520,2,10750.92
partner_520,3,11583.52
partner_520,4,8559.05
partner_520,5,11900.22
partner_520,6,15120.72
partner_520,7,15772.34
partner_520,8,17942.51
partner_520,9,12512.31
partner_520,10,10124.72
partner_520,11,12173.18
partner_520,12,10173.83
partner_520,13,11405.5
partner_520,14,12147.01
partner_520,15,10539.9
partner_520,16,12771.06
partner_520,17,12216.77
partner_520,18,13969.06
partner_520,19,17896.14
partner_520,20,15383.78
partner_520,21,10700.26
partner_520,22,13019.99
partner_520,23,11971.71
partner_520,24,10164.72
partner_520,25,12968.23
partner_520,26,11515.77
partner_521,0,4976.5
partner_521,1,4018.73
partner_521,2,3708.76
partner_521,3,4341.2
partner_521,4,4247.43
partner_521,5,3488.53
partner_521,6,3980.64
partner_521,7,4236.07
partner_521,8,3841.01
partner_521,9,3649.43
partner_521,10,3240.14
partner_521,11,2891.99
partner_521,12,2899.02
partner_521,13,2932.2
partner_521,14,2365.23
partner_521,15,2405.73
partner_521,16,2152.22
partner_521,17,2475.51
partner_521,18,2349.3
partner_521,19,2098.02
partner_521,20,2339.63
partner_521,21,1865.36
partner_521,22,1868.15
partner_521,23,2083.87
partner_521,24,2035.08
partner_521,25,1651.11
partner_521,26,1768.17
partner_522,0,18571.61
partner_522,1,19974.2
partner_522,2,20160.93
partner_522,3,20738.67
partner_522,4,18606.21
partner_522,5,22382.39
partner_522,6,23485.64
partner_522,7,24580.1
partner_522,8,22047.68
partner_522,9,26790.61
partner_522,10,22015.92
partner_522,11,25066.67
partner_522,12,26316.7
partner_522,13,24428.67
partner_522,14,28043.92
partner_522,15,30500.59
partner_522,16,25199.06
partner_522,17,30590.89
partner_522,18,27149.51
partner_522,19,40930.68
partner_522,20,35862.6
partner_522,21,36735.32
partner_522,22,38349.53
partner_522,23,41061.1
partner_522,24,43914.91
partner_522,25,34864.65
partner_522,26,48287.91
partner_523,0,13011.42
partner_523,1,8808.63
partner_523,2,10845.76
partner_523,3,12636.96
partner_523,4,13050.81
partner_523,5,12124.64
partner_523,6,10877.68
partner_523,7,12677.92
partner_523,8,11346.86
partner_523,9,9606.16
partner_523,10,11815.25
partner_523,11,8375.64
partner_523,12,7780.68
partner_523,13,8476.14
partner_523,14,7931.21
partner_523,15,8020.09
partner_523,16,8717.51
partner_523,17,7803.48
partner_523,18,7587.99
partner_523,19,7408.92
partner_523,20,5491.92
partner_523,21,5878.79
partner_523,22,6461.09
partner_523,23,5968.26
partner_523,24,6174.86
partner_523,25,6991.9
partner_523,26,5902.13
partner_524,0,16104.42
partner_524,1,13930.68
partner_524,2,19641.92
partner_524,3,22304.17
partner_524,4,21544.12
partner_524,5,13922.0
partner_524,6,14234.29
partner_524,7,13830.99
partner_524,8,13089.92
partner_524,9,16809.81
partner_524,10,16110.1
partner_524,11,14457.0
partner_524,12,15815.5
partner_524,13,17242.64
partner_524,14,23643.92
partner_524,15,23475.19
partner_524,16,23403.65
partner_524,17,14896.35
partner_524,18,14201.41
partner_524,19,16906.47
partner_524,20,15828.4
partner_524,21,13632.94
partner_524,22,15555.96
partner_524,23,16210.63
partner_524,24,12138.09
partner_524,25,15143.12
partner_524,26,19953.61
partner_525,0,26692.47
partner_525,1,31541.12
partner_525,2,34011.38
partner_525,3,34161.28
partner_525,4,37547.71
partner_525,5,32684.58
partner_525,6,31209.84
partner_525,7,28179.71
partner_525,8,31171.02
partner_525,9,34711.56
partner_525,10,34858.07
partner_525,11,33275.74
partner_525,12,34191.53
partner_525,13,36555.67
partner_525,14,32661.91
partner_525,15,36850.46
partner_525,16,30062.26
partner_525,17,32180.31
partner_525,18,30859.14
partner_525,19,34987.68
partner_525,20,29129.15
partner_525,21,31374.8
partner_525,22,26389.22
partner_525,23,34344.74
partner_525,24,36459.73
partner_525,25,35370.22
partner_525,26,35052.27
partner_526,0,19355.24
partner_526,1,10494.7
partner_526,2,11044.7
partner_526,3,11389.12
partner_526,4,10968.19
partner_526,5,9605.48
partner_526,6,10025.01
partner_526,7,11817.55
partner_526,8,13091.11
partner_526,9,13446.91
partner_526,10,20668.52
partner_526,11,17100.93
partner_526,12,19739.78
partner_526,13,13222.93
partner_526,14,13004.07
partner_526,15,12565.25
partner_526,16,13100.48
partner_526,17,11941.68
partner_526,18,13909.27
partner_526,19,13590.91
partner_526,20,11449.86
partner_526,21,14458.64
partner_526,22,14271.03
partner_526,23,22625.98
partner_526,24,20148.0
partner_526,25,13858.02
partner_526,26,12119.66
partner_527,0,42100.57
partner_527,1,33751.06
partner_527,2,29982.22
partner_527,3,37131.38
partner_527,4,40096.68
partner_527,5,32639.94
partner_527,6,32983.73
partner_527,7,34107.39
partner_527,8,29613.22
partner_527,9,31013.44
partner_527,10,39250.72
partner_527,11,32873.91
partner_527,12,30524.08
partner_527,13,31808.4
partner_527,14,36888.39
partner_527,15,26731.78
partner_527,16,34162.7
partner_527,17,41517.07
partner_527,18,40080.7
partner_527,19,35223.94
partner_527,20,37699.99
partner_527,21,37667.96
partner_527,22,32895.08
partner_527,23,36395.24
partner_527,24,39272.9
partner_527,25,29104.21
partner_527,26,35235.43
partner_528,0,81724.11
partner_528,1,81007.98
partner_528,2,82763.58
partner_528,3,83442.26
partner_528,4,89938.05
partner_528,5,84744.12
partner_528,6,79450.78
partner_528,7,74095.52
partner_528,8,77068.04
partner_528,9,83002.18
partner_528,10,75178.23
partner_528,11,88540.78
partner_528,12,84368.31
partner_528,13,90139.56
partner_528,14,75722.23
partner_528,15,74167.14
partner_528,16,90079.14
partner_528,17,81940.81
partner_528,18,79251.46
partner_528,19,86541.05
partner_528,20,86240.05
partner_528,21,70731.79
partner_528,22,92089.95
partner_528,23,77569.85
partner_528,24,94640.99
partner_528,25,70102.59
partner_528,26,83457.04
partner_529,0,18626.3
partner_529,1,24738.79
partner_529,2,18745.37
partner_529,3,22534.04
partner_529,4,25774.16
partner_529,5,21980.76
partner_529,6,21113.36
partner_529,7,25068.73
partner_529,8,22631.87
partner_529,9,22270.84
partner_529,10,26170.41
partner_529,11,20501.65
partner_529,12,22144.23
partner_529,13,25222.14
partner_529,14,20351.55
partner_529,15,27331.79
partner_529,16,22707.7
partner_529,17,25240.89
partner_529,18,25236.04
partner_529,19,22857.55
partner_529,20,22099.19
partner_529,21,23111.3
partner_529,22,24865.24
partner_529,23,20921.43
partner_529,24,20418.14
partner_529,25,26656.01
partner_529,26,21505.35
partner_53,0,8785.8
partner_53,1,7121.91
partner_53,2,7138.76
partner_53,3,6313.13
partner_53,4,7208.12
partner_53,5,7440.59
partner_53,6,7405.56
partner_53,7,6326.11
partner_53,8,6380.54
partner_53,9,5782.2
partner_53,10,6016.86
partner_53,11,5736.65
partner_53,12,5444.6
partner_53,13,5340.66
partner_53,14,5358.69
partner_53,15,4842.91
partner_53,16,4738.29
partner_53,17,5532.88
partner_53,18,5846.1
partner_53,19,3937.13
partner_53,20,3807.67
partner_53,21,3833.87
partner_53,22,4083.5
partner_53,23,4375.32
partner_53,24,4139.13
partner_53,25,3868.83
partner_53,26,3897.32
partner_530,0,28738.08
partner_530,1,29040.74
partner_530,2,32497.93
partner_530,3,37635.48
partner_530,4,42602.2
partner_530,5,43730.01
partner_530,6,35247.26
partner_530,7,32631.21
partner_530,8,29648.51
partner_530,9,33994.16
partner_530,10,26252.65
partner_530,11,35806.41
partner_530,12,36039.42
partner_530,13,40565.06
partner_530,14,40484.78
partner_530,15,45533.45
partner_530,16,56755.19
partner_530,17,47498.25
partner_530,18,31952.07
partner_530,19,33319.42
partner_530,20,38431.77
partner_530,21,31159.58
partner_530,22,31046.65
partner_530,23,35469.07
partner_530,24,37643.8
partner_530,25,33927.59
partner_530,26,43185.49
partner_531,0,44743.9
partner_531,1,41777.58
partner_531,2,48266.13
partner_531,3,40183.27
partner_531,4,42820.2
partner_531,5,45659.02
partner_531,6,40358.77
partner_531,7,32713.1
partner_531,8,31055.02
partner_531,9,33550.4
partner_531,10,36126.8
partner_531,11,34371.65
partner_531,12,39188.01
partner_531,13,32679.59
partner_531,14,29550.42
partner_531,15,26425.47
partner_531,16,32505.89
partner_531,17,28345.26
partner_531,18,23501.17
partner_531,19,27051.45
partner_531,20,23709.01
partner_531,21,24593.23
partner_531,22,25073.51
partner_531,23,22232.13
partner_531,24,22683.82
partner_531,25,21532.06
partner_531,26,21066.05
partner_532,0,15209.79
partner_532,1,17134.52
partner_532,2,15996.97
partner_532,3,17009.98
partner_532,4,17500.05
partner_532,5,15230.97
partner_532,6,14442.8
partner_532,7,14383.27
partner_532,8,13581.01
partner_532,9,12635.4
partner_532,10,12145.79
partner_532,11,10597.03
partner_532,12,12395.44
partner_532,13,11045.92
partner_532,14,12292.43
partner_532,15,11354.47
partner_532,16,9448.27
partner_532,17,10983.4
partner_532,18,7039.29
partner_532,19,10937.93
partner_532,20,7694.31
partner_532,21,9033.34
partner_532,22,8696.11
partner_532,23,8988.47
partner_532,24,7571.95
partner_532,25,5958.37
partner_532,26,7109.61
partner_533,0,18208.7
partner_533,1,23005.6
partner_533,2,20437.81
partner_533,3,24388.21
partner_533,4,22338.13
partner_533,5,27392.93
partner_533,6,22315.0
partner_533,7,23887.36
partner_533,8,22413.72
partner_533,9,19184.14
partner_533,10,22432.87
partner_533,11,24627.14
partner_533,12,24280.35
partner_533,13,22230.06
partner_533,14,19565.48
partner_533,15,24377.61
partner_533,16,23862.39
partner_533,17,24833.25
partner_533,18,22273.93
partner_533,19,19044.19
partner_533,20,24124.1
partner_533,21,22880.76
partner_533,22,26088.89
partner_533,23,22967.5
partner_533,24,22797.57
partner_533,25,23857.28
partner_533,26,21534.62
partner_534,0,5611.58
partner_534,1,5878.86
partner_534,2,6993.37
partner_534,3,6296.67
partner_534,4,5722.08
partner_534,5,6242.56
partner_534,6,4826.9
partner_534,7,6396.98
partner_534,8,4756.23
partner_534,9,5826.35
partner_534,10,5669.92
partner_534,11,3793.51
partner_534,12,5135.11
partner_534,13,4235.73
partner_534,14,4002.97
partner_534,15,4348.34
partner_534,16,3616.74
partner_534,17,4112.14
partner_534,18,3453.24
partner_534,19,3776.58
partner_534,20,4094.97
partner_534,21,3652.8
partner_534,22,3300.52
partner_534,23,3513.45
partner_534,24,2788.34
partner_534,25,2893.77
partner_534,26,2942.76
partner_535,0,101025.11
partner_535,1,98419.97
partner_535,2,93564.15
partner_535,3,120086.79
partner_535,4,100073.37
partner_535,5,115357.64
partner_535,6,112670.11
partner_535,7,123873.38
partner_535,8,113383.91
partner_535,9,137287.43
partner_535,10,145454.11
partner_535,11,144605.76
partner_535,12,137535.23
partner_535,13,133286.82
partner_535,14,183888.1
partner_535,15,132961.74
partner_535,16,165289.15
partner_535,17,161536.22
partner_535,18,159887.38
partner_535,19,168652.51
partner_535,20,161721.34
partner_535,21,182876.89
partner_535,22,186221.29
partner_535,23,235509.43
partner_535,24,211658.38
partner_535,25,206912.86
partner_535,26,214156.48
partner_536,0,51226.07
partner_536,1,40826.57
partner_536,2,51498.51
partner_536,3,51153.83
partner_536,4,41050.33
partner_536,5,50401.26
partner_536,6,39549.68
partner_536,7,39787.72
partner_536,8,40307.44
partner_536,9,44648.23
partner_536,10,34035.79
partner_536,11,37043.53
partner_536,12,37496.91
partner_536,13,35557.99
partner_536,14,34497.89
partner_536,15,33843.76
partner_536,16,28718.44
partner_536,17,34357.26
partner_536,18,28104.29
partner_536,19,26806.85
partner_536,20,30144.81
partner_536,21,24063.63
partner_536,22,25625.93
partner_536,23,22271.22
partner_536,24,29056.73
partner_536,25,27619.76
partner_536,26,21455.34
partner_537,0,30897.86
partner_537,1,28477.58
partner_537,2,28624.76
partner_537,3,27006.89
partner_537,4,22042.84
partner_537,5,25576.76
partner_537,6,23789.97
partner_537,7,23618.38
partner_537,8,21786.3
partner_537,9,20290.34
partner_537,10,21944.09
partner_537,11,20375.76
partner_537,12,21133.66
partner_537,13,18657.61
partner_537,14,16706.34
partner_537,15,17346.26
partner_537,16,12560.85
partner_537,17,18174.38
partner_537,18,14789.8
partner_537,19,16814.23
partner_537,20,12079.17
partner_537,21,11264.91
partner_537,22,12602.83
partner_537,23,12077.98
partner_537,24,11551.53
partner_537,25,10910.71
partner_537,26,9623.83
partner_538,0,4541.33
partner_538,1,3849.86
partner_538,2,3808.16
partner_538,3,4248.19
partner_538,4,4606.48
partner_538,5,5294.14
partner_538,6,4848.76
partner_538,7,5049.24
partner_538,8,4704.96
partner_538,9,4578.3
partner_538,10,5522.92
partner_538,11,3832.08
partner_538,12,4233.79
partner_538,13,4268.26
partner_538,14,4810.91
partner_538,15,3984.03
partner_538,16,4753.44
partner_538,17,4672.28
partner_538,18,4775.48
partner_538,19,4767.48
partner_538,20,5095.65
partner_538,21,4394.55
partner_538,22,4650.42
partner_538,23,4091.01
partner_538,24,3990.21
partner_538,25,5195.69
partner_538,26,4057.63
partner_539,0,11554.31
partner_539,1,8450.03
partner_539,2,10808.76
partner_539,3,9666.6
partner_539,4,8954.36
partner_539,5,9098.55
partner_539,6,10091.31
partner_539,7,9612.95
partner_539,8,8663.96
partner_539,9,7618.8
partner_539,10,7523.73
partner_539,11,8874.48
partner_539,12,7052.49
partner_539,13,7828.04
partner_539,14,9841.74
partner_539,15,7953.0
partner_539,16,8002.28
partner_539,17,6523.9
partner_539,18,6272.7
partner_539,19,7562.73
partner_539,20,6669.38
partner_539,21,7513.1
partner_539,22,6681.88
partner_539,23,8749.26
partner_539,24,6024.44
partner_539,25,6435.91
partner_539,26,5587.23
partner_54,0,18491.78
partner_54,1,18916.41
partner_54,2,15951.7
partner_54,3,16753.29
partner_54,4,16828.63
partner_54,5,20402.83
partner_54,6,19419.56
partner_54,7,20112.74
partner_54,8,15467.53
partner_54,9,16142.47
partner_54,10,20211.59
partner_54,11,13687.67
partner_54,12,21275.72
partner_54,13,15498.49
partner_54,14,20553.02
partner_54,15,17270.23
partner_54,16,20942.64
partner_54,17,25035.41
partner_54,18,14645.81
partner_54,19,20272.55
partner_54,20,15527.22
partner_54,21,19763.42
partner_54,22,18562.57
partner_54,23,19200.5
partner_54,24,17226.44
partner_54,25,20433.98
partner_54,26,16209.21
partner_540,0,41444.24
partner_540,1,35932.89
partner_540,2,38464.66
partner_540,3,45106.11
partner_540,4,44633.78
partner_540,5,34150.93
partner_540,6,37880.04
partner_540,7,46873.74
partner_540,8,39054.86
partner_540,9,40433.39
partner_540,10,43749.98
partner_540,11,34474.26
partner_540,12,36017.39
partner_540,13,38439.44
partner_540,14,44448.65
partner_540,15,43721.8
partner_540,16,42542.24
partner_540,17,39165.03
partner_540,18,44153.54
partner_540,19,39112.0
partner_540,20,41984.7
partner_540,21,43298.23
partner_540,22,46383.92
partner_540,23,39490.73
partner_540,24,38286.44
partner_540,25,44804.3
partner_540,26,45106.18
partner_541,0,23698.85
partner_541,1,17187.95
partner_541,2,16581.27
partner_541,3,18820.01
partner_541,4,18769.02
partner_541,5,16120.53
partner_541,6,17889.33
partner_541,7,17438.51
partner_541,8,15693.93
partner_541,9,19254.29
partner_541,10,16197.04
partner_541,11,16773.42
partner_541,12,12498.57
partner_541,13,12118.41
partner_541,14,14414.27
partner_541,15,15855.47
partner_541,16,11669.98
partner_541,17,12779.5
partner_541,18,10717.73
partner_541,19,11015.2
partner_541,20,11741.17
partner_541,21,10628.94
partner_541,22,9434.01
partner_541,23,9132.73
partner_541,24,8293.47
partner_541,25,10393.12
partner_541,26,10203.69
partner_542,0,14418.57
partner_542,1,15420.09
partner_542,2,15246.55
partner_542,3,9631.17
partner_542,4,10552.59
partner_542,5,12091.01
partner_542,6,11652.74
partner_542,7,10248.01
partner_542,8,11148.72
partner_542,9,9513.65
partner_542,10,11870.47
partner_542,11,11174.84
partner_542,12,15326.69
partner_542,13,21275.32
partner_542,14,15550.51
partner_542,15,14170.33
partner_542,16,11563.56
partner_542,17,10249.8
partner_542,18,10252.4
partner_542,19,13845.26
partner_542,20,11817.82
partner_542,21,10737.74
partner_542,22,11538.12
partner_542,23,13533.99
partner_542,24,15250.3
partner_542,25,18068.92
partner_542,26,20669.98
partner_543,0,5057.83
partner_543,1,4989.57
partner_543,2,5993.53
partner_543,3,4764.19
partner_543,4,4390.21
partner_543,5,6061.16
partner_543,6,6025.92
partner_543,7,5446.2
partner_543,8,5381.47
partner_543,9,7983.49
partner_543,10,7216.73
partner_543,11,7123.44
partner_543,12,8936.81
partner_543,13,8325.47
partner_543,14,9163.26
partner_543,15,7078.24
partner_543,16,7264.94
partner_543,17,9052.48
partner_543,18,9152.83
partner_543,19,10190.86
partner_543,20,7814.66
partner_543,21,10301.71
partner_543,22,10901.91
partner_543,23,11182.87
partner_543,24,10111.38
partner_543,25,11427.6
partner_543,26,10329.66
partner_544,0,7514.15
partner_544,1,8798.13
partner_544,2,9634.97
partner_544,3,9040.08
partner_544,4,8394.94
partner_544,5,6644.4
partner_544,6,7200.6
partner_544,7,5724.84
partner_544,8,7863.21
partner_544,9,7018.87
partner_544,10,6607.18
partner_544,11,6770.48
partner_544,12,8352.48
partner_544,13,6257.36
partner_544,14,9181.32
partner_544,15,9853.03
partner_544,16,6647.78
partner_544,17,8394.45
partner_544,18,6463.9
partner_544,19,7327.04
partner_544,20,7848.05
partner_544,21,7069.62
partner_544,22,6188.39
partner_544,23,5920.7
partner_544,24,7924.51
partner_544,25,9923.67
partner_544,26,10127.14
partner_545,0,44374.76
partner_545,1,34809.35
partner_545,2,37555.51
partner_545,3,40584.05
partner_545,4,33248.39
partner_545,5,37475.71
partner_545,6,30906.14
partner_545,7,30716.34
partner_545,8,27397.15
partner_545,9,27555.62
partner_545,10,26460.08
partner_545,11,20769.38
partner_545,12,22599.38
partner_545,13,19800.53
partner_545,14,20697.15
partner_545,15,18971.51
partner_545,16,21680.54
partner_545,17,20732.48
partner_545,18,18973.03
partner_545,19,14987.07
partner_545,20,16234.08
partner_545,21,13551.66
partner_545,22,14740.63
partner_545,23,15217.03
partner_545,24,15006.91
partner_545,25,13658.4
partner_545,26,14026.19
partner_546,0,9651.39
partner_546,1,9965.09
partner_546,2,8912.44
partner_546,3,10048.85
partner_546,4,9673.21
partner_546,5,8198.79
partner_546,6,11025.9
partner_546,7,9464.21
partner_546,8,11558.46
partner_546,9,9751.42
partner_546,10,11005.32
partner_546,11,11678.05
partner_546,12,14076.32
partner_546,13,12245.47
partner_546,14,11884.44
partner_546,15,14206.71
partner_546,16,13804.08
partner_546,17,15673.31
partner_546,18,13439.03
partner_546,19,15716.06
partner_546,20,19756.75
partner_546,21,15919.47
partner_546,22,17102.67
partner_546,23,14411.98
partner_546,24,16273.23
partner_546,25,19155.64
partner_546,26,18230.15
partner_547,0,77705.95
partner_547,1,95880.49
partner_547,2,74131.43
partner_547,3,76027.32
partner_547,4,81899.37
partner_547,5,90062.94
partner_547,6,68120.47
partner_547,7,74728.61
partner_547,8,72734.63
partner_547,9,74227.53
partner_547,10,75755.02
partner_547,11,63211.72
partner_547,12,70545.41
partner_547,13,70590.86
partner_547,14,71399.5
partner_547,15,61882.87
partner_547,16,58208.11
partner_547,17,53086.12
partner_547,18,46291.81
partner_547,19,51244.84
partner_547,20,51837.22
partner_547,21,49306.76
partner_547,22,51380.46
partner_547,23,40293.72
partner_547,24,45019.97
partner_547,25,53489.76
partner_547,26,47686.49
partner_548,0,9862.01
partner_548,1,8832.91
partner_548,2,11722.17
partner_548,3,8858.57
partner_548,4,11876.37
partner_548,5,12841.91
partner_548,6,12842.54
partner_548,7,17123.43
partner_548,8,17408.41
partner_548,9,16998.06
partner_548,10,14631.04
partner_548,11,20114.22
partner_548,12,18749.46
partner_548,13,16736.74
partner_548,14,19399.35
partner_548,15,22174.5
partner_548,16,19907.22
partner_548,17,22471.02
partner_548,18,23923.49
partner_548,19,21595.96
partner_548,20,24709.5
partner_548,21,23850.55
partner_548,22,30226.91
partner_548,23,26460.95
partner_548,24,31345.21
partner_548,25,27441.39
partner_548,26,29573.13
partner_549,0,5076.22
partner_549,1,5011.57
partner_549,2,3857.76
partner_549,3,4469.98
partner_549,4,4077.99
partner_549,5,4503.71
partner_549,6,4034.84
partner_549,7,3987.7
partner_549,8,3607.98
partner_549,9,4432.25
partner_549,10,3195.22
partner_549,11,3412.59
partner_549,12,3484.08
partner_549,13,3258.54
partner_549,14,2993.67
partner_549,15,2573.66
partner_549,16,2837.1
partner_549,17,2671.97
partner_549,18,3347.23
partner_549,19,3408.53
partner_549,20,2681.25
partner_549,21,2246.19
partner_549,22,2721.15
partner_549,23,2216.26
partner_549,24,2252.03
partner_549,25,2165.39
partner_549,26,2128.54
partner_55,0,11301.78
partner_55,1,14817.29
partner_55,2,12339.05
partner_55,3,14379.96
partner_55,4,13173.27
partner_55,5,10501.21
partner_55,6,10999.5
partner_55,7,10914.93
partner_55,8,12083.75
partner_55,9,10637.14
partner_55,10,10081.69
partner_55,11,9438.24
partner_55,12,9314.81
partner_55,13,10288.36
partner_55,14,8850.51
partner_55,15,8260.77
partner_55,16,7888.67
partner_55,17,7677.39
partner_55,18,6793.03
partner_55,19,7104.13
partner_55,20,8585.01
partner_55,21,7108.08
partner_55,22,7552.62
partner_55,23,5158.7
partner_55,24,7046.48
partner_55,25,6377.02
partner_55,26,5997.49
partner_550,0,7114.98
partner_550,1,8995.89
partner_550,2,12427.77
partner_550,3,11352.02
partner_550,4,7313.98
partner_550,5,5667.09
partner_550,6,8066.96
partner_550,7,6932.07
partner_550,8,8361.9
partner_550,9,7714.68
partner_550,10,7287.02
partner_550,11,6710.31
partner_550,12,11010.28
partner_550,13,11777.14
partner_550,14,13803.74
partner_550,15,15168.32
partner_550,16,8321.47
partner_550,17,9332.17
partner_550,18,7905.26
partner_550,19,9004.11
partner_550,20,7936.16
partner_550,21,8129.17
partner_550,22,8784.06
partner_550,23,7933.74
partner_550,24,10525.46
partner_550,25,11900.14
partner_550,26,11471.99
partner_551,0,23849.99
partner_551,1,22170.42
partner_551,2,20717.56
partner_551,3,24442.28
partner_551,4,28648.02
partner_551,5,36265.72
partner_551,6,34959.21
partner_551,7,20202.63
partner_551,8,21684.1
partner_551,9,22777.98
partner_551,10,19680.43
partner_551,11,22690.56
partner_551,12,18627.59
partner_551,13,24848.06
partner_551,14,24513.14
partner_551,15,30355.31
partner_551,16,27993.48
partner_551,17,40872.64
partner_551,18,40347.73
partner_551,19,22470.48
partner_551,20,22135.67
partner_551,21,20608.52
partner_551,22,20106.04
partner_551,23,21596.0
partner_551,24,20535.06
partner_551,25,27545.3
partner_551,26,21008.69
partner_552,0,8860.89
partner_552,1,8794.49
partner_552,2,8869.03
partner_552,3,9294.52
partner_552,4,8112.31
partner_552,5,8565.28
partner_552,6,8241.68
partner_552,7,9596.91
partner_552,8,10273.92
partner_552,9,7477.18
partner_552,10,6766.34
partner_552,11,8974.19
partner_552,12,9399.79
partner_552,13,10152.6
partner_552,14,9117.48
partner_552,15,9676.09
partner_552,16,9900.49
partner_552,17,9734.67
partner_552,18,9239.13
partner_552,19,7402.22
partner_552,20,8483.84
partner_552,21,8745.7
partner_552,22,8406.19
partner_552,23,8458.58
partner_552,24,9821.66
partner_552,25,7848.32
partner_552,26,9169.41
partner_553,0,25318.73
partner_553,1,22625.67
partner_553,2,27470.4
partner_553,3,25014.84
partner_553,4,22192.34
partner_553,5,18883.33
partner_553,6,23301.94
partner_553,7,21089.4
partner_553,8,19151.33
partner_553,9,17906.51
partner_553,10,18587.9
partner_553,11,19157.74
partner_553,12,17002.21
partner_553,13,14887.01
partner_553,14,16140.15
partner_553,15,17230.87
partner_553,16,15050.32
partner_553,17,14502.49
partner_553,18,13390.06
partner_553,19,12116.48
partner_553,20,11600.32
partner_553,21,10239.36
partner_553,22,13193.9
partner_553,23,11863.09
partner_553,24,10985.32
partner_553,25,10778.95
partner_553,26,10401.76
partner_554,0,49704.46
partner_554,1,63026.32
partner_554,2,53595.18
partner_554,3,47740.57
partner_554,4,51521.1
partner_554,5,49187.33
partner_554,6,36416.72
partner_554,7,39879.81
partner_554,8,39314.46
partner_554,9,40342.31
partner_554,10,35881.06
partner_554,11,35085.23
partner_554,12,32631.17
partner_554,13,36491.1
partner_554,14,27282.98
partner_554,15,29467.31
partner_554,16,24239.51
partner_554,17,25737.14
partner_554,18,28578.03
partner_554,19,27640.84
partner_554,20,25008.86
partner_554,21,27726.47
partner_554,22,27321.57
partner_554,23,23070.61
partner_554,24,22990.01
partner_554,25,20673.1
partner_554,26,22214.93
partner_555,0,4367.37
partner_555,1,4593.77
partner_555,2,5254.16
partner_555,3,5069.59
partner_555,4,6210.65
partner_555,5,6870.84
partner_555,6,9581.79
partner_555,7,8356.53
partner_555,8,6377.09
partner_555,9,5467.01
partner_555,10,4479.54
partner_555,11,6285.52
partner_555,12,5796.8
partner_555,13,5448.77
partner_555,14,5649.73
partner_555,15,4866.0
partner_555,16,5080.68
partner_555,17,7470.0
partner_555,18,9957.27
partner_555,19,9135.91
partner_555,20,6327.62
partner_555,21,6144.12
partner_555,22,5461.52
partner_555,23,6121.54
partner_555,24,6334.31
partner_555,25,5480.64
partner_555,26,5465.91
partner_556,0,20066.49
partner_556,1,27186.3
partner_556,2,28349.88
partner_556,3,26826.86
partner_556,4,27356.19
partner_556,5,26329.73
partner_556,6,21163.64
partner_556,7,30841.39
partner_556,8,25471.99
partner_556,9,24811.03
partner_556,10,30035.85
partner_556,11,29032.85
partner_556,12,27166.82
partner_556,13,28479.28
partner_556,14,23390.37
partner_556,15,26230.78
partner_556,16,29868.73
partner_556,17,24654.03
partner_556,18,23804.64
partner_556,19,26652.57
partner_556,20,26714.59
partner_556,21,28157.19
partner_556,22,22800.22
partner_556,23,19702.95
partner_556,24,28880.88
partner_556,25,23580.79
partner_556,26,24831.61
partner_557,0,3457.62
partner_557,1,3580.39
partner_557,2,3719.51
partner_557,3,2979.58
partner_557,4,3516.75
partner_557,5,3872.11
partner_557,6,3899.99
partner_557,7,4263.33
partner_557,8,4667.73
partner_557,9,5212.31
partner_557,10,4194.23
partner_557,11,5113.04
partner_557,12,5698.43
partner_557,13,5019.19
partner_557,14,5638.02
partner_557,15,6254.99
partner_557,16,6219.42
partner_557,17,6893.48
partner_557,18,6776.99
partner_557,19,6761.2
partner_557,20,6403.99
partner_557,21,7728.0
partner_557,22,7918.14
partner_557,23,7340.6
partner_557,24,8965.06
partner_557,25,9923.55
partner_557,26,8550.78
partner_558,0,5711.65
partner_558,1,5513.22
partner_558,2,5423.31
partner_558,3,6100.28
partner_558,4,6539.42
partner_558,5,9518.13
partner_558,6,8377.41
partner_558,7,8163.79
partner_558,8,6718.49
partner_558,9,6348.51
partner_558,10,6323.65
partner_558,11,6883.62
partner_558,12,6660.27
partner_558,13,6595.31
partner_558,14,5771.43
partner_558,15,5809.87
partner_558,16,7180.96
partner_558,17,8151.51
partner_558,18,10800.98
partner_558,19,8693.92
partner_558,20,6682.9
partner_558,21,6928.79
partner_558,22,7078.18
partner_558,23,7448.1
partner_558,24,6983.35
partner_558,25,6794.52
partner_558,26,8296.53
partner_559,0,6809.89
partner_559,1,6848.82
partner_559,2,6593.01
partner_559,3,6666.65
partner_559,4,6083.89
partner_559,5,6248.74
partner_559,6,6955.46
partner_559,7,6495.49
partner_559,8,6334.48
partner_559,9,4834.74
partner_559,10,4800.02
partner_559,11,5419.56
partner_559,12,5567.79
partner_559,13,4776.55
partner_559,14,4567.62
partner_559,15,5452.47
partner_559,16,4983.81
partner_559,17,5026.39
partner_559,18,4234.49
partner_559,19,4093.03
partner_559,20,4607.19
partner_559,21,3993.3
partner_559,22,3752.74
partner_559,23,3539.67
partner_559,24,3602.36
partner_559,25,4023.85
partner_559,26,3061.7
partner_56,0,8174.11
partner_56,1,6773.9
partner_56,2,9393.73
partner_56,3,8809.55
partner_56,4,8330.54
partner_56,5,7769.57
partner_56,6,7336.39
partner_56,7,8793.1
partner_56,8,9988.19
partner_56,9,8775.28
partner_56,10,7411.29
partner_56,11,8794.16
partner_56,12,8554.67
partner_56,13,9343.67
partner_56,14,9122.37
partner_56,15,6032.57
partner_56,16,9069.48
partner_56,17,7737.5
partner_56,18,7377.78
partner_56,19,8438.45
partner_56,20,8954.0
partner_56,21,7189.42
partner_56,22,9206.52
partner_56,23,9257.06
partner_56,24,8640.95
partner_56,25,7854.34
partner_56,26,7758.23
partner_560,0,9560.19
partner_560,1,10072.49
partner_560,2,10138.4
partner_560,3,10061.75
partner_560,4,9993.45
partner_560,5,9831.68
partner_560,6,9700.94
partner_560,7,11646.77
partner_560,8,10314.64
partner_560,9,10159.28
partner_560,10,9625.59
partner_560,11,9869.14
partner_560,12,9629.18
partner_560,13,11076.32
partner_560,14,9513.5
partner_560,15,7977.74
partner_560,16,10348.86
partner_560,17,10001.41
partner_560,18,9686.16
partner_560,19,11226.76
partner_560,20,7476.39
partner_560,21,11910.64
partner_560,22,11374.01
partner_560,23,9642.67
partner_560,24,9825.06
partner_560,25,10807.83
partner_560,26,10835.43
partner_561,0,21255.94
partner_561,1,19711.97
partner_561,2,19755.39
partner_561,3,20627.41
partner_561,4,20867.83
partner_561,5,15388.08
partner_561,6,18857.34
partner_561,7,19141.91
partner_561,8,21405.74
partner_561,9,26996.71
partner_561,10,23160.74
partner_561,11,24412.94
partner_561,12,18152.07
partner_561,13,19787.5
partner_561,14,21115.44
partner_561,15,22681.08
partner_561,16,18948.75
partner_561,17,21145.81
partner_561,18,21016.32
partner_561,19,21226.55
partner_561,20,21792.69
partner_561,21,24161.49
partner_561,22,25307.95
partner_561,23,25128.97
partner_561,24,20238.48
partner_561,25,19459.75
partner_561,26,18759.61
partner_562,0,31961.97
partner_562,1,29637.47
partner_562,2,31746.67
partner_562,3,35292.44
partner_562,4,29277.6
partner_562,5,33298.45
partner_562,6,32435.1
partner_562,7,30134.43
partner_562,8,31659.09
partner_562,9,27489.7
partner_562,10,32973.48
partner_562,11,28164.68
partner_562,12,36113.73
partner_562,13,32315.9
partner_562,14,30750.86
partner_562,15,36401.15
partner_562,16,29250.41
partner_562,17,30177.25
partner_562,18,26649.63
partner_562,19,36886.95
partner_562,20,38724.4
partner_562,21,27157.31
partner_562,22,29955.17
partner_562,23,32843.58
partner_562,24,30933.9
partner_562,25,32513.74
partner_562,26,32232.32
partner_563,0,29993.46
partner_563,1,27386.63
partner_563,2,30964.79
partner_563,3,27956.43
partner_563,4,34008.98
partner_563,5,35003.47
partner_563,6,42567.9
partner_563,7,40507.82
partner_563,8,43212.1
partner_563,9,44620.92
partner_563,10,36875.33
partner_563,11,39279.42
partner_563,12,49778.44
partner_563,13,55365.11
partner_563,14,55103.54
partner_563,15,54007.22
partner_563,16,60441.01
partner_563,17,62755.31
partner_563,18,73260.36
partner_563,19,76349.26
partner_563,20,70462.8
partner_563,21,77751.49
partner_563,22,84122.5
partner_563,23,89400.14
partner_563,24,104688.02
partner_563,25,93852.83
partner_563,26,110121.77
partner_564,0,14716.23
partner_564,1,12361.36
partner_564,2,15956.4
partner_564,3,16736.38
partner_564,4,11701.87
partner_564,5,16014.53
partner_564,6,16668.3
partner_564,7,16578.75
partner_564,8,13838.84
partner_564,9,16933.8
partner_564,10,15733.19
partner_564,11,16647.59
partner_564,12,15520.74
partner_564,13,16317.5
partner_564,14,17462.13
partner_564,15,15397.87
partner_564,16,16165.14
partner_564,17,17683.02
partner_564,18,15509.15
partner_564,19,13949.61
partner_564,20,16781.21
partner_564,21,17973.99
partner_564,22,17744.35
partner_564,23,16842.42
partner_564,24,12033.89
partner_564,25,14719.13
partner_564,26,14799.66
partner_565,0,29257.37
partner_565,1,23340.55
partner_565,2,32935.95
partner_565,3,26602.27
partner_565,4,26256.35
partner_565,5,31707.55
partner_565,6,32836.5
partner_565,7,32911.57
partner_565,8,29326.93
partner_565,9,34304.46
partner_565,10,30111.73
partner_565,11,31773.97
partner_565,12,35160.25
partner_565,13,33502.27
partner_565,14,41470.4
partner_565,15,36344.73
partner_565,16,38784.91
partner_565,17,37184.99
partner_565,18,46269.57
partner_565,19,40227.25
partner_565,20,49369.67
partner_565,21,50422.59
partner_565,22,44746.67
partner_565,23,48294.48
partner_565,24,47159.9
partner_565,25,53673.94
partner_565,26,51309.32
partner_566,0,6800.91
partner_566,1,5698.54
partner_566,2,6718.3
partner_566,3,7209.41
partner_566,4,6863.11
partner_566,5,7413.89
partner_566,6,6514.23
partner_566,7,6458.73
partner_566,8,6013.26
partner_566,9,6494.97
partner_566,10,8100.49
partner_566,11,6956.18
partner_566,12,6373.26
partner_566,13,6088.53
partner_566,14,5687.5
partner_566,15,6207.5
partner_566,16,7283.6
partner_566,17,6480.56
partner_566,18,6121.0
partner_566,19,6195.46
partner_566,20,7209.32
partner_566,21,6714.64
partner_566,22,6345.05
partner_566,23,6560.88
partner_566,24,8262.95
partner_566,25,7595.29
partner_566,26,7763.86
partner_567,0,3713.4
partner_567,1,4042.09
partner_567,2,4094.89
partner_567,3,3692.61
partner_567,4,3152.28
partner_567,5,3115.01
partner_567,6,3421.34
partner_567,7,3335.3
partner_567,8,3047.22
partner_567,9,2939.77
partner_567,10,2816.91
partner_567,11,2779.86
partner_567,12,2801.62
partner_567,13,2684.15
partner_567,14,2444.43
partner_567,15,2343.73
partner_567,16,2254.88
partner_567,17,2025.52
partner_567,18,1953.55
partner_567,19,2160.73
partner_567,20,1838.09
partner_567,21,2067.08
partner_567,22,1836.65
partner_567,23,1929.13
partner_567,24,1831.71
partner_567,25,1803.32
partner_567,26,1529.74
partner_568,0,11563.63
partner_568,1,10335.48
partner_568,2,10449.79
partner_568,3,11137.73
partner_568,4,11797.49
partner_568,5,13616.45
partner_568,6,15041.06
partner_568,7,8290.57
partner_568,8,8180.36
partner_568,9,8755.48
partner_568,10,9680.81
partner_568,11,8268.14
partner_568,12,8820.86
partner_568,13,8941.01
partner_568,14,8320.26
partner_568,15,7612.14
partner_568,16,10472.48
partner_568,17,13523.21
partner_568,18,13769.85
partner_568,19,9226.3
partner_568,20,9293.68
partner_568,21,8181.16
partner_568,22,7965.15
partner_568,23,8989.88
partner_568,24,8455.47
partner_568,25,9435.67
partner_568,26,9199.03
partner_569,0,50323.87
partner_569,1,42589.8
partner_569,2,46488.44
partner_569,3,45504.13
partner_569,4,66990.86
partner_569,5,80567.22
partner_569,6,69218.87
partner_569,7,46082.19
partner_569,8,45014.79
partner_569,9,45765.47
partner_569,10,47901.05
partner_569,11,46879.29
partner_569,12,44241.57
partner_569,13,49238.85
partner_569,14,52788.63
partner_569,15,50848.4
partner_569,16,65965.56
partner_569,17,63934.93
partner_569,18,82689.47
partner_569,19,52417.66
partner_569,20,45771.07
partner_569,21,47886.8
partner_569,22,46487.67
partner_569,23,45981.09
partner_569,24,49254.55
partner_569,25,44941.52
partner_569,26,49771.77
partner_57,0,116748.51
partner_57,1,101154.93
partner_57,2,99297.93
partner_57,3,81035.96
partner_57,4,93865.25
partner_57,5,98556.84
partner_57,6,78419.37
partner_57,7,92631.59
partner_57,8,86771.22
partner_57,9,78438.52
partner_57,10,88704.44
partner_57,11,62115.26
partner_57,12,80339.89
partner_57,13,87945.98
partner_57,14,84402.56
partner_57,15,74720.55
partner_57,16,67987.62
partner_57,17,63988.91
partner_57,18,64591.54
partner_57,19,68459.42
partner_57,20,58181.14
partner_57,21,66365.99
partner_57,22,72964.57
partner_57,23,58256.31
partner_57,24,49458.07
partner_57,25,48208.14
partner_57,26,58508.86
partner_570,0,49914.77
partner_570,1,48949.33
partner_570,2,53880.04
partner_570,3,55087.97
partner_570,4,65874.4
partner_570,5,59295.42
partner_570,6,69227.42
partner_570,7,63490.4
partner_570,8,77516.45
partner_570,9,83021.49
partner_570,10,87493.02
partner_570,11,95014.2
partner_570,12,89461.2
partner_570,13,102502.08
partner_570,14,111259.62
partner_570,15,89169.72
partner_570,16,99040.45
partner_570,17,94059.46
partner_570,18,128378.87
partner_570,19,103420.31
partner_570,20,105058.88
partner_570,21,119398.64
partner_570,22,116273.44
partner_570,23,151706.08
partner_570,24,138170.23
partner_570,25,135140.85
partner_570,26,169944.7
partner_571,0,7480.06
partner_571,1,7762.8
partner_571,2,7323.22
partner_571,3,7130.85
partner_571,4,8004.16
partner_571,5,8444.3
partner_571,6,6538.78
partner_571,7,5687.95
partner_571,8,6214.85
partner_571,9,6299.51
partner_571,10,5968.15
partner_571,11,6181.77
partner_571,12,6908.16
partner_571,13,4551.76
partner_571,14,5062.89
partner_571,15,5976.64
partner_571,16,4765.76
partner_571,17,5267.79
partner_571,18,5039.73
partner_571,19,5172.4
partner_571,20,5324.64
partner_571,21,4484.31
partner_571,22,3478.16
partner_571,23,3804.95
partner_571,24,4841.26
partner_571,25,3311.96
partner_571,26,3931.62
partner_572,0,7908.23
partner_572,1,9954.76
partner_572,2,9176.65
partner_572,3,8799.55
partner_572,4,8399.14
partner_572,5,7318.17
partner_572,6,9777.8
partner_572,7,8884.86
partner_572,8,7752.21
partner_572,9,9171.37
partner_572,10,9675.24
partner_572,11,8960.27
partner_572,12,9249.83
partner_572,13,9178.63
partner_572,14,8497.49
partner_572,15,9193.38
partner_572,16,9816.03
partner_572,17,10089.82
partner_572,18,9866.79
partner_572,19,8526.47
partner_572,20,9725.5
partner_572,21,9569.38
partner_572,22,8494.82
partner_572,23,8719.21
partner_572,24,9765.26
partner_572,25,10402.78
partner_572,26,7487.21
partner_573,0,49137.21
partner_573,1,45281.96
partner_573,2,46430.18
partner_573,3,40278.73
partner_573,4,40709.8
partner_573,5,34028.12
partner_573,6,31747.12
partner_573,7,45657.09
partner_573,8,35880.13
partner_573,9,35038.05
partner_573,10,32968.97
partner_573,11,29213.01
partner_573,12,29731.48
partner_573,13,29810.06
partner_573,14,27890.41
partner_573,15,25338.31
partner_573,16,27652.78
partner_573,17,25891.83
partner_573,18,25436.35
partner_573,19,25232.81
partner_573,20,22313.46
partner_573,21,21493.08
partner_573,22,24176.31
partner_573,23,18363.29
partner_573,24,15869.77
partner_573,25,19852.45
partner_573,26,16973.16
partner_574,0,16012.23
partner_574,1,14825.92
partner_574,2,21154.85
partner_574,3,15531.67
partner_574,4,19169.6
partner_574,5,16381.58
partner_574,6,21666.9
partner_574,7,20621.73
partner_574,8,24900.1
partner_574,9,23996.59
partner_574,10,28498.8
partner_574,11,25097.74
partner_574,12,22996.21
partner_574,13,29289.29
partner_574,14,29127.76
partner_574,15,25533.55
partner_574,16,29159.68
partner_574,17,31540.5
partner_574,18,41096.97
partner_574,19,39775.31
partner_574,20,37450.63
partner_574,21,42434.09
partner_574,22,33695.89
partner_574,23,41714.1
partner_574,24,48030.13
partner_574,25,49030.3
partner_574,26,47661.1
partner_575,0,24596.8
partner_575,1,27282.9
partner_575,2,26447.28
partner_575,3,27488.13
partner_575,4,31254.7
partner_575,5,29477.49
partner_575,6,32613.76
partner_575,7,26437.79
partner_575,8,24313.05
partner_575,9,29091.62
partner_575,10,29425.85
partner_575,11,35199.5
partner_575,12,27799.11
partner_575,13,31725.29
partner_575,14,33949.22
partner_575,15,33623.38
partner_575,16,33383.88
partner_575,17,35899.3
partner_575,18,39176.53
partner_575,19,41620.05
partner_575,20,36933.02
partner_575,21,34495.85
partner_575,22,44204.15
partner_575,23,34888.19
partner_575,24,47040.17
partner_575,25,46178.57
partner_575,26,47720.15
partner_576,0,25938.48
partner_576,1,29468.31
partner_576,2,33894.73
partner_576,3,30663.61
partner_576,4,31848.7
partner_576,5,34900.76
partner_576,6,32326.54
partner_576,7,28876.7
partner_576,8,35798.04
partner_576,9,34578.8
partner_576,10,32066.68
partner_576,11,35224.55
partner_576,12,33198.08
partner_576,13,37263.76
partner_576,14,33382.77
partner_576,15,37239.31
partner_576,16,26723.91
partner_576,17,34395.68
partner_576,18,31577.12
partner_576,19,30060.48
partner_576,20,36695.3
partner_576,21,35809.32
partner_576,22,26287.11
partner_576,23,35238.46
partner_576,24,34839.4
partner_576,25,30507.65
partner_576,26,30138.57
partner_577,0,12785.47
partner_577,1,12997.25
partner_577,2,14286.69
partner_577,3,13588.55
partner_577,4,11829.62
partner_577,5,13548.18
partner_577,6,12895.95
partner_577,7,11995.13
partner_577,8,11128.85
partner_577,9,14058.85
partner_577,10,13822.78
partner_577,11,13968.82
partner_577,12,12268.48
partner_577,13,13458.48
partner_577,14,11412.2
partner_577,15,11926.64
partner_577,16,13276.74
partner_577,17,13579.25
partner_577,18,11076.83
partner_577,19,11832.75
partner_577,20,12748.61
partner_577,21,14500.42
partner_577,22,12156.19
partner_577,23,13418.11
partner_577,24,13556.81
partner_577,25,12901.71
partner_577,26,13586.75
partner_578,0,38194.85
partner_578,1,46738.41
partner_578,2,47026.19
partner_578,3,44320.88
partner_578,4,45373.3
partner_578,5,33411.92
partner_578,6,36997.57
partner_578,7,39603.76
partner_578,8,50749.44
partner_578,9,39595.66
partner_578,10,43920.23
partner_578,11,42422.02
partner_578,12,42331.07
partner_578,13,40779.22
partner_578,14,35970.22
partner_578,15,29834.29
partner_578,16,46114.99
partner_578,17,38355.44
partner_578,18,33243.5
partner_578,19,42665.59
partner_578,20,42587.22
partner_578,21,44014.2
partner_578,22,45435.94
partner_578,23,37119.01
partner_578,24,37298.88
partner_578,25,39572.69
partner_578,26,44233.89
partner_579,0,3771.63
partner_579,1,3832.26
partner_579,2,3843.19
partner_579,3,4049.51
partner_579,4,2707.72
partner_579,5,4422.09
partner_579,6,4011.91
partner_579,7,4489.63
partner_579,8,3565.36
partner_579,9,3397.75
partner_579,10,4953.23
partner_579,11,3889.11
partner_579,12,4235.75
partner_579,13,4693.93
partner_579,14,4899.07
partner_579,15,5138.39
partner_579,16,4836.3
partner_579,17,4316.19
partner_579,18,5268.75
partner_579,19,5381.72
partner_579,20,4189.94
partner_579,21,5961.78
partner_579,22,4000.71
partner_579,23,5993.02
partner_579,24,5188.17
partner_579,25,6048.4
partner_579,26,6056.37
partner_58,0,12020.02
partner_58,1,11269.62
partner_58,2,7432.95
partner_58,3,6786.96
partner_58,4,9203.54
partner_58,5,7569.48
partner_58,6,8100.85
partner_58,7,7175.32
partner_58,8,6795.19
partner_58,9,7622.96
partner_58,10,9535.76
partner_58,11,9609.32
partner_58,12,10583.38
partner_58,13,11721.71
partner_58,14,7716.64
partner_58,15,8520.21
partner_58,16,7543.99
partner_58,17,7721.84
partner_58,18,7743.09
partner_58,19,6367.16
partner_58,20,6513.65
partner_58,21,6605.73
partner_58,22,7067.1
partner_58,23,10387.31
partner_58,24,11322.46
partner_58,25,11042.67
partner_58,26,5167.52
partner_580,0,68372.03
partner_580,1,71604.21
partner_580,2,78915.78
partner_580,3,54340.56
partner_580,4,41426.04
partner_580,5,56481.91
partner_580,6,54342.65
partner_580,7,53249.08
partner_580,8,48656.93
partner_580,9,56498.05
partner_580,10,43399.7
partner_580,11,50995.83
partner_580,12,50304.27
partner_580,13,47271.19
partner_580,14,46565.31
partner_580,15,47111.84
partner_580,16,41918.41
partner_580,17,39004.02
partner_580,18,41057.2
partner_580,19,40218.4
partner_580,20,40036.75
partner_580,21,29526.54
partner_580,22,33890.53
partner_580,23,29890.93
partner_580,24,34237.82
partner_580,25,33698.36
partner_580,26,29607.23
partner_581,0,5896.27
partner_581,1,6555.48
partner_581,2,6484.36
partner_581,3,5816.9
partner_581,4,5194.56
partner_581,5,5763.31
partner_581,6,4791.48
partner_581,7,4276.63
partner_581,8,4021.15
partner_581,9,3848.81
partner_581,10,3972.09
partner_581,11,3992.5
partner_581,12,3144.9
partner_581,13,3359.05
partner_581,14,3448.26
partner_581,15,3450.11
partner_581,16,3103.88
partner_581,17,3060.64
partner_581,18,2512.97
partner_581,19,2502.53
partner_581,20,2627.47
partner_581,21,2667.5
partner_581,22,2492.87
partner_581,23,2140.59
partner_581,24,2192.55
partner_581,25,2481.88
partner_581,26,2182.43
partner_582,0,21755.21
partner_582,1,24068.31
partner_582,2,25376.73
partner_582,3,26789.27
partner_582,4,27042.94
partner_582,5,25739.06
partner_582,6,26040.36
partner_582,7,33944.1
partner_582,8,27319.62
partner_582,9,25865.9
partner_582,10,25498.92
partner_582,11,30205.57
partner_582,12,35170.15
partner_582,13,31106.39
partner_582,14,38896.83
partner_582,15,34769.97
partner_582,16,39689.16
partner_582,17,33900.69
partner_582,18,34865.09
partner_582,19,39018.84
partner_582,20,41615.94
partner_582,21,40031.75
partner_582,22,43074.55
partner_582,23,45497.71
partner_582,24,37850.51
partner_582,25,43752.15
partner_582,26,44094.81
partner_583,0,6898.3
partner_583,1,6293.99
partner_583,2,5299.51
partner_583,3,6471.82
partner_583,4,5923.04
partner_583,5,6957.59
partner_583,6,7162.66
partner_583,7,5186.99
partner_583,8,6115.39
partner_583,9,6862.83
partner_583,10,5694.71
partner_583,11,7147.39
partner_583,12,7324.14
partner_583,13,6521.2
partner_583,14,6115.6
partner_583,15,5097.01
partner_583,16,7168.18
partner_583,17,7955.99
partner_583,18,7818.86
partner_583,19,6499.35
partner_583,20,5904.3
partner_583,21,7183.82
partner_583,22,6544.5
partner_583,23,6945.53
partner_583,24,6829.28
partner_583,25,6690.24
partner_583,26,7310.35
partner_584,0,11121.22
partner_584,1,8831.63
partner_584,2,10922.98
partner_584,3,9684.33
partner_584,4,10886.83
partner_584,5,9703.82
partner_584,6,9429.78
partner_584,7,10025.6
partner_584,8,9264.83
partner_584,9,8463.19
partner_584,10,9616.7
partner_584,11,8491.55
partner_584,12,7283.22
partner_584,13,7031.58
partner_584,14,7570.98
partner_584,15,6880.66
partner_584,16,5754.11
partner_584,17,6785.01
partner_584,18,6737.2
partner_584,19,6430.67
partner_584,20,6379.44
partner_584,21,6410.1
partner_584,22,5986.81
partner_584,23,5071.78
partner_584,24,4615.06
partner_584,25,3700.68
partner_584,26,4357.35
partner_585,0,7987.1
partner_585,1,9384.05
partner_585,2,10090.81
partner_585,3,8346.49
partner_585,4,9276.78
partner_585,5,9340.27
partner_585,6,9767.41
partner_585,7,10096.12
partner_585,8,8138.06
partner_585,9,8450.89
partner_585,10,8317.3
partner_585,11,8507.7
partner_585,12,8259.78
partner_585,13,8786.95
partner_585,14,5786.96
partner_585,15,7713.66
partner_585,16,7618.87
partner_585,17,6960.35
partner_585,18,5410.43
partner_585,19,6820.33
partner_585,20,6254.59
partner_585,21,7714.77
partner_585,22,6725.17
partner_585,23,5853.97
partner_585,24,4959.29
partner_585,25,6484.33
partner_585,26,6425.66
partner_586,0,9064.3
partner_586,1,8029.63
partner_586,2,9389.81
partner_586,3,13208.93
partner_586,4,8220.03
partner_586,5,6609.96
partner_586,6,6415.85
partner_586,7,7816.6
partner_586,8,6824.4
partner_586,9,7510.14
partner_586,10,7804.29
partner_586,11,8028.39
partner_586,12,9868.96
partner_586,13,12225.68
partner_586,14,11175.9
partner_586,15,10474.36
partner_586,16,8402.6
partner_586,17,9465.02
partner_586,18,7856.92
partner_586,19,8937.4
partner_586,20,7593.74
partner_586,21,8360.43
partner_586,22,7454.68
partner_586,23,8724.18
partner_586,24,9429.84
partner_586,25,11787.8
partner_586,26,14871.35
partner_587,0,6709.11
partner_587,1,6845.54
partner_587,2,6581.84
partner_587,3,6163.71
partner_587,4,6982.87
partner_587,5,5980.57
partner_587,6,5667.07
partner_587,7,5126.73
partner_587,8,4453.44
partner_587,9,5410.07
partner_587,10,5208.73
partner_587,11,4412.04
partner_587,12,4768.75
partner_587,13,4582.59
partner_587,14,4231.21
partner_587,15,4033.12
partner_587,16,4424.35
partner_587,17,4034.15
partner_587,18,3769.49
partner_587,19,3553.63
partner_587,20,3725.55
partner_587,21,4002.58
partner_587,22,3629.86
partner_587,23,3370.17
partner_587,24,3454.11
partner_587,25,3696.18
partner_587,26,3311.82
partner_588,0,9444.37
partner_588,1,8737.24
partner_588,2,9040.92
partner_588,3,8443.45
partner_588,4,7501.01
partner_588,5,9181.87
partner_588,6,9185.28
partner_588,7,8622.1
partner_588,8,9797.07
partner_588,9,8236.91
partner_588,10,7304.97
partner_588,11,8258.65
partner_588,12,7509.55
partner_588,13,9177.61
partner_588,14,8209.86
partner_588,15,9751.68
partner_588,16,9733.13
partner_588,17,8056.37
partner_588,18,8160.12
partner_588,19,9351.97
partner_588,20,9747.37
partner_588,21,7090.81
partner_588,22,9127.57
partner_588,23,6926.6
partner_588,24,8390.57
partner_588,25,9848.41
partner_588,26,11549.45
partner_589,0,6897.77
partner_589,1,7574.43
partner_589,2,7265.21
partner_589,3,7313.42
partner_589,4,7983.77
partner_589,5,8972.0
partner_589,6,8780.27
partner_589,7,8428.2
partner_589,8,8924.47
partner_589,9,9489.33
partner_589,10,9220.39
partner_589,11,9851.81
partner_589,12,11677.36
partner_589,13,11092.33
partner_589,14,9689.48
partner_589,15,13405.85
partner_589,16,13108.0
partner_589,17,11221.29
partner_589,18,12984.21
partner_589,19,12841.9
partner_589,20,15409.97
partner_589,21,14381.23
partner_589,22,15344.75
partner_589,23,15693.66
partner_589,24,14103.93
partner_589,25,19539.14
partner_589,26,18903.18
partner_59,0,16575.92
partner_59,1,21938.92
partner_59,2,15565.66
partner_59,3,16724.95
partner_59,4,14193.8
partner_59,5,18863.04
partner_59,6,16199.13
partner_59,7,16250.56
partner_59,8,15705.33
partner_59,9,19618.92
partner_59,10,19498.97
partner_59,11,21502.43
partner_59,12,16955.59
partner_59,13,18602.17
partner_59,14,15856.75
partner_59,15,17593.94
partner_59,16,17259.34
partner_59,17,19049.31
partner_59,18,20055.2
partner_59,19,20007.96
partner_59,20,16669.59
partner_59,21,20021.43
partner_59,22,18123.58
partner_59,23,17612.94
partner_59,24,16914.07
partner_59,25,17184.54
partner_59,26,21375.51
partner_590,0,6510.67
partner_590,1,6059.35
partner_590,2,7073.0
partner_590,3,8029.97
partner_590,4,6234.01
partner_590,5,6039.06
partner_590,6,5868.74
partner_590,7,5150.92
partner_590,8,7557.6
partner_590,9,6583.08
partner_590,10,7538.03
partner_590,11,7797.78
partner_590,12,6377.4
partner_590,13,6586.44
partner_590,14,8663.22
partner_590,15,7439.44
partner_590,16,7106.95
partner_590,17,6920.9
partner_590,18,7738.81
partner_590,19,9175.15
partner_590,20,8652.97
partner_590,21,8374.37
partner_590,22,9680.83
partner_590,23,9669.07
partner_590,24,8905.74
partner_590,25,11182.82
partner_590,26,8670.17
partner_591,0,42288.97
partner_591,1,39608.29
partner_591,2,44495.98
partner_591,3,55186.26
partner_591,4,51081.67
partner_591,5,51171.77
partner_591,6,47184.9
partner_591,7,54568.75
partner_591,8,50434.08
partner_591,9,63943.7
partner_591,10,66806.39
partner_591,11,63250.4
partner_591,12,78666.24
partner_591,13,81384.66
partner_591,14,75067.92
partner_591,15,81830.76
partner_591,16,76332.5
partner_591,17,82620.3
partner_591,18,79351.61
partner_591,19,88680.74
partner_591,20,96512.09
partner_591,21,85174.31
partner_591,22,113119.93
partner_591,23,123444.67
partner_591,24,117188.63
partner_591,25,89688.96
partner_591,26,125356.24
partner_592,0,34460.01
partner_592,1,49100.47
partner_592,2,66082.64
partner_592,3,56841.55
partner_592,4,37242.09
partner_592,5,48683.13
partner_592,6,42068.08
partner_592,7,44402.92
partner_592,8,42697.75
partner_592,9,41444.3
partner_592,10,46273.23
partner_592,11,50450.04
partner_592,12,38723.75
partner_592,13,54462.28
partner_592,14,62109.42
partner_592,15,59810.74
partner_592,16,45335.14
partner_592,17,42423.17
partner_592,18,49415.13
partner_592,19,46080.31
partner_592,20,47266.75
partner_592,21,36693.06
partner_592,22,38609.85
partner_592,23,40184.27
partner_592,24,53897.09
partner_592,25,50468.15
partner_592,26,57786.49
partner_593,0,20358.88
partner_593,1,15736.9
partner_593,2,16809.87
partner_593,3,14143.08
partner_593,4,17495.32
partner_593,5,13132.49
partner_593,6,14401.08
partner_593,7,14796.4
partner_593,8,16313.37
partner_593,9,14697.89
partner_593,10,18396.86
partner_593,11,16767.3
partner_593,12,14863.08
partner_593,13,17556.55
partner_593,14,15336.12
partner_593,15,15021.39
partner_593,16,17394.04
partner_593,17,12048.28
partner_593,18,17137.02
partner_593,19,14825.58
partner_593,20,14823.16
partner_593,21,19089.92
partner_593,22,15115.93
partner_593,23,17489.98
partner_593,24,16409.74
partner_593,25,16575.36
partner_593,26,15563.99
partner_594,0,7747.14
partner_594,1,6948.11
partner_594,2,6757.37
partner_594,3,7332.05
partner_594,4,8824.05
partner_594,5,9268.79
partner_594,6,9030.55
partner_594,7,7401.08
partner_594,8,9796.5
partner_594,9,10625.56
partner_594,10,9868.12
partner_594,11,11990.5
partner_594,12,8963.64
partner_594,13,11386.91
partner_594,14,9874.85
partner_594,15,12548.41
partner_594,16,12426.51
partner_594,17,14258.52
partner_594,18,13090.19
partner_594,19,12344.81
partner_594,20,12622.69
partner_594,21,13354.97
partner_594,22,13412.36
partner_594,23,16549.43
partner_594,24,16969.34
partner_594,25,13205.17
partner_594,26,16085.64
partner_595,0,8561.97
partner_595,1,9646.32
partner_595,2,9406.84
partner_595,3,10056.02
partner_595,4,8440.36
partner_595,5,9365.33
partner_595,6,8841.9
partner_595,7,10060.37
partner_595,8,10413.92
partner_595,9,11338.09
partner_595,10,12009.68
partner_595,11,11643.13
partner_595,12,10215.76
partner_595,13,9918.33
partner_595,14,12380.75
partner_595,15,13888.23
partner_595,16,12360.9
partner_595,17,10773.18
partner_595,18,15767.54
partner_595,19,14043.51
partner_595,20,13973.12
partner_595,21,12450.39
partner_595,22,14488.56
partner_595,23,15862.5
partner_595,24,15996.82
partner_595,25,14565.97
partner_595,26,15945.26
partner_596,0,59608.6
partner_596,1,49523.85
partner_596,2,44091.87
partner_596,3,49016.39
partner_596,4,43312.21
partner_596,5,41698.33
partner_596,6,36852.13
partner_596,7,35694.72
partner_596,8,38551.22
partner_596,9,35269.58
partner_596,10,43256.86
partner_596,11,35031.15
partner_596,12,27948.73
partner_596,13,25539.61
partner_596,14,29970.56
partner_596,15,26440.45
partner_596,16,29803.02
partner_596,17,25832.33
partner_596,18,19241.88
partner_596,19,20588.84
partner_596,20,20421.2
partner_596,21,21844.83
partner_596,22,17880.14
partner_596,23,19381.44
partner_596,24,15798.95
partner_596,25,17430.26
partner_596,26,17255.72
partner_597,0,14706.75
partner_597,1,13181.88
partner_597,2,16497.34
partner_597,3,14091.31
partner_597,4,15464.64
partner_597,5,13474.48
partner_597,6,14484.55
partner_597,7,13204.08
partner_597,8,14816.82
partner_597,9,15508.08
partner_597,10,13644.0
partner_597,11,13563.31
partner_597,12,14866.43
partner_597,13,13170.0
partner_597,14,12175.35
partner_597,15,14861.23
partner_597,16,14199.65
partner_597,17,14169.28
partner_597,18,15102.2
partner_597,19,15302.7
partner_597,20,14123.14
partner_597,21,12742.74
partner_597,22,13437.6
partner_597,23,15193.92
partner_597,24,14550.04
partner_597,25,13565.11
partner_597,26,13228.32
partner_598,0,9922.74
partner_598,1,11286.8
partner_598,2,10563.05
partner_598,3,11053.38
partner_598,4,9213.6
partner_598,5,12421.63
partner_598,6,14212.59
partner_598,7,15235.47
partner_598,8,10846.33
partner_598,9,10952.83
partner_598,10,11157.39
partner_598,11,10162.58
partner_598,12,11731.68
partner_598,13,13040.27
partner_598,14,10766.86
partner_598,15,10766.82
partner_598,16,11769.77
partner_598,17,14863.57
partner_598,18,15880.55
partner_598,19,13941.21
partner_598,20,9814.31
partner_598,21,12732.6
partner_598,22,13109.83
partner_598,23,13557.03
partner_598,24,12020.92
partner_598,25,10657.02
partner_598,26,11432.77
partner_599,0,32651.75
partner_599,1,39533.41
partner_599,2,40627.24
partner_599,3,46098.8
partner_599,4,38229.07
partner_599,5,33315.02
partner_599,6,38079.39
partner_599,7,37460.52
partner_599,8,36655.72
partner_599,9,39874.52
partner_599,10,33867.67
partner_599,11,39053.31
partner_599,12,41061.12
partner_599,13,44022.39
partner_599,14,39745.87
partner_599,15,42570.55
partner_599,16,36838.19
partner_599,17,37376.37
partner_599,18,43745.25
partner_599,19,33262.01
partner_599,20,36995.31
partner_599,21,42899.48
partner_599,22,37735.56
partner_599,23,37448.41
partner_599,24,37526.55
partner_599,25,39001.0
partner_599,26,42736.17
partner_6,0,109782.18
partner_6,1,87070.54
partner_6,2,96539.42
partner_6,3,112906.86
partner_6,4,107098.26
partner_6,5,78080.44
partner_6,6,120154.05
partner_6,7,108332.18
partner_6,8,98118.12
partner_6,9,117504.97
partner_6,10,99630.72
partner_6,11,99514.11
partner_6,12,110701.49
partner_6,13,125905.97
partner_6,14,124223.26
partner_6,15,110716.01
partner_6,16,111813.31
partner_6,17,115330.6
partner_6,18,93438.11
partner_6,19,113755.83
partner_6,20,99026.54
partner_6,21,110275.34
partner_6,22,104440.73
partner_6,23,112228.21
partner_6,24,108133.9
partner_6,25,74029.71
partner_6,26,108783.56
partner_60,0,8809.5
partner_60,1,10779.99
partner_60,2,9374.68
partner_60,3,7366.82
partner_60,4,7393.16
partner_60,5,7121.46
partner_60,6,7069.05
partner_60,7,6202.88
partner_60,8,6666.77
partner_60,9,7002.38
partner_60,10,5085.05
partner_60,11,4972.42
partner_60,12,5106.73
partner_60,13,4913.04
partner_60,14,5901.59
partner_60,15,5180.83
partner_60,16,4934.29
partner_60,17,4202.39
partner_60,18,4014.33
partner_60,19,3382.24
partner_60,20,4084.23
partner_60,21,3804.85
partner_60,22,3918.81
partner_60,23,3254.3
partner_60,24,3137.66
partner_60,25,3099.04
partner_60,26,3177.64
partner_600,0,104773.25
partner_600,1,109552.62
partner_600,2,90194.07
partner_600,3,118294.32
partner_600,4,106309.73
partner_600,5,84027.82
partner_600,6,162298.14
partner_600,7,161224.88
partner_600,8,154112.45
partner_600,9,91594.56
partner_600,10,101352.48
partner_600,11,88084.59
partner_600,12,90708.8
partner_600,13,90558.45
partner_600,14,92731.36
partner_600,15,90819.36
partner_600,16,107264.68
partner_600,17,113083.83
partner_600,18,137460.01
partner_600,19,162462.8
partner_600,20,151043.5
partner_600,21,83189.25
partner_600,22,108900.09
partner_600,23,100375.62
partner_600,24,106217.28
partner_600,25,100504.37
partner_600,26,86584.61
partner_601,0,3326.63
partner_601,1,3230.63
partner_601,2,3263.06
partner_601,3,2667.45
partner_601,4,3704.52
partner_601,5,3452.27
partner_601,6,3747.09
partner_601,7,4574.14
partner_601,8,3946.7
partner_601,9,4162.51
partner_601,10,4880.17
partner_601,11,5436.23
partner_601,12,5007.8
partner_601,13,6244.25
partner_601,14,4955.98
partner_601,15,5067.94
partner_601,16,5236.04
partner_601,17,5391.3
partner_601,18,6966.59
partner_601,19,6345.74
partner_601,20,6304.89
partner_601,21,7950.73
partner_601,22,8652.24
partner_601,23,9218.57
partner_601,24,9467.44
partner_601,25,8250.74
partner_601,26,9742.46
partner_602,0,29927.55
partner_602,1,37577.15
partner_602,2,51146.35
partner_602,3,58428.25
partner_602,4,56309.36
partner_602,5,32002.61
partner_602,6,31765.43
partner_602,7,27594.26
partner_602,8,29808.28
partner_602,9,30158.02
partner_602,10,34983.62
partner_602,11,36759.52
partner_602,12,37761.03
partner_602,13,44624.5
partner_602,14,49307.9
partner_602,15,52037.34
partner_602,16,57885.81
partner_602,17,32435.24
partner_602,18,37571.8
partner_602,19,34261.52
partner_602,20,35472.0
partner_602,21,38621.78
partner_602,22,33737.4
partner_602,23,40558.5
partner_602,24,33517.57
partner_602,25,45300.09
partner_602,26,53429.57
partner_603,0,9607.37
partner_603,1,9433.15
partner_603,2,11973.59
partner_603,3,10702.76
partner_603,4,11037.04
partner_603,5,10403.33
partner_603,6,12154.88
partner_603,7,11471.45
partner_603,8,11406.23
partner_603,9,9835.43
partner_603,10,11696.76
partner_603,11,10033.03
partner_603,12,10404.67
partner_603,13,9617.43
partner_603,14,10963.81
partner_603,15,12323.8
partner_603,16,11390.67
partner_603,17,10646.07
partner_603,18,11259.74
partner_603,19,11253.58
partner_603,20,11211.76
partner_603,21,11335.69
partner_603,22,9979.81
partner_603,23,11256.84
partner_603,24,9183.15
partner_603,25,11779.31
partner_603,26,9909.91
partner_604,0,46746.08
partner_604,1,32105.77
partner_604,2,32407.74
partner_604,3,36373.65
partner_604,4,35965.65
partner_604,5,31561.49
partner_604,6,33931.33
partner_604,7,27494.52
partner_604,8,27504.73
partner_604,9,26645.72
partner_604,10,24931.02
partner_604,11,20382.17
partner_604,12,24174.41
partner_604,13,22973.72
partner_604,14,24691.65
partner_604,15,18626.38
partner_604,16,19188.37
partner_604,17,22024.94
partner_604,18,19406.27
partner_604,19,19073.98
partner_604,20,18125.92
partner_604,21,17390.45
partner_604,22,18851.69
partner_604,23,15433.99
partner_604,24,13183.84
partner_604,25,14964.64
partner_604,26,12725.38
partner_605,0,7265.54
partner_605,1,8087.8
partner_605,2,7399.64
partner_605,3,8959.84
partner_605,4,8258.81
partner_605,5,9969.88
partner_605,6,15363.59
partner_605,7,11013.07
partner_605,8,8115.68
partner_605,9,9717.88
partner_605,10,8238.86
partner_605,11,9447.04
partner_605,12,8937.34
partner_605,13,8454.16
partner_605,14,8467.35
partner_605,15,7051.24
partner_605,16,9719.98
partner_605,17,12406.65
partner_605,18,14468.16
partner_605,19,17762.38
partner_605,20,9167.75
partner_605,21,9551.69
partner_605,22,10109.05
partner_605,23,9616.73
partner_605,24,9114.8
partner_605,25,9195.71
partner_605,26,9071.92
partner_606,0,10152.75
partner_606,1,8767.49
partner_606,2,10097.57
partner_606,3,11731.66
partner_606,4,10130.88
partner_606,5,12525.35
partner_606,6,10969.65
partner_606,7,10952.04
partner_606,8,11371.18
partner_606,9,11113.34
partner_606,10,9387.35
partner_606,11,12997.16
partner_606,12,14863.71
partner_606,13,13038.27
partner_606,14,13382.9
partner_606,15,12719.38
partner_606,16,14752.36
partner_606,17,13439.67
partner_606,18,14137.23
partner_606,19,11852.22
partner_606,20,13580.63
partner_606,21,15171.27
partner_606,22,16288.53
partner_606,23,16664.74
partner_606,24,13096.36
partner_606,25,13525.81
partner_606,26,17142.73
partner_607,0,20203.06
partner_607,1,15521.11
partner_607,2,18361.62
partner_607,3,18480.63
partner_607,4,19435.1
partner_607,5,16631.92
partner_607,6,14896.92
partner_607,7,18861.72
partner_607,8,19520.33
partner_607,9,20412.35
partner_607,10,17879.21
partner_607,11,19982.55
partner_607,12,19444.94
partner_607,13,20996.4
partner_607,14,18441.4
partner_607,15,15336.17
partner_607,16,18418.65
partner_607,17,18708.14
partner_607,18,19505.06
partner_607,19,15701.89
partner_607,20,17965.46
partner_607,21,20153.94
partner_607,22,18351.1
partner_607,23,17977.16
partner_607,24,22079.23
partner_607,25,16559.89
partner_607,26,20830.89
partner_608,0,12256.17
partner_608,1,11401.54
partner_608,2,11754.6
partner_608,3,12355.86
partner_608,4,13958.24
partner_608,5,16971.67
partner_608,6,15903.04
partner_608,7,20826.48
partner_608,8,11989.83
partner_608,9,10359.5
partner_608,10,12368.99
partner_608,11,12407.18
partner_608,12,14635.97
partner_608,13,12367.5
partner_608,14,14127.27
partner_608,15,15725.42
partner_608,16,14578.21
partner_608,17,18799.18
partner_608,18,25923.05
partner_608,19,22750.95
partner_608,20,14159.72
partner_608,21,13176.28
partner_608,22,14771.98
partner_608,23,13854.4
partner_608,24,11433.46
partner_608,25,13596.24
partner_608,26,12591.21
partner_609,0,35751.18
partner_609,1,35826.83
partner_609,2,38975.33
partner_609,3,27890.56
partner_609,4,29317.72
partner_609,5,23959.79
partner_609,6,23479.93
partner_609,7,31566.77
partner_609,8,26443.29
partner_609,9,26907.31
partner_609,10,25526.4
partner_609,11,31165.33
partner_609,12,42421.11
partner_609,13,42706.68
partner_609,14,46148.84
partner_609,15,26794.9
partner_609,16,24011.24
partner_609,17,24963.64
partner_609,18,23833.51
partner_609,19,27458.0
partner_609,20,30225.17
partner_609,21,27563.75
partner_609,22,27180.58
partner_609,23,28588.16
partner_609,24,38149.65
partner_609,25,37125.24
partner_609,26,37620.03
partner_61,0,41738.82
partner_61,1,38797.56
partner_61,2,34761.55
partner_61,3,30772.87
partner_61,4,38346.67
partner_61,5,44505.55
partner_61,6,45387.95
partner_61,7,40258.84
partner_61,8,46504.98
partner_61,9,38710.3
partner_61,10,42583.42
partner_61,11,37122.98
partner_61,12,36876.62
partner_61,13,36243.27
partner_61,14,30866.47
partner_61,15,43881.1
partner_61,16,36382.75
partner_61,17,35761.47
partner_61,18,34289.84
partner_61,19,38082.75
partner_61,20,45733.21
partner_61,21,47017.27
partner_61,22,32420.25
partner_61,23,37499.24
partner_61,24,34855.94
partner_61,25,42719.62
partner_61,26,39991.44
partner_610,0,11028.71
partner_610,1,10793.72
partner_610,2,10609.66
partner_610,3,11229.51
partner_610,4,10324.72
partner_610,5,9120.89
partner_610,6,8882.67
partner_610,7,9091.92
partner_610,8,9267.55
partner_610,9,8695.82
partner_610,10,8360.58
partner_610,11,8250.94
partner_610,12,7938.59
partner_610,13,7126.13
partner_610,14,8328.38
partner_610,15,6923.32
partner_610,16,7147.93
partner_610,17,5435.35
partner_610,18,6498.3
partner_610,19,5734.27
partner_610,20,5638.23
partner_610,21,7531.97
partner_610,22,6028.86
partner_610,23,6405.88
partner_610,24,6009.19
partner_610,25,5898.29
partner_610,26,5106.04
partner_611,0,133644.2
partner_611,1,132184.76
partner_611,2,122928.26
partner_611,3,121235.52
partner_611,4,116199.84
partner_611,5,117246.77
partner_611,6,128304.72
partner_611,7,93011.56
partner_611,8,114031.48
partner_611,9,95387.14
partner_611,10,108001.8
partner_611,11,89645.38
partner_611,12,93445.4
partner_611,13,85462.3
partner_611,14,69492.68
partner_611,15,95462.11
partner_611,16,71274.32
partner_611,17,76789.32
partner_611,18,65934.8
partner_611,19,61775.11
partner_611,20,67590.95
partner_611,21,62812.37
partner_611,22,57065.38
partner_611,23,62308.65
partner_611,24,51542.85
partner_611,25,59289.46
partner_611,26,55941.37
partner_612,0,8784.46
partner_612,1,9703.54
partner_612,2,8283.51
partner_612,3,9743.75
partner_612,4,9670.42
partner_612,5,8325.99
partner_612,6,9257.97
partner_612,7,10034.06
partner_612,8,8456.96
partner_612,9,9078.58
partner_612,10,10335.55
partner_612,11,8474.38
partner_612,12,9694.96
partner_612,13,8269.01
partner_612,14,9120.15
partner_612,15,9683.44
partner_612,16,7040.51
partner_612,17,8774.07
partner_612,18,9667.31
partner_612,19,9478.69
partner_612,20,8785.14
partner_612,21,8245.48
partner_612,22,9851.9
partner_612,23,8970.5
partner_612,24,9774.85
partner_612,25,9621.79
partner_612,26,8854.62
partner_613,0,11555.94
partner_613,1,13748.67
partner_613,2,13909.42
partner_613,3,13576.25
partner_613,4,12064.23
partner_613,5,15415.43
partner_613,6,12472.63
partner_613,7,12582.24
partner_613,8,12258.97
partner_613,9,10898.03
partner_613,10,13877.21
partner_613,11,11582.81
partner_613,12,13415.91
partner_613,13,13710.71
partner_613,14,13027.32
partner_613,15,11435.91
partner_613,16,11867.02
partner_613,17,8997.0
partner_613,18,12142.98
partner_613,19,13272.29
partner_613,20,11994.27
partner_613,21,11561.09
partner_613,22,11920.26
partner_613,23,13779.28
partner_613,24,12219.28
partner_613,25,14568.72
partner_613,26,11584.86
partner_614,0,32926.51
partner_614,1,27113.6
partner_614,2,31551.42
partner_614,3,24342.31
partner_614,4,28609.82
partner_614,5,24527.14
partner_614,6,25657.97
partner_614,7,20305.37
partner_614,8,23374.96
partner_614,9,19703.63
partner_614,10,22103.02
partner_614,11,17851.73
partner_614,12,20364.41
partner_614,13,22279.39
partner_614,14,20686.11
partner_614,15,16792.14
partner_614,16,15158.24
partner_614,17,19182.94
partner_614,18,20671.91
partner_614,19,15753.64
partner_614,20,20600.1
partner_614,21,16621.5
partner_614,22,13063.33
partner_614,23,13390.58
partner_614,24,16691.33
partner_614,25,15333.57
partner_614,26,16976.69
partner_615,0,5012.68
partner_615,1,4957.33
partner_615,2,4883.13
partner_615,3,4764.44
partner_615,4,4774.3
partner_615,5,5040.5
partner_615,6,5103.88
partner_615,7,5079.11
partner_615,8,5551.43
partner_615,9,4358.87
partner_615,10,4056.48
partner_615,11,5457.78
partner_615,12,4486.56
partner_615,13,4765.99
partner_615,14,4650.75
partner_615,15,4640.14
partner_615,16,4231.56
partner_615,17,4671.84
partner_615,18,5275.66
partner_615,19,4952.03
partner_615,20,5203.91
partner_615,21,4708.22
partner_615,22,5401.25
partner_615,23,4702.14
partner_615,24,3909.41
partner_615,25,5110.84
partner_615,26,5334.14
partner_616,0,5852.33
partner_616,1,6629.48
partner_616,2,7087.22
partner_616,3,5882.6
partner_616,4,5563.82
partner_616,5,5470.84
partner_616,6,6244.96
partner_616,7,5426.36
partner_616,8,6152.81
partner_616,9,5058.38
partner_616,10,4467.15
partner_616,11,4371.5
partner_616,12,4536.85
partner_616,13,3485.57
partner_616,14,4051.76
partner_616,15,3944.57
partner_616,16,4109.23
partner_616,17,4654.63
partner_616,18,3806.57
partner_616,19,2970.12
partner_616,20,3245.1
partner_616,21,3559.93
partner_616,22,3400.65
partner_616,23,3804.17
partner_616,24,3483.75
partner_616,25,3374.46
partner_616,26,2933.53
partner_617,0,11304.8
partner_617,1,13619.65
partner_617,2,12066.6
partner_617,3,10619.28
partner_617,4,13153.93
partner_617,5,14152.66
partner_617,6,11912.4
partner_617,7,14357.82
partner_617,8,10361.06
partner_617,9,10931.2
partner_617,10,12235.1
partner_617,11,11956.9
partner_617,12,11588.89
partner_617,13,12583.28
partner_617,14,11760.93
partner_617,15,11971.54
partner_617,16,12763.02
partner_617,17,11588.39
partner_617,18,12285.65
partner_617,19,11615.71
partner_617,20,10920.24
partner_617,21,13365.6
partner_617,22,14537.91
partner_617,23,13739.2
partner_617,24,12829.19
partner_617,25,11620.69
partner_617,26,12061.02
partner_618,0,94676.12
partner_618,1,110938.77
partner_618,2,110097.19
partner_618,3,90870.64
partner_618,4,110422.27
partner_618,5,113448.87
partner_618,6,149409.33
partner_618,7,175682.52
partner_618,8,170565.96
partner_618,9,103953.28
partner_618,10,105777.99
partner_618,11,90369.21
partner_618,12,101707.32
partner_618,13,93539.62
partner_618,14,111765.64
partner_618,15,108479.54
partner_618,16,111647.89
partner_618,17,135248.6
partner_618,18,132454.73
partner_618,19,148599.55
partner_618,20,151090.04
partner_618,21,82761.42
partner_618,22,83216.07
partner_618,23,103871.21
partner_618,24,83830.28
partner_618,25,86620.69
partner_618,26,95763.35
partner_619,0,21327.83
partner_619,1,18728.28
partner_619,2,21439.66
partner_619,3,20128.27
partner_619,4,15470.63
partner_619,5,17729.38
partner_619,6,15415.62
partner_619,7,14758.26
partner_619,8,18164.92
partner_619,9,14875.56
partner_619,10,13799.6
partner_619,11,13658.45
partner_619,12,14139.54
partner_619,13,11607.89
partner_619,14,11349.2
partner_619,15,12262.67
partner_619,16,9372.45
partner_619,17,11657.61
partner_619,18,8548.73
partner_619,19,9536.57
partner_619,20,7885.84
partner_619,21,8060.03
partner_619,22,9774.96
partner_619,23,9174.44
partner_619,24,8893.45
partner_619,25,6547.43
partner_619,26,6578.61
partner_62,0,5905.56
partner_62,1,6985.4
partner_62,2,6152.06
partner_62,3,6035.93
partner_62,4,4023.15
partner_62,5,5285.22
partner_62,6,6235.19
partner_62,7,5668.16
partner_62,8,3957.0
partner_62,9,4559.5
partner_62,10,4016.5
partner_62,11,5184.8
partner_62,12,4398.54
partner_62,13,3844.38
partner_62,14,4052.24
partner_62,15,2895.39
partner_62,16,3386.29
partner_62,17,3697.21
partner_62,18,3874.76
partner_62,19,2792.19
partner_62,20,3232.2
partner_62,21,3587.92
partner_62,22,2701.8
partner_62,23,3135.42
partner_62,24,2992.29
partner_62,25,3377.23
partner_62,26,2731.64
partner_620,0,85930.04
partner_620,1,73782.05
partner_620,2,75551.06
partner_620,3,71120.96
partner_620,4,93491.72
partner_620,5,76384.8
partner_620,6,80444.59
partner_620,7,80864.42
partner_620,8,89060.02
partner_620,9,72555.47
partner_620,10,89562.35
partner_620,11,69939.12
partner_620,12,89541.98
partner_620,13,66438.03
partner_620,14,79355.17
partner_620,15,93228.62
partner_620,16,85785.2
partner_620,17,83571.74
partner_620,18,71786.02
partner_620,19,74301.01
partner_620,20,90974.84
partner_620,21,83981.51
partner_620,22,87332.88
partner_620,23,80785.42
partner_620,24,77934.34
partner_620,25,86341.78
partner_620,26,82273.49
partner_621,0,79679.05
partner_621,1,86043.36
partner_621,2,118474.88
partner_621,3,108126.43
partner_621,4,66052.79
partner_621,5,69765.55
partner_621,6,68112.25
partner_621,7,65454.83
partner_621,8,62141.66
partner_621,9,75652.5
partner_621,10,58649.08
partner_621,11,70202.34
partner_621,12,72121.74
partner_621,13,91258.22
partner_621,14,113450.53
partner_621,15,97455.01
partner_621,16,65022.24
partner_621,17,62707.59
partner_621,18,56939.0
partner_621,19,68220.87
partner_621,20,64650.19
partner_621,21,57546.64
partner_621,22,66973.66
partner_621,23,57080.65
partner_621,24,69110.81
partner_621,25,79613.72
partner_621,26,103475.32
partner_622,0,62161.22
partner_622,1,61213.52
partner_622,2,55610.65
partner_622,3,68350.69
partner_622,4,53472.92
partner_622,5,49637.68
partner_622,6,62725.24
partner_622,7,45359.78
partner_622,8,66398.34
partner_622,9,58366.72
partner_622,10,49533.85
partner_622,11,52298.68
partner_622,12,48337.23
partner_622,13,59991.05
partner_622,14,50112.05
partner_622,15,60679.81
partner_622,16,56017.56
partner_622,17,55032.2
partner_622,18,60721.74
partner_622,19,61381.37
partner_622,20,64399.11
partner_622,21,54116.9
partner_622,22,57606.56
partner_622,23,54107.95
partner_622,24,58720.52
partner_622,25,53281.93
partner_622,26,55328.42
partner_623,0,9781.44
partner_623,1,9395.53
partner_623,2,7016.16
partner_623,3,6307.76
partner_623,4,7404.22
partner_623,5,6865.09
partner_623,6,7274.75
partner_623,7,7353.58
partner_623,8,8461.33
partner_623,9,7840.23
partner_623,10,8339.91
partner_623,11,8980.94
partner_623,12,11857.83
partner_623,13,10773.91
partner_623,14,6477.34
partner_623,15,7559.78
partner_623,16,7926.61
partner_623,17,7203.58
partner_623,18,7821.19
partner_623,19,7931.25
partner_623,20,8051.91
partner_623,21,9419.66
partner_623,22,7986.3
partner_623,23,12891.29
partner_623,24,12146.97
partner_623,25,13006.93
partner_623,26,8594.27
partner_624,0,33255.96
partner_624,1,37891.31
partner_624,2,29162.34
partner_624,3,30396.21
partner_624,4,33182.54
partner_624,5,33574.66
partner_624,6,32877.44
partner_624,7,27876.35
partner_624,8,25511.93
partner_624,9,31426.78
partner_624,10,33481.19
partner_624,11,27765.95
partner_624,12,25010.11
partner_624,13,26544.03
partner_624,14,28312.15
partner_624,15,26126.44
partner_624,16,29966.92
partner_624,17,28185.22
partner_624,18,25803.1
partner_624,19,20018.87
partner_624,20,22743.58
partner_624,21,22681.69
partner_624,22,21806.76
partner_624,23,23585.1
partner_624,24,23208.84
partner_624,25,18583.89
partner_624,26,23683.76
partner_625,0,23993.55
partner_625,1,31953.37
partner_625,2,32513.51
partner_625,3,43040.5
partner_625,4,34151.3
partner_625,5,29238.36
partner_625,6,23324.66
partner_625,7,32280.2
partner_625,8,23348.9
partner_625,9,28622.98
partner_625,10,25042.4
partner_625,11,28067.87
partner_625,12,26880.22
partner_625,13,26259.37
partner_625,14,24673.79
partner_625,15,48565.23
partner_625,16,39235.79
partner_625,17,18733.86
partner_625,18,27438.32
partner_625,19,28558.92
partner_625,20,24884.58
partner_625,21,24982.31
partner_625,22,26933.36
partner_625,23,30477.63
partner_625,24,28311.46
partner_625,25,35092.93
partner_625,26,39600.54
partner_626,0,7134.91
partner_626,1,7853.33
partner_626,2,7669.88
partner_626,3,8285.79
partner_626,4,8649.9
partner_626,5,8569.06
partner_626,6,8086.66
partner_626,7,8939.84
partner_626,8,10625.87
partner_626,9,7552.73
partner_626,10,9511.65
partner_626,11,10966.7
partner_626,12,8359.44
partner_626,13,10648.86
partner_626,14,11014.65
partner_626,15,8616.22
partner_626,16,11066.91
partner_626,17,10271.17
partner_626,18,10724.01
partner_626,19,10667.63
partner_626,20,12746.93
partner_626,21,11385.91
partner_626,22,11222.42
partner_626,23,11488.99
partner_626,24,11870.56
partner_626,25,11203.42
partner_626,26,12228.79
partner_627,0,29359.99
partner_627,1,25746.46
partner_627,2,22975.23
partner_627,3,20800.56
partner_627,4,22854.15
partner_627,5,21048.81
partner_627,6,20261.54
partner_627,7,20118.65
partner_627,8,19784.71
partner_627,9,18530.76
partner_627,10,17016.07
partner_627,11,15277.28
partner_627,12,14957.36
partner_627,13,16583.38
partner_627,14,14044.64
partner_627,15,12176.35
partner_627,16,15064.16
partner_627,17,11730.22
partner_627,18,12468.52
partner_627,19,12505.61
partner_627,20,11439.73
partner_627,21,8252.7
partner_627,22,10937.08
partner_627,23,11438.12
partner_627,24,10450.5
partner_627,25,7320.76
partner_627,26,10814.51
partner_628,0,4199.6
partner_628,1,5075.28
partner_628,2,4920.4
partner_628,3,4745.05
partner_628,4,4439.2
partner_628,5,5333.7
partner_628,6,4688.72
partner_628,7,3970.17
partner_628,8,5287.31
partner_628,9,4810.46
partner_628,10,5232.1
partner_628,11,4976.75
partner_628,12,5833.03
partner_628,13,4561.33
partner_628,14,4714.81
partner_628,15,5046.08
partner_628,16,4564.23
partner_628,17,5085.06
partner_628,18,3319.82
partner_628,19,4672.98
partner_628,20,4658.76
partner_628,21,4641.7
partner_628,22,4294.45
partner_628,23,5133.77
partner_628,24,4469.78
partner_628,25,4801.51
partner_628,26,4689.74
partner_629,0,9914.24
partner_629,1,9298.54
partner_629,2,9681.29
partner_629,3,9605.55
partner_629,4,10729.05
partner_629,5,11116.98
partner_629,6,11629.26
partner_629,7,13877.43
partner_629,8,12052.79
partner_629,9,9780.41
partner_629,10,9987.19
partner_629,11,11817.26
partner_629,12,11381.48
partner_629,13,9011.78
partner_629,14,10281.34
partner_629,15,10367.77
partner_629,16,10178.56
partner_629,17,11100.15
partner_629,18,12505.25
partner_629,19,17292.44
partner_629,20,13988.86
partner_629,21,10574.46
partner_629,22,7656.19
partner_629,23,11115.88
partner_629,24,11511.15
partner_629,25,9229.74
partner_629,26,9813.04
partner_63,0,22825.99
partner_63,1,22409.46
partner_63,2,23291.43
partner_63,3,25796.01
partner_63,4,25428.53
partner_63,5,23315.69
partner_63,6,29012.47
partner_63,7,40432.73
partner_63,8,38060.66
partner_63,9,42363.14
partner_63,10,24279.06
partner_63,11,24746.58
partner_63,12,20965.67
partner_63,13,28753.49
partner_63,14,23385.99
partner_63,15,28138.12
partner_63,16,24250.69
partner_63,17,25355.97
partner_63,18,34443.1
partner_63,19,41517.87
partner_63,20,45480.81
partner_63,21,48225.33
partner_63,22,25803.25
partner_63,23,26704.48
partner_63,24,25105.93
partner_63,25,29488.45
partner_63,26,25318.43
partner_630,0,13619.9
partner_630,1,16747.14
partner_630,2,9062.08
partner_630,3,12409.52
partner_630,4,11065.86
partner_630,5,10734.05
partner_630,6,8938.35
partner_630,7,10962.95
partner_630,8,10779.23
partner_630,9,8278.95
partner_630,10,9882.64
partner_630,11,13857.37
partner_630,12,14992.15
partner_630,13,14506.63
partner_630,14,11659.86
partner_630,15,9658.61
partner_630,16,10180.52
partner_630,17,10042.93
partner_630,18,11361.68
partner_630,19,9016.44
partner_630,20,10466.74
partner_630,21,9422.66
partner_630,22,12068.75
partner_630,23,15545.31
partner_630,24,17684.51
partner_630,25,15369.15
partner_630,26,12012.16
partner_631,0,8440.02
partner_631,1,7332.34
partner_631,2,5220.24
partner_631,3,8093.54
partner_631,4,7087.83
partner_631,5,7225.19
partner_631,6,7678.44
partner_631,7,6370.49
partner_631,8,7484.35
partner_631,9,7825.96
partner_631,10,7699.35
partner_631,11,6983.95
partner_631,12,8165.78
partner_631,13,6687.86
partner_631,14,6964.19
partner_631,15,7327.85
partner_631,16,7648.39
partner_631,17,7187.79
partner_631,18,8341.59
partner_631,19,7648.25
partner_631,20,7485.09
partner_631,21,7622.14
partner_631,22,7973.36
partner_631,23,7607.76
partner_631,24,6084.62
partner_631,25,8238.27
partner_631,26,7517.79
partner_632,0,10094.0
partner_632,1,8599.19
partner_632,2,8123.44
partner_632,3,9527.52
partner_632,4,11065.35
partner_632,5,11886.62
partner_632,6,10838.81
partner_632,7,9414.04
partner_632,8,9696.11
partner_632,9,11952.79
partner_632,10,9142.01
partner_632,11,12732.39
partner_632,12,12494.9
partner_632,13,12767.06
partner_632,14,10921.64
partner_632,15,10161.78
partner_632,16,10896.01
partner_632,17,11477.03
partner_632,18,9836.41
partner_632,19,9362.51
partner_632,20,10222.37
partner_632,21,9708.55
partner_632,22,11826.65
partner_632,23,9872.55
partner_632,24,10621.72
partner_632,25,11555.37
partner_632,26,11867.63
partner_633,0,68351.86
partner_633,1,81295.68
partner_633,2,80514.97
partner_633,3,56326.27
partner_633,4,78993.69
partner_633,5,60529.26
partner_633,6,66839.93
partner_633,7,61622.97
partner_633,8,58910.68
partner_633,9,56259.8
partner_633,10,50153.26
partner_633,11,56794.81
partner_633,12,50812.2
partner_633,13,44061.32
partner_633,14,44055.06
partner_633,15,41474.28
partner_633,16,43743.92
partner_633,17,46916.88
partner_633,18,40286.27
partner_633,19,46137.34
partner_633,20,40258.62
partner_633,21,38348.67
partner_633,22,38341.48
partner_633,23,42276.45
partner_633,24,31028.35
partner_633,25,40627.06
partner_633,26,37025.94
partner_634,0,23985.14
partner_634,1,25029.3
partner_634,2,22598.52
partner_634,3,25725.2
partner_634,4,21402.95
partner_634,5,22497.32
partner_634,6,23710.55
partner_634,7,24084.32
partner_634,8,19645.78
partner_634,9,22597.19
partner_634,10,18606.64
partner_634,11,15901.8
partner_634,12,18402.02
partner_634,13,21158.56
partner_634,14,19150.4
partner_634,15,17818.34
partner_634,16,18586.06
partner_634,17,18188.39
partner_634,18,18926.16
partner_634,19,14674.78
partner_634,20,17000.75
partner_634,21,17074.11
partner_634,22,14297.36
partner_634,23,14015.33
partner_634,24,15379.87
partner_634,25,15685.41
partner_634,26,15405.88
partner_635,0,19221.26
partner_635,1,19884.89
partner_635,2,20948.3
partner_635,3,13983.55
partner_635,4,18423.11
partner_635,5,16546.92
partner_635,6,16993.36
partner_635,7,17423.7
partner_635,8,13894.41
partner_635,9,15870.22
partner_635,10,12236.52
partner_635,11,13671.4
partner_635,12,12708.67
partner_635,13,12624.77
partner_635,14,10925.6
partner_635,15,12209.58
partner_635,16,13077.66
partner_635,17,9831.96
partner_635,18,10706.72
partner_635,19,11005.71
partner_635,20,9491.32
partner_635,21,10721.56
partner_635,22,8714.58
partner_635,23,8683.53
partner_635,24,7634.93
partner_635,25,8282.31
partner_635,26,7893.6
partner_636,0,9613.47
partner_636,1,11317.7
partner_636,2,12926.66
partner_636,3,12640.0
partner_636,4,14772.13
partner_636,5,13799.27
partner_636,6,14419.08
partner_636,7,15348.26
partner_636,8,17311.43
partner_636,9,17754.98
partner_636,10,14768.65
partner_636,11,18759.71
partner_636,12,18694.71
partner_636,13,18724.08
partner_636,14,16471.04
partner_636,15,17758.39
partner_636,16,21207.17
partner_636,17,19696.86
partner_636,18,23363.96
partner_636,19,27181.24
partner_636,20,25053.95
partner_636,21,28121.9
partner_636,22,26112.86
partner_636,23,31575.59
partner_636,24,33779.83
partner_636,25,28909.21
partner_636,26,32682.57
partner_637,0,4898.07
partner_637,1,4662.79
partner_637,2,4498.36
partner_637,3,4574.15
partner_637,4,4456.59
partner_637,5,3982.34
partner_637,6,3815.43
partner_637,7,3938.62
partner_637,8,3779.6
partner_637,9,4518.43
partner_637,10,3503.2
partner_637,11,3645.17
partner_637,12,3605.33
partner_637,13,3818.94
partner_637,14,2993.14
partner_637,15,3591.85
partner_637,16,3034.73
partner_637,17,3744.35
partner_637,18,3018.14
partner_637,19,2484.13
partner_637,20,2699.75
partner_637,21,3035.93
partner_637,22,2625.43
partner_637,23,2517.25
partner_637,24,2639.54
partner_637,25,2311.94
partner_637,26,2279.43
partner_638,0,5745.89
partner_638,1,5451.55
partner_638,2,4773.85
partner_638,3,5016.75
partner_638,4,6335.1
partner_638,5,6370.39
partner_638,6,6139.21
partner_638,7,8004.2
partner_638,8,4812.43
partner_638,9,5577.95
partner_638,10,5115.93
partner_638,11,5065.97
partner_638,12,5197.66
partner_638,13,4562.1
partner_638,14,4722.6
partner_638,15,5119.5
partner_638,16,5028.04
partner_638,17,6981.0
partner_638,18,7078.41
partner_638,19,6213.95
partner_638,20,4694.33
partner_638,21,4998.15
partner_638,22,4704.31
partner_638,23,5095.89
partner_638,24,5156.2
partner_638,25,6021.2
partner_638,26,5413.03
partner_639,0,15441.72
partner_639,1,15263.7
partner_639,2,17929.75
partner_639,3,16507.86
partner_639,4,12000.29
partner_639,5,11995.98
partner_639,6,12263.24
partner_639,7,11109.34
partner_639,8,13783.65
partner_639,9,13094.4
partner_639,10,10698.63
partner_639,11,12826.91
partner_639,12,11694.18
partner_639,13,18130.47
partner_639,14,20881.08
partner_639,15,17801.78
partner_639,16,11090.46
partner_639,17,11270.05
partner_639,18,11474.52
partner_639,19,11840.27
partner_639,20,13550.19
partner_639,21,13006.75
partner_639,22,13032.69
partner_639,23,12354.54
partner_639,24,11645.26
partner_639,25,14008.58
partner_639,26,17174.4
partner_64,0,14520.38
partner_64,1,16183.31
partner_64,2,15651.64
partner_64,3,15725.64
partner_64,4,16774.72
partner_64,5,19026.53
partner_64,6,16928.24
partner_64,7,18582.27
partner_64,8,19556.03
partner_64,9,22032.59
partner_64,10,20840.72
partner_64,11,25803.37
partner_64,12,22328.27
partner_64,13,22986.8
partner_64,14,24024.36
partner_64,15,22031.79
partner_64,16,23607.34
partner_64,17,25889.16
partner_64,18,31603.81
partner_64,19,29362.58
partner_64,20,29099.03
partner_64,21,35638.34
partner_64,22,38064.16
partner_64,23,38500.69
partner_64,24,32478.87
partner_64,25,35033.66
partner_64,26,45201.24
partner_640,0,5098.5
partner_640,1,5346.47
partner_640,2,5217.93
partner_640,3,5198.06
partner_640,4,4024.64
partner_640,5,5607.85
partner_640,6,4172.53
partner_640,7,4872.51
partner_640,8,5254.15
partner_640,9,5125.53
partner_640,10,4315.8
partner_640,11,4404.63
partner_640,12,5090.13
partner_640,13,5200.86
partner_640,14,4400.23
partner_640,15,5142.35
partner_640,16,4198.32
partner_640,17,5257.04
partner_640,18,4510.76
partner_640,19,4987.93
partner_640,20,4904.84
partner_640,21,5522.39
partner_640,22,5067.9
partner_640,23,4651.65
partner_640,24,5126.02
partner_640,25,6008.17
partner_640,26,5314.31
partner_641,0,22910.1
partner_641,1,25128.53
partner_641,2,20665.65
partner_641,3,21856.57
partner_641,4,24084.37
partner_641,5,20597.62
partner_641,6,17445.2
partner_641,7,22949.53
partner_641,8,21361.69
partner_641,9,18378.51
partner_641,10,19017.46
partner_641,11,15819.36
partner_641,12,16797.75
partner_641,13,14454.91
partner_641,14,12574.45
partner_641,15,17651.09
partner_641,16,11608.66
partner_641,17,13405.49
partner_641,18,12904.0
partner_641,19,12713.59
partner_641,20,11546.21
partner_641,21,11138.61
partner_641,22,10969.6
partner_641,23,10927.26
partner_641,24,10046.42
partner_641,25,9617.13
partner_641,26,8098.85
partner_642,0,58940.78
partner_642,1,57112.57
partner_642,2,52450.36
partner_642,3,50329.26
partner_642,4,60754.96
partner_642,5,55049.53
partner_642,6,59418.34
partner_642,7,48379.42
partner_642,8,64597.57
partner_642,9,60986.52
partner_642,10,55490.37
partner_642,11,58559.94
partner_642,12,60089.33
partner_642,13,48464.28
partner_642,14,65330.28
partner_642,15,58647.42
partner_642,16,52004.85
partner_642,17,49809.11
partner_642,18,61466.07
partner_642,19,57125.17
partner_642,20,58643.72
partner_642,21,56093.04
partner_642,22,50334.13
partner_642,23,58789.27
partner_642,24,54838.78
partner_642,25,55822.52
partner_642,26,69241.74
partner_643,0,45021.27
partner_643,1,37532.86
partner_643,2,37350.91
partner_643,3,35131.46
partner_643,4,36748.61
partner_643,5,31260.01
partner_643,6,43312.42
partner_643,7,35797.4
partner_643,8,45638.34
partner_643,9,42562.97
partner_643,10,44212.08
partner_643,11,44389.58
partner_643,12,51833.34
partner_643,13,52110.99
partner_643,14,47336.81
partner_643,15,44121.94
partner_643,16,54082.06
partner_643,17,45630.35
partner_643,18,43601.67
partner_643,19,55351.27
partner_643,20,60401.97
partner_643,21,52755.53
partner_643,22,58419.66
partner_643,23,54955.21
partner_643,24,62781.69
partner_643,25,66343.16
partner_643,26,59457.83
partner_644,0,50703.03
partner_644,1,39466.89
partner_644,2,44313.94
partner_644,3,44181.14
partner_644,4,37362.22
partner_644,5,37113.79
partner_644,6,39830.45
partner_644,7,31937.95
partner_644,8,30306.07
partner_644,9,31239.0
partner_644,10,34615.65
partner_644,11,34193.94
partner_644,12,27978.47
partner_644,13,25182.44
partner_644,14,28783.52
partner_644,15,20794.8
partner_644,16,24543.78
partner_644,17,22879.86
partner_644,18,24903.01
partner_644,19,24108.57
partner_644,20,18386.93
partner_644,21,19804.78
partner_644,22,17622.92
partner_644,23,17406.45
partner_644,24,18268.52
partner_644,25,15956.52
partner_644,26,16148.01
partner_645,0,13510.0
partner_645,1,12071.04
partner_645,2,11870.52
partner_645,3,10433.24
partner_645,4,13592.87
partner_645,5,12313.93
partner_645,6,11892.18
partner_645,7,11832.14
partner_645,8,12155.49
partner_645,9,12637.85
partner_645,10,12783.05
partner_645,11,13622.2
partner_645,12,12017.09
partner_645,13,13790.45
partner_645,14,12973.31
partner_645,15,11661.81
partner_645,16,9776.13
partner_645,17,11832.74
partner_645,18,13560.82
partner_645,19,10822.79
partner_645,20,11829.1
partner_645,21,11926.2
partner_645,22,12837.69
partner_645,23,11277.36
partner_645,24,10712.36
partner_645,25,12401.1
partner_645,26,10860.19
partner_646,0,36706.27
partner_646,1,41335.03
partner_646,2,39165.86
partner_646,3,39833.07
partner_646,4,40045.78
partner_646,5,39244.8
partner_646,6,43527.82
partner_646,7,40504.22
partner_646,8,39650.24
partner_646,9,44445.03
partner_646,10,53751.17
partner_646,11,43217.22
partner_646,12,44831.48
partner_646,13,55976.5
partner_646,14,52454.71
partner_646,15,59418.92
partner_646,16,64486.34
partner_646,17,63563.94
partner_646,18,58937.38
partner_646,19,73505.06
partner_646,20,72464.47
partner_646,21,70038.76
partner_646,22,72173.27
partner_646,23,77696.33
partner_646,24,75132.75
partner_646,25,67204.32
partner_646,26,89390.0
partner_647,0,34638.97
partner_647,1,40124.82
partner_647,2,31360.01
partner_647,3,36336.53
partner_647,4,37218.88
partner_647,5,45777.77
partner_647,6,45215.13
partner_647,7,38407.28
partner_647,8,45097.66
partner_647,9,55557.83
partner_647,10,43846.19
partner_647,11,48379.76
partner_647,12,52734.79
partner_647,13,48776.88
partner_647,14,63281.65
partner_647,15,53079.25
partner_647,16,49682.86
partner_647,17,56615.59
partner_647,18,65921.95
partner_647,19,58970.19
partner_647,20,68373.81
partner_647,21,72598.87
partner_647,22,62575.44
partner_647,23,69560.91
partner_647,24,79006.36
partner_647,25,84615.1
partner_647,26,77466.59
partner_648,0,25810.47
partner_648,1,28498.25
partner_648,2,27944.55
partner_648,3,25572.59
partner_648,4,27835.71
partner_648,5,25468.68
partner_648,6,27779.71
partner_648,7,27816.72
partner_648,8,32863.36
partner_648,9,25671.47
partner_648,10,26189.46
partner_648,11,24845.39
partner_648,12,23821.07
partner_648,13,25352.16
partner_648,14,28331.56
partner_648,15,28523.79
partner_648,16,27350.21
partner_648,17,25779.05
partner_648,18,25254.1
partner_648,19,24129.2
partner_648,20,25085.38
partner_648,21,23124.27
partner_648,22,30171.85
partner_648,23,31445.08
partner_648,24,21422.17
partner_648,25,27333.16
partner_648,26,27289.14
partner_649,0,29956.73
partner_649,1,27586.95
partner_649,2,28509.53
partner_649,3,23334.54
partner_649,4,21165.95
partner_649,5,24991.87
partner_649,6,21103.59
partner_649,7,25170.49
partner_649,8,17479.51
partner_649,9,20632.26
partner_649,10,19806.06
partner_649,11,19895.07
partner_649,12,20589.18
partner_649,13,20339.51
partner_649,14,20296.19
partner_649,15,20003.81
partner_649,16,17824.13
partner_649,17,21411.11
partner_649,18,19632.4
partner_649,19,16286.01
partner_649,20,16166.42
partner_649,21,15449.28
partner_649,22,16148.63
partner_649,23,13716.76
partner_649,24,13644.51
partner_649,25,11313.67
partner_649,26,13522.18
partner_65,0,8307.04
partner_65,1,9092.61
partner_65,2,9867.56
partner_65,3,8310.11
partner_65,4,10473.94
partner_65,5,11079.12
partner_65,6,12998.43
partner_65,7,13729.8
partner_65,8,9932.22
partner_65,9,9259.06
partner_65,10,9029.12
partner_65,11,9794.28
partner_65,12,8706.22
partner_65,13,10356.96
partner_65,14,11220.49
partner_65,15,10410.01
partner_65,16,11439.82
partner_65,17,14437.01
partner_65,18,12827.29
partner_65,19,17111.2
partner_65,20,13863.55
partner_65,21,10547.7
partner_65,22,10648.59
partner_65,23,11684.92
partner_65,24,12782.79
partner_65,25,12165.7
partner_65,26,8825.89
partner_650,0,37906.28
partner_650,1,38735.93
partner_650,2,33390.59
partner_650,3,36633.41
partner_650,4,39184.35
partner_650,5,36515.43
partner_650,6,38298.64
partner_650,7,38693.88
partner_650,8,36066.02
partner_650,9,30930.35
partner_650,10,31667.13
partner_650,11,38530.37
partner_650,12,32796.97
partner_650,13,31877.12
partner_650,14,28179.26
partner_650,15,30080.29
partner_650,16,32034.01
partner_650,17,29478.05
partner_650,18,27477.82
partner_650,19,27718.68
partner_650,20,31450.56
partner_650,21,29518.38
partner_650,22,28701.49
partner_650,23,28011.58
partner_650,24,23292.21
partner_650,25,26720.97
partner_650,26,28349.33
partner_651,0,66500.86
partner_651,1,66553.22
partner_651,2,60214.78
partner_651,3,63569.81
partner_651,4,48578.22
partner_651,5,55657.23
partner_651,6,57924.03
partner_651,7,54261.39
partner_651,8,56993.33
partner_651,9,49278.57
partner_651,10,46126.06
partner_651,11,39766.24
partner_651,12,45092.39
partner_651,13,47519.53
partner_651,14,47391.57
partner_651,15,36919.03
partner_651,16,46755.59
partner_651,17,36805.36
partner_651,18,39264.95
partner_651,19,36536.54
partner_651,20,39334.8
partner_651,21,37149.5
partner_651,22,38303.44
partner_651,23,41409.78
partner_651,24,35433.82
partner_651,25,31299.76
partner_651,26,33866.92
partner_652,0,18561.09
partner_652,1,19065.08
partner_652,2,14642.21
partner_652,3,18091.74
partner_652,4,16951.05
partner_652,5,16233.25
partner_652,6,17379.01
partner_652,7,17607.1
partner_652,8,16330.32
partner_652,9,17746.14
partner_652,10,17115.7
partner_652,11,18641.38
partner_652,12,17814.27
partner_652,13,18072.66
partner_652,14,19123.77
partner_652,15,18384.5
partner_652,16,17407.28
partner_652,17,13782.9
partner_652,18,18312.68
partner_652,19,15829.5
partner_652,20,17267.67
partner_652,21,18064.16
partner_652,22,19739.73
partner_652,23,20626.82
partner_652,24,15813.31
partner_652,25,15125.93
partner_652,26,17985.21
partner_653,0,24235.06
partner_653,1,27499.98
partner_653,2,29191.68
partner_653,3,24157.17
partner_653,4,24806.06
partner_653,5,25771.33
partner_653,6,26961.03
partner_653,7,29457.31
partner_653,8,26646.4
partner_653,9,27698.09
partner_653,10,33732.97
partner_653,11,24911.49
partner_653,12,25747.0
partner_653,13,29413.56
partner_653,14,30267.35
partner_653,15,28688.31
partner_653,16,32528.64
partner_653,17,28420.17
partner_653,18,22102.39
partner_653,19,27812.89
partner_653,20,25972.9
partner_653,21,31357.52
partner_653,22,30202.84
partner_653,23,23166.8
partner_653,24,31265.26
partner_653,25,30133.27
partner_653,26,26651.96
partner_654,0,27600.69
partner_654,1,19451.23
partner_654,2,25306.86
partner_654,3,26876.85
partner_654,4,24012.83
partner_654,5,25797.5
partner_654,6,24477.68
partner_654,7,22328.21
partner_654,8,22267.66
partner_654,9,25952.6
partner_654,10,22687.58
partner_654,11,20534.04
partner_654,12,24524.3
partner_654,13,22984.68
partner_654,14,21322.59
partner_654,15,24401.59
partner_654,16,26086.7
partner_654,17,24276.58
partner_654,18,21644.5
partner_654,19,25395.06
partner_654,20,26735.71
partner_654,21,29589.45
partner_654,22,27721.02
partner_654,23,21792.0
partner_654,24,26306.7
partner_654,25,24849.26
partner_654,26,21436.48
partner_655,0,10681.16
partner_655,1,10033.39
partner_655,2,8053.47
partner_655,3,8973.99
partner_655,4,9402.32
partner_655,5,7411.41
partner_655,6,7442.3
partner_655,7,9100.27
partner_655,8,9111.96
partner_655,9,7313.8
partner_655,10,9309.39
partner_655,11,9935.8
partner_655,12,8766.06
partner_655,13,9015.3
partner_655,14,9473.78
partner_655,15,9355.14
partner_655,16,7466.33
partner_655,17,8150.55
partner_655,18,8606.95
partner_655,19,8190.25
partner_655,20,10276.35
partner_655,21,9530.3
partner_655,22,7967.19
partner_655,23,8769.62
partner_655,24,9974.72
partner_655,25,8382.56
partner_655,26,9724.86
partner_656,0,123921.31
partner_656,1,142598.44
partner_656,2,125074.91
partner_656,3,171563.67
partner_656,4,146515.59
partner_656,5,166050.26
partner_656,6,149491.95
partner_656,7,169565.74
partner_656,8,177295.63
partner_656,9,158825.27
partner_656,10,164831.95
partner_656,11,185937.25
partner_656,12,219489.22
partner_656,13,168100.7
partner_656,14,206496.99
partner_656,15,252327.46
partner_656,16,203677.31
partner_656,17,272203.26
partner_656,18,223441.39
partner_656,19,238190.76
partner_656,20,269013.52
partner_656,21,337547.1
partner_656,22,277060.34
partner_656,23,254794.74
partner_656,24,275919.86
partner_656,25,365276.37
partner_656,26,300776.42
partner_657,0,11843.0
partner_657,1,13077.92
partner_657,2,11631.05
partner_657,3,16251.33
partner_657,4,14814.55
partner_657,5,19393.88
partner_657,6,16608.92
partner_657,7,11941.03
partner_657,8,12107.67
partner_657,9,16281.53
partner_657,10,12488.68
partner_657,11,11447.22
partner_657,12,11890.17
partner_657,13,10592.33
partner_657,14,12557.02
partner_657,15,16402.63
partner_657,16,16494.49
partner_657,17,19579.09
partner_657,18,16276.67
partner_657,19,11943.63
partner_657,20,12404.9
partner_657,21,11243.32
partner_657,22,12571.81
partner_657,23,12796.38
partner_657,24,12679.87
partner_657,25,11869.16
partner_657,26,13683.63
partner_658,0,25803.09
partner_658,1,20919.64
partner_658,2,20358.42
partner_658,3,23372.92
partner_658,4,27730.37
partner_658,5,31420.99
partner_658,6,27127.66
partner_658,7,35795.99
partner_658,8,31688.61
partner_658,9,32583.23
partner_658,10,31461.67
partner_658,11,42863.93
partner_658,12,36848.12
partner_658,13,33824.27
partner_658,14,50706.39
partner_658,15,44127.76
partner_658,16,47822.99
partner_658,17,53960.74
partner_658,18,51143.7
partner_658,19,55158.36
partner_658,20,52708.56
partner_658,21,58694.31
partner_658,22,56842.91
partner_658,23,59374.61
partner_658,24,62800.74
partner_658,25,62162.54
partner_658,26,70925.24
partner_659,0,10403.87
partner_659,1,11257.0
partner_659,2,9946.63
partner_659,3,8454.45
partner_659,4,8657.56
partner_659,5,9067.98
partner_659,6,6898.31
partner_659,7,8785.36
partner_659,8,6471.68
partner_659,9,7335.7
partner_659,10,6460.43
partner_659,11,6162.09
partner_659,12,5167.61
partner_659,13,6217.44
partner_659,14,4763.84
partner_659,15,4489.11
partner_659,16,5616.3
partner_659,17,5692.04
partner_659,18,4322.64
partner_659,19,4889.06
partner_659,20,4602.19
partner_659,21,4051.89
partner_659,22,4447.07
partner_659,23,3701.92
partner_659,24,3797.31
partner_659,25,3029.38
partner_659,26,2920.39
partner_66,0,110248.43
partner_66,1,93152.56
partner_66,2,77568.93
partner_66,3,90165.59
partner_66,4,76463.24
partner_66,5,98505.08
partner_66,6,79311.59
partner_66,7,88345.19
partner_66,8,80171.89
partner_66,9,82902.09
partner_66,10,100726.78
partner_66,11,88601.37
partner_66,12,82790.24
partner_66,13,77651.14
partner_66,14,71280.39
partner_66,15,76721.12
partner_66,16,88675.93
partner_66,17,96290.19
partner_66,18,82780.16
partner_66,19,101466.86
partner_66,20,81402.06
partner_66,21,85606.89
partner_66,22,78226.86
partner_66,23,96382.51
partner_66,24,106088.05
partner_66,25,72244.02
partner_66,26,84658.48
partner_660,0,12587.59
partner_660,1,14885.37
partner_660,2,14558.89
partner_660,3,12505.41
partner_660,4,10019.9
partner_660,5,11351.76
partner_660,6,10302.37
partner_660,7,11099.74
partner_660,8,9761.15
partner_660,9,9281.47
partner_660,10,7985.37
partner_660,11,10272.05
partner_660,12,7616.69
partner_660,13,9371.8
partner_660,14,10136.02
partner_660,15,8608.23
partner_660,16,8097.41
partner_660,17,8831.06
partner_660,18,7982.84
partner_660,19,8678.88
partner_660,20,7479.68
partner_660,21,8080.12
partner_660,22,7716.51
partner_660,23,7816.0
partner_660,24,8912.72
partner_660,25,7648.62
partner_660,26,7711.1
partner_661,0,19906.35
partner_661,1,18936.54
partner_661,2,19529.38
partner_661,3,20735.23
partner_661,4,18497.59
partner_661,5,18696.57
partner_661,6,18524.5
partner_661,7,18486.91
partner_661,8,19808.95
partner_661,9,18762.9
partner_661,10,22388.4
partner_661,11,24688.4
partner_661,12,18365.75
partner_661,13,20044.1
partner_661,14,21492.8
partner_661,15,18954.17
partner_661,16,17535.39
partner_661,17,22856.14
partner_661,18,20807.69
partner_661,19,20092.17
partner_661,20,22296.03
partner_661,21,20971.4
partner_661,22,19378.29
partner_661,23,17569.97
partner_661,24,18511.03
partner_661,25,21817.62
partner_661,26,20799.76
partner_662,0,7307.69
partner_662,1,8516.69
partner_662,2,8270.51
partner_662,3,10081.75
partner_662,4,9484.8
partner_662,5,9251.35
partner_662,6,9442.31
partner_662,7,10021.99
partner_662,8,9719.1
partner_662,9,9445.3
partner_662,10,11774.79
partner_662,11,11288.72
partner_662,12,11782.33
partner_662,13,12882.43
partner_662,14,13640.92
partner_662,15,14177.85
partner_662,16,17362.16
partner_662,17,16464.98
partner_662,18,19520.07
partner_662,19,16092.66
partner_662,20,18949.65
partner_662,21,17642.58
partner_662,22,18078.8
partner_662,23,24287.07
partner_662,24,19273.27
partner_662,25,16931.65
partner_662,26,21144.39
partner_663,0,5986.83
partner_663,1,4740.93
partner_663,2,4007.59
partner_663,3,2906.78
partner_663,4,3530.63
partner_663,5,3458.86
partner_663,6,3868.28
partner_663,7,3700.24
partner_663,8,4024.88
partner_663,9,3598.37
partner_663,10,3997.36
partner_663,11,5295.7
partner_663,12,6544.79
partner_663,13,6420.8
partner_663,14,3675.05
partner_663,15,3641.69
partner_663,16,3544.39
partner_663,17,3701.49
partner_663,18,4277.64
partner_663,19,3469.32
partner_663,20,3448.28
partner_663,21,3549.67
partner_663,22,4332.26
partner_663,23,3985.38
partner_663,24,5822.78
partner_663,25,6419.45
partner_663,26,3355.16
partner_664,0,8906.18
partner_664,1,6414.62
partner_664,2,6807.8
partner_664,3,7408.15
partner_664,4,6700.37
partner_664,5,7058.31
partner_664,6,6501.15
partner_664,7,7171.64
partner_664,8,5486.21
partner_664,9,5782.23
partner_664,10,5784.67
partner_664,11,5613.76
partner_664,12,5281.5
partner_664,13,3787.38
partner_664,14,4825.19
partner_664,15,4519.15
partner_664,16,4779.58
partner_664,17,4523.28
partner_664,18,4142.05
partner_664,19,3999.58
partner_664,20,4221.35
partner_664,21,3975.51
partner_664,22,3512.72
partner_664,23,3981.09
partner_664,24,2945.47
partner_664,25,2656.28
partner_664,26,2886.32
partner_665,0,5190.58
partner_665,1,6439.52
partner_665,2,7125.64
partner_665,3,6848.97
partner_665,4,6354.04
partner_665,5,6918.1
partner_665,6,6973.73
partner_665,7,7381.55
partner_665,8,6447.02
partner_665,9,7490.94
partner_665,10,6137.6
partner_665,11,6542.17
partner_665,12,8059.37
partner_665,13,6183.6
partner_665,14,6435.12
partner_665,15,6025.68
partner_665,16,6319.04
partner_665,17,6984.26
partner_665,18,7375.68
partner_665,19,6876.1
partner_665,20,6665.27
partner_665,21,6032.8
partner_665,22,6388.03
partner_665,23,5823.89
partner_665,24,7396.35
partner_665,25,7444.24
partner_665,26,6861.08
partner_666,0,30130.15
partner_666,1,34560.43
partner_666,2,27688.57
partner_666,3,30275.04
partner_666,4,30407.68
partner_666,5,34539.36
partner_666,6,28257.79
partner_666,7,38404.82
partner_666,8,36031.63
partner_666,9,40764.83
partner_666,10,35136.72
partner_666,11,33902.66
partner_666,12,38881.75
partner_666,13,40925.52
partner_666,14,35034.45
partner_666,15,30704.12
partner_666,16,31892.36
partner_666,17,40715.71
partner_666,18,46564.92
partner_666,19,35695.47
partner_666,20,40591.29
partner_666,21,40955.54
partner_666,22,51440.01
partner_666,23,53794.71
partner_666,24,46519.87
partner_666,25,49456.33
partner_666,26,50165.19
partner_667,0,37668.54
partner_667,1,43238.84
partner_667,2,51400.62
partner_667,3,48786.44
partner_667,4,56353.9
partner_667,5,60153.17
partner_667,6,46025.88
partner_667,7,45809.22
partner_667,8,68559.7
partner_667,9,72167.17
partner_667,10,69300.52
partner_667,11,73645.54
partner_667,12,80964.13
partner_667,13,84772.29
partner_667,14,79275.25
partner_667,15,93951.63
partner_667,16,86825.89
partner_667,17,96631.51
partner_667,18,100919.33
partner_667,19,94852.99
partner_667,20,100752.09
partner_667,21,139656.3
partner_667,22,109048.99
partner_667,23,130219.26
partner_667,24,139341.53
partner_667,25,137387.48
partner_667,26,154610.21
partner_668,0,8331.04
partner_668,1,9615.01
partner_668,2,8628.1
partner_668,3,10713.54
partner_668,4,9516.74
partner_668,5,8486.25
partner_668,6,9437.5
partner_668,7,8281.21
partner_668,8,9360.38
partner_668,9,8919.2
partner_668,10,8370.62
partner_668,11,8359.15
partner_668,12,11347.07
partner_668,13,9208.55
partner_668,14,8731.19
partner_668,15,8573.16
partner_668,16,9555.1
partner_668,17,8542.52
partner_668,18,8126.3
partner_668,19,9095.58
partner_668,20,9088.68
partner_668,21,8744.6
partner_668,22,8311.84
partner_668,23,8768.39
partner_668,24,8696.6
partner_668,25,8570.01
partner_668,26,9377.47
partner_669,0,69019.69
partner_669,1,72736.02
partner_669,2,57450.45
partner_669,3,71108.37
partner_669,4,62292.45
partner_669,5,66915.91
partner_669,6,63695.94
partner_669,7,58817.37
partner_669,8,65290.48
partner_669,9,63861.77
partner_669,10,50138.45
partner_669,11,60152.13
partner_669,12,66221.8
partner_669,13,62597.88
partner_669,14,63767.61
partner_669,15,56331.37
partner_669,16,62468.68
partner_669,17,60321.35
partner_669,18,59668.96
partner_669,19,56770.93
partner_669,20,66480.41
partner_669,21,63012.34
partner_669,22,62397.65
partner_669,23,73399.1
partner_669,24,63793.97
partner_669,25,68220.16
partner_669,26,62570.54
partner_67,0,67622.3
partner_67,1,71587.22
partner_67,2,75204.43
partner_67,3,49281.29
partner_67,4,50243.63
partner_67,5,41937.22
partner_67,6,40093.15
partner_67,7,38589.65
partner_67,8,46855.29
partner_67,9,37232.97
partner_67,10,43920.21
partner_67,11,51658.28
partner_67,12,59699.8
partner_67,13,76169.88
partner_67,14,93426.97
partner_67,15,43179.19
partner_67,16,41954.96
partner_67,17,48489.0
partner_67,18,45233.27
partner_67,19,50714.4
partner_67,20,45260.24
partner_67,21,43896.26
partner_67,22,38618.55
partner_67,23,44699.97
partner_67,24,53536.75
partner_67,25,80225.77
partner_67,26,66999.83
partner_670,0,7113.74
partner_670,1,4933.3
partner_670,2,6687.02
partner_670,3,6500.59
partner_670,4,5967.92
partner_670,5,5851.34
partner_670,6,5002.01
partner_670,7,6301.73
partner_670,8,5177.42
partner_670,9,4682.84
partner_670,10,5294.98
partner_670,11,4915.01
partner_670,12,4537.35
partner_670,13,4344.34
partner_670,14,4407.81
partner_670,15,4844.1
partner_670,16,4327.28
partner_670,17,3987.48
partner_670,18,4203.71
partner_670,19,3760.18
partner_670,20,3775.91
partner_670,21,3567.36
partner_670,22,3602.71
partner_670,23,3147.17
partner_670,24,2825.05
partner_670,25,3366.42
partner_670,26,3437.66
partner_671,0,23764.66
partner_671,1,30809.04
partner_671,2,15564.3
partner_671,3,18454.67
partner_671,4,18549.65
partner_671,5,16739.44
partner_671,6,15898.95
partner_671,7,15946.48
partner_671,8,15833.07
partner_671,9,17991.39
partner_671,10,15908.76
partner_671,11,19615.99
partner_671,12,21671.3
partner_671,13,18390.87
partner_671,14,16756.18
partner_671,15,17015.27
partner_671,16,14357.99
partner_671,17,16854.33
partner_671,18,12818.9
partner_671,19,15225.48
partner_671,20,15016.56
partner_671,21,15674.79
partner_671,22,16897.71
partner_671,23,19022.45
partner_671,24,20611.38
partner_671,25,21140.57
partner_671,26,16859.96
partner_672,0,7778.24
partner_672,1,5943.69
partner_672,2,6499.18
partner_672,3,6709.35
partner_672,4,6161.65
partner_672,5,7224.18
partner_672,6,6692.86
partner_672,7,6216.77
partner_672,8,7217.14
partner_672,9,5702.31
partner_672,10,5987.92
partner_672,11,6703.87
partner_672,12,6855.5
partner_672,13,6551.58
partner_672,14,6266.09
partner_672,15,6187.23
partner_672,16,7064.9
partner_672,17,6499.39
partner_672,18,5793.23
partner_672,19,5756.63
partner_672,20,7307.39
partner_672,21,5890.64
partner_672,22,6519.92
partner_672,23,7204.22
partner_672,24,6690.89
partner_672,25,5865.96
partner_672,26,5702.18
partner_673,0,18333.26
partner_673,1,19571.46
partner_673,2,25865.4
partner_673,3,24552.5
partner_673,4,28417.53
partner_673,5,18851.29
partner_673,6,19022.47
partner_673,7,16937.1
partner_673,8,16271.34
partner_673,9,18673.5
partner_673,10,16034.87
partner_673,11,21154.98
partner_673,12,19934.14
partner_673,13,20669.25
partner_673,14,24296.9
partner_673,15,29928.81
partner_673,16,27197.12
partner_673,17,20572.9
partner_673,18,18187.12
partner_673,19,20745.23
partner_673,20,21204.47
partner_673,21,22261.2
partner_673,22,21010.16
partner_673,23,23158.31
partner_673,24,24811.23
partner_673,25,25305.98
partner_673,26,31118.76
partner_674,0,7221.64
partner_674,1,6572.19
partner_674,2,6411.21
partner_674,3,5464.75
partner_674,4,6535.64
partner_674,5,5318.8
partner_674,6,4847.09
partner_674,7,4808.89
partner_674,8,5714.82
partner_674,9,4250.08
partner_674,10,4281.12
partner_674,11,5780.03
partner_674,12,4746.48
partner_674,13,3891.99
partner_674,14,3626.2
partner_674,15,3277.81
partner_674,16,3847.68
partner_674,17,3957.71
partner_674,18,4113.9
partner_674,19,2802.7
partner_674,20,2903.63
partner_674,21,3201.77
partner_674,22,4011.68
partner_674,23,3306.14
partner_674,24,3049.83
partner_674,25,2497.77
partner_674,26,2171.45
partner_675,0,25139.22
partner_675,1,24711.53
partner_675,2,24425.55
partner_675,3,23491.35
partner_675,4,22909.15
partner_675,5,28919.7
partner_675,6,23140.5
partner_675,7,24690.35
partner_675,8,25292.31
partner_675,9,27184.89
partner_675,10,23228.6
partner_675,11,27875.0
partner_675,12,23919.67
partner_675,13,24980.45
partner_675,14,29563.61
partner_675,15,22930.51
partner_675,16,27222.02
partner_675,17,27942.39
partner_675,18,26178.41
partner_675,19,25093.1
partner_675,20,30789.02
partner_675,21,25356.38
partner_675,22,25909.72
partner_675,23,24537.04
partner_675,24,25775.15
partner_675,25,27839.57
partner_675,26,24692.49
partner_676,0,11308.39
partner_676,1,9596.14
partner_676,2,11553.96
partner_676,3,10754.57
partner_676,4,11770.41
partner_676,5,9735.96
partner_676,6,10180.32
partner_676,7,10390.26
partner_676,8,9161.66
partner_676,9,11951.44
partner_676,10,9007.69
partner_676,11,11936.27
partner_676,12,11212.48
partner_676,13,10542.1
partner_676,14,11127.21
partner_676,15,11097.75
partner_676,16,10325.3
partner_676,17,11076.69
partner_676,18,11542.46
partner_676,19,9739.9
partner_676,20,11128.37
partner_676,21,7931.12
partner_676,22,8680.52
partner_676,23,11363.2
partner_676,24,10306.58
partner_676,25,9838.04
partner_676,26,10698.96
partner_677,0,6153.16
partner_677,1,5709.02
partner_677,2,5484.3
partner_677,3,7332.66
partner_677,4,6539.71
partner_677,5,7490.23
partner_677,6,6532.78
partner_677,7,7070.58
partner_677,8,6742.57
partner_677,9,6858.55
partner_677,10,6891.73
partner_677,11,6523.86
partner_677,12,5988.59
partner_677,13,7351.33
partner_677,14,7916.3
partner_677,15,7961.14
partner_677,16,6450.41
partner_677,17,6327.57
partner_677,18,6449.72
partner_677,19,6708.13
partner_677,20,6792.38
partner_677,21,6146.79
partner_677,22,5817.81
partner_677,23,6862.3
partner_677,24,4417.57
partner_677,25,6759.47
partner_677,26,6183.11
partner_678,0,30278.85
partner_678,1,31642.38
partner_678,2,35765.82
partner_678,3,29470.84
partner_678,4,41897.86
partner_678,5,39781.31
partner_678,6,51920.21
partner_678,7,47250.36
partner_678,8,52612.6
partner_678,9,29838.77
partner_678,10,40974.2
partner_678,11,36893.48
partner_678,12,39973.73
partner_678,13,38379.07
partner_678,14,40291.68
partner_678,15,37736.49
partner_678,16,39882.29
partner_678,17,45129.12
partner_678,18,56962.19
partner_678,19,66398.68
partner_678,20,82236.82
partner_678,21,47673.96
partner_678,22,33837.46
partner_678,23,40914.94
partner_678,24,40163.24
partner_678,25,47625.72
partner_678,26,41264.48
partner_679,0,23066.97
partner_679,1,25545.75
partner_679,2,36400.21
partner_679,3,30253.24
partner_679,4,27096.43
partner_679,5,30833.08
partner_679,6,26932.08
partner_679,7,29248.98
partner_679,8,25729.32
partner_679,9,27727.78
partner_679,10,28848.74
partner_679,11,33475.52
partner_679,12,31498.86
partner_679,13,32024.08
partner_679,14,30024.41
partner_679,15,32578.93
partner_679,16,27472.53
partner_679,17,27896.4
partner_679,18,31328.92
partner_679,19,29261.7
partner_679,20,30060.31
partner_679,21,29607.91
partner_679,22,33875.13
partner_679,23,34031.97
partner_679,24,28217.11
partner_679,25,24804.44
partner_679,26,27960.25
partner_68,0,112843.78
partner_68,1,101531.02
partner_68,2,112921.04
partner_68,3,93714.19
partner_68,4,88074.33
partner_68,5,104794.81
partner_68,6,92977.93
partner_68,7,84060.69
partner_68,8,87819.22
partner_68,9,79186.13
partner_68,10,78751.11
partner_68,11,66772.4
partner_68,12,84139.27
partner_68,13,62953.15
partner_68,14,74033.64
partner_68,15,60257.61
partner_68,16,63631.74
partner_68,17,60590.89
partner_68,18,60319.93
partner_68,19,47516.71
partner_68,20,55083.44
partner_68,21,56482.27
partner_68,22,44525.98
partner_68,23,43971.65
partner_68,24,39809.84
partner_68,25,38877.62
partner_68,26,45216.14
partner_680,0,5012.02
partner_680,1,5202.25
partner_680,2,4827.69
partner_680,3,5781.45
partner_680,4,5718.72
partner_680,5,6245.87
partner_680,6,6164.1
partner_680,7,6527.79
partner_680,8,5925.74
partner_680,9,8101.95
partner_680,10,11193.4
partner_680,11,9739.51
partner_680,12,5081.46
partner_680,13,6604.96
partner_680,14,5798.17
partner_680,15,6854.29
partner_680,16,6227.56
partner_680,17,6113.1
partner_680,18,7247.09
partner_680,19,5811.57
partner_680,20,8700.53
partner_680,21,8787.19
partner_680,22,11283.69
partner_680,23,11372.17
partner_680,24,6310.21
partner_680,25,6131.44
partner_680,26,6435.95
partner_681,0,19929.43
partner_681,1,15859.07
partner_681,2,18591.55
partner_681,3,18372.01
partner_681,4,17265.33
partner_681,5,16434.62
partner_681,6,16983.52
partner_681,7,17613.94
partner_681,8,16828.06
partner_681,9,14050.36
partner_681,10,13631.24
partner_681,11,19174.74
partner_681,12,12271.06
partner_681,13,16986.69
partner_681,14,16269.18
partner_681,15,16928.57
partner_681,16,14761.41
partner_681,17,17244.92
partner_681,18,17003.91
partner_681,19,21260.7
partner_681,20,16877.22
partner_681,21,18906.92
partner_681,22,14163.76
partner_681,23,18360.22
partner_681,24,17037.65
partner_681,25,17110.07
partner_681,26,17133.11
partner_682,0,127660.36
partner_682,1,134314.04
partner_682,2,159975.58
partner_682,3,159648.0
partner_682,4,133728.28
partner_682,5,171541.75
partner_682,6,150327.12
partner_682,7,181813.36
partner_682,8,165475.81
partner_682,9,180725.82
partner_682,10,181677.73
partner_682,11,228693.63
partner_682,12,213385.18
partner_682,13,238696.63
partner_682,14,282426.0
partner_682,15,227360.68
partner_682,16,268950.01
partner_682,17,224707.8
partner_682,18,280971.18
partner_682,19,237118.48
partner_682,20,266037.52
partner_682,21,290179.36
partner_682,22,304309.39
partner_682,23,256604.51
partner_682,24,277460.14
partner_682,25,333099.61
partner_682,26,312420.74
partner_683,0,4542.05
partner_683,1,4520.1
partner_683,2,4655.45
partner_683,3,4816.62
partner_683,4,4787.53
partner_683,5,4223.12
partner_683,6,4386.59
partner_683,7,4998.94
partner_683,8,4326.04
partner_683,9,4393.79
partner_683,10,3886.39
partner_683,11,4561.4
partner_683,12,4732.47
partner_683,13,3670.83
partner_683,14,4084.93
partner_683,15,3924.15
partner_683,16,4935.16
partner_683,17,3699.71
partner_683,18,4538.53
partner_683,19,4902.91
partner_683,20,4660.44
partner_683,21,4373.26
partner_683,22,4733.01
partner_683,23,5048.89
partner_683,24,4525.29
partner_683,25,3550.31
partner_683,26,5099.55
partner_684,0,29243.83
partner_684,1,23530.29
partner_684,2,28465.61
partner_684,3,26772.15
partner_684,4,25772.21
partner_684,5,28940.52
partner_684,6,27768.3
partner_684,7,27961.57
partner_684,8,31511.01
partner_684,9,30090.75
partner_684,10,27886.99
partner_684,11,27514.76
partner_684,12,28006.28
partner_684,13,28614.85
partner_684,14,31054.53
partner_684,15,26281.91
partner_684,16,33620.07
partner_684,17,31056.65
partner_684,18,21307.56
partner_684,19,29591.3
partner_684,20,32394.49
partner_684,21,30481.37
partner_684,22,28131.03
partner_684,23,29161.63
partner_684,24,29864.08
partner_684,25,31598.92
partner_684,26,25188.87
partner_685,0,8155.48
partner_685,1,5962.09
partner_685,2,5511.52
partner_685,3,6089.75
partner_685,4,6976.33
partner_685,5,7297.32
partner_685,6,8850.22
partner_685,7,8584.48
partner_685,8,10431.43
partner_685,9,9223.67
partner_685,10,4633.03
partner_685,11,6149.0
partner_685,12,5452.7
partner_685,13,6550.19
partner_685,14,4988.86
partner_685,15,5685.84
partner_685,16,6334.03
partner_685,17,6609.7
partner_685,18,7044.32
partner_685,19,10035.37
partner_685,20,11293.45
partner_685,21,9079.25
partner_685,22,7045.04
partner_685,23,7126.62
partner_685,24,5974.51
partner_685,25,6067.47
partner_685,26,6000.34
partner_686,0,31180.66
partner_686,1,18205.43
partner_686,2,17451.4
partner_686,3,17736.25
partner_686,4,18836.33
partner_686,5,20855.09
partner_686,6,17440.3
partner_686,7,20876.27
partner_686,8,20096.05
partner_686,9,21985.88
partner_686,10,28151.41
partner_686,11,31639.04
partner_686,12,25026.45
partner_686,13,16748.13
partner_686,14,18313.97
partner_686,15,19369.88
partner_686,16,21210.93
partner_686,17,18746.18
partner_686,18,21765.56
partner_686,19,17344.62
partner_686,20,18175.13
partner_686,21,20480.31
partner_686,22,22850.68
partner_686,23,31734.79
partner_686,24,20516.94
partner_686,25,17385.7
partner_686,26,20366.04
partner_687,0,8612.16
partner_687,1,7431.93
partner_687,2,8598.57
partner_687,3,9983.8
partner_687,4,8732.03
partner_687,5,8723.52
partner_687,6,9979.27
partner_687,7,10689.8
partner_687,8,9941.8
partner_687,9,9917.58
partner_687,10,12751.61
partner_687,11,11056.29
partner_687,12,13282.77
partner_687,13,12716.64
partner_687,14,15302.66
partner_687,15,12363.74
partner_687,16,12907.68
partner_687,17,15990.89
partner_687,18,13644.58
partner_687,19,16250.96
partner_687,20,19371.15
partner_687,21,14389.3
partner_687,22,19025.48
partner_687,23,21412.93
partner_687,24,19891.44
partner_687,25,18894.23
partner_687,26,21174.61
partner_688,0,17381.52
partner_688,1,17735.05
partner_688,2,20461.78
partner_688,3,23674.07
partner_688,4,22082.46
partner_688,5,25364.91
partner_688,6,27076.06
partner_688,7,23020.08
partner_688,8,26277.2
partner_688,9,25608.58
partner_688,10,23824.01
partner_688,11,30290.66
partner_688,12,27370.74
partner_688,13,33538.88
partner_688,14,28249.1
partner_688,15,35583.98
partner_688,16,30840.55
partner_688,17,40840.89
partner_688,18,38440.16
partner_688,19,39796.58
partner_688,20,48691.78
partner_688,21,44293.8
partner_688,22,48391.26
partner_688,23,49057.76
partner_688,24,54999.2
partner_688,25,60448.77
partner_688,26,62029.47
partner_689,0,6029.51
partner_689,1,6366.47
partner_689,2,7033.97
partner_689,3,8154.66
partner_689,4,6753.13
partner_689,5,8630.21
partner_689,6,8164.56
partner_689,7,8136.59
partner_689,8,9779.56
partner_689,9,8397.05
partner_689,10,11621.09
partner_689,11,9626.98
partner_689,12,10305.57
partner_689,13,12142.57
partner_689,14,11090.53
partner_689,15,12634.18
partner_689,16,9413.88
partner_689,17,11584.2
partner_689,18,13055.86
partner_689,19,14417.39
partner_689,20,14517.02
partner_689,21,14909.61
partner_689,22,16004.27
partner_689,23,15702.78
partner_689,24,12202.56
partner_689,25,18411.82
partner_689,26,15274.81
partner_69,0,8789.37
partner_69,1,7920.28
partner_69,2,8378.24
partner_69,3,4963.5
partner_69,4,5377.71
partner_69,5,4350.58
partner_69,6,5637.45
partner_69,7,5433.77
partner_69,8,5223.94
partner_69,9,5065.98
partner_69,10,4940.34
partner_69,11,6406.8
partner_69,12,6218.61
partner_69,13,8468.04
partner_69,14,9703.19
partner_69,15,5928.81
partner_69,16,4374.41
partner_69,17,4861.26
partner_69,18,5340.5
partner_69,19,5076.41
partner_69,20,4389.12
partner_69,21,5317.66
partner_69,22,5264.71
partner_69,23,6911.11
partner_69,24,6667.93
partner_69,25,8738.19
partner_69,26,6816.33
partner_690,0,28475.6
partner_690,1,24632.44
partner_690,2,21817.64
partner_690,3,23796.89
partner_690,4,27980.8
partner_690,5,21602.81
partner_690,6,22508.38
partner_690,7,25126.91
partner_690,8,21147.55
partner_690,9,21781.32
partner_690,10,22691.44
partner_690,11,22616.11
partner_690,12,19242.47
partner_690,13,21299.61
partner_690,14,21343.66
partner_690,15,17503.64
partner_690,16,20021.44
partner_690,17,17781.22
partner_690,18,18949.26
partner_690,19,19613.42
partner_690,20,17559.04
partner_690,21,19062.27
partner_690,22,18418.67
partner_690,23,18194.18
partner_690,24,16956.94
partner_690,25,17681.83
partner_690,26,16164.97
partner_691,0,35171.6
partner_691,1,36535.67
partner_691,2,39160.04
partner_691,3,35652.84
partner_691,4,47773.53
partner_691,5,40390.09
partner_691,6,41828.27
partner_691,7,40059.65
partner_691,8,39627.47
partner_691,9,44612.14
partner_691,10,46475.56
partner_691,11,47129.79
partner_691,12,56840.87
partner_691,13,49394.5
partner_691,14,50875.37
partner_691,15,56931.21
partner_691,16,53073.15
partner_691,17,58376.53
partner_691,18,49550.2
partner_691,19,50873.91
partner_691,20,60515.01
partner_691,21,59906.42
partner_691,22,57818.75
partner_691,23,65316.6
partner_691,24,67578.34
partner_691,25,63080.77
partner_691,26,66038.38
partner_692,0,7833.29
partner_692,1,8197.13
partner_692,2,9189.9
partner_692,3,8703.3
partner_692,4,8307.77
partner_692,5,7936.24
partner_692,6,7840.16
partner_692,7,8609.15
partner_692,8,10491.43
partner_692,9,9217.69
partner_692,10,7561.29
partner_692,11,9341.07
partner_692,12,8062.03
partner_692,13,8719.85
partner_692,14,8210.36
partner_692,15,10488.76
partner_692,16,7734.68
partner_692,17,8997.69
partner_692,18,8126.21
partner_692,19,9368.65
partner_692,20,8980.1
partner_692,21,9818.57
partner_692,22,9350.58
partner_692,23,8119.04
partner_692,24,11268.21
partner_692,25,9208.65
partner_692,26,8243.69
partner_693,0,80792.56
partner_693,1,80503.47
partner_693,2,79768.06
partner_693,3,83343.44
partner_693,4,82596.29
partner_693,5,69556.97
partner_693,6,92019.19
partner_693,7,90961.55
partner_693,8,82085.53
partner_693,9,76292.42
partner_693,10,76423.06
partner_693,11,73537.78
partner_693,12,74521.04
partner_693,13,59379.14
partner_693,14,87628.08
partner_693,15,84946.78
partner_693,16,63255.79
partner_693,17,82762.09
partner_693,18,75939.7
partner_693,19,74485.62
partner_693,20,79743.85
partner_693,21,62753.44
partner_693,22,75912.84
partner_693,23,76602.38
partner_693,24,76609.73
partner_693,25,65605.64
partner_693,26,79394.82
partner_694,0,111313.07
partner_694,1,104505.09
partner_694,2,135717.41
partner_694,3,97067.48
partner_694,4,115228.95
partner_694,5,109558.36
partner_694,6,128479.37
partner_694,7,111092.93
partner_694,8,113386.14
partner_694,9,112365.36
partner_694,10,95636.96
partner_694,11,97663.16
partner_694,12,104007.95
partner_694,13,117196.22
partner_694,14,109449.52
partner_694,15,104745.23
partner_694,16,121632.95
partner_694,17,85753.04
partner_694,18,93096.77
partner_694,19,80253.66
partner_694,20,119880.05
partner_694,21,105921.85
partner_694,22,117291.5
partner_694,23,105787.81
partner_694,24,117900.0
partner_694,25,105600.7
partner_694,26,111340.66
partner_695,0,90885.37
partner_695,1,66476.87
partner_695,2,80437.16
partner_695,3,84281.47
partner_695,4,84740.41
partner_695,5,82631.63
partner_695,6,83117.78
partner_695,7,103316.82
partner_695,8,90790.37
partner_695,9,116051.73
partner_695,10,100239.99
partner_695,11,94340.75
partner_695,12,104618.45
partner_695,13,102266.12
partner_695,14,117083.84
partner_695,15,93038.12
partner_695,16,88129.26
partner_695,17,113645.13
partner_695,18,121279.57
partner_695,19,117477.38
partner_695,20,124382.06
partner_695,21,125173.85
partner_695,22,103388.82
partner_695,23,127315.34
partner_695,24,143000.98
partner_695,25,131157.58
partner_695,26,114340.41
partner_696,0,8256.85
partner_696,1,5498.81
partner_696,2,6917.49
partner_696,3,5912.36
partner_696,4,6690.99
partner_696,5,6584.32
partner_696,6,5931.72
partner_696,7,6305.9
partner_696,8,6452.85
partner_696,9,5563.99
partner_696,10,4786.03
partner_696,11,6164.75
partner_696,12,5706.05
partner_696,13,5436.26
partner_696,14,4678.52
partner_696,15,5391.92
partner_696,16,5772.48
partner_696,17,4624.55
partner_696,18,4615.06
partner_696,19,3989.33
partner_696,20,4046.75
partner_696,21,3800.92
partner_696,22,4213.33
partner_696,23,3923.25
partner_696,24,4114.54
partner_696,25,3528.38
partner_696,26,3719.9
partner_697,0,14285.61
partner_697,1,17868.29
partner_697,2,17641.19
partner_697,3,19048.0
partner_697,4,16102.17
partner_697,5,21189.14
partner_697,6,19890.93
partner_697,7,21597.86
partner_697,8,17718.41
partner_697,9,19677.15
partner_697,10,22262.07
partner_697,11,27169.1
partner_697,12,25922.45
partner_697,13,25716.97
partner_697,14,23754.78
partner_697,15,23999.99
partner_697,16,28591.32
partner_697,17,30693.73
partner_697,18,30190.86
partner_697,19,35701.75
partner_697,20,29289.08
partner_697,21,32989.9
partner_697,22,27755.6
partner_697,23,35175.58
partner_697,24,40734.87
partner_697,25,32803.26
partner_697,26,40931.0
partner_698,0,18601.44
partner_698,1,21993.15
partner_698,2,16771.28
partner_698,3,15084.9
partner_698,4,14970.36
partner_698,5,12345.71
partner_698,6,12860.12
partner_698,7,15092.0
partner_698,8,13807.85
partner_698,9,15892.86
partner_698,10,15112.25
partner_698,11,15939.19
partner_698,12,17860.92
partner_698,13,20972.3
partner_698,14,22010.8
partner_698,15,14985.13
partner_698,16,13623.2
partner_698,17,15987.15
partner_698,18,15158.88
partner_698,19,14771.09
partner_698,20,14360.16
partner_698,21,15008.0
partner_698,22,11964.43
partner_698,23,16221.69
partner_698,24,21137.28
partner_698,25,20810.72
partner_698,26,20531.64
partner_699,0,6180.43
partner_699,1,7464.36
partner_699,2,6314.13
partner_699,3,6909.09
partner_699,4,7121.84
partner_699,5,9389.46
partner_699,6,8149.85
partner_699,7,8221.92
partner_699,8,7204.1
partner_699,9,8667.96
partner_699,10,10513.38
partner_699,11,11004.23
partner_699,12,10235.81
partner_699,13,10781.46
partner_699,14,14236.78
partner_699,15,15958.59
partner_699,16,14674.5
partner_699,17,15929.81
partner_699,18,16986.02
partner_699,19,18455.4
partner_699,20,15343.11
partner_699,21,15110.82
partner_699,22,20526.08
partner_699,23,16411.11
partner_699,24,17061.57
partner_699,25,17910.67
partner_699,26,20576.89
partner_7,0,9413.83
partner_7,1,10358.59
partner_7,2,9409.92
partner_7,3,10612.26
partner_7,4,9011.59
partner_7,5,8745.78
partner_7,6,8872.6
partner_7,7,7981.49
partner_7,8,6721.44
partner_7,9,5353.7
partner_7,10,6464.2
partner_7,11,7003.38
partner_7,12,6019.43
partner_7,13,6461.73
partner_7,14,5821.03
partner_7,15,6207.52
partner_7,16,5116.75
partner_7,17,5291.35
partner_7,18,5091.69
partner_7,19,5344.39
partner_7,20,3694.71
partner_7,21,4075.5
partner_7,22,4442.64
partner_7,23,4533.24
partner_7,24,3854.73
partner_7,25,3503.48
partner_7,26,3722.27
partner_70,0,18367.18
partner_70,1,14563.02
partner_70,2,15689.3
partner_70,3,13109.56
partner_70,4,14515.08
partner_70,5,15569.3
partner_70,6,13355.23
partner_70,7,13231.63
partner_70,8,11697.71
partner_70,9,11985.5
partner_70,10,14645.6
partner_70,11,12193.45
partner_70,12,10585.31
partner_70,13,11073.46
partner_70,14,9336.57
partner_70,15,9703.65
partner_70,16,11922.54
partner_70,17,10054.18
partner_70,18,11786.61
partner_70,19,9541.59
partner_70,20,9328.62
partner_70,21,9681.94
partner_70,22,6479.42
partner_70,23,8769.95
partner_70,24,8311.04
partner_70,25,9323.09
partner_70,26,8649.41
partner_700,0,29680.5
partner_700,1,28376.48
partner_700,2,36309.72
partner_700,3,33447.22
partner_700,4,36002.53
partner_700,5,36283.74
partner_700,6,34569.4
partner_700,7,39499.18
partner_700,8,38262.03
partner_700,9,36091.74
partner_700,10,31570.26
partner_700,11,40672.43
partner_700,12,34403.46
partner_700,13,41616.24
partner_700,14,41149.5
partner_700,15,35920.74
partner_700,16,43433.8
partner_700,17,43941.72
partner_700,18,44764.1
partner_700,19,45371.23
partner_700,20,42563.95
partner_700,21,49113.57
partner_700,22,43974.08
partner_700,23,42920.44
partner_700,24,52274.18
partner_700,25,54539.11
partner_700,26,53862.99
partner_701,0,26421.19
partner_701,1,19421.11
partner_701,2,26809.85
partner_701,3,32175.05
partner_701,4,28288.93
partner_701,5,30091.75
partner_701,6,31838.72
partner_701,7,32818.26
partner_701,8,41695.44
partner_701,9,32430.39
partner_701,10,33555.4
partner_701,11,37701.52
partner_701,12,48009.34
partner_701,13,40422.99
partner_701,14,46939.34
partner_701,15,52267.78
partner_701,16,53386.49
partner_701,17,57248.74
partner_701,18,62238.12
partner_701,19,58946.47
partner_701,20,57248.36
partner_701,21,63860.76
partner_701,22,63784.24
partner_701,23,86727.85
partner_701,24,68791.57
partner_701,25,79910.75
partner_701,26,67966.54
partner_702,0,25607.18
partner_702,1,28145.48
partner_702,2,28214.21
partner_702,3,30099.89
partner_702,4,29890.48
partner_702,5,26189.29
partner_702,6,23874.31
partner_702,7,24183.51
partner_702,8,27162.24
partner_702,9,26780.09
partner_702,10,27044.1
partner_702,11,24953.33
partner_702,12,30153.25
partner_702,13,22481.5
partner_702,14,24807.39
partner_702,15,23524.4
partner_702,16,25813.16
partner_702,17,29650.56
partner_702,18,25605.46
partner_702,19,26631.63
partner_702,20,28115.31
partner_702,21,25480.07
partner_702,22,27372.86
partner_702,23,27025.19
partner_702,24,23382.82
partner_702,25,25139.97
partner_702,26,27298.93
partner_703,0,16160.43
partner_703,1,14249.53
partner_703,2,13251.51
partner_703,3,13969.93
partner_703,4,14138.24
partner_703,5,13952.84
partner_703,6,15362.18
partner_703,7,15695.62
partner_703,8,13510.61
partner_703,9,17264.05
partner_703,10,12927.87
partner_703,11,15749.94
partner_703,12,18267.63
partner_703,13,17677.72
partner_703,14,16346.12
partner_703,15,20636.53
partner_703,16,16765.77
partner_703,17,14267.13
partner_703,18,18965.59
partner_703,19,15172.96
partner_703,20,17210.93
partner_703,21,20282.63
partner_703,22,18525.95
partner_703,23,20900.92
partner_703,24,17765.77
partner_703,25,22191.73
partner_703,26,17272.59
partner_704,0,40351.39
partner_704,1,48852.04
partner_704,2,38804.4
partner_704,3,50519.57
partner_704,4,38308.1
partner_704,5,34765.14
partner_704,6,42547.86
partner_704,7,47593.08
partner_704,8,45715.45
partner_704,9,47292.21
partner_704,10,45799.04
partner_704,11,38890.17
partner_704,12,45612.2
partner_704,13,42758.54
partner_704,14,39358.46
partner_704,15,43125.09
partner_704,16,42126.63
partner_704,17,48364.14
partner_704,18,40183.96
partner_704,19,39985.94
partner_704,20,39405.45
partner_704,21,50401.3
partner_704,22,39642.49
partner_704,23,47859.34
partner_704,24,37995.75
partner_704,25,44511.58
partner_704,26,43477.38
partner_705,0,45401.07
partner_705,1,41280.03
partner_705,2,38745.69
partner_705,3,47598.1
partner_705,4,38336.77
partner_705,5,31659.6
partner_705,6,33334.89
partner_705,7,34331.91
partner_705,8,43383.79
partner_705,9,50011.81
partner_705,10,32592.17
partner_705,11,37740.58
partner_705,12,41309.25
partner_705,13,47272.77
partner_705,14,37718.54
partner_705,15,43363.75
partner_705,16,39920.75
partner_705,17,51619.69
partner_705,18,41536.55
partner_705,19,42401.09
partner_705,20,41289.72
partner_705,21,39246.81
partner_705,22,44833.95
partner_705,23,36199.13
partner_705,24,32747.75
partner_705,25,40329.77
partner_705,26,44284.04
partner_706,0,6459.86
partner_706,1,5567.48
partner_706,2,7015.5
partner_706,3,6755.01
partner_706,4,6354.11
partner_706,5,6448.6
partner_706,6,5457.85
partner_706,7,5486.18
partner_706,8,6264.24
partner_706,9,6667.39
partner_706,10,6699.5
partner_706,11,6111.44
partner_706,12,6814.29
partner_706,13,7242.61
partner_706,14,6285.37
partner_706,15,6537.97
partner_706,16,6209.79
partner_706,17,6261.5
partner_706,18,6449.13
partner_706,19,7421.74
partner_706,20,6922.03
partner_706,21,6864.9
partner_706,22,6053.85
partner_706,23,5772.01
partner_706,24,6588.63
partner_706,25,7130.33
partner_706,26,7434.51
partner_707,0,27338.42
partner_707,1,29177.25
partner_707,2,22515.22
partner_707,3,27121.36
partner_707,4,30640.55
partner_707,5,25463.2
partner_707,6,20911.71
partner_707,7,30972.72
partner_707,8,30388.63
partner_707,9,35611.17
partner_707,10,31213.25
partner_707,11,32047.1
partner_707,12,35244.52
partner_707,13,37046.5
partner_707,14,31793.49
partner_707,15,38167.24
partner_707,16,33686.4
partner_707,17,36280.53
partner_707,18,39389.76
partner_707,19,40799.37
partner_707,20,39560.17
partner_707,21,34851.23
partner_707,22,32373.39
partner_707,23,39820.03
partner_707,24,45376.45
partner_707,25,44046.11
partner_707,26,43996.79
partner_708,0,7184.51
partner_708,1,8817.67
partner_708,2,9096.33
partner_708,3,8293.39
partner_708,4,9201.86
partner_708,5,7488.04
partner_708,6,9435.49
partner_708,7,9376.74
partner_708,8,10970.81
partner_708,9,9792.05
partner_708,10,11133.23
partner_708,11,10091.9
partner_708,12,8306.8
partner_708,13,10792.21
partner_708,14,11543.49
partner_708,15,11782.42
partner_708,16,12098.68
partner_708,17,11584.47
partner_708,18,12106.35
partner_708,19,11383.23
partner_708,20,10526.75
partner_708,21,13342.27
partner_708,22,12796.83
partner_708,23,15708.19
partner_708,24,11364.41
partner_708,25,15337.92
partner_708,26,18523.43
partner_709,0,7752.8
partner_709,1,7693.73
partner_709,2,6919.6
partner_709,3,6389.57
partner_709,4,7456.32
partner_709,5,5578.93
partner_709,6,7356.15
partner_709,7,6427.01
partner_709,8,6590.76
partner_709,9,6148.76
partner_709,10,7307.18
partner_709,11,6453.37
partner_709,12,6002.56
partner_709,13,5895.29
partner_709,14,5928.23
partner_709,15,7347.79
partner_709,16,5069.23
partner_709,17,6373.29
partner_709,18,5986.08
partner_709,19,6438.41
partner_709,20,5841.3
partner_709,21,5414.95
partner_709,22,5875.78
partner_709,23,5372.58
partner_709,24,5563.66
partner_709,25,5823.24
partner_709,26,5065.48
partner_71,0,50003.98
partner_71,1,43312.31
partner_71,2,40456.14
partner_71,3,45355.76
partner_71,4,43577.16
partner_71,5,51322.01
partner_71,6,45994.12
partner_71,7,45393.81
partner_71,8,48485.06
partner_71,9,49340.05
partner_71,10,47964.46
partner_71,11,50792.7
partner_71,12,47186.42
partner_71,13,45224.76
partner_71,14,49990.78
partner_71,15,44074.76
partner_71,16,44626.94
partner_71,17,52136.47
partner_71,18,51693.23
partner_71,19,44442.7
partner_71,20,42461.71
partner_71,21,50987.12
partner_71,22,48039.25
partner_71,23,45882.74
partner_71,24,43047.4
partner_71,25,45954.42
partner_71,26,44382.51
partner_710,0,22047.31
partner_710,1,18634.44
partner_710,2,19089.21
partner_710,3,17301.12
partner_710,4,19490.41
partner_710,5,16609.06
partner_710,6,15153.16
partner_710,7,14969.37
partner_710,8,15375.13
partner_710,9,15031.35
partner_710,10,15673.92
partner_710,11,14565.77
partner_710,12,14866.86
partner_710,13,14507.3
partner_710,14,14437.33
partner_710,15,10532.84
partner_710,16,11182.97
partner_710,17,12881.57
partner_710,18,12067.54
partner_710,19,12561.21
partner_710,20,9369.83
partner_710,21,10219.82
partner_710,22,10081.77
partner_710,23,10228.09
partner_710,24,9776.73
partner_710,25,9875.61
partner_710,26,9029.53
partner_711,0,141695.71
partner_711,1,107649.76
partner_711,2,121745.25
partner_711,3,130870.08
partner_711,4,128292.59
partner_711,5,116255.5
partner_711,6,124287.43
partner_711,7,102007.23
partner_711,8,120966.51
partner_711,9,103499.84
partner_711,10,127355.14
partner_711,11,107673.26
partner_711,12,123174.44
partner_711,13,125067.11
partner_711,14,122117.97
partner_711,15,113539.33
partner_711,16,118648.87
partner_711,17,135512.92
partner_711,18,116052.32
partner_711,19,121458.24
partner_711,20,114450.31
partner_711,21,133565.93
partner_711,22,122141.8
partner_711,23,111939.26
partner_711,24,121284.86
partner_711,25,118277.24
partner_711,26,138076.39
partner_712,0,8250.11
partner_712,1,8929.98
partner_712,2,8179.63
partner_712,3,6266.65
partner_712,4,6608.64
partner_712,5,6527.72
partner_712,6,6301.5
partner_712,7,6318.9
partner_712,8,5666.97
partner_712,9,5140.52
partner_712,10,5975.18
partner_712,11,4669.37
partner_712,12,4665.1
partner_712,13,4337.72
partner_712,14,5003.65
partner_712,15,4594.46
partner_712,16,4770.43
partner_712,17,3894.29
partner_712,18,3564.14
partner_712,19,3754.32
partner_712,20,3718.82
partner_712,21,3728.6
partner_712,22,2928.94
partner_712,23,3557.74
partner_712,24,2980.82
partner_712,25,2951.92
partner_712,26,3400.36
partner_713,0,3447.12
partner_713,1,2948.46
partner_713,2,2949.17
partner_713,3,3330.11
partner_713,4,3412.93
partner_713,5,3034.56
partner_713,6,3133.65
partner_713,7,2359.24
partner_713,8,2051.44
partner_713,9,2329.83
partner_713,10,2432.76
partner_713,11,1762.99
partner_713,12,1887.94
partner_713,13,1837.11
partner_713,14,1991.39
partner_713,15,1890.51
partner_713,16,1639.19
partner_713,17,1738.9
partner_713,18,1454.11
partner_713,19,1511.26
partner_713,20,1325.57
partner_713,21,1436.88
partner_713,22,1290.11
partner_713,23,1441.18
partner_713,24,1292.56
partner_713,25,1217.57
partner_713,26,1409.38
partner_714,0,8781.17
partner_714,1,8501.05
partner_714,2,9898.7
partner_714,3,10616.83
partner_714,4,8608.71
partner_714,5,9504.41
partner_714,6,10789.13
partner_714,7,10468.05
partner_714,8,12208.13
partner_714,9,12793.87
partner_714,10,12829.37
partner_714,11,14164.36
partner_714,12,13066.2
partner_714,13,14279.54
partner_714,14,13340.82
partner_714,15,15764.34
partner_714,16,15964.65
partner_714,17,14415.1
partner_714,18,16667.23
partner_714,19,17433.81
partner_714,20,18597.79
partner_714,21,19293.62
partner_714,22,17934.66
partner_714,23,21505.41
partner_714,24,21732.9
partner_714,25,19801.45
partner_714,26,19545.76
partner_715,0,46064.64
partner_715,1,55137.05
partner_715,2,60406.36
partner_715,3,61691.8
partner_715,4,48129.61
partner_715,5,58263.34
partner_715,6,54469.95
partner_715,7,41072.21
partner_715,8,52218.14
partner_715,9,51617.04
partner_715,10,60553.59
partner_715,11,49309.2
partner_715,12,57054.84
partner_715,13,53435.11
partner_715,14,46204.21
partner_715,15,51030.98
partner_715,16,62286.41
partner_715,17,53077.1
partner_715,18,58906.44
partner_715,19,58610.38
partner_715,20,51592.3
partner_715,21,47081.31
partner_715,22,47792.15
partner_715,23,61854.5
partner_715,24,54833.12
partner_715,25,44648.55
partner_715,26,58518.05
partner_716,0,3946.38
partner_716,1,5100.66
partner_716,2,4585.63
partner_716,3,4199.39
partner_716,4,4604.81
partner_716,5,5218.19
partner_716,6,5680.3
partner_716,7,5047.42
partner_716,8,5268.47
partner_716,9,5140.16
partner_716,10,6221.61
partner_716,11,6693.87
partner_716,12,5093.21
partner_716,13,6314.32
partner_716,14,6012.5
partner_716,15,7228.81
partner_716,16,6493.71
partner_716,17,6694.61
partner_716,18,8928.53
partner_716,19,8215.07
partner_716,20,8641.29
partner_716,21,9437.74
partner_716,22,10329.47
partner_716,23,9388.44
partner_716,24,9793.26
partner_716,25,10196.35
partner_716,26,12238.81
partner_717,0,23619.67
partner_717,1,25278.82
partner_717,2,28782.9
partner_717,3,24508.56
partner_717,4,23672.34
partner_717,5,29054.75
partner_717,6,27562.97
partner_717,7,27210.27
partner_717,8,23109.79
partner_717,9,22868.6
partner_717,10,19865.75
partner_717,11,26675.29
partner_717,12,24515.17
partner_717,13,19946.68
partner_717,14,27251.69
partner_717,15,23507.15
partner_717,16,23807.04
partner_717,17,20647.12
partner_717,18,25525.26
partner_717,19,25548.55
partner_717,20,24211.11
partner_717,21,23310.37
partner_717,22,30717.48
partner_717,23,21400.31
partner_717,24,22572.75
partner_717,25,26050.89
partner_717,26,21859.94
partner_718,0,48036.98
partner_718,1,49761.06
partner_718,2,50638.66
partner_718,3,48507.12
partner_718,4,53228.18
partner_718,5,56768.56
partner_718,6,65032.99
partner_718,7,65503.87
partner_718,8,59726.28
partner_718,9,74431.65
partner_718,10,60152.77
partner_718,11,73317.98
partner_718,12,70305.14
partner_718,13,76039.16
partner_718,14,103936.81
partner_718,15,77887.48
partner_718,16,87848.32
partner_718,17,105383.28
partner_718,18,100125.54
partner_718,19,111803.55
partner_718,20,131850.16
partner_718,21,128792.2
partner_718,22,120726.87
partner_718,23,130949.6
partner_718,24,146454.86
partner_718,25,154984.13
partner_718,26,153020.71
partner_719,0,8726.55
partner_719,1,10294.04
partner_719,2,10741.75
partner_719,3,9548.35
partner_719,4,12495.44
partner_719,5,13048.03
partner_719,6,9406.59
partner_719,7,10823.82
partner_719,8,12835.53
partner_719,9,7378.31
partner_719,10,10146.37
partner_719,11,9983.38
partner_719,12,9842.16
partner_719,13,10901.4
partner_719,14,11431.02
partner_719,15,12540.44
partner_719,16,14739.98
partner_719,17,15613.67
partner_719,18,10836.59
partner_719,19,10621.1
partner_719,20,9878.69
partner_719,21,13533.83
partner_719,22,11007.04
partner_719,23,11513.87
partner_719,24,10266.24
partner_719,25,11368.95
partner_719,26,12373.38
partner_72,0,6295.92
partner_72,1,5994.03
partner_72,2,6895.55
partner_72,3,7249.25
partner_72,4,7153.2
partner_72,5,6438.51
partner_72,6,7231.84
partner_72,7,6880.68
partner_72,8,6076.13
partner_72,9,7513.49
partner_72,10,7253.04
partner_72,11,9141.59
partner_72,12,8445.17
partner_72,13,8017.1
partner_72,14,7789.75
partner_72,15,7844.07
partner_72,16,7050.28
partner_72,17,6573.99
partner_72,18,7375.62
partner_72,19,8166.31
partner_72,20,6577.78
partner_72,21,8000.25
partner_72,22,8378.68
partner_72,23,8536.11
partner_72,24,8272.54
partner_72,25,8688.3
partner_72,26,10709.06
partner_720,0,10802.01
partner_720,1,10780.5
partner_720,2,10937.22
partner_720,3,10391.05
partner_720,4,11686.94
partner_720,5,13261.86
partner_720,6,11787.74
partner_720,7,10261.39
partner_720,8,10436.36
partner_720,9,11197.18
partner_720,10,9988.72
partner_720,11,11990.17
partner_720,12,13210.36
partner_720,13,10965.79
partner_720,14,11724.5
partner_720,15,11136.77
partner_720,16,10903.28
partner_720,17,11856.5
partner_720,18,10864.09
partner_720,19,10695.26
partner_720,20,9751.72
partner_720,21,11711.06
partner_720,22,12877.47
partner_720,23,12458.93
partner_720,24,13371.98
partner_720,25,10851.05
partner_720,26,12625.9
partner_721,0,18728.47
partner_721,1,17615.19
partner_721,2,20412.8
partner_721,3,17167.02
partner_721,4,18793.65
partner_721,5,18052.79
partner_721,6,20803.29
partner_721,7,22210.19
partner_721,8,22620.2
partner_721,9,22420.4
partner_721,10,23348.48
partner_721,11,26498.44
partner_721,12,26295.47
partner_721,13,24664.99
partner_721,14,23562.88
partner_721,15,28530.28
partner_721,16,27273.1
partner_721,17,30256.5
partner_721,18,32983.8
partner_721,19,35405.03
partner_721,20,34986.15
partner_721,21,47670.19
partner_721,22,35647.47
partner_721,23,47700.07
partner_721,24,43671.43
partner_721,25,43266.26
partner_721,26,51151.2
partner_722,0,24590.87
partner_722,1,17093.1
partner_722,2,22428.57
partner_722,3,24597.83
partner_722,4,28912.17
partner_722,5,25548.37
partner_722,6,35370.43
partner_722,7,31557.26
partner_722,8,23504.55
partner_722,9,27631.42
partner_722,10,34749.21
partner_722,11,31562.39
partner_722,12,39467.52
partner_722,13,37502.57
partner_722,14,36312.56
partner_722,15,39127.02
partner_722,16,49338.51
partner_722,17,38077.87
partner_722,18,55355.12
partner_722,19,58271.69
partner_722,20,53412.9
partner_722,21,49854.88
partner_722,22,64280.35
partner_722,23,60824.97
partner_722,24,56954.99
partner_722,25,83929.99
partner_722,26,67448.48
partner_723,0,4409.55
partner_723,1,4934.05
partner_723,2,3998.12
partner_723,3,3872.66
partner_723,4,4021.4
partner_723,5,3839.84
partner_723,6,3726.38
partner_723,7,3620.26
partner_723,8,3466.2
partner_723,9,3162.02
partner_723,10,3458.21
partner_723,11,2977.65
partner_723,12,3229.0
partner_723,13,3292.94
partner_723,14,2608.27
partner_723,15,3357.97
partner_723,16,2432.59
partner_723,17,2355.5
partner_723,18,2584.45
partner_723,19,2477.25
partner_723,20,2312.0
partner_723,21,2402.78
partner_723,22,2203.28
partner_723,23,2508.79
partner_723,24,2001.1
partner_723,25,1780.21
partner_723,26,1779.48
partner_724,0,9859.24
partner_724,1,9057.2
partner_724,2,11266.58
partner_724,3,12405.31
partner_724,4,10679.77
partner_724,5,12886.9
partner_724,6,12148.93
partner_724,7,13997.95
partner_724,8,12293.57
partner_724,9,12192.59
partner_724,10,13363.21
partner_724,11,12081.37
partner_724,12,13467.26
partner_724,13,15024.08
partner_724,14,14700.09
partner_724,15,13878.66
partner_724,16,14551.03
partner_724,17,15724.47
partner_724,18,16062.54
partner_724,19,16498.03
partner_724,20,16259.22
partner_724,21,14784.69
partner_724,22,15412.52
partner_724,23,17698.17
partner_724,24,18776.6
partner_724,25,19009.65
partner_724,26,16971.97
partner_725,0,6482.77
partner_725,1,7895.61
partner_725,2,9251.27
partner_725,3,8555.37
partner_725,4,10490.63
partner_725,5,9011.64
partner_725,6,9558.18
partner_725,7,8927.5
partner_725,8,9948.03
partner_725,9,9442.71
partner_725,10,9424.24
partner_725,11,10232.89
partner_725,12,12159.11
partner_725,13,11614.79
partner_725,14,12388.18
partner_725,15,14117.42
partner_725,16,11919.57
partner_725,17,14786.98
partner_725,18,16548.51
partner_725,19,17347.61
partner_725,20,17351.79
partner_725,21,17069.87
partner_725,22,16732.63
partner_725,23,18406.65
partner_725,24,22493.32
partner_725,25,20621.99
partner_725,26,20653.6
partner_726,0,30023.37
partner_726,1,34278.91
partner_726,2,24990.23
partner_726,3,32568.39
partner_726,4,30423.6
partner_726,5,28485.4
partner_726,6,37542.06
partner_726,7,47443.07
partner_726,8,47866.63
partner_726,9,32212.86
partner_726,10,32260.99
partner_726,11,25111.0
partner_726,12,30678.86
partner_726,13,31565.66
partner_726,14,29941.96
partner_726,15,30808.11
partner_726,16,24324.57
partner_726,17,29923.54
partner_726,18,44621.42
partner_726,19,43681.97
partner_726,20,54665.23
partner_726,21,24688.9
partner_726,22,32577.14
partner_726,23,26324.08
partner_726,24,30307.86
partner_726,25,26948.48
partner_726,26,27973.83
partner_727,0,29778.78
partner_727,1,34266.1
partner_727,2,30881.15
partner_727,3,32289.48
partner_727,4,23332.92
partner_727,5,30654.44
partner_727,6,35733.16
partner_727,7,33928.46
partner_727,8,34537.16
partner_727,9,31893.77
partner_727,10,37042.54
partner_727,11,32639.68
partner_727,12,29630.48
partner_727,13,34437.53
partner_727,14,34651.53
partner_727,15,33721.98
partner_727,16,30446.33
partner_727,17,32617.58
partner_727,18,36144.89
partner_727,19,33239.63
partner_727,20,27036.48
partner_727,21,29729.89
partner_727,22,29582.37
partner_727,23,29331.56
partner_727,24,25026.65
partner_727,25,37722.41
partner_727,26,28944.63
partner_728,0,6302.56
partner_728,1,5981.45
partner_728,2,6061.74
partner_728,3,6343.26
partner_728,4,7204.4
partner_728,5,6741.69
partner_728,6,5904.26
partner_728,7,6679.67
partner_728,8,6910.32
partner_728,9,8536.7
partner_728,10,9450.53
partner_728,11,10317.64
partner_728,12,7834.08
partner_728,13,10351.24
partner_728,14,9519.81
partner_728,15,13643.22
partner_728,16,12507.1
partner_728,17,13380.59
partner_728,18,12855.28
partner_728,19,12858.09
partner_728,20,12370.72
partner_728,21,12610.74
partner_728,22,12844.13
partner_728,23,15427.22
partner_728,24,17481.39
partner_728,25,15176.24
partner_728,26,15195.75
partner_729,0,4527.7
partner_729,1,4962.84
partner_729,2,4984.97
partner_729,3,5028.77
partner_729,4,4603.15
partner_729,5,4459.42
partner_729,6,4986.26
partner_729,7,3928.96
partner_729,8,4224.73
partner_729,9,5175.68
partner_729,10,3944.63
partner_729,11,4404.33
partner_729,12,4698.58
partner_729,13,4456.11
partner_729,14,4927.55
partner_729,15,5093.84
partner_729,16,4631.55
partner_729,17,5033.91
partner_729,18,4009.13
partner_729,19,4349.93
partner_729,20,5482.55
partner_729,21,5278.25
partner_729,22,3855.21
partner_729,23,4413.92
partner_729,24,4479.7
partner_729,25,4603.65
partner_729,26,4982.63
partner_73,0,10354.71
partner_73,1,10076.73
partner_73,2,9042.39
partner_73,3,8763.2
partner_73,4,10131.24
partner_73,5,8544.06
partner_73,6,7697.9
partner_73,7,8342.2
partner_73,8,8216.52
partner_73,9,6318.25
partner_73,10,7597.81
partner_73,11,8036.1
partner_73,12,7490.28
partner_73,13,8495.41
partner_73,14,7575.22
partner_73,15,7471.36
partner_73,16,8096.21
partner_73,17,6595.4
partner_73,18,6038.97
partner_73,19,6320.15
partner_73,20,5270.04
partner_73,21,5468.82
partner_73,22,4904.48
partner_73,23,5285.18
partner_73,24,4605.41
partner_73,25,4447.06
partner_73,26,4819.59
partner_730,0,162470.69
partner_730,1,159302.04
partner_730,2,152890.06
partner_730,3,130264.17
partner_730,4,177061.67
partner_730,5,174531.7
partner_730,6,175108.29
partner_730,7,155670.57
partner_730,8,211404.09
partner_730,9,183796.8
partner_730,10,164242.31
partner_730,11,165148.55
partner_730,12,207631.11
partner_730,13,213233.04
partner_730,14,194509.36
partner_730,15,218535.73
partner_730,16,228192.5
partner_730,17,222137.43
partner_730,18,208621.91
partner_730,19,251858.43
partner_730,20,255022.9
partner_730,21,254669.58
partner_730,22,226226.03
partner_730,23,219113.94
partner_730,24,260835.06
partner_730,25,289741.67
partner_730,26,299739.64
partner_731,0,16707.51
partner_731,1,16686.77
partner_731,2,11176.67
partner_731,3,9558.78
partner_731,4,9621.08
partner_731,5,12050.84
partner_731,6,11522.61
partner_731,7,9081.78
partner_731,8,11477.39
partner_731,9,9198.54
partner_731,10,11093.75
partner_731,11,13566.34
partner_731,12,16174.92
partner_731,13,17273.8
partner_731,14,9905.68
partner_731,15,10381.06
partner_731,16,9366.32
partner_731,17,10101.51
partner_731,18,9793.08
partner_731,19,8355.57
partner_731,20,10218.64
partner_731,21,10188.96
partner_731,22,10489.72
partner_731,23,13071.48
partner_731,24,15242.71
partner_731,25,15455.56
partner_731,26,11226.22
partner_732,0,19359.95
partner_732,1,20780.04
partner_732,2,19071.31
partner_732,3,21889.88
partner_732,4,23989.0
partner_732,5,18250.74
partner_732,6,22027.48
partner_732,7,26707.84
partner_732,8,20112.78
partner_732,9,23316.07
partner_732,10,23152.44
partner_732,11,27528.89
partner_732,12,28645.88
partner_732,13,26730.59
partner_732,14,27117.12
partner_732,15,23001.36
partner_732,16,32605.47
partner_732,17,28296.1
partner_732,18,29713.09
partner_732,19,33984.04
partner_732,20,32458.96
partner_732,21,35992.55
partner_732,22,35640.63
partner_732,23,35244.62
partner_732,24,36596.57
partner_732,25,32379.64
partner_732,26,36923.89
partner_733,0,35104.64
partner_733,1,35811.89
partner_733,2,35177.99
partner_733,3,39162.37
partner_733,4,43980.43
partner_733,5,40681.2
partner_733,6,30174.05
partner_733,7,41072.56
partner_733,8,36865.59
partner_733,9,40535.49
partner_733,10,37994.13
partner_733,11,35251.92
partner_733,12,38295.1
partner_733,13,36867.98
partner_733,14,39757.65
partner_733,15,35153.38
partner_733,16,34232.44
partner_733,17,41394.46
partner_733,18,42847.65
partner_733,19,40808.09
partner_733,20,36068.4
partner_733,21,35716.26
partner_733,22,35938.35
partner_733,23,42005.09
partner_733,24,35388.49
partner_733,25,41980.58
partner_733,26,41027.35
partner_734,0,20062.34
partner_734,1,13378.35
partner_734,2,12829.42
partner_734,3,15258.15
partner_734,4,13326.85
partner_734,5,12913.76
partner_734,6,15292.5
partner_734,7,13352.58
partner_734,8,13544.58
partner_734,9,13921.67
partner_734,10,16677.01
partner_734,11,19052.72
partner_734,12,22007.03
partner_734,13,13015.79
partner_734,14,11890.5
partner_734,15,15161.6
partner_734,16,13888.0
partner_734,17,14917.76
partner_734,18,16996.14
partner_734,19,15358.67
partner_734,20,18133.66
partner_734,21,17076.22
partner_734,22,21912.11
partner_734,23,21299.34
partner_734,24,22949.81
partner_734,25,14399.51
partner_734,26,14699.77
partner_735,0,7428.96
partner_735,1,7444.85
partner_735,2,8249.43
partner_735,3,7351.23
partner_735,4,9508.24
partner_735,5,10911.63
partner_735,6,11249.35
partner_735,7,12239.8
partner_735,8,10841.01
partner_735,9,10934.52
partner_735,10,12479.55
partner_735,11,12195.47
partner_735,12,10833.6
partner_735,13,14899.14
partner_735,14,14119.1
partner_735,15,12952.04
partner_735,16,15126.74
partner_735,17,16377.81
partner_735,18,17587.6
partner_735,19,18487.3
partner_735,20,22014.48
partner_735,21,17710.16
partner_735,22,21019.36
partner_735,23,20439.4
partner_735,24,26482.61
partner_735,25,23314.25
partner_735,26,25041.91
partner_736,0,13967.01
partner_736,1,10433.24
partner_736,2,13421.17
partner_736,3,13483.96
partner_736,4,13395.09
partner_736,5,13899.25
partner_736,6,15979.93
partner_736,7,16028.43
partner_736,8,16226.12
partner_736,9,15586.17
partner_736,10,19215.17
partner_736,11,15415.43
partner_736,12,13807.01
partner_736,13,16440.13
partner_736,14,17418.65
partner_736,15,20074.68
partner_736,16,17282.36
partner_736,17,19594.85
partner_736,18,16324.1
partner_736,19,21765.99
partner_736,20,20280.28
partner_736,21,20076.69
partner_736,22,25698.31
partner_736,23,24047.08
partner_736,24,19960.34
partner_736,25,22594.83
partner_736,26,29837.59
partner_737,0,14393.31
partner_737,1,19234.82
partner_737,2,15282.88
partner_737,3,17767.14
partner_737,4,13995.53
partner_737,5,15213.3
partner_737,6,13052.36
partner_737,7,12920.69
partner_737,8,13693.08
partner_737,9,10759.49
partner_737,10,14743.53
partner_737,11,10280.26
partner_737,12,9822.42
partner_737,13,11253.09
partner_737,14,11498.36
partner_737,15,9473.42
partner_737,16,8404.42
partner_737,17,8215.42
partner_737,18,7805.12
partner_737,19,8623.83
partner_737,20,7987.26
partner_737,21,8062.86
partner_737,22,7706.77
partner_737,23,7738.18
partner_737,24,6591.58
partner_737,25,6120.6
partner_737,26,6453.04
partner_738,0,26026.72
partner_738,1,21611.17
partner_738,2,23460.44
partner_738,3,27380.6
partner_738,4,22011.69
partner_738,5,28539.36
partner_738,6,25017.22
partner_738,7,29874.23
partner_738,8,35377.16
partner_738,9,42147.83
partner_738,10,26692.1
partner_738,11,28140.67
partner_738,12,27989.73
partner_738,13,27162.02
partner_738,14,22965.46
partner_738,15,23001.25
partner_738,16,27328.84
partner_738,17,30108.07
partner_738,18,26658.29
partner_738,19,40925.75
partner_738,20,34298.76
partner_738,21,44181.34
partner_738,22,25128.25
partner_738,23,24915.85
partner_738,24,25558.33
partner_738,25,23343.33
partner_738,26,26707.81
partner_739,0,29687.75
partner_739,1,25305.64
partner_739,2,22382.28
partner_739,3,21076.5
partner_739,4,27142.11
partner_739,5,26189.72
partner_739,6,24041.83
partner_739,7,21671.9
partner_739,8,22729.99
partner_739,9,23178.06
partner_739,10,18766.59
partner_739,11,19572.25
partner_739,12,16931.49
partner_739,13,18332.81
partner_739,14,20916.93
partner_739,15,19582.81
partner_739,16,17477.41
partner_739,17,12292.47
partner_739,18,15336.18
partner_739,19,16175.6
partner_739,20,15283.29
partner_739,21,15288.98
partner_739,22,15227.48
partner_739,23,13729.68
partner_739,24,14138.81
partner_739,25,13597.58
partner_739,26,12519.74
partner_74,0,56605.53
partner_74,1,56723.46
partner_74,2,56500.04
partner_74,3,62422.46
partner_74,4,59240.9
partner_74,5,62042.38
partner_74,6,58311.99
partner_74,7,58072.26
partner_74,8,53815.37
partner_74,9,50093.21
partner_74,10,52671.37
partner_74,11,50117.16
partner_74,12,46060.78
partner_74,13,48391.91
partner_74,14,31784.71
partner_74,15,38996.57
partner_74,16,37657.42
partner_74,17,41901.31
partner_74,18,42047.89
partner_74,19,30048.7
partner_74,20,38789.03
partner_74,21,29025.43
partner_74,22,28169.13
partner_74,23,30034.02
partner_74,24,28798.87
partner_74,25,24285.87
partner_74,26,29633.61
partner_740,0,49828.77
partner_740,1,40527.28
partner_740,2,61652.03
partner_740,3,47893.83
partner_740,4,57030.16
partner_740,5,48759.17
partner_740,6,55300.24
partner_740,7,52069.77
partner_740,8,57555.58
partner_740,9,51203.55
partner_740,10,48892.94
partner_740,11,53666.45
partner_740,12,50320.42
partner_740,13,42227.93
partner_740,14,49174.53
partner_740,15,67331.57
partner_740,16,42791.95
partner_740,17,53582.9
partner_740,18,51050.81
partner_740,19,61930.14
partner_740,20,46508.54
partner_740,21,52851.72
partner_740,22,55911.99
partner_740,23,51383.58
partner_740,24,48305.72
partner_740,25,52205.55
partner_740,26,50702.35
partner_741,0,8714.94
partner_741,1,10830.88
partner_741,2,12456.51
partner_741,3,13216.8
partner_741,4,7984.13
partner_741,5,6861.02
partner_741,6,7643.02
partner_741,7,6149.03
partner_741,8,5473.82
partner_741,9,8363.99
partner_741,10,6887.73
partner_741,11,7601.78
partner_741,12,7358.47
partner_741,13,8968.69
partner_741,14,11209.98
partner_741,15,12847.65
partner_741,16,6704.94
partner_741,17,6833.32
partner_741,18,6544.88
partner_741,19,7896.41
partner_741,20,7687.31
partner_741,21,6736.77
partner_741,22,7620.48
partner_741,23,7240.13
partner_741,24,8111.13
partner_741,25,10234.36
partner_741,26,12860.08
partner_742,0,28733.23
partner_742,1,28538.81
partner_742,2,17621.64
partner_742,3,18766.71
partner_742,4,15143.49
partner_742,5,21286.1
partner_742,6,20133.8
partner_742,7,17299.83
partner_742,8,18814.93
partner_742,9,18475.89
partner_742,10,22626.41
partner_742,11,26713.73
partner_742,12,31690.49
partner_742,13,28013.61
partner_742,14,18573.4
partner_742,15,21919.48
partner_742,16,18761.56
partner_742,17,14694.32
partner_742,18,19828.63
partner_742,19,25200.39
partner_742,20,22342.27
partner_742,21,20229.21
partner_742,22,24000.23
partner_742,23,31135.2
partner_742,24,28044.25
partner_742,25,31349.93
partner_742,26,22279.07
partner_743,0,14473.36
partner_743,1,17510.64
partner_743,2,13996.5
partner_743,3,10013.29
partner_743,4,16264.44
partner_743,5,15956.5
partner_743,6,16252.89
partner_743,7,16193.73
partner_743,8,15428.7
partner_743,9,14746.62
partner_743,10,14804.34
partner_743,11,14441.45
partner_743,12,14532.3
partner_743,13,12396.8
partner_743,14,13300.15
partner_743,15,14891.03
partner_743,16,11746.1
partner_743,17,12098.87
partner_743,18,14632.37
partner_743,19,14944.15
partner_743,20,14664.05
partner_743,21,11535.62
partner_743,22,17488.51
partner_743,23,12964.2
partner_743,24,13899.86
partner_743,25,13228.31
partner_743,26,17104.95
partner_744,0,27981.53
partner_744,1,28956.48
partner_744,2,23936.55
partner_744,3,27288.39
partner_744,4,23884.2
partner_744,5,25555.52
partner_744,6,24487.77
partner_744,7,21117.43
partner_744,8,17151.58
partner_744,9,20234.77
partner_744,10,17053.45
partner_744,11,19323.61
partner_744,12,17958.31
partner_744,13,16676.43
partner_744,14,14826.16
partner_744,15,18317.26
partner_744,16,15026.51
partner_744,17,18692.79
partner_744,18,14597.24
partner_744,19,14475.4
partner_744,20,13495.54
partner_744,21,13364.25
partner_744,22,13780.4
partner_744,23,13261.13
partner_744,24,9452.31
partner_744,25,11980.53
partner_744,26,11136.91
partner_745,0,9505.54
partner_745,1,9538.17
partner_745,2,8849.83
partner_745,3,7674.57
partner_745,4,7147.9
partner_745,5,8727.93
partner_745,6,9219.04
partner_745,7,6469.29
partner_745,8,8997.29
partner_745,9,7908.84
partner_745,10,6647.55
partner_745,11,8496.63
partner_745,12,8853.71
partner_745,13,7830.54
partner_745,14,7257.57
partner_745,15,9505.16
partner_745,16,7573.04
partner_745,17,9056.67
partner_745,18,6887.74
partner_745,19,8453.3
partner_745,20,8430.17
partner_745,21,8824.52
partner_745,22,9327.34
partner_745,23,7455.37
partner_745,24,8538.33
partner_745,25,7006.62
partner_745,26,6997.41
partner_746,0,23163.24
partner_746,1,24633.55
partner_746,2,20979.55
partner_746,3,23472.94
partner_746,4,26100.06
partner_746,5,26887.0
partner_746,6,25709.79
partner_746,7,27594.44
partner_746,8,28361.24
partner_746,9,29403.55
partner_746,10,30371.53
partner_746,11,32533.65
partner_746,12,33080.88
partner_746,13,32006.28
partner_746,14,41069.35
partner_746,15,41634.57
partner_746,16,49237.13
partner_746,17,45016.05
partner_746,18,43563.23
partner_746,19,44620.0
partner_746,20,50082.39
partner_746,21,55082.24
partner_746,22,53319.85
partner_746,23,48819.43
partner_746,24,55503.73
partner_746,25,62871.65
partner_746,26,70582.41
partner_747,0,6127.25
partner_747,1,6014.2
partner_747,2,4454.21
partner_747,3,4874.5
partner_747,4,4892.74
partner_747,5,3868.12
partner_747,6,4265.43
partner_747,7,3386.26
partner_747,8,4395.34
partner_747,9,4720.78
partner_747,10,5598.96
partner_747,11,4594.86
partner_747,12,5621.32
partner_747,13,6381.78
partner_747,14,3567.45
partner_747,15,4318.24
partner_747,16,4497.79
partner_747,17,3681.85
partner_747,18,4267.88
partner_747,19,3693.83
partner_747,20,4792.65
partner_747,21,4405.74
partner_747,22,4388.77
partner_747,23,4749.74
partner_747,24,6350.06
partner_747,25,6924.02
partner_747,26,3806.21
partner_748,0,7753.62
partner_748,1,5532.06
partner_748,2,7862.13
partner_748,3,6830.73
partner_748,4,7181.15
partner_748,5,7118.92
partner_748,6,7689.5
partner_748,7,7093.4
partner_748,8,8621.97
partner_748,9,8817.56
partner_748,10,7298.89
partner_748,11,8798.85
partner_748,12,8104.93
partner_748,13,8607.97
partner_748,14,10056.82
partner_748,15,8291.97
partner_748,16,9899.13
partner_748,17,9653.3
partner_748,18,9223.68
partner_748,19,9936.5
partner_748,20,10008.52
partner_748,21,8798.25
partner_748,22,9524.24
partner_748,23,9251.59
partner_748,24,10236.0
partner_748,25,12169.38
partner_748,26,11564.86
partner_749,0,4615.87
partner_749,1,5008.9
partner_749,2,4505.03
partner_749,3,4364.17
partner_749,4,5118.76
partner_749,5,5623.45
partner_749,6,5628.57
partner_749,7,5181.28
partner_749,8,6905.93
partner_749,9,6012.43
partner_749,10,6397.99
partner_749,11,6057.81
partner_749,12,7447.09
partner_749,13,7326.7
partner_749,14,7388.59
partner_749,15,6551.15
partner_749,16,8489.72
partner_749,17,8508.25
partner_749,18,9005.0
partner_749,19,8481.17
partner_749,20,8668.34
partner_749,21,8862.72
partner_749,22,11456.7
partner_749,23,9120.62
partner_749,24,8785.27
partner_749,25,9917.96
partner_749,26,10080.88
partner_75,0,10043.14
partner_75,1,10031.15
partner_75,2,9631.82
partner_75,3,10832.55
partner_75,4,6371.05
partner_75,5,7713.0
partner_75,6,8186.67
partner_75,7,6997.12
partner_75,8,7335.31
partner_75,9,7132.35
partner_75,10,6473.76
partner_75,11,6690.39
partner_75,12,6777.62
partner_75,13,5973.02
partner_75,14,5602.67
partner_75,15,5536.51
partner_75,16,5396.74
partner_75,17,4279.34
partner_75,18,5199.58
partner_75,19,4552.91
partner_75,20,5150.95
partner_75,21,4647.16
partner_75,22,4701.79
partner_75,23,3629.75
partner_75,24,3729.82
partner_75,25,3254.36
partner_75,26,3313.47
partner_750,0,11446.24
partner_750,1,12498.57
partner_750,2,13494.11
partner_750,3,14921.27
partner_750,4,14186.14
partner_750,5,15385.7
partner_750,6,13699.72
partner_750,7,12972.19
partner_750,8,14374.74
partner_750,9,11431.45
partner_750,10,10977.62
partner_750,11,14534.57
partner_750,12,13520.65
partner_750,13,14518.34
partner_750,14,12113.13
partner_750,15,14943.11
partner_750,16,14129.5
partner_750,17,13200.61
partner_750,18,13516.39
partner_750,19,13701.22
partner_750,20,12107.35
partner_750,21,12731.99
partner_750,22,13680.29
partner_750,23,12678.87
partner_750,24,11296.05
partner_750,25,13632.31
partner_750,26,14348.89
partner_751,0,13270.06
partner_751,1,13163.13
partner_751,2,11793.75
partner_751,3,9006.14
partner_751,4,12455.32
partner_751,5,9926.72
partner_751,6,9442.19
partner_751,7,9250.43
partner_751,8,12678.23
partner_751,9,10355.11
partner_751,10,8677.75
partner_751,11,8814.16
partner_751,12,9239.3
partner_751,13,9513.86
partner_751,14,9059.97
partner_751,15,7808.79
partner_751,16,8673.93
partner_751,17,7709.27
partner_751,18,8859.11
partner_751,19,7876.5
partner_751,20,7068.79
partner_751,21,7985.89
partner_751,22,7576.49
partner_751,23,6788.16
partner_751,24,7468.46
partner_751,25,7225.55
partner_751,26,7437.19
partner_752,0,27597.96
partner_752,1,35258.76
partner_752,2,37304.75
partner_752,3,37784.84
partner_752,4,27381.34
partner_752,5,43600.11
partner_752,6,38668.9
partner_752,7,47384.02
partner_752,8,54071.86
partner_752,9,46943.13
partner_752,10,52391.58
partner_752,11,52478.0
partner_752,12,57376.54
partner_752,13,57397.06
partner_752,14,56143.42
partner_752,15,56116.39
partner_752,16,74527.61
partner_752,17,69950.15
partner_752,18,75636.16
partner_752,19,75684.44
partner_752,20,83249.07
partner_752,21,71963.17
partner_752,22,83062.71
partner_752,23,90189.65
partner_752,24,101034.39
partner_752,25,118164.41
partner_752,26,101130.9
partner_753,0,17454.47
partner_753,1,18241.41
partner_753,2,14461.0
partner_753,3,19569.51
partner_753,4,23172.87
partner_753,5,22445.79
partner_753,6,22358.8
partner_753,7,19811.92
partner_753,8,26922.64
partner_753,9,26385.93
partner_753,10,25827.85
partner_753,11,20775.91
partner_753,12,26103.97
partner_753,13,29509.1
partner_753,14,29055.61
partner_753,15,30597.41
partner_753,16,33050.35
partner_753,17,32359.94
partner_753,18,34964.78
partner_753,19,30972.56
partner_753,20,30588.83
partner_753,21,37619.49
partner_753,22,39517.16
partner_753,23,40090.87
partner_753,24,39783.69
partner_753,25,39145.08
partner_753,26,42560.46
partner_754,0,11738.1
partner_754,1,8225.59
partner_754,2,11659.69
partner_754,3,7500.1
partner_754,4,8669.03
partner_754,5,7151.75
partner_754,6,8145.43
partner_754,7,8445.76
partner_754,8,7507.65
partner_754,9,7990.22
partner_754,10,6785.27
partner_754,11,5481.28
partner_754,12,7129.27
partner_754,13,6548.07
partner_754,14,6047.53
partner_754,15,5927.28
partner_754,16,6259.06
partner_754,17,5375.78
partner_754,18,5908.5
partner_754,19,6200.04
partner_754,20,6502.89
partner_754,21,5983.73
partner_754,22,5188.03
partner_754,23,5095.9
partner_754,24,4640.57
partner_754,25,4484.78
partner_754,26,4976.22
partner_755,0,64164.3
partner_755,1,55940.45
partner_755,2,70380.2
partner_755,3,59902.26
partner_755,4,68632.6
partner_755,5,57541.67
partner_755,6,57214.31
partner_755,7,70118.49
partner_755,8,58023.33
partner_755,9,52193.19
partner_755,10,55461.16
partner_755,11,67201.08
partner_755,12,66606.31
partner_755,13,57178.46
partner_755,14,57987.98
partner_755,15,66064.05
partner_755,16,70043.52
partner_755,17,61472.35
partner_755,18,65328.84
partner_755,19,67304.6
partner_755,20,75224.91
partner_755,21,54744.53
partner_755,22,57758.93
partner_755,23,58763.23
partner_755,24,67020.43
partner_755,25,60338.88
partner_755,26,63830.95
partner_756,0,26530.51
partner_756,1,30146.49
partner_756,2,25697.07
partner_756,3,29193.57
partner_756,4,27106.27
partner_756,5,32857.16
partner_756,6,32800.74
partner_756,7,38559.93
partner_756,8,36254.98
partner_756,9,36092.71
partner_756,10,38357.12
partner_756,11,48007.4
partner_756,12,35944.8
partner_756,13,41612.73
partner_756,14,46397.15
partner_756,15,45074.49
partner_756,16,52583.77
partner_756,17,51897.54
partner_756,18,55736.94
partner_756,19,57254.8
partner_756,20,58315.64
partner_756,21,53434.21
partner_756,22,65010.31
partner_756,23,54790.79
partner_756,24,64611.42
partner_756,25,75651.99
partner_756,26,84033.91
partner_757,0,163657.55
partner_757,1,196619.12
partner_757,2,231338.36
partner_757,3,234429.95
partner_757,4,190068.08
partner_757,5,218021.61
partner_757,6,250248.7
partner_757,7,262676.28
partner_757,8,265744.54
partner_757,9,249939.35
partner_757,10,288844.47
partner_757,11,311123.91
partner_757,12,269235.24
partner_757,13,350867.08
partner_757,14,355026.79
partner_757,15,311879.85
partner_757,16,383856.16
partner_757,17,396263.21
partner_757,18,414754.57
partner_757,19,461482.4
partner_757,20,415360.68
partner_757,21,448050.09
partner_757,22,332964.14
partner_757,23,524407.09
partner_757,24,542218.8
partner_757,25,582798.33
partner_757,26,485133.45
partner_758,0,34342.62
partner_758,1,39163.59
partner_758,2,35740.89
partner_758,3,27347.08
partner_758,4,33621.72
partner_758,5,28281.67
partner_758,6,24588.33
partner_758,7,29529.03
partner_758,8,27289.13
partner_758,9,30207.02
partner_758,10,26007.61
partner_758,11,26549.72
partner_758,12,24961.8
partner_758,13,25244.29
partner_758,14,20130.52
partner_758,15,21723.24
partner_758,16,20251.29
partner_758,17,21102.29
partner_758,18,19589.41
partner_758,19,17288.27
partner_758,20,17161.86
partner_758,21,19951.97
partner_758,22,13718.63
partner_758,23,17057.78
partner_758,24,17266.42
partner_758,25,15668.94
partner_758,26,17098.34
partner_759,0,52709.27
partner_759,1,62716.42
partner_759,2,58788.51
partner_759,3,33779.39
partner_759,4,32125.25
partner_759,5,37234.84
partner_759,6,31174.14
partner_759,7,34899.15
partner_759,8,27765.26
partner_759,9,40033.74
partner_759,10,42705.51
partner_759,11,43026.12
partner_759,12,60613.13
partner_759,13,67363.34
partner_759,14,62270.02
partner_759,15,36476.63
partner_759,16,35637.96
partner_759,17,39041.25
partner_759,18,36473.72
partner_759,19,39062.32
partner_759,20,39401.87
partner_759,21,36507.0
partner_759,22,42953.22
partner_759,23,42175.68
partner_759,24,51908.72
partner_759,25,54155.14
partner_759,26,58451.83
partner_76,0,36516.39
partner_76,1,38064.97
partner_76,2,38284.47
partner_76,3,39491.71
partner_76,4,29728.51
partner_76,5,29295.83
partner_76,6,35390.56
partner_76,7,26267.63
partner_76,8,30141.71
partner_76,9,31006.15
partner_76,10,30732.47
partner_76,11,28129.2
partner_76,12,26583.95
partner_76,13,28937.44
partner_76,14,26540.33
partner_76,15,23339.38
partner_76,16,24222.56
partner_76,17,24230.4
partner_76,18,26444.7
partner_76,19,23539.41
partner_76,20,23667.37
partner_76,21,19162.45
partner_76,22,18701.48
partner_76,23,18636.33
partner_76,24,18191.58
partner_76,25,16049.14
partner_76,26,19445.07
partner_760,0,61867.53
partner_760,1,57803.0
partner_760,2,48168.71
partner_760,3,66736.05
partner_760,4,60979.38
partner_760,5,68071.59
partner_760,6,74063.96
partner_760,7,70466.87
partner_760,8,72650.2
partner_760,9,65625.19
partner_760,10,78606.12
partner_760,11,73582.14
partner_760,12,61313.84
partner_760,13,84760.79
partner_760,14,89039.44
partner_760,15,93809.98
partner_760,16,101596.43
partner_760,17,91877.79
partner_760,18,91603.69
partner_760,19,98726.13
partner_760,20,82869.62
partner_760,21,77369.52
partner_760,22,90384.67
partner_760,23,109349.85
partner_760,24,92513.43
partner_760,25,105917.42
partner_760,26,109321.88
partner_761,0,32262.0
partner_761,1,30995.22
partner_761,2,27181.76
partner_761,3,34861.86
partner_761,4,34805.53
partner_761,5,34413.37
partner_761,6,48372.48
partner_761,7,57223.24
partner_761,8,27132.45
partner_761,9,29610.66
partner_761,10,25985.23
partner_761,11,26694.16
partner_761,12,28052.14
partner_761,13,27105.53
partner_761,14,29448.81
partner_761,15,38613.07
partner_761,16,37222.08
partner_761,17,49477.41
partner_761,18,60034.89
partner_761,19,48548.08
partner_761,20,30083.94
partner_761,21,35634.22
partner_761,22,31271.19
partner_761,23,36037.5
partner_761,24,39677.02
partner_761,25,29310.31
partner_761,26,33604.57
partner_762,0,87184.3
partner_762,1,107209.42
partner_762,2,109702.85
partner_762,3,71922.24
partner_762,4,65832.63
partner_762,5,73754.19
partner_762,6,62730.75
partner_762,7,58970.25
partner_762,8,65362.89
partner_762,9,71380.55
partner_762,10,77258.02
partner_762,11,91864.26
partner_762,12,100326.25
partner_762,13,122761.62
partner_762,14,130456.41
partner_762,15,64374.86
partner_762,16,68698.31
partner_762,17,90076.45
partner_762,18,76965.39
partner_762,19,74900.61
partner_762,20,78087.87
partner_762,21,62851.48
partner_762,22,70744.09
partner_762,23,76601.62
partner_762,24,108003.2
partner_762,25,116907.12
partner_762,26,123171.65
partner_763,0,7689.33
partner_763,1,5628.61
partner_763,2,6127.86
partner_763,3,5551.29
partner_763,4,5638.76
partner_763,5,6100.77
partner_763,6,6498.43
partner_763,7,4721.22
partner_763,8,5109.66
partner_763,9,4318.42
partner_763,10,4755.84
partner_763,11,4931.62
partner_763,12,5099.24
partner_763,13,3610.29
partner_763,14,4674.56
partner_763,15,3868.61
partner_763,16,3640.88
partner_763,17,4036.2
partner_763,18,4120.95
partner_763,19,3713.0
partner_763,20,3231.2
partner_763,21,3473.44
partner_763,22,3147.76
partner_763,23,3480.94
partner_763,24,3516.51
partner_763,25,3381.64
partner_763,26,2964.51
partner_764,0,11663.72
partner_764,1,20045.73
partner_764,2,19033.94
partner_764,3,20721.81
partner_764,4,11229.0
partner_764,5,15473.93
partner_764,6,14791.35
partner_764,7,14442.58
partner_764,8,12615.49
partner_764,9,13737.51
partner_764,10,12523.17
partner_764,11,14508.45
partner_764,12,13982.69
partner_764,13,20358.01
partner_764,14,19473.43
partner_764,15,19699.31
partner_764,16,11891.95
partner_764,17,12710.09
partner_764,18,11982.38
partner_764,19,13069.8
partner_764,20,11860.15
partner_764,21,13450.73
partner_764,22,14448.74
partner_764,23,13097.84
partner_764,24,17751.13
partner_764,25,19483.35
partner_764,26,24689.03
partner_765,0,8347.99
partner_765,1,9501.81
partner_765,2,9415.86
partner_765,3,13395.34
partner_765,4,6535.64
partner_765,5,8836.74
partner_765,6,9922.31
partner_765,7,7561.88
partner_765,8,8578.37
partner_765,9,7989.97
partner_765,10,9123.24
partner_765,11,7696.87
partner_765,12,9538.98
partner_765,13,12707.85
partner_765,14,13062.55
partner_765,15,11066.34
partner_765,16,9820.04
partner_765,17,7656.93
partner_765,18,8928.78
partner_765,19,9441.32
partner_765,20,9092.5
partner_765,21,11351.12
partner_765,22,9840.34
partner_765,23,9317.43
partner_765,24,11150.56
partner_765,25,12692.96
partner_765,26,14344.87
partner_766,0,73820.1
partner_766,1,78812.91
partner_766,2,73269.08
partner_766,3,62537.01
partner_766,4,85968.87
partner_766,5,72806.39
partner_766,6,78261.03
partner_766,7,71301.77
partner_766,8,71534.72
partner_766,9,69152.08
partner_766,10,84487.95
partner_766,11,86351.02
partner_766,12,77370.09
partner_766,13,73028.56
partner_766,14,64104.54
partner_766,15,83308.29
partner_766,16,71948.96
partner_766,17,68548.05
partner_766,18,77395.77
partner_766,19,74591.5
partner_766,20,65455.13
partner_766,21,66514.94
partner_766,22,79767.05
partner_766,23,72109.98
partner_766,24,81107.61
partner_766,25,78300.73
partner_766,26,85253.83
partner_767,0,6101.02
partner_767,1,5251.57
partner_767,2,6089.8
partner_767,3,4455.52
partner_767,4,4787.75
partner_767,5,4232.82
partner_767,6,4617.33
partner_767,7,4793.62
partner_767,8,5151.82
partner_767,9,4574.23
partner_767,10,4268.73
partner_767,11,3747.11
partner_767,12,3805.61
partner_767,13,4362.67
partner_767,14,4497.95
partner_767,15,3868.75
partner_767,16,4422.39
partner_767,17,3487.45
partner_767,18,3617.4
partner_767,19,3564.81
partner_767,20,4141.81
partner_767,21,3556.24
partner_767,22,2811.67
partner_767,23,3667.67
partner_767,24,3875.45
partner_767,25,3116.1
partner_767,26,2841.97
partner_768,0,37990.45
partner_768,1,36834.68
partner_768,2,32095.64
partner_768,3,40147.32
partner_768,4,37226.74
partner_768,5,40644.31
partner_768,6,33057.2
partner_768,7,41982.92
partner_768,8,42712.01
partner_768,9,54473.5
partner_768,10,61146.01
partner_768,11,31039.87
partner_768,12,31317.68
partner_768,13,39841.05
partner_768,14,36396.33
partner_768,15,40809.57
partner_768,16,33675.85
partner_768,17,37086.51
partner_768,18,40602.58
partner_768,19,42342.48
partner_768,20,39567.23
partner_768,21,70014.49
partner_768,22,55886.57
partner_768,23,32203.73
partner_768,24,38442.87
partner_768,25,38958.29
partner_768,26,41160.03
partner_769,0,38109.19
partner_769,1,31359.49
partner_769,2,45985.06
partner_769,3,44214.38
partner_769,4,57557.89
partner_769,5,50692.09
partner_769,6,34943.5
partner_769,7,33889.65
partner_769,8,39573.76
partner_769,9,34718.33
partner_769,10,39961.21
partner_769,11,35004.59
partner_769,12,36629.21
partner_769,13,38760.08
partner_769,14,42854.08
partner_769,15,44571.0
partner_769,16,59629.6
partner_769,17,54327.89
partner_769,18,39887.31
partner_769,19,37859.45
partner_769,20,40241.71
partner_769,21,36536.83
partner_769,22,35181.58
partner_769,23,39946.9
partner_769,24,36691.09
partner_769,25,45555.0
partner_769,26,43736.67
partner_77,0,96620.52
partner_77,1,106062.87
partner_77,2,101888.7
partner_77,3,106841.45
partner_77,4,86268.8
partner_77,5,98215.36
partner_77,6,99088.67
partner_77,7,105882.79
partner_77,8,93403.67
partner_77,9,74751.04
partner_77,10,88886.14
partner_77,11,99058.68
partner_77,12,100303.84
partner_77,13,116448.56
partner_77,14,105475.19
partner_77,15,100479.72
partner_77,16,99344.29
partner_77,17,110672.2
partner_77,18,93785.67
partner_77,19,98268.96
partner_77,20,88810.8
partner_77,21,113808.96
partner_77,22,103579.05
partner_77,23,92615.44
partner_77,24,98526.39
partner_77,25,104746.67
partner_77,26,97168.28
partner_770,0,38042.82
partner_770,1,36370.55
partner_770,2,44744.12
partner_770,3,43534.37
partner_770,4,40161.94
partner_770,5,41580.75
partner_770,6,40054.3
partner_770,7,43885.37
partner_770,8,42509.17
partner_770,9,43237.11
partner_770,10,39633.38
partner_770,11,37856.56
partner_770,12,43096.03
partner_770,13,46677.35
partner_770,14,44877.84
partner_770,15,46799.87
partner_770,16,41063.35
partner_770,17,36489.01
partner_770,18,36847.85
partner_770,19,45983.25
partner_770,20,32884.75
partner_770,21,46489.12
partner_770,22,37225.88
partner_770,23,48180.75
partner_770,24,40123.31
partner_770,25,43328.41
partner_770,26,50046.24
partner_771,0,10476.78
partner_771,1,10271.1
partner_771,2,6179.61
partner_771,3,6939.7
partner_771,4,7435.34
partner_771,5,6501.98
partner_771,6,7052.28
partner_771,7,8212.77
partner_771,8,6236.4
partner_771,9,8976.78
partner_771,10,7760.95
partner_771,11,10054.93
partner_771,12,12777.3
partner_771,13,13171.87
partner_771,14,7731.67
partner_771,15,6897.44
partner_771,16,6857.42
partner_771,17,7038.23
partner_771,18,8911.81
partner_771,19,7240.0
partner_771,20,7845.56
partner_771,21,7045.53
partner_771,22,7695.22
partner_771,23,10333.65
partner_771,24,11460.23
partner_771,25,11589.73
partner_771,26,6579.45
partner_772,0,22205.0
partner_772,1,25497.43
partner_772,2,14738.67
partner_772,3,19991.51
partner_772,4,16947.05
partner_772,5,22687.38
partner_772,6,21171.08
partner_772,7,16816.82
partner_772,8,18601.34
partner_772,9,19518.29
partner_772,10,19073.33
partner_772,11,15529.7
partner_772,12,12154.95
partner_772,13,13685.52
partner_772,14,15603.02
partner_772,15,16900.21
partner_772,16,13389.95
partner_772,17,12188.64
partner_772,18,15507.45
partner_772,19,12543.3
partner_772,20,10191.72
partner_772,21,11064.72
partner_772,22,11871.99
partner_772,23,10329.15
partner_772,24,10822.48
partner_772,25,8112.38
partner_772,26,7978.03
partner_773,0,50700.09
partner_773,1,53914.65
partner_773,2,55494.49
partner_773,3,65038.66
partner_773,4,48319.13
partner_773,5,50534.2
partner_773,6,48464.7
partner_773,7,57803.78
partner_773,8,58088.45
partner_773,9,49836.83
partner_773,10,62949.84
partner_773,11,48473.87
partner_773,12,57545.68
partner_773,13,59760.95
partner_773,14,45068.68
partner_773,15,55186.0
partner_773,16,37955.15
partner_773,17,56472.47
partner_773,18,46425.02
partner_773,19,55132.98
partner_773,20,56111.31
partner_773,21,58016.39
partner_773,22,56816.82
partner_773,23,52463.98
partner_773,24,50187.32
partner_773,25,51784.25
partner_773,26,46349.92
partner_774,0,6103.76
partner_774,1,6604.77
partner_774,2,5627.67
partner_774,3,9187.91
partner_774,4,11059.66
partner_774,5,7794.51
partner_774,6,7428.35
partner_774,7,7152.36
partner_774,8,6375.27
partner_774,9,6899.18
partner_774,10,7950.98
partner_774,11,6483.67
partner_774,12,7259.76
partner_774,13,7635.15
partner_774,14,7348.77
partner_774,15,10170.64
partner_774,16,10823.96
partner_774,17,10120.02
partner_774,18,8743.7
partner_774,19,7771.8
partner_774,20,5854.68
partner_774,21,6753.57
partner_774,22,8741.94
partner_774,23,6313.47
partner_774,24,7066.66
partner_774,25,8077.36
partner_774,26,8312.89
partner_775,0,34466.91
partner_775,1,32905.42
partner_775,2,38762.84
partner_775,3,37059.07
partner_775,4,38206.76
partner_775,5,47908.92
partner_775,6,41718.35
partner_775,7,52774.77
partner_775,8,48066.17
partner_775,9,47937.76
partner_775,10,41432.75
partner_775,11,63793.22
partner_775,12,54680.66
partner_775,13,43958.69
partner_775,14,64958.04
partner_775,15,61144.28
partner_775,16,57929.66
partner_775,17,72583.9
partner_775,18,51430.33
partner_775,19,66623.8
partner_775,20,72346.86
partner_775,21,84130.7
partner_775,22,98637.84
partner_775,23,81715.94
partner_775,24,91078.24
partner_775,25,115386.91
partner_775,26,94128.89
partner_776,0,11537.86
partner_776,1,9129.21
partner_776,2,10284.86
partner_776,3,10450.34
partner_776,4,10486.8
partner_776,5,10134.46
partner_776,6,11055.35
partner_776,7,12931.76
partner_776,8,13762.95
partner_776,9,11218.59
partner_776,10,11111.48
partner_776,11,10895.57
partner_776,12,15322.77
partner_776,13,12465.21
partner_776,14,13937.44
partner_776,15,13666.34
partner_776,16,15892.59
partner_776,17,12935.25
partner_776,18,12018.35
partner_776,19,16330.38
partner_776,20,15297.55
partner_776,21,14947.65
partner_776,22,16801.67
partner_776,23,15602.7
partner_776,24,17495.29
partner_776,25,15787.12
partner_776,26,17114.32
partner_777,0,30225.3
partner_777,1,28794.36
partner_777,2,29882.92
partner_777,3,26984.4
partner_777,4,28657.16
partner_777,5,27742.52
partner_777,6,26435.2
partner_777,7,25718.81
partner_777,8,23052.16
partner_777,9,23063.8
partner_777,10,19199.77
partner_777,11,22119.51
partner_777,12,19600.6
partner_777,13,21329.84
partner_777,14,19046.2
partner_777,15,15836.63
partner_777,16,23707.46
partner_777,17,18357.91
partner_777,18,20893.74
partner_777,19,16793.46
partner_777,20,20141.79
partner_777,21,14796.94
partner_777,22,16528.0
partner_777,23,14051.99
partner_777,24,19306.25
partner_777,25,14510.06
partner_777,26,15650.49
partner_778,0,31937.78
partner_778,1,30301.02
partner_778,2,31238.68
partner_778,3,35242.43
partner_778,4,28249.32
partner_778,5,24053.63
partner_778,6,27008.5
partner_778,7,29907.99
partner_778,8,35732.19
partner_778,9,40926.11
partner_778,10,44427.49
partner_778,11,29344.47
partner_778,12,29195.5
partner_778,13,26331.11
partner_778,14,31102.87
partner_778,15,29684.26
partner_778,16,32523.65
partner_778,17,30512.24
partner_778,18,27888.93
partner_778,19,35879.53
partner_778,20,38352.32
partner_778,21,45995.87
partner_778,22,45481.41
partner_778,23,26941.55
partner_778,24,27451.3
partner_778,25,26705.64
partner_778,26,24653.23
partner_779,0,3460.05
partner_779,1,3926.32
partner_779,2,3992.07
partner_779,3,3752.56
partner_779,4,3756.3
partner_779,5,4132.17
partner_779,6,3964.75
partner_779,7,3616.3
partner_779,8,4048.49
partner_779,9,5686.39
partner_779,10,6188.55
partner_779,11,5859.76
partner_779,12,5655.72
partner_779,13,5111.89
partner_779,14,6100.74
partner_779,15,6869.68
partner_779,16,7319.45
partner_779,17,7542.1
partner_779,18,8257.72
partner_779,19,9185.27
partner_779,20,7704.29
partner_779,21,10734.63
partner_779,22,6984.12
partner_779,23,8426.06
partner_779,24,9730.22
partner_779,25,10506.15
partner_779,26,10208.89
partner_78,0,6679.13
partner_78,1,6443.43
partner_78,2,6599.25
partner_78,3,6195.65
partner_78,4,7454.86
partner_78,5,7513.59
partner_78,6,7661.28
partner_78,7,8351.36
partner_78,8,9104.3
partner_78,9,9377.25
partner_78,10,9565.38
partner_78,11,9150.97
partner_78,12,9149.69
partner_78,13,8986.37
partner_78,14,9763.81
partner_78,15,10758.15
partner_78,16,10233.62
partner_78,17,11599.94
partner_78,18,10737.91
partner_78,19,10252.68
partner_78,20,13760.55
partner_78,21,12532.38
partner_78,22,12470.6
partner_78,23,12538.65
partner_78,24,15179.75
partner_78,25,17136.72
partner_78,26,14956.2
partner_780,0,8006.05
partner_780,1,6204.35
partner_780,2,5892.14
partner_780,3,7670.29
partner_780,4,7118.07
partner_780,5,7279.19
partner_780,6,6689.46
partner_780,7,5658.17
partner_780,8,6616.47
partner_780,9,5567.83
partner_780,10,6719.92
partner_780,11,6989.64
partner_780,12,7266.53
partner_780,13,6500.33
partner_780,14,7051.77
partner_780,15,5967.94
partner_780,16,7195.15
partner_780,17,7003.54
partner_780,18,6035.9
partner_780,19,6908.92
partner_780,20,7275.91
partner_780,21,6612.55
partner_780,22,6021.3
partner_780,23,6677.57
partner_780,24,6923.41
partner_780,25,6016.38
partner_780,26,5899.84
partner_781,0,11974.92
partner_781,1,10963.7
partner_781,2,9424.6
partner_781,3,13461.98
partner_781,4,12891.7
partner_781,5,9723.39
partner_781,6,11377.69
partner_781,7,12579.02
partner_781,8,14953.82
partner_781,9,10965.97
partner_781,10,14829.23
partner_781,11,16875.06
partner_781,12,11698.12
partner_781,13,18297.23
partner_781,14,19296.44
partner_781,15,16951.63
partner_781,16,17087.37
partner_781,17,18407.39
partner_781,18,15395.59
partner_781,19,21197.08
partner_781,20,23354.68
partner_781,21,20928.08
partner_781,22,27274.17
partner_781,23,26191.31
partner_781,24,27741.85
partner_781,25,27066.36
partner_781,26,31596.44
partner_782,0,14425.71
partner_782,1,14041.53
partner_782,2,13204.72
partner_782,3,14391.87
partner_782,4,11113.77
partner_782,5,11162.11
partner_782,6,10451.02
partner_782,7,11817.24
partner_782,8,10422.06
partner_782,9,9693.18
partner_782,10,11815.02
partner_782,11,11632.79
partner_782,12,9263.41
partner_782,13,8040.08
partner_782,14,10744.0
partner_782,15,9220.68
partner_782,16,8923.14
partner_782,17,8413.75
partner_782,18,7448.34
partner_782,19,7547.27
partner_782,20,8173.96
partner_782,21,7110.52
partner_782,22,7551.43
partner_782,23,7047.49
partner_782,24,6120.35
partner_782,25,7733.39
partner_782,26,6855.14
partner_783,0,28354.62
partner_783,1,28337.04
partner_783,2,40982.87
partner_783,3,48705.64
partner_783,4,47855.72
partner_783,5,31967.24
partner_783,6,24325.41
partner_783,7,26334.0
partner_783,8,29820.48
partner_783,9,29404.12
partner_783,10,24909.49
partner_783,11,32347.07
partner_783,12,34607.37
partner_783,13,35049.86
partner_783,14,34548.49
partner_783,15,48171.01
partner_783,16,49048.59
partner_783,17,27964.16
partner_783,18,32632.42
partner_783,19,28436.89
partner_783,20,34840.46
partner_783,21,31052.14
partner_783,22,29627.63
partner_783,23,31713.5
partner_783,24,34750.19
partner_783,25,36832.18
partner_783,26,40590.17
partner_784,0,4644.41
partner_784,1,6550.11
partner_784,2,6484.44
partner_784,3,6832.53
partner_784,4,8168.99
partner_784,5,7674.32
partner_784,6,9673.86
partner_784,7,8033.36
partner_784,8,8062.45
partner_784,9,8179.95
partner_784,10,10512.96
partner_784,11,11456.41
partner_784,12,10125.1
partner_784,13,10079.84
partner_784,14,13628.44
partner_784,15,10588.86
partner_784,16,14288.81
partner_784,17,12822.23
partner_784,18,14815.15
partner_784,19,16539.03
partner_784,20,16390.56
partner_784,21,15909.94
partner_784,22,19576.62
partner_784,23,18520.63
partner_784,24,25807.21
partner_784,25,16393.83
partner_784,26,17147.59
partner_785,0,12038.45
partner_785,1,12981.21
partner_785,2,12903.99
partner_785,3,16336.61
partner_785,4,15738.03
partner_785,5,19112.38
partner_785,6,14399.6
partner_785,7,11125.67
partner_785,8,11150.85
partner_785,9,14471.01
partner_785,10,11334.74
partner_785,11,14287.48
partner_785,12,13441.16
partner_785,13,13279.22
partner_785,14,17468.22
partner_785,15,19479.09
partner_785,16,20907.78
partner_785,17,16107.69
partner_785,18,15045.68
partner_785,19,12656.84
partner_785,20,13988.7
partner_785,21,14447.86
partner_785,22,17335.43
partner_785,23,14340.88
partner_785,24,12799.71
partner_785,25,17744.83
partner_785,26,18241.36
partner_786,0,39767.56
partner_786,1,31610.47
partner_786,2,30567.6
partner_786,3,39386.66
partner_786,4,36189.51
partner_786,5,37369.87
partner_786,6,34537.49
partner_786,7,42122.86
partner_786,8,42355.27
partner_786,9,41010.18
partner_786,10,36702.66
partner_786,11,48876.07
partner_786,12,45751.14
partner_786,13,50742.26
partner_786,14,36874.28
partner_786,15,48043.62
partner_786,16,45371.25
partner_786,17,50184.26
partner_786,18,55983.25
partner_786,19,54275.36
partner_786,20,53644.52
partner_786,21,54853.77
partner_786,22,47306.32
partner_786,23,52144.11
partner_786,24,65244.72
partner_786,25,56986.7
partner_786,26,68409.67
partner_787,0,33276.34
partner_787,1,34347.72
partner_787,2,37220.92
partner_787,3,27790.48
partner_787,4,41210.52
partner_787,5,38992.03
partner_787,6,49112.21
partner_787,7,57207.03
partner_787,8,57556.59
partner_787,9,30851.05
partner_787,10,36138.07
partner_787,11,37800.11
partner_787,12,28450.0
partner_787,13,31182.31
partner_787,14,39174.84
partner_787,15,38848.69
partner_787,16,38796.79
partner_787,17,39308.76
partner_787,18,54561.43
partner_787,19,52130.35
partner_787,20,58578.52
partner_787,21,31735.32
partner_787,22,35995.45
partner_787,23,32893.3
partner_787,24,39534.03
partner_787,25,38438.0
partner_787,26,34845.48
partner_788,0,38530.91
partner_788,1,37284.21
partner_788,2,43845.06
partner_788,3,44631.42
partner_788,4,48691.17
partner_788,5,44629.68
partner_788,6,32016.23
partner_788,7,44707.8
partner_788,8,55514.22
partner_788,9,47713.15
partner_788,10,40951.4
partner_788,11,54394.06
partner_788,12,56283.92
partner_788,13,50950.69
partner_788,14,55058.78
partner_788,15,53084.12
partner_788,16,62701.09
partner_788,17,61566.22
partner_788,18,55564.55
partner_788,19,64558.4
partner_788,20,61523.85
partner_788,21,78175.08
partner_788,22,76340.84
partner_788,23,71117.49
partner_788,24,74569.99
partner_788,25,83701.26
partner_788,26,76723.39
partner_789,0,108343.42
partner_789,1,101078.82
partner_789,2,104089.95
partner_789,3,131846.63
partner_789,4,144188.57
partner_789,5,136409.52
partner_789,6,101291.54
partner_789,7,86534.89
partner_789,8,93360.24
partner_789,9,93710.48
partner_789,10,83841.48
partner_789,11,103805.12
partner_789,12,95938.44
partner_789,13,114668.64
partner_789,14,109341.42
partner_789,15,127151.09
partner_789,16,138329.37
partner_789,17,153045.58
partner_789,18,99403.18
partner_789,19,106555.15
partner_789,20,100100.0
partner_789,21,120541.21
partner_789,22,104471.43
partner_789,23,90326.33
partner_789,24,90202.21
partner_789,25,110014.56
partner_789,26,103588.72
partner_79,0,8125.58
partner_79,1,6010.4
partner_79,2,8782.6
partner_79,3,9132.85
partner_79,4,5352.89
partner_79,5,7267.54
partner_79,6,6811.46
partner_79,7,7144.78
partner_79,8,7032.04
partner_79,9,7934.86
partner_79,10,7256.48
partner_79,11,6670.58
partner_79,12,7212.73
partner_79,13,7716.91
partner_79,14,6470.35
partner_79,15,6130.91
partner_79,16,8801.59
partner_79,17,6867.62
partner_79,18,7238.3
partner_79,19,7047.15
partner_79,20,7741.35
partner_79,21,8640.17
partner_79,22,7764.72
partner_79,23,6224.76
partner_79,24,6323.28
partner_79,25,7046.3
partner_79,26,7142.24
partner_790,0,9647.25
partner_790,1,12911.86
partner_790,2,14674.64
partner_790,3,15526.8
partner_790,4,16397.4
partner_790,5,11056.11
partner_790,6,9926.29
partner_790,7,11050.69
partner_790,8,12375.1
partner_790,9,11949.19
partner_790,10,11082.88
partner_790,11,11409.57
partner_790,12,10992.59
partner_790,13,12336.86
partner_790,14,13228.76
partner_790,15,18634.38
partner_790,16,19572.78
partner_790,17,11527.66
partner_790,18,10675.46
partner_790,19,11873.05
partner_790,20,13483.94
partner_790,21,13059.89
partner_790,22,12051.76
partner_790,23,14768.57
partner_790,24,16222.06
partner_790,25,13607.87
partner_790,26,16765.59
partner_791,0,35791.43
partner_791,1,34045.15
partner_791,2,35711.24
partner_791,3,33151.68
partner_791,4,33105.42
partner_791,5,29423.63
partner_791,6,43075.22
partner_791,7,41924.34
partner_791,8,41781.06
partner_791,9,41384.26
partner_791,10,31441.56
partner_791,11,38603.68
partner_791,12,41548.87
partner_791,13,38851.84
partner_791,14,36967.15
partner_791,15,41022.24
partner_791,16,46676.87
partner_791,17,47686.95
partner_791,18,52877.68
partner_791,19,59744.08
partner_791,20,54066.14
partner_791,21,50782.6
partner_791,22,62314.26
partner_791,23,45414.28
partner_791,24,43657.18
partner_791,25,51313.11
partner_791,26,62194.81
partner_792,0,7935.75
partner_792,1,7693.85
partner_792,2,7897.4
partner_792,3,10690.99
partner_792,4,9364.04
partner_792,5,11477.31
partner_792,6,9118.81
partner_792,7,10779.14
partner_792,8,10785.87
partner_792,9,11777.72
partner_792,10,11394.7
partner_792,11,12529.43
partner_792,12,12356.47
partner_792,13,10705.98
partner_792,14,13239.2
partner_792,15,12531.21
partner_792,16,11987.28
partner_792,17,14266.45
partner_792,18,14955.56
partner_792,19,13376.23
partner_792,20,13922.04
partner_792,21,12755.3
partner_792,22,12457.97
partner_792,23,15225.53
partner_792,24,17285.06
partner_792,25,15497.78
partner_792,26,19284.66
partner_793,0,22365.31
partner_793,1,26355.14
partner_793,2,22610.28
partner_793,3,25723.68
partner_793,4,25668.93
partner_793,5,26707.92
partner_793,6,29590.3
partner_793,7,30378.11
partner_793,8,35385.34
partner_793,9,33328.24
partner_793,10,36696.45
partner_793,11,36854.39
partner_793,12,43051.05
partner_793,13,38149.22
partner_793,14,39764.61
partner_793,15,45898.54
partner_793,16,43105.29
partner_793,17,48694.93
partner_793,18,59633.15
partner_793,19,45434.74
partner_793,20,60521.31
partner_793,21,51997.32
partner_793,22,64611.58
partner_793,23,63458.28
partner_793,24,65595.74
partner_793,25,63508.98
partner_793,26,65510.16
partner_794,0,52474.09
partner_794,1,51476.73
partner_794,2,53442.9
partner_794,3,45043.54
partner_794,4,52559.94
partner_794,5,59062.68
partner_794,6,57391.88
partner_794,7,52561.81
partner_794,8,65878.81
partner_794,9,49413.47
partner_794,10,51986.66
partner_794,11,44834.51
partner_794,12,50324.47
partner_794,13,61816.69
partner_794,14,50524.56
partner_794,15,44429.06
partner_794,16,57014.05
partner_794,17,54482.25
partner_794,18,56797.19
partner_794,19,50883.41
partner_794,20,47159.71
partner_794,21,51478.24
partner_794,22,55350.86
partner_794,23,52061.89
partner_794,24,54475.67
partner_794,25,49626.04
partner_794,26,54670.44
partner_795,0,23207.32
partner_795,1,25319.33
partner_795,2,24004.31
partner_795,3,26510.93
partner_795,4,27150.14
partner_795,5,26222.21
partner_795,6,20887.34
partner_795,7,22560.86
partner_795,8,23380.35
partner_795,9,22981.49
partner_795,10,23614.4
partner_795,11,27280.21
partner_795,12,26714.41
partner_795,13,23911.53
partner_795,14,26447.58
partner_795,15,25790.99
partner_795,16,24887.83
partner_795,17,27836.98
partner_795,18,23318.63
partner_795,19,25101.62
partner_795,20,22345.89
partner_795,21,22465.58
partner_795,22,21572.07
partner_795,23,22508.21
partner_795,24,25177.38
partner_795,25,24214.58
partner_795,26,24296.01
partner_796,0,26112.45
partner_796,1,19658.12
partner_796,2,19420.98
partner_796,3,20305.25
partner_796,4,22020.97
partner_796,5,23322.22
partner_796,6,23552.49
partner_796,7,24275.68
partner_796,8,21940.36
partner_796,9,21301.38
partner_796,10,25803.52
partner_796,11,16004.94
partner_796,12,22319.64
partner_796,13,23134.21
partner_796,14,26336.35
partner_796,15,18497.23
partner_796,16,21248.55
partner_796,17,19169.2
partner_796,18,18191.78
partner_796,19,21726.79
partner_796,20,24028.27
partner_796,21,24855.33
partner_796,22,21000.72
partner_796,23,23658.82
partner_796,24,21741.89
partner_796,25,23414.94
partner_796,26,24741.11
partner_797,0,20325.35
partner_797,1,24226.38
partner_797,2,24652.92
partner_797,3,24002.22
partner_797,4,19024.75
partner_797,5,20774.99
partner_797,6,21477.12
partner_797,7,21396.82
partner_797,8,20370.42
partner_797,9,22619.68
partner_797,10,16931.0
partner_797,11,18657.75
partner_797,12,15617.55
partner_797,13,19613.08
partner_797,14,19155.23
partner_797,15,23809.78
partner_797,16,19329.76
partner_797,17,17800.28
partner_797,18,17365.01
partner_797,19,16115.58
partner_797,20,16570.04
partner_797,21,16519.71
partner_797,22,12695.26
partner_797,23,15833.83
partner_797,24,15415.47
partner_797,25,17630.03
partner_797,26,14547.39
partner_798,0,6047.97
partner_798,1,5933.6
partner_798,2,5812.89
partner_798,3,5136.51
partner_798,4,5797.92
partner_798,5,5548.68
partner_798,6,5762.3
partner_798,7,6321.03
partner_798,8,5492.53
partner_798,9,5759.51
partner_798,10,6208.57
partner_798,11,5731.14
partner_798,12,7426.57
partner_798,13,6036.39
partner_798,14,5158.35
partner_798,15,5395.47
partner_798,16,5336.2
partner_798,17,5403.88
partner_798,18,6206.08
partner_798,19,5238.1
partner_798,20,5694.73
partner_798,21,6562.86
partner_798,22,5583.67
partner_798,23,6285.3
partner_798,24,4898.57
partner_798,25,5671.52
partner_798,26,5368.0
partner_799,0,34018.13
partner_799,1,22812.61
partner_799,2,29415.66
partner_799,3,27818.85
partner_799,4,25524.25
partner_799,5,24097.88
partner_799,6,27506.95
partner_799,7,28013.26
partner_799,8,21295.54
partner_799,9,21384.75
partner_799,10,19255.22
partner_799,11,17423.84
partner_799,12,19986.2
partner_799,13,18953.89
partner_799,14,15019.73
partner_799,15,18121.68
partner_799,16,17253.6
partner_799,17,15266.71
partner_799,18,14677.08
partner_799,19,15868.74
partner_799,20,17109.17
partner_799,21,14836.31
partner_799,22,14890.84
partner_799,23,12259.34
partner_799,24,12409.33
partner_799,25,13294.7
partner_799,26,10484.85
partner_8,0,10916.7
partner_8,1,11698.02
partner_8,2,12660.81
partner_8,3,13464.73
partner_8,4,12164.9
partner_8,5,11373.96
partner_8,6,11262.75
partner_8,7,11955.17
partner_8,8,11192.99
partner_8,9,11538.73
partner_8,10,10126.04
partner_8,11,12792.77
partner_8,12,10032.84
partner_8,13,10834.66
partner_8,14,11434.49
partner_8,15,13578.57
partner_8,16,10845.33
partner_8,17,10569.79
partner_8,18,10700.24
partner_8,19,13202.51
partner_8,20,8139.28
partner_8,21,10188.48
partner_8,22,14416.89
partner_8,23,11993.09
partner_8,24,10071.56
partner_8,25,11276.51
partner_8,26,11400.37
partner_80,0,3581.08
partner_80,1,4724.42
partner_80,2,4971.54
partner_80,3,4196.43
partner_80,4,4596.23
partner_80,5,3949.97
partner_80,6,4896.81
partner_80,7,4481.17
partner_80,8,4300.75
partner_80,9,4794.33
partner_80,10,4816.29
partner_80,11,5000.54
partner_80,12,5790.57
partner_80,13,4985.95
partner_80,14,6496.77
partner_80,15,4913.91
partner_80,16,6731.98
partner_80,17,5327.21
partner_80,18,6066.77
partner_80,19,5903.64
partner_80,20,6133.45
partner_80,21,7019.74
partner_80,22,7646.82
partner_80,23,7613.54
partner_80,24,6679.36
partner_80,25,7253.7
partner_80,26,6717.54
partner_800,0,28500.46
partner_800,1,27055.64
partner_800,2,28027.73
partner_800,3,27317.34
partner_800,4,25470.49
partner_800,5,23960.53
partner_800,6,26915.01
partner_800,7,30703.38
partner_800,8,29942.55
partner_800,9,26222.37
partner_800,10,26165.95
partner_800,11,25966.03
partner_800,12,25966.38
partner_800,13,27941.84
partner_800,14,30032.46
partner_800,15,33306.16
partner_800,16,24906.41
partner_800,17,28928.93
partner_800,18,28633.3
partner_800,19,26264.7
partner_800,20,24373.63
partner_800,21,27908.23
partner_800,22,32917.96
partner_800,23,27891.04
partner_800,24,25022.16
partner_800,25,26733.16
partner_800,26,24063.56
partner_801,0,65635.98
partner_801,1,45882.62
partner_801,2,67446.42
partner_801,3,60137.05
partner_801,4,56492.63
partner_801,5,54447.54
partner_801,6,59116.58
partner_801,7,52598.19
partner_801,8,57821.22
partner_801,9,55892.39
partner_801,10,47898.06
partner_801,11,45018.8
partner_801,12,46401.12
partner_801,13,43556.05
partner_801,14,35165.98
partner_801,15,49006.59
partner_801,16,42515.8
partner_801,17,36506.21
partner_801,18,29852.09
partner_801,19,34982.71
partner_801,20,32347.15
partner_801,21,32953.86
partner_801,22,25063.32
partner_801,23,29398.11
partner_801,24,28541.68
partner_801,25,28163.14
partner_801,26,27047.26
partner_802,0,9411.61
partner_802,1,7748.25
partner_802,2,7424.64
partner_802,3,6757.91
partner_802,4,7751.44
partner_802,5,7024.29
partner_802,6,8953.26
partner_802,7,8090.45
partner_802,8,8936.41
partner_802,9,9366.28
partner_802,10,7462.3
partner_802,11,7885.21
partner_802,12,9256.81
partner_802,13,8323.53
partner_802,14,8594.98
partner_802,15,9012.8
partner_802,16,8901.32
partner_802,17,8504.18
partner_802,18,9309.64
partner_802,19,8113.21
partner_802,20,8593.27
partner_802,21,8024.57
partner_802,22,9002.65
partner_802,23,7596.51
partner_802,24,6794.24
partner_802,25,8703.97
partner_802,26,7335.61
partner_803,0,3555.71
partner_803,1,5361.14
partner_803,2,5402.47
partner_803,3,5304.88
partner_803,4,5261.4
partner_803,5,4940.41
partner_803,6,4958.86
partner_803,7,5060.92
partner_803,8,6247.01
partner_803,9,7925.85
partner_803,10,7902.68
partner_803,11,5249.09
partner_803,12,4161.8
partner_803,13,4021.16
partner_803,14,4617.12
partner_803,15,4290.62
partner_803,16,4848.1
partner_803,17,4141.8
partner_803,18,5476.27
partner_803,19,4946.92
partner_803,20,7373.97
partner_803,21,7655.02
partner_803,22,6476.79
partner_803,23,5573.35
partner_803,24,4709.07
partner_803,25,4642.47
partner_803,26,4516.39
partner_804,0,27523.17
partner_804,1,28751.96
partner_804,2,28979.58
partner_804,3,29562.97
partner_804,4,28873.32
partner_804,5,26998.84
partner_804,6,24475.3
partner_804,7,23736.64
partner_804,8,21693.08
partner_804,9,25437.53
partner_804,10,21974.31
partner_804,11,22396.04
partner_804,12,22794.91
partner_804,13,21719.92
partner_804,14,21159.11
partner_804,15,18775.84
partner_804,16,20671.45
partner_804,17,19015.13
partner_804,18,18975.25
partner_804,19,20825.48
partner_804,20,19119.34
partner_804,21,16733.7
partner_804,22,17047.28
partner_804,23,19573.2
partner_804,24,15948.49
partner_804,25,16108.72
partner_804,26,16684.46
partner_805,0,8070.92
partner_805,1,9000.8
partner_805,2,9923.02
partner_805,3,10891.7
partner_805,4,8484.91
partner_805,5,12084.24
partner_805,6,10309.72
partner_805,7,11984.46
partner_805,8,10499.72
partner_805,9,9826.91
partner_805,10,10515.22
partner_805,11,12094.19
partner_805,12,13602.7
partner_805,13,13398.01
partner_805,14,13456.41
partner_805,15,15856.6
partner_805,16,14740.63
partner_805,17,15655.29
partner_805,18,20632.94
partner_805,19,16248.85
partner_805,20,15634.93
partner_805,21,18199.83
partner_805,22,19261.0
partner_805,23,19100.28
partner_805,24,19461.22
partner_805,25,22734.32
partner_805,26,23236.79
partner_806,0,7961.57
partner_806,1,7392.38
partner_806,2,8911.71
partner_806,3,8837.97
partner_806,4,11124.56
partner_806,5,10432.37
partner_806,6,8400.6
partner_806,7,9245.65
partner_806,8,8165.81
partner_806,9,8222.41
partner_806,10,10953.61
partner_806,11,9878.47
partner_806,12,13521.28
partner_806,13,13421.25
partner_806,14,12118.41
partner_806,15,12476.45
partner_806,16,15343.46
partner_806,17,16206.73
partner_806,18,12990.92
partner_806,19,13262.54
partner_806,20,14902.49
partner_806,21,16598.14
partner_806,22,15631.94
partner_806,23,17836.62
partner_806,24,21118.96
partner_806,25,15728.12
partner_806,26,18108.08
partner_807,0,4209.23
partner_807,1,4458.15
partner_807,2,4259.47
partner_807,3,4832.36
partner_807,4,4662.85
partner_807,5,4730.87
partner_807,6,4452.63
partner_807,7,4494.93
partner_807,8,4432.42
partner_807,9,4479.29
partner_807,10,4785.98
partner_807,11,3709.95
partner_807,12,4725.78
partner_807,13,4194.46
partner_807,14,4437.86
partner_807,15,3876.22
partner_807,16,4428.76
partner_807,17,4721.16
partner_807,18,4803.47
partner_807,19,4048.57
partner_807,20,4781.31
partner_807,21,5117.07
partner_807,22,4366.73
partner_807,23,4593.93
partner_807,24,3643.32
partner_807,25,4181.46
partner_807,26,4717.78
partner_808,0,46417.02
partner_808,1,37037.5
partner_808,2,30715.94
partner_808,3,38940.33
partner_808,4,29578.32
partner_808,5,34232.86
partner_808,6,29467.96
partner_808,7,27519.88
partner_808,8,34213.47
partner_808,9,29796.66
partner_808,10,35158.79
partner_808,11,26397.93
partner_808,12,24313.76
partner_808,13,26880.71
partner_808,14,35674.35
partner_808,15,29387.92
partner_808,16,28060.38
partner_808,17,27589.81
partner_808,18,24304.78
partner_808,19,31869.81
partner_808,20,25663.91
partner_808,21,24929.23
partner_808,22,25897.64
partner_808,23,20165.82
partner_808,24,20657.91
partner_808,25,21655.21
partner_808,26,23916.94
partner_809,0,5865.89
partner_809,1,4512.73
partner_809,2,5007.12
partner_809,3,4040.7
partner_809,4,5408.18
partner_809,5,4955.95
partner_809,6,4895.55
partner_809,7,4753.47
partner_809,8,4338.48
partner_809,9,4944.94
partner_809,10,6326.25
partner_809,11,6431.21
partner_809,12,7001.78
partner_809,13,4271.45
partner_809,14,4899.88
partner_809,15,4929.54
partner_809,16,3916.65
partner_809,17,4704.68
partner_809,18,3959.99
partner_809,19,3815.75
partner_809,20,4522.08
partner_809,21,6680.3
partner_809,22,6493.78
partner_809,23,7736.01
partner_809,24,7196.04
partner_809,25,4727.89
partner_809,26,5042.06
partner_81,0,5515.02
partner_81,1,4358.05
partner_81,2,5370.61
partner_81,3,6222.22
partner_81,4,6017.95
partner_81,5,5105.52
partner_81,6,4705.89
partner_81,7,5958.22
partner_81,8,4948.0
partner_81,9,8759.08
partner_81,10,9061.97
partner_81,11,10970.65
partner_81,12,4525.97
partner_81,13,5981.32
partner_81,14,5430.77
partner_81,15,5311.65
partner_81,16,4747.83
partner_81,17,5842.07
partner_81,18,5937.54
partner_81,19,6825.48
partner_81,20,7208.44
partner_81,21,7539.72
partner_81,22,8469.59
partner_81,23,8137.55
partner_81,24,6381.75
partner_81,25,5136.56
partner_81,26,6403.34
partner_810,0,7215.07
partner_810,1,7168.85
partner_810,2,9648.72
partner_810,3,9207.95
partner_810,4,11393.43
partner_810,5,6544.44
partner_810,6,5950.85
partner_810,7,5457.91
partner_810,8,5686.69
partner_810,9,5592.42
partner_810,10,6133.81
partner_810,11,5428.78
partner_810,12,7233.71
partner_810,13,7105.05
partner_810,14,8294.84
partner_810,15,8292.46
partner_810,16,8663.15
partner_810,17,4806.21
partner_810,18,7176.3
partner_810,19,5300.45
partner_810,20,5346.45
partner_810,21,7046.96
partner_810,22,6416.65
partner_810,23,6284.8
partner_810,24,6611.31
partner_810,25,7683.31
partner_810,26,8303.91
partner_811,0,4631.05
partner_811,1,4496.93
partner_811,2,4820.19
partner_811,3,3775.75
partner_811,4,4000.01
partner_811,5,4483.87
partner_811,6,3907.17
partner_811,7,3299.52
partner_811,8,4399.84
partner_811,9,4700.87
partner_811,10,4259.07
partner_811,11,4551.2
partner_811,12,4488.74
partner_811,13,4319.23
partner_811,14,4373.36
partner_811,15,4896.81
partner_811,16,3898.65
partner_811,17,4648.24
partner_811,18,3805.19
partner_811,19,3971.78
partner_811,20,4830.7
partner_811,21,3792.69
partner_811,22,4210.46
partner_811,23,5333.55
partner_811,24,4757.19
partner_811,25,3996.63
partner_811,26,4070.56
partner_812,0,73974.68
partner_812,1,58844.9
partner_812,2,58449.12
partner_812,3,70060.18
partner_812,4,54401.37
partner_812,5,59437.19
partner_812,6,64838.75
partner_812,7,65174.03
partner_812,8,56471.24
partner_812,9,67708.49
partner_812,10,69016.55
partner_812,11,61062.83
partner_812,12,76255.75
partner_812,13,67616.06
partner_812,14,58823.9
partner_812,15,75994.32
partner_812,16,61972.91
partner_812,17,66564.94
partner_812,18,62211.88
partner_812,19,69476.86
partner_812,20,62246.23
partner_812,21,62643.0
partner_812,22,64349.02
partner_812,23,62112.68
partner_812,24,72404.35
partner_812,25,57169.83
partner_812,26,65152.27
partner_813,0,28419.8
partner_813,1,23028.47
partner_813,2,29964.26
partner_813,3,25968.02
partner_813,4,29448.88
partner_813,5,28083.08
partner_813,6,32825.51
partner_813,7,33464.05
partner_813,8,43241.41
partner_813,9,39804.81
partner_813,10,42445.87
partner_813,11,37821.06
partner_813,12,47784.13
partner_813,13,54166.31
partner_813,14,52921.8
partner_813,15,44248.04
partner_813,16,50804.35
partner_813,17,56336.98
partner_813,18,54935.77
partner_813,19,76435.39
partner_813,20,60721.02
partner_813,21,66448.52
partner_813,22,65622.94
partner_813,23,74722.55
partner_813,24,86956.64
partner_813,25,80834.49
partner_813,26,81768.48
partner_814,0,5109.15
partner_814,1,3977.11
partner_814,2,5113.81
partner_814,3,4988.03
partner_814,4,4378.76
partner_814,5,6517.15
partner_814,6,6677.7
partner_814,7,9655.78
partner_814,8,9238.04
partner_814,9,4705.34
partner_814,10,5747.72
partner_814,11,5852.44
partner_814,12,4744.88
partner_814,13,4493.83
partner_814,14,3922.41
partner_814,15,5207.13
partner_814,16,4667.88
partner_814,17,5959.66
partner_814,18,6423.96
partner_814,19,7224.72
partner_814,20,7374.01
partner_814,21,4258.36
partner_814,22,4605.94
partner_814,23,4507.43
partner_814,24,4844.71
partner_814,25,4888.01
partner_814,26,4309.72
partner_815,0,14292.54
partner_815,1,13044.88
partner_815,2,13148.01
partner_815,3,12728.58
partner_815,4,14565.73
partner_815,5,14113.97
partner_815,6,15658.03
partner_815,7,17154.42
partner_815,8,14052.24
partner_815,9,16487.33
partner_815,10,16856.36
partner_815,11,17072.47
partner_815,12,16009.75
partner_815,13,16446.64
partner_815,14,16559.21
partner_815,15,16939.42
partner_815,16,16928.05
partner_815,17,18746.93
partner_815,18,17949.06
partner_815,19,20775.97
partner_815,20,20525.01
partner_815,21,21275.28
partner_815,22,20860.45
partner_815,23,22137.24
partner_815,24,21980.64
partner_815,25,24905.29
partner_815,26,22636.83
partner_816,0,25256.69
partner_816,1,31120.67
partner_816,2,27427.19
partner_816,3,26401.62
partner_816,4,25743.52
partner_816,5,25513.65
partner_816,6,27653.18
partner_816,7,33405.76
partner_816,8,27182.97
partner_816,9,22633.88
partner_816,10,30113.7
partner_816,11,25814.82
partner_816,12,31419.13
partner_816,13,27828.64
partner_816,14,28255.9
partner_816,15,32530.37
partner_816,16,30846.57
partner_816,17,25430.98
partner_816,18,25858.39
partner_816,19,23870.45
partner_816,20,36614.81
partner_816,21,26545.62
partner_816,22,32450.49
partner_816,23,27505.59
partner_816,24,25914.76
partner_816,25,29114.59
partner_816,26,28102.93
partner_817,0,10053.82
partner_817,1,9635.73
partner_817,2,14180.79
partner_817,3,16537.08
partner_817,4,14615.96
partner_817,5,9473.75
partner_817,6,10790.79
partner_817,7,10091.64
partner_817,8,10508.17
partner_817,9,10308.73
partner_817,10,10938.3
partner_817,11,10090.46
partner_817,12,10439.31
partner_817,13,9740.71
partner_817,14,13941.85
partner_817,15,16052.09
partner_817,16,15576.52
partner_817,17,12413.54
partner_817,18,10555.77
partner_817,19,10190.34
partner_817,20,10833.11
partner_817,21,12457.35
partner_817,22,10515.84
partner_817,23,7992.67
partner_817,24,11003.45
partner_817,25,10516.89
partner_817,26,10877.15
partner_818,0,56602.19
partner_818,1,44836.41
partner_818,2,44868.68
partner_818,3,50088.43
partner_818,4,44935.0
partner_818,5,48632.93
partner_818,6,45782.92
partner_818,7,47324.89
partner_818,8,42375.52
partner_818,9,53375.34
partner_818,10,55233.37
partner_818,11,48804.83
partner_818,12,49120.16
partner_818,13,52400.5
partner_818,14,49308.2
partner_818,15,57825.38
partner_818,16,42809.31
partner_818,17,53543.17
partner_818,18,48735.82
partner_818,19,43771.38
partner_818,20,60376.71
partner_818,21,61057.59
partner_818,22,48274.05
partner_818,23,51491.27
partner_818,24,46975.94
partner_818,25,47769.11
partner_818,26,43715.74
partner_819,0,5620.78
partner_819,1,6194.72
partner_819,2,7983.18
partner_819,3,6660.81
partner_819,4,4435.13
partner_819,5,4233.24
partner_819,6,5436.04
partner_819,7,4021.29
partner_819,8,4252.13
partner_819,9,3839.03
partner_819,10,4429.98
partner_819,11,4810.67
partner_819,12,6190.19
partner_819,13,6646.07
partner_819,14,7574.94
partner_819,15,8141.78
partner_819,16,4632.23
partner_819,17,6019.1
partner_819,18,4566.73
partner_819,19,5057.86
partner_819,20,5262.23
partner_819,21,4565.86
partner_819,22,4984.15
partner_819,23,4829.53
partner_819,24,5841.36
partner_819,25,6922.45
partner_819,26,7853.0
partner_82,0,10195.31
partner_82,1,9566.84
partner_82,2,10521.77
partner_82,3,9854.44
partner_82,4,9505.31
partner_82,5,10556.65
partner_82,6,9727.61
partner_82,7,9081.78
partner_82,8,10461.72
partner_82,9,9806.56
partner_82,10,10352.25
partner_82,11,9421.76
partner_82,12,8676.34
partner_82,13,11582.18
partner_82,14,11396.17
partner_82,15,10741.98
partner_82,16,9486.95
partner_82,17,9573.3
partner_82,18,11234.03
partner_82,19,9520.49
partner_82,20,9245.39
partner_82,21,11717.55
partner_82,22,9822.65
partner_82,23,11615.09
partner_82,24,8489.54
partner_82,25,10381.14
partner_82,26,11913.81
partner_820,0,46677.15
partner_820,1,36282.81
partner_820,2,40426.1
partner_820,3,34805.69
partner_820,4,43467.67
partner_820,5,39427.71
partner_820,6,38672.67
partner_820,7,34632.9
partner_820,8,35830.96
partner_820,9,39045.47
partner_820,10,39150.07
partner_820,11,37575.61
partner_820,12,28631.45
partner_820,13,32540.0
partner_820,14,33259.78
partner_820,15,29402.86
partner_820,16,25895.8
partner_820,17,26465.29
partner_820,18,34171.06
partner_820,19,25606.57
partner_820,20,28575.03
partner_820,21,27388.07
partner_820,22,26801.1
partner_820,23,25777.64
partner_820,24,28107.8
partner_820,25,25577.76
partner_820,26,23374.27
partner_821,0,7122.76
partner_821,1,8554.66
partner_821,2,7609.92
partner_821,3,7656.95
partner_821,4,8584.95
partner_821,5,7833.38
partner_821,6,7879.36
partner_821,7,9119.49
partner_821,8,7371.29
partner_821,9,8572.98
partner_821,10,8941.38
partner_821,11,9118.89
partner_821,12,9943.35
partner_821,13,7641.63
partner_821,14,7457.24
partner_821,15,8833.34
partner_821,16,8933.8
partner_821,17,7520.29
partner_821,18,8561.89
partner_821,19,10390.59
partner_821,20,8251.47
partner_821,21,8920.13
partner_821,22,9453.56
partner_821,23,10210.56
partner_821,24,8366.64
partner_821,25,9189.23
partner_821,26,7522.11
partner_822,0,24122.76
partner_822,1,20489.56
partner_822,2,21202.38
partner_822,3,26335.89
partner_822,4,26385.52
partner_822,5,22619.93
partner_822,6,29182.46
partner_822,7,22447.34
partner_822,8,25899.66
partner_822,9,24201.57
partner_822,10,25520.1
partner_822,11,27518.85
partner_822,12,27162.34
partner_822,13,27037.36
partner_822,14,26714.95
partner_822,15,22036.37
partner_822,16,28114.74
partner_822,17,22572.82
partner_822,18,24982.32
partner_822,19,24362.95
partner_822,20,26134.11
partner_822,21,24026.14
partner_822,22,24849.81
partner_822,23,29337.7
partner_822,24,21979.53
partner_822,25,25243.82
partner_822,26,22436.87
partner_823,0,9715.6
partner_823,1,10517.36
partner_823,2,9089.14
partner_823,3,11830.13
partner_823,4,10553.25
partner_823,5,10621.33
partner_823,6,11345.6
partner_823,7,9165.89
partner_823,8,9832.63
partner_823,9,10655.16
partner_823,10,8630.96
partner_823,11,8743.44
partner_823,12,9616.55
partner_823,13,9281.57
partner_823,14,10116.72
partner_823,15,11024.34
partner_823,16,11262.64
partner_823,17,12372.71
partner_823,18,10453.29
partner_823,19,10638.71
partner_823,20,10450.92
partner_823,21,10812.53
partner_823,22,10894.36
partner_823,23,11443.09
partner_823,24,11439.0
partner_823,25,11021.13
partner_823,26,12059.2
partner_824,0,67583.16
partner_824,1,71796.37
partner_824,2,66357.24
partner_824,3,71645.26
partner_824,4,69357.98
partner_824,5,83046.01
partner_824,6,85253.01
partner_824,7,69509.36
partner_824,8,80944.12
partner_824,9,105038.51
partner_824,10,96837.12
partner_824,11,97676.75
partner_824,12,89458.36
partner_824,13,101099.66
partner_824,14,100645.77
partner_824,15,95135.96
partner_824,16,100783.13
partner_824,17,103608.01
partner_824,18,94914.37
partner_824,19,99232.3
partner_824,20,114957.84
partner_824,21,110098.71
partner_824,22,119666.86
partner_824,23,106220.25
partner_824,24,140176.31
partner_824,25,160789.93
partner_824,26,150530.59
partner_825,0,112947.28
partner_825,1,112929.04
partner_825,2,103510.37
partner_825,3,123933.42
partner_825,4,125413.07
partner_825,5,114489.09
partner_825,6,128584.44
partner_825,7,115681.16
partner_825,8,118521.45
partner_825,9,138695.65
partner_825,10,136621.72
partner_825,11,130194.83
partner_825,12,130915.21
partner_825,13,140428.3
partner_825,14,114666.6
partner_825,15,132084.24
partner_825,16,127029.28
partner_825,17,148160.68
partner_825,18,166981.39
partner_825,19,160548.51
partner_825,20,147956.0
partner_825,21,147462.58
partner_825,22,149292.97
partner_825,23,197159.97
partner_825,24,168333.05
partner_825,25,173534.25
partner_825,26,136578.58
partner_826,0,15519.12
partner_826,1,14811.45
partner_826,2,15795.4
partner_826,3,15774.85
partner_826,4,16523.97
partner_826,5,12674.34
partner_826,6,13865.16
partner_826,7,15432.71
partner_826,8,14578.81
partner_826,9,15104.32
partner_826,10,15757.94
partner_826,11,14426.78
partner_826,12,15887.69
partner_826,13,16435.95
partner_826,14,15689.43
partner_826,15,16711.45
partner_826,16,12200.81
partner_826,17,14674.47
partner_826,18,16978.95
partner_826,19,14240.63
partner_826,20,14029.09
partner_826,21,15391.16
partner_826,22,15560.99
partner_826,23,14754.5
partner_826,24,18461.74
partner_826,25,16034.57
partner_826,26,14180.57
partner_827,0,4081.25
partner_827,1,5552.64
partner_827,2,4839.89
partner_827,3,4978.6
partner_827,4,4908.17
partner_827,5,5410.34
partner_827,6,3757.9
partner_827,7,4415.65
partner_827,8,5626.25
partner_827,9,5956.73
partner_827,10,4611.41
partner_827,11,4372.49
partner_827,12,5519.83
partner_827,13,5782.34
partner_827,14,5684.33
partner_827,15,5656.33
partner_827,16,4709.76
partner_827,17,5651.29
partner_827,18,5829.5
partner_827,19,5726.31
partner_827,20,4973.34
partner_827,21,6616.93
partner_827,22,6899.92
partner_827,23,5937.89
partner_827,24,6430.52
partner_827,25,6325.15
partner_827,26,6431.65
partner_828,0,10248.65
partner_828,1,10791.86
partner_828,2,10771.55
partner_828,3,9577.13
partner_828,4,12514.05
partner_828,5,11254.91
partner_828,6,9103.22
partner_828,7,9867.91
partner_828,8,7809.46
partner_828,9,9771.11
partner_828,10,11375.49
partner_828,11,12454.8
partner_828,12,9626.37
partner_828,13,10070.88
partner_828,14,10334.4
partner_828,15,11673.68
partner_828,16,8786.68
partner_828,17,12332.22
partner_828,18,9435.58
partner_828,19,8604.29
partner_828,20,9437.34
partner_828,21,8955.62
partner_828,22,10153.09
partner_828,23,8134.36
partner_828,24,9882.57
partner_828,25,10391.56
partner_828,26,11189.5
partner_829,0,37487.63
partner_829,1,30834.67
partner_829,2,34116.47
partner_829,3,25505.72
partner_829,4,32448.49
partner_829,5,34092.05
partner_829,6,34389.03
partner_829,7,27656.1
partner_829,8,31542.0
partner_829,9,31999.57
partner_829,10,31414.29
partner_829,11,35202.29
partner_829,12,32110.95
partner_829,13,33148.65
partner_829,14,31215.57
partner_829,15,36317.67
partner_829,16,36561.9
partner_829,17,31810.57
partner_829,18,42179.02
partner_829,19,30306.85
partner_829,20,36128.52
partner_829,21,29701.2
partner_829,22,35359.9
partner_829,23,35103.82
partner_829,24,29501.84
partner_829,25,32393.96
partner_829,26,38953.04
partner_83,0,22344.96
partner_83,1,26966.03
partner_83,2,21600.22
partner_83,3,22294.75
partner_83,4,18975.51
partner_83,5,24062.19
partner_83,6,22337.59
partner_83,7,19198.82
partner_83,8,16385.7
partner_83,9,20552.01
partner_83,10,16507.81
partner_83,11,14658.61
partner_83,12,13057.19
partner_83,13,14259.7
partner_83,14,12529.07
partner_83,15,13223.24
partner_83,16,14572.21
partner_83,17,12554.59
partner_83,18,12992.01
partner_83,19,11193.51
partner_83,20,11680.8
partner_83,21,13305.7
partner_83,22,10360.99
partner_83,23,10721.75
partner_83,24,8375.64
partner_83,25,11002.56
partner_83,26,8747.39
partner_830,0,15001.97
partner_830,1,20265.69
partner_830,2,20405.48
partner_830,3,26140.84
partner_830,4,27206.15
partner_830,5,26930.06
partner_830,6,19442.12
partner_830,7,16999.33
partner_830,8,21938.36
partner_830,9,18383.57
partner_830,10,18524.86
partner_830,11,21853.93
partner_830,12,20047.84
partner_830,13,19703.81
partner_830,14,22887.96
partner_830,15,26975.5
partner_830,16,28333.56
partner_830,17,31514.91
partner_830,18,17644.1
partner_830,19,20872.11
partner_830,20,22105.81
partner_830,21,21877.62
partner_830,22,16082.39
partner_830,23,20604.81
partner_830,24,18535.32
partner_830,25,24559.98
partner_830,26,22774.26
partner_831,0,13298.4
partner_831,1,13054.88
partner_831,2,16970.25
partner_831,3,15147.17
partner_831,4,15349.96
partner_831,5,16931.64
partner_831,6,14754.89
partner_831,7,14478.1
partner_831,8,14586.54
partner_831,9,15689.37
partner_831,10,11194.35
partner_831,11,15784.84
partner_831,12,16449.39
partner_831,13,16138.37
partner_831,14,14151.08
partner_831,15,16775.18
partner_831,16,14695.64
partner_831,17,20829.61
partner_831,18,17567.67
partner_831,19,14587.5
partner_831,20,18344.96
partner_831,21,20801.45
partner_831,22,19801.68
partner_831,23,18020.73
partner_831,24,18843.49
partner_831,25,20012.21
partner_831,26,20076.09
partner_832,0,5541.7
partner_832,1,6306.85
partner_832,2,6237.31
partner_832,3,7526.2
partner_832,4,7763.38
partner_832,5,4815.75
partner_832,6,4954.49
partner_832,7,5053.53
partner_832,8,5041.7
partner_832,9,5579.44
partner_832,10,4861.57
partner_832,11,4232.31
partner_832,12,4241.12
partner_832,13,6619.51
partner_832,14,7276.23
partner_832,15,8263.32
partner_832,16,8458.74
partner_832,17,4901.72
partner_832,18,5032.82
partner_832,19,4643.6
partner_832,20,5331.67
partner_832,21,4569.39
partner_832,22,4389.92
partner_832,23,4037.83
partner_832,24,4927.6
partner_832,25,6401.28
partner_832,26,6597.75
partner_833,0,4308.97
partner_833,1,5569.4
partner_833,2,5588.55
partner_833,3,4609.15
partner_833,4,5428.91
partner_833,5,5344.47
partner_833,6,5347.1
partner_833,7,6294.11
partner_833,8,7164.84
partner_833,9,6873.33
partner_833,10,6876.93
partner_833,11,5913.4
partner_833,12,7410.48
partner_833,13,8765.49
partner_833,14,7525.75
partner_833,15,10261.64
partner_833,16,8961.33
partner_833,17,10150.83
partner_833,18,10003.66
partner_833,19,9620.07
partner_833,20,11910.26
partner_833,21,11222.97
partner_833,22,11449.69
partner_833,23,9963.74
partner_833,24,15456.44
partner_833,25,14317.74
partner_833,26,16629.04
partner_834,0,35583.86
partner_834,1,30231.5
partner_834,2,27641.76
partner_834,3,34482.55
partner_834,4,32456.11
partner_834,5,30544.77
partner_834,6,34418.54
partner_834,7,33026.18
partner_834,8,34086.06
partner_834,9,28763.32
partner_834,10,35171.15
partner_834,11,32024.13
partner_834,12,35514.78
partner_834,13,35141.15
partner_834,14,34237.79
partner_834,15,31682.93
partner_834,16,34312.35
partner_834,17,35597.81
partner_834,18,33982.87
partner_834,19,32688.06
partner_834,20,34319.65
partner_834,21,30354.66
partner_834,22,36889.63
partner_834,23,26650.56
partner_834,24,32149.19
partner_834,25,30738.32
partner_834,26,29985.61
partner_835,0,26496.96
partner_835,1,29032.32
partner_835,2,39149.45
partner_835,3,48634.46
partner_835,4,46830.83
partner_835,5,33656.05
partner_835,6,27114.42
partner_835,7,31746.61
partner_835,8,29100.27
partner_835,9,30930.54
partner_835,10,33870.24
partner_835,11,25663.86
partner_835,12,38454.86
partner_835,13,34993.1
partner_835,14,35286.88
partner_835,15,45007.16
partner_835,16,49223.89
partner_835,17,29902.29
partner_835,18,25743.7
partner_835,19,32935.42
partner_835,20,30495.59
partner_835,21,35275.81
partner_835,22,29824.48
partner_835,23,41483.13
partner_835,24,36926.26
partner_835,25,39654.04
partner_835,26,48912.08
partner_836,0,14215.68
partner_836,1,11872.82
partner_836,2,12391.41
partner_836,3,12086.03
partner_836,4,14776.12
partner_836,5,12782.68
partner_836,6,11653.84
partner_836,7,17035.9
partner_836,8,11875.64
partner_836,9,13861.89
partner_836,10,13033.36
partner_836,11,13453.26
partner_836,12,13150.39
partner_836,13,14146.79
partner_836,14,16699.44
partner_836,15,12516.76
partner_836,16,17695.24
partner_836,17,17714.52
partner_836,18,17068.6
partner_836,19,16720.64
partner_836,20,17251.71
partner_836,21,19496.22
partner_836,22,14322.01
partner_836,23,18923.07
partner_836,24,16595.74
partner_836,25,19738.15
partner_836,26,17398.87
partner_837,0,33094.23
partner_837,1,28690.25
partner_837,2,28862.25
partner_837,3,35155.18
partner_837,4,41614.8
partner_837,5,39241.25
partner_837,6,40133.88
partner_837,7,42366.32
partner_837,8,38340.26
partner_837,9,43356.78
partner_837,10,39394.97
partner_837,11,41455.54
partner_837,12,42971.28
partner_837,13,42384.18
partner_837,14,45577.7
partner_837,15,45761.04
partner_837,16,44656.33
partner_837,17,48492.27
partner_837,18,51118.41
partner_837,19,45850.76
partner_837,20,54925.68
partner_837,21,51296.78
partner_837,22,56320.34
partner_837,23,52760.14
partner_837,24,63922.11
partner_837,25,64861.93
partner_837,26,54231.28
partner_838,0,8933.62
partner_838,1,9214.57
partner_838,2,11076.98
partner_838,3,9171.5
partner_838,4,9949.25
partner_838,5,9911.5
partner_838,6,12122.01
partner_838,7,10734.13
partner_838,8,11456.55
partner_838,9,11155.18
partner_838,10,13744.71
partner_838,11,11522.77
partner_838,12,11075.38
partner_838,13,11272.91
partner_838,14,14411.06
partner_838,15,14834.78
partner_838,16,15848.63
partner_838,17,12589.86
partner_838,18,14390.01
partner_838,19,18718.02
partner_838,20,14935.29
partner_838,21,14860.17
partner_838,22,16067.85
partner_838,23,17336.45
partner_838,24,17698.35
partner_838,25,16155.48
partner_838,26,16570.69
partner_839,0,6228.07
partner_839,1,8188.23
partner_839,2,6492.3
partner_839,3,6373.57
partner_839,4,6240.34
partner_839,5,6240.32
partner_839,6,6406.58
partner_839,7,5713.22
partner_839,8,6514.11
partner_839,9,6048.35
partner_839,10,5463.55
partner_839,11,5073.74
partner_839,12,5880.72
partner_839,13,5093.64
partner_839,14,4425.03
partner_839,15,5434.98
partner_839,16,4463.25
partner_839,17,5104.99
partner_839,18,3431.51
partner_839,19,4308.87
partner_839,20,4872.65
partner_839,21,4263.35
partner_839,22,4407.41
partner_839,23,3692.57
partner_839,24,4098.73
partner_839,25,3867.17
partner_839,26,3864.54
partner_84,0,12028.28
partner_84,1,12923.09
partner_84,2,12995.47
partner_84,3,11627.3
partner_84,4,13508.05
partner_84,5,11253.98
partner_84,6,13125.68
partner_84,7,11703.09
partner_84,8,12603.99
partner_84,9,11615.66
partner_84,10,12239.15
partner_84,11,10869.5
partner_84,12,12479.77
partner_84,13,12232.1
partner_84,14,11520.48
partner_84,15,12111.28
partner_84,16,12341.49
partner_84,17,11427.67
partner_84,18,12021.49
partner_84,19,10953.7
partner_84,20,15034.99
partner_84,21,13468.12
partner_84,22,12510.87
partner_84,23,13605.73
partner_84,24,9767.9
partner_84,25,9063.47
partner_84,26,11692.02
partner_840,0,20445.79
partner_840,1,19518.7
partner_840,2,19541.53
partner_840,3,16441.95
partner_840,4,17234.0
partner_840,5,15314.41
partner_840,6,15790.07
partner_840,7,16482.87
partner_840,8,18033.6
partner_840,9,15870.69
partner_840,10,18015.43
partner_840,11,17807.7
partner_840,12,16034.88
partner_840,13,20845.5
partner_840,14,15690.7
partner_840,15,20107.1
partner_840,16,14009.13
partner_840,17,17829.03
partner_840,18,15920.22
partner_840,19,16902.61
partner_840,20,21360.17
partner_840,21,17458.74
partner_840,22,16088.56
partner_840,23,18968.23
partner_840,24,17442.86
partner_840,25,18358.86
partner_840,26,16432.37
partner_841,0,19098.41
partner_841,1,18060.03
partner_841,2,17283.71
partner_841,3,20499.69
partner_841,4,21245.18
partner_841,5,23285.84
partner_841,6,21901.31
partner_841,7,23855.02
partner_841,8,26178.57
partner_841,9,23596.39
partner_841,10,29852.34
partner_841,11,28698.63
partner_841,12,26640.03
partner_841,13,27811.18
partner_841,14,32355.53
partner_841,15,32266.72
partner_841,16,38368.46
partner_841,17,36206.86
partner_841,18,40127.16
partner_841,19,37239.67
partner_841,20,42419.53
partner_841,21,50267.5
partner_841,22,45727.49
partner_841,23,45814.26
partner_841,24,46293.17
partner_841,25,52842.34
partner_841,26,63110.85
partner_842,0,3842.03
partner_842,1,4610.87
partner_842,2,5117.08
partner_842,3,4353.36
partner_842,4,5123.24
partner_842,5,5721.59
partner_842,6,5841.33
partner_842,7,6181.65
partner_842,8,5595.88
partner_842,9,6616.0
partner_842,10,6267.26
partner_842,11,7407.59
partner_842,12,5512.99
partner_842,13,7219.53
partner_842,14,7786.09
partner_842,15,9073.91
partner_842,16,8362.72
partner_842,17,8759.3
partner_842,18,9250.2
partner_842,19,10403.71
partner_842,20,9221.04
partner_842,21,8546.85
partner_842,22,8665.62
partner_842,23,11400.94
partner_842,24,11333.75
partner_842,25,11201.67
partner_842,26,11222.89
partner_843,0,8780.47
partner_843,1,9012.77
partner_843,2,7646.64
partner_843,3,7082.79
partner_843,4,7814.46
partner_843,5,7438.12
partner_843,6,7393.58
partner_843,7,9950.1
partner_843,8,6650.46
partner_843,9,9004.06
partner_843,10,9380.13
partner_843,11,9449.34
partner_843,12,8838.53
partner_843,13,9735.24
partner_843,14,10133.85
partner_843,15,8340.18
partner_843,16,8984.94
partner_843,17,9697.3
partner_843,18,7858.81
partner_843,19,8389.48
partner_843,20,8061.89
partner_843,21,8996.55
partner_843,22,6967.72
partner_843,23,9835.62
partner_843,24,9059.18
partner_843,25,9107.46
partner_843,26,6567.63
partner_844,0,5183.53
partner_844,1,4465.03
partner_844,2,5638.13
partner_844,3,6022.26
partner_844,4,6071.84
partner_844,5,5805.73
partner_844,6,6710.55
partner_844,7,5728.53
partner_844,8,6639.05
partner_844,9,6526.71
partner_844,10,6496.19
partner_844,11,6475.98
partner_844,12,6645.21
partner_844,13,7058.29
partner_844,14,6982.42
partner_844,15,7892.97
partner_844,16,7115.41
partner_844,17,8892.04
partner_844,18,7402.19
partner_844,19,8773.51
partner_844,20,9005.2
partner_844,21,8537.04
partner_844,22,8651.51
partner_844,23,8137.8
partner_844,24,8509.99
partner_844,25,9376.4
partner_844,26,9337.65
partner_845,0,10704.21
partner_845,1,13742.93
partner_845,2,13774.33
partner_845,3,14875.26
partner_845,4,16650.94
partner_845,5,19471.11
partner_845,6,22622.9
partner_845,7,22266.58
partner_845,8,14357.25
partner_845,9,10933.0
partner_845,10,11984.34
partner_845,11,11820.28
partner_845,12,15321.0
partner_845,13,12598.15
partner_845,14,12956.19
partner_845,15,14354.5
partner_845,16,13988.5
partner_845,17,19831.39
partner_845,18,17400.02
partner_845,19,19599.67
partner_845,20,14400.08
partner_845,21,12425.05
partner_845,22,16105.7
partner_845,23,14388.04
partner_845,24,16019.68
partner_845,25,14986.8
partner_845,26,14608.65
partner_846,0,18171.21
partner_846,1,16244.29
partner_846,2,17547.42
partner_846,3,17928.11
partner_846,4,19461.36
partner_846,5,20483.48
partner_846,6,19667.49
partner_846,7,20723.17
partner_846,8,22055.42
partner_846,9,24182.98
partner_846,10,17109.74
partner_846,11,21090.6
partner_846,12,21288.88
partner_846,13,20418.71
partner_846,14,21091.97
partner_846,15,17604.14
partner_846,16,16290.3
partner_846,17,17918.94
partner_846,18,17536.23
partner_846,19,23085.98
partner_846,20,28308.28
partner_846,21,30558.61
partner_846,22,20299.18
partner_846,23,18797.21
partner_846,24,21510.49
partner_846,25,19141.33
partner_846,26,20704.15
partner_847,0,5690.44
partner_847,1,5142.45
partner_847,2,5480.12
partner_847,3,4507.64
partner_847,4,5221.27
partner_847,5,5425.47
partner_847,6,4082.9
partner_847,7,5731.2
partner_847,8,4490.59
partner_847,9,5239.99
partner_847,10,6049.17
partner_847,11,5621.79
partner_847,12,4367.16
partner_847,13,5040.4
partner_847,14,5764.73
partner_847,15,4712.61
partner_847,16,4947.08
partner_847,17,4932.71
partner_847,18,5424.29
partner_847,19,4343.01
partner_847,20,5453.06
partner_847,21,4812.15
partner_847,22,5125.94
partner_847,23,5016.36
partner_847,24,5439.55
partner_847,25,5120.96
partner_847,26,5870.96
partner_848,0,19173.47
partner_848,1,19031.45
partner_848,2,13078.25
partner_848,3,10878.12
partner_848,4,10542.58
partner_848,5,12348.22
partner_848,6,11654.4
partner_848,7,15097.11
partner_848,8,11699.96
partner_848,9,13224.63
partner_848,10,14943.97
partner_848,11,19658.43
partner_848,12,18233.54
partner_848,13,17105.32
partner_848,14,14969.4
partner_848,15,13338.43
partner_848,16,14406.12
partner_848,17,14572.71
partner_848,18,14912.46
partner_848,19,13111.26
partner_848,20,12909.13
partner_848,21,11488.21
partner_848,22,14388.55
partner_848,23,19192.47
partner_848,24,20516.54
partner_848,25,19687.29
partner_848,26,14388.52
partner_849,0,37933.11
partner_849,1,46586.17
partner_849,2,36834.45
partner_849,3,44276.28
partner_849,4,36280.97
partner_849,5,36368.24
partner_849,6,40203.56
partner_849,7,29054.99
partner_849,8,29047.21
partner_849,9,30330.16
partner_849,10,29866.08
partner_849,11,36993.44
partner_849,12,25758.7
partner_849,13,23748.0
partner_849,14,23914.12
partner_849,15,26079.51
partner_849,16,25834.48
partner_849,17,22105.41
partner_849,18,23028.52
partner_849,19,26518.78
partner_849,20,21522.44
partner_849,21,21384.29
partner_849,22,23797.16
partner_849,23,17987.13
partner_849,24,17254.61
partner_849,25,17199.17
partner_849,26,16514.02
partner_85,0,12763.73
partner_85,1,15006.05
partner_85,2,14477.25
partner_85,3,14998.04
partner_85,4,13863.63
partner_85,5,17324.61
partner_85,6,16986.72
partner_85,7,24645.26
partner_85,8,22587.93
partner_85,9,26396.24
partner_85,10,14579.53
partner_85,11,14212.12
partner_85,12,15651.18
partner_85,13,14305.98
partner_85,14,10841.81
partner_85,15,10276.35
partner_85,16,16847.51
partner_85,17,17468.34
partner_85,18,20853.24
partner_85,19,21355.08
partner_85,20,21826.41
partner_85,21,24058.49
partner_85,22,15007.17
partner_85,23,13504.98
partner_85,24,17524.78
partner_85,25,18447.31
partner_85,26,15822.4
partner_850,0,3914.71
partner_850,1,3945.2
partner_850,2,3789.66
partner_850,3,3956.98
partner_850,4,3961.09
partner_850,5,3353.2
partner_850,6,3972.88
partner_850,7,4077.09
partner_850,8,3244.72
partner_850,9,4426.4
partner_850,10,3384.23
partner_850,11,3421.9
partner_850,12,3939.41
partner_850,13,4067.89
partner_850,14,4161.72
partner_850,15,4078.05
partner_850,16,3660.75
partner_850,17,3903.35
partner_850,18,3739.15
partner_850,19,3928.71
partner_850,20,3887.86
partner_850,21,3666.46
partner_850,22,3727.35
partner_850,23,3146.21
partner_850,24,4181.97
partner_850,25,3976.32
partner_850,26,2970.72
partner_851,0,9957.64
partner_851,1,10184.08
partner_851,2,10913.71
partner_851,3,10977.57
partner_851,4,11506.0
partner_851,5,15109.32
partner_851,6,13832.27
partner_851,7,16579.91
partner_851,8,14548.76
partner_851,9,15546.01
partner_851,10,13840.65
partner_851,11,15412.31
partner_851,12,16058.21
partner_851,13,17759.03
partner_851,14,17185.75
partner_851,15,18465.07
partner_851,16,19005.45
partner_851,17,18452.81
partner_851,18,18856.64
partner_851,19,18941.36
partner_851,20,23235.1
partner_851,21,20999.51
partner_851,22,23101.08
partner_851,23,22738.27
partner_851,24,26393.69
partner_851,25,19742.87
partner_851,26,26222.16
partner_852,0,4771.76
partner_852,1,4282.64
partner_852,2,5391.5
partner_852,3,5533.7
partner_852,4,5486.9
partner_852,5,5767.94
partner_852,6,6146.72
partner_852,7,7017.09
partner_852,8,6309.77
partner_852,9,7445.43
partner_852,10,6989.6
partner_852,11,8224.24
partner_852,12,7378.13
partner_852,13,7318.67
partner_852,14,7244.06
partner_852,15,8416.02
partner_852,16,8068.4
partner_852,17,10371.75
partner_852,18,8615.66
partner_852,19,9118.5
partner_852,20,10754.85
partner_852,21,11798.86
partner_852,22,11746.66
partner_852,23,12562.47
partner_852,24,11694.27
partner_852,25,12153.15
partner_852,26,15250.21
partner_853,0,52665.91
partner_853,1,54594.78
partner_853,2,53375.37
partner_853,3,43227.24
partner_853,4,48960.32
partner_853,5,56512.66
partner_853,6,52696.08
partner_853,7,48842.66
partner_853,8,56571.57
partner_853,9,50970.55
partner_853,10,52869.3
partner_853,11,50996.25
partner_853,12,51815.33
partner_853,13,52166.82
partner_853,14,55543.81
partner_853,15,56184.22
partner_853,16,46937.88
partner_853,17,50902.76
partner_853,18,55402.91
partner_853,19,48508.55
partner_853,20,42721.32
partner_853,21,44688.75
partner_853,22,45028.26
partner_853,23,46903.04
partner_853,24,45487.13
partner_853,25,54213.83
partner_853,26,47794.5
partner_854,0,12780.37
partner_854,1,13698.83
partner_854,2,14998.34
partner_854,3,15820.86
partner_854,4,13746.26
partner_854,5,16344.12
partner_854,6,12655.11
partner_854,7,16925.31
partner_854,8,13795.29
partner_854,9,17031.61
partner_854,10,18567.57
partner_854,11,18587.52
partner_854,12,14607.16
partner_854,13,17078.85
partner_854,14,19607.06
partner_854,15,20010.73
partner_854,16,19687.39
partner_854,17,15289.2
partner_854,18,22466.45
partner_854,19,23356.31
partner_854,20,21353.59
partner_854,21,21991.01
partner_854,22,23107.79
partner_854,23,25802.18
partner_854,24,23616.47
partner_854,25,23125.82
partner_854,26,25046.89
partner_855,0,36574.98
partner_855,1,41215.09
partner_855,2,41248.99
partner_855,3,25293.07
partner_855,4,25983.06
partner_855,5,28866.47
partner_855,6,28231.48
partner_855,7,30054.53
partner_855,8,24594.36
partner_855,9,24881.4
partner_855,10,26724.9
partner_855,11,27545.05
partner_855,12,30954.17
partner_855,13,42652.85
partner_855,14,42678.98
partner_855,15,28383.85
partner_855,16,28887.15
partner_855,17,23987.01
partner_855,18,26942.77
partner_855,19,27668.76
partner_855,20,28865.55
partner_855,21,24835.79
partner_855,22,27322.22
partner_855,23,31686.67
partner_855,24,42969.27
partner_855,25,45549.36
partner_855,26,49271.86
partner_856,0,66661.11
partner_856,1,69981.08
partner_856,2,65473.32
partner_856,3,62490.44
partner_856,4,56724.42
partner_856,5,62669.13
partner_856,6,72228.08
partner_856,7,75057.48
partner_856,8,61501.08
partner_856,9,55098.37
partner_856,10,72830.79
partner_856,11,67116.42
partner_856,12,57675.84
partner_856,13,45919.7
partner_856,14,60232.95
partner_856,15,63568.77
partner_856,16,58978.24
partner_856,17,71266.38
partner_856,18,61238.38
partner_856,19,66737.18
partner_856,20,82474.89
partner_856,21,67437.45
partner_856,22,65884.53
partner_856,23,66035.11
partner_856,24,71113.8
partner_856,25,70287.75
partner_856,26,59965.37
partner_857,0,25265.21
partner_857,1,23550.1
partner_857,2,24605.2
partner_857,3,33585.61
partner_857,4,35365.83
partner_857,5,29103.41
partner_857,6,25137.98
partner_857,7,21271.57
partner_857,8,16779.19
partner_857,9,18250.22
partner_857,10,24241.45
partner_857,11,18397.98
partner_857,12,25036.06
partner_857,13,23089.57
partner_857,14,27440.34
partner_857,15,30050.42
partner_857,16,37719.59
partner_857,17,37077.37
partner_857,18,22168.94
partner_857,19,19936.84
partner_857,20,23176.22
partner_857,21,18357.7
partner_857,22,24590.7
partner_857,23,23016.71
partner_857,24,23836.53
partner_857,25,17461.67
partner_857,26,23469.95
partner_858,0,5918.65
partner_858,1,8029.16
partner_858,2,6100.6
partner_858,3,5511.85
partner_858,4,5895.25
partner_858,5,5323.07
partner_858,6,5077.85
partner_858,7,6210.37
partner_858,8,5806.23
partner_858,9,5686.96
partner_858,10,5971.36
partner_858,11,5437.42
partner_858,12,4535.23
partner_858,13,5323.8
partner_858,14,4319.59
partner_858,15,4538.85
partner_858,16,4646.17
partner_858,17,4503.1
partner_858,18,3673.65
partner_858,19,3958.1
partner_858,20,4281.25
partner_858,21,3945.02
partner_858,22,4577.52
partner_858,23,4551.24
partner_858,24,3502.74
partner_858,25,3885.68
partner_858,26,4380.83
partner_859,0,22728.95
partner_859,1,25731.35
partner_859,2,23043.54
partner_859,3,26704.31
partner_859,4,22284.07
partner_859,5,22568.76
partner_859,6,25565.35
partner_859,7,23931.43
partner_859,8,23950.06
partner_859,9,19169.39
partner_859,10,22855.86
partner_859,11,25740.4
partner_859,12,21836.35
partner_859,13,25353.32
partner_859,14,24328.17
partner_859,15,23220.02
partner_859,16,26910.17
partner_859,17,22888.01
partner_859,18,23053.15
partner_859,19,23192.96
partner_859,20,23884.0
partner_859,21,25510.38
partner_859,22,20204.26
partner_859,23,25749.89
partner_859,24,23854.56
partner_859,25,25005.9
partner_859,26,29360.28
partner_86,0,6933.83
partner_86,1,9197.09
partner_86,2,8026.09
partner_86,3,7734.98
partner_86,4,8348.58
partner_86,5,7498.77
partner_86,6,8082.3
partner_86,7,6816.34
partner_86,8,8831.21
partner_86,9,7882.14
partner_86,10,8888.33
partner_86,11,7805.1
partner_86,12,7856.82
partner_86,13,6999.66
partner_86,14,8570.48
partner_86,15,7267.68
partner_86,16,7577.86
partner_86,17,7966.15
partner_86,18,8061.87
partner_86,19,6606.35
partner_86,20,7781.47
partner_86,21,8598.74
partner_86,22,7663.95
partner_86,23,7786.31
partner_86,24,8094.67
partner_86,25,7864.98
partner_86,26,7144.47
partner_860,0,8093.85
partner_860,1,8321.73
partner_860,2,9249.47
partner_860,3,8564.35
partner_860,4,5690.97
partner_860,5,6335.91
partner_860,6,6552.07
partner_860,7,8020.75
partner_860,8,5538.34
partner_860,9,6913.99
partner_860,10,6256.38
partner_860,11,7129.43
partner_860,12,7272.37
partner_860,13,10036.15
partner_860,14,11503.44
partner_860,15,10340.82
partner_860,16,7797.82
partner_860,17,7355.44
partner_860,18,7809.51
partner_860,19,6844.43
partner_860,20,7549.72
partner_860,21,6385.82
partner_860,22,6369.01
partner_860,23,8783.24
partner_860,24,7095.83
partner_860,25,8993.85
partner_860,26,8737.91
partner_861,0,5321.29
partner_861,1,6165.22
partner_861,2,6621.67
partner_861,3,5928.78
partner_861,4,6372.28
partner_861,5,8047.57
partner_861,6,8919.43
partner_861,7,9001.27
partner_861,8,7010.8
partner_861,9,9855.2
partner_861,10,10956.69
partner_861,11,8055.34
partner_861,12,11282.54
partner_861,13,10924.5
partner_861,14,10845.56
partner_861,15,11891.92
partner_861,16,12896.4
partner_861,17,14460.07
partner_861,18,15105.19
partner_861,19,12122.73
partner_861,20,14008.02
partner_861,21,15867.76
partner_861,22,19092.18
partner_861,23,12591.89
partner_861,24,17060.88
partner_861,25,16155.99
partner_861,26,17272.37
partner_862,0,28429.27
partner_862,1,35863.21
partner_862,2,43099.06
partner_862,3,28830.72
partner_862,4,36420.94
partner_862,5,39305.58
partner_862,6,33224.68
partner_862,7,39136.83
partner_862,8,30114.74
partner_862,9,36264.39
partner_862,10,34900.98
partner_862,11,30494.72
partner_862,12,25592.79
partner_862,13,26583.36
partner_862,14,22225.3
partner_862,15,30222.32
partner_862,16,29362.45
partner_862,17,27765.12
partner_862,18,26737.19
partner_862,19,30211.33
partner_862,20,26917.42
partner_862,21,24261.23
partner_862,22,25612.23
partner_862,23,29881.51
partner_862,24,25889.52
partner_862,25,23016.72
partner_862,26,23430.75
partner_863,0,9223.66
partner_863,1,9138.48
partner_863,2,9618.23
partner_863,3,11091.88
partner_863,4,10390.77
partner_863,5,9234.79
partner_863,6,10465.92
partner_863,7,9637.39
partner_863,8,9960.94
partner_863,9,9873.35
partner_863,10,7597.14
partner_863,11,6694.72
partner_863,12,9847.35
partner_863,13,8807.9
partner_863,14,8050.66
partner_863,15,8837.61
partner_863,16,10519.48
partner_863,17,9973.69
partner_863,18,10372.27
partner_863,19,10065.42
partner_863,20,8744.38
partner_863,21,10376.88
partner_863,22,10193.15
partner_863,23,9516.01
partner_863,24,9685.79
partner_863,25,10392.21
partner_863,26,8907.48
partner_864,0,14254.45
partner_864,1,10728.05
partner_864,2,11719.92
partner_864,3,11419.78
partner_864,4,12737.42
partner_864,5,14196.05
partner_864,6,12729.71
partner_864,7,22497.77
partner_864,8,18246.62
partner_864,9,20183.44
partner_864,10,11984.55
partner_864,11,11999.08
partner_864,12,10963.19
partner_864,13,13136.7
partner_864,14,10822.7
partner_864,15,9716.71
partner_864,16,10515.58
partner_864,17,13995.11
partner_864,18,15298.35
partner_864,19,13017.33
partner_864,20,20354.28
partner_864,21,15045.02
partner_864,22,11508.99
partner_864,23,10114.96
partner_864,24,12490.11
partner_864,25,12066.9
partner_864,26,12514.2
partner_865,0,6972.87
partner_865,1,6043.09
partner_865,2,6376.33
partner_865,3,7783.19
partner_865,4,7369.97
partner_865,5,7183.06
partner_865,6,8006.11
partner_865,7,6184.63
partner_865,8,7620.83
partner_865,9,6270.64
partner_865,10,8159.49
partner_865,11,7495.95
partner_865,12,7794.54
partner_865,13,6610.09
partner_865,14,8660.12
partner_865,15,8529.64
partner_865,16,7414.84
partner_865,17,7944.37
partner_865,18,6894.28
partner_865,19,6207.14
partner_865,20,7674.6
partner_865,21,6455.36
partner_865,22,8040.31
partner_865,23,7853.8
partner_865,24,7276.1
partner_865,25,7236.35
partner_865,26,7812.16
partner_866,0,7576.41
partner_866,1,10120.53
partner_866,2,9901.84
partner_866,3,12601.99
partner_866,4,10120.47
partner_866,5,10888.27
partner_866,6,11287.48
partner_866,7,12042.48
partner_866,8,10563.88
partner_866,9,12002.42
partner_866,10,13546.27
partner_866,11,12509.43
partner_866,12,14441.55
partner_866,13,13977.03
partner_866,14,14893.48
partner_866,15,16514.05
partner_866,16,14969.12
partner_866,17,13542.73
partner_866,18,15949.98
partner_866,19,15549.4
partner_866,20,13803.64
partner_866,21,17938.06
partner_866,22,19126.8
partner_866,23,21376.91
partner_866,24,17776.68
partner_866,25,20934.41
partner_866,26,23883.81
partner_867,0,7372.86
partner_867,1,5033.03
partner_867,2,6181.41
partner_867,3,6535.1
partner_867,4,5495.93
partner_867,5,6309.82
partner_867,6,5733.15
partner_867,7,6173.2
partner_867,8,5400.27
partner_867,9,5884.51
partner_867,10,4975.16
partner_867,11,4056.6
partner_867,12,4283.55
partner_867,13,4901.16
partner_867,14,4759.85
partner_867,15,4079.62
partner_867,16,4835.41
partner_867,17,3844.26
partner_867,18,4056.47
partner_867,19,3936.12
partner_867,20,3181.79
partner_867,21,3531.19
partner_867,22,4300.8
partner_867,23,3068.07
partner_867,24,3493.77
partner_867,25,2829.81
partner_867,26,2822.14
partner_868,0,15535.06
partner_868,1,12961.58
partner_868,2,15998.54
partner_868,3,13444.43
partner_868,4,14380.59
partner_868,5,14782.96
partner_868,6,11903.07
partner_868,7,14488.0
partner_868,8,14695.66
partner_868,9,15817.54
partner_868,10,12836.46
partner_868,11,13038.77
partner_868,12,15135.33
partner_868,13,16204.28
partner_868,14,13357.56
partner_868,15,12445.0
partner_868,16,13749.13
partner_868,17,12760.04
partner_868,18,14763.65
partner_868,19,12665.61
partner_868,20,15580.26
partner_868,21,14500.74
partner_868,22,15624.55
partner_868,23,10758.03
partner_868,24,11702.48
partner_868,25,16034.29
partner_868,26,13177.21
partner_869,0,39880.51
partner_869,1,38908.04
partner_869,2,42016.15
partner_869,3,42106.84
partner_869,4,42534.58
partner_869,5,47672.89
partner_869,6,42590.92
partner_869,7,43115.34
partner_869,8,47496.4
partner_869,9,47106.54
partner_869,10,41230.59
partner_869,11,45592.24
partner_869,12,48767.68
partner_869,13,44651.55
partner_869,14,45564.32
partner_869,15,42094.06
partner_869,16,35334.34
partner_869,17,48520.38
partner_869,18,51828.7
partner_869,19,46268.6
partner_869,20,60024.56
partner_869,21,47956.38
partner_869,22,59344.99
partner_869,23,57526.27
partner_869,24,68259.93
partner_869,25,59989.96
partner_869,26,49430.52
partner_87,0,7055.73
partner_87,1,7290.97
partner_87,2,6271.49
partner_87,3,7648.97
partner_87,4,6654.05
partner_87,5,5903.54
partner_87,6,6255.68
partner_87,7,5238.12
partner_87,8,5129.54
partner_87,9,4693.44
partner_87,10,4716.65
partner_87,11,5760.86
partner_87,12,4515.74
partner_87,13,4899.71
partner_87,14,4121.32
partner_87,15,4648.83
partner_87,16,3724.92
partner_87,17,4003.32
partner_87,18,3851.18
partner_87,19,4537.07
partner_87,20,3758.6
partner_87,21,3195.33
partner_87,22,3486.75
partner_87,23,3805.25
partner_87,24,2520.92
partner_87,25,2649.58
partner_87,26,2713.77
partner_870,0,10035.41
partner_870,1,12543.62
partner_870,2,12377.25
partner_870,3,10782.11
partner_870,4,8069.9
partner_870,5,9989.15
partner_870,6,9372.21
partner_870,7,11089.86
partner_870,8,9215.21
partner_870,9,8616.85
partner_870,10,8178.05
partner_870,11,8671.33
partner_870,12,8163.78
partner_870,13,7226.96
partner_870,14,7785.31
partner_870,15,6923.43
partner_870,16,5250.17
partner_870,17,7308.63
partner_870,18,7002.01
partner_870,19,6529.36
partner_870,20,5914.15
partner_870,21,5938.41
partner_870,22,6255.68
partner_870,23,5235.96
partner_870,24,5867.07
partner_870,25,4452.17
partner_870,26,5133.07
partner_871,0,22937.79
partner_871,1,24217.01
partner_871,2,23656.68
partner_871,3,27053.35
partner_871,4,30682.72
partner_871,5,25600.59
partner_871,6,31119.24
partner_871,7,36043.97
partner_871,8,35073.18
partner_871,9,37247.89
partner_871,10,32759.44
partner_871,11,39833.08
partner_871,12,42095.55
partner_871,13,43072.9
partner_871,14,46381.1
partner_871,15,46184.86
partner_871,16,47451.16
partner_871,17,46474.92
partner_871,18,59383.29
partner_871,19,49525.35
partner_871,20,59820.49
partner_871,21,72575.98
partner_871,22,71151.83
partner_871,23,70269.18
partner_871,24,71496.18
partner_871,25,71840.04
partner_871,26,69073.24
partner_872,0,7509.29
partner_872,1,8030.91
partner_872,2,8601.52
partner_872,3,7770.66
partner_872,4,8287.96
partner_872,5,6784.68
partner_872,6,10571.83
partner_872,7,8516.06
partner_872,8,9745.7
partner_872,9,9032.5
partner_872,10,9280.14
partner_872,11,9758.37
partner_872,12,9012.48
partner_872,13,7972.59
partner_872,14,12185.58
partner_872,15,11859.58
partner_872,16,10521.51
partner_872,17,12467.79
partner_872,18,13297.77
partner_872,19,11776.13
partner_872,20,13568.18
partner_872,21,14772.53
partner_872,22,11834.53
partner_872,23,14995.55
partner_872,24,15196.27
partner_872,25,17940.16
partner_872,26,16418.56
partner_873,0,8160.93
partner_873,1,6443.87
partner_873,2,6961.47
partner_873,3,6318.44
partner_873,4,7059.96
partner_873,5,6980.07
partner_873,6,6158.54
partner_873,7,5828.46
partner_873,8,5722.66
partner_873,9,4869.54
partner_873,10,5852.07
partner_873,11,5748.66
partner_873,12,5155.13
partner_873,13,4511.34
partner_873,14,5550.5
partner_873,15,5530.96
partner_873,16,5476.77
partner_873,17,4672.7
partner_873,18,5307.18
partner_873,19,4934.74
partner_873,20,5373.09
partner_873,21,4393.35
partner_873,22,5342.55
partner_873,23,5428.32
partner_873,24,4696.0
partner_873,25,4753.65
partner_873,26,4850.0
partner_874,0,5405.49
partner_874,1,6685.99
partner_874,2,5126.16
partner_874,3,7097.25
partner_874,4,6264.02
partner_874,5,6667.05
partner_874,6,7860.57
partner_874,7,8822.64
partner_874,8,8011.85
partner_874,9,8988.77
partner_874,10,7656.45
partner_874,11,8364.42
partner_874,12,7999.44
partner_874,13,9189.28
partner_874,14,10721.49
partner_874,15,10854.2
partner_874,16,13054.99
partner_874,17,14055.54
partner_874,18,12045.54
partner_874,19,11921.51
partner_874,20,14951.03
partner_874,21,15805.62
partner_874,22,15345.03
partner_874,23,16478.95
partner_874,24,17007.58
partner_874,25,15216.49
partner_874,26,15531.02
partner_875,0,7681.27
partner_875,1,8055.85
partner_875,2,7735.9
partner_875,3,6503.61
partner_875,4,6183.06
partner_875,5,8416.82
partner_875,6,7319.22
partner_875,7,7656.8
partner_875,8,7401.38
partner_875,9,7123.04
partner_875,10,7102.03
partner_875,11,8638.19
partner_875,12,7651.3
partner_875,13,8336.34
partner_875,14,8441.63
partner_875,15,8086.91
partner_875,16,8467.46
partner_875,17,7849.98
partner_875,18,8907.82
partner_875,19,8484.22
partner_875,20,8588.49
partner_875,21,7103.08
partner_875,22,8045.11
partner_875,23,6400.33
partner_875,24,8936.99
partner_875,25,7350.15
partner_875,26,7458.81
partner_876,0,4505.53
partner_876,1,5699.99
partner_876,2,5452.04
partner_876,3,4959.25
partner_876,4,4537.4
partner_876,5,4375.01
partner_876,6,5298.4
partner_876,7,5330.06
partner_876,8,6626.11
partner_876,9,6571.1
partner_876,10,6955.58
partner_876,11,6544.63
partner_876,12,7644.34
partner_876,13,6727.54
partner_876,14,8093.58
partner_876,15,9209.45
partner_876,16,8531.59
partner_876,17,9630.59
partner_876,18,7704.55
partner_876,19,7943.03
partner_876,20,10754.59
partner_876,21,11979.99
partner_876,22,11024.09
partner_876,23,14283.08
partner_876,24,10479.03
partner_876,25,11886.09
partner_876,26,13466.88
partner_877,0,9761.83
partner_877,1,9312.75
partner_877,2,10194.21
partner_877,3,9907.78
partner_877,4,11003.65
partner_877,5,13089.72
partner_877,6,14122.03
partner_877,7,13972.71
partner_877,8,9163.86
partner_877,9,9708.3
partner_877,10,7870.4
partner_877,11,10602.35
partner_877,12,9710.46
partner_877,13,8670.73
partner_877,14,11348.77
partner_877,15,10148.62
partner_877,16,9728.96
partner_877,17,15513.95
partner_877,18,17576.95
partner_877,19,14080.07
partner_877,20,9417.37
partner_877,21,9291.11
partner_877,22,7900.97
partner_877,23,10063.06
partner_877,24,10576.25
partner_877,25,10405.26
partner_877,26,9861.59
partner_878,0,13782.06
partner_878,1,10948.34
partner_878,2,11272.75
partner_878,3,11574.07
partner_878,4,11684.16
partner_878,5,12466.17
partner_878,6,12632.81
partner_878,7,13327.5
partner_878,8,12289.77
partner_878,9,13845.24
partner_878,10,12344.3
partner_878,11,15128.45
partner_878,12,15373.65
partner_878,13,14581.86
partner_878,14,13879.54
partner_878,15,15571.87
partner_878,16,14000.7
partner_878,17,15685.62
partner_878,18,15661.93
partner_878,19,20434.99
partner_878,20,14441.25
partner_878,21,12280.26
partner_878,22,15952.07
partner_878,23,14360.8
partner_878,24,16354.36
partner_878,25,15614.31
partner_878,26,16603.34
partner_879,0,23270.73
partner_879,1,23699.52
partner_879,2,25765.67
partner_879,3,15779.72
partner_879,4,18843.86
partner_879,5,16997.9
partner_879,6,14949.99
partner_879,7,17198.87
partner_879,8,16229.6
partner_879,9,15913.58
partner_879,10,16800.09
partner_879,11,19374.17
partner_879,12,16331.3
partner_879,13,22458.4
partner_879,14,24835.11
partner_879,15,16443.0
partner_879,16,14220.85
partner_879,17,12217.13
partner_879,18,18708.14
partner_879,19,15671.74
partner_879,20,18376.79
partner_879,21,17289.53
partner_879,22,15106.35
partner_879,23,13324.51
partner_879,24,19485.73
partner_879,25,22865.58
partner_879,26,23957.35
partner_88,0,5887.65
partner_88,1,7544.44
partner_88,2,5544.51
partner_88,3,6189.59
partner_88,4,6816.8
partner_88,5,6011.82
partner_88,6,5314.86
partner_88,7,4980.53
partner_88,8,5495.72
partner_88,9,5080.17
partner_88,10,5480.58
partner_88,11,4511.97
partner_88,12,5544.03
partner_88,13,5067.62
partner_88,14,4987.91
partner_88,15,5472.12
partner_88,16,4468.72
partner_88,17,4234.85
partner_88,18,4217.29
partner_88,19,4275.56
partner_88,20,4220.89
partner_88,21,3816.33
partner_88,22,3244.01
partner_88,23,3750.71
partner_88,24,4022.29
partner_88,25,3845.35
partner_88,26,4151.41
partner_880,0,5221.05
partner_880,1,5797.01
partner_880,2,5261.24
partner_880,3,5830.32
partner_880,4,5908.56
partner_880,5,6424.52
partner_880,6,5578.15
partner_880,7,4330.9
partner_880,8,6276.88
partner_880,9,6460.43
partner_880,10,6015.05
partner_880,11,5941.93
partner_880,12,6783.78
partner_880,13,7318.36
partner_880,14,7687.98
partner_880,15,6043.13
partner_880,16,6644.56
partner_880,17,9224.26
partner_880,18,8363.65
partner_880,19,8767.16
partner_880,20,7817.65
partner_880,21,9274.37
partner_880,22,9185.48
partner_880,23,9209.96
partner_880,24,8621.98
partner_880,25,9485.07
partner_880,26,12791.47
partner_881,0,6819.72
partner_881,1,6537.81
partner_881,2,6130.38
partner_881,3,7205.72
partner_881,4,6391.14
partner_881,5,5505.19
partner_881,6,5569.99
partner_881,7,6230.44
partner_881,8,3908.08
partner_881,9,5458.39
partner_881,10,5411.89
partner_881,11,4608.75
partner_881,12,4908.12
partner_881,13,4924.47
partner_881,14,3988.78
partner_881,15,4784.39
partner_881,16,4408.27
partner_881,17,4089.5
partner_881,18,4071.19
partner_881,19,4184.91
partner_881,20,4669.9
partner_881,21,3902.74
partner_881,22,3857.69
partner_881,23,3528.79
partner_881,24,3996.97
partner_881,25,2780.35
partner_881,26,2611.47
partner_882,0,6315.29
partner_882,1,8235.52
partner_882,2,7836.03
partner_882,3,8305.09
partner_882,4,7808.53
partner_882,5,5941.3
partner_882,6,6266.59
partner_882,7,6256.07
partner_882,8,7078.84
partner_882,9,6624.29
partner_882,10,5800.98
partner_882,11,6077.58
partner_882,12,5189.17
partner_882,13,6773.35
partner_882,14,5757.7
partner_882,15,5688.9
partner_882,16,5812.29
partner_882,17,5451.62
partner_882,18,4808.67
partner_882,19,4557.38
partner_882,20,5077.12
partner_882,21,4368.24
partner_882,22,3903.99
partner_882,23,4891.69
partner_882,24,3589.02
partner_882,25,3170.13
partner_882,26,4084.05
partner_883,0,22050.81
partner_883,1,16701.57
partner_883,2,20012.02
partner_883,3,23945.47
partner_883,4,23114.34
partner_883,5,22051.29
partner_883,6,28869.9
partner_883,7,23950.65
partner_883,8,26089.19
partner_883,9,30334.76
partner_883,10,29672.65
partner_883,11,31747.77
partner_883,12,26481.66
partner_883,13,33905.65
partner_883,14,31867.46
partner_883,15,30092.95
partner_883,16,34493.67
partner_883,17,35683.85
partner_883,18,43126.95
partner_883,19,39147.19
partner_883,20,36076.39
partner_883,21,36500.75
partner_883,22,41940.03
partner_883,23,37841.79
partner_883,24,42132.71
partner_883,25,45940.79
partner_883,26,46805.43
partner_884,0,8056.8
partner_884,1,8670.98
partner_884,2,10147.33
partner_884,3,9327.02
partner_884,4,8463.59
partner_884,5,11257.46
partner_884,6,9936.27
partner_884,7,8891.6
partner_884,8,8921.14
partner_884,9,8272.07
partner_884,10,7244.07
partner_884,11,8905.28
partner_884,12,8538.99
partner_884,13,6153.5
partner_884,14,7645.52
partner_884,15,7532.69
partner_884,16,6874.49
partner_884,17,8375.48
partner_884,18,8090.51
partner_884,19,6329.5
partner_884,20,6268.67
partner_884,21,6036.79
partner_884,22,5719.06
partner_884,23,5390.76
partner_884,24,6080.7
partner_884,25,6747.51
partner_884,26,6350.75
partner_885,0,26028.02
partner_885,1,27887.89
partner_885,2,37927.37
partner_885,3,39830.6
partner_885,4,36177.64
partner_885,5,33231.96
partner_885,6,38915.09
partner_885,7,36862.75
partner_885,8,38178.57
partner_885,9,27915.25
partner_885,10,35456.42
partner_885,11,40362.61
partner_885,12,36087.53
partner_885,13,37530.0
partner_885,14,34404.15
partner_885,15,34643.09
partner_885,16,39087.26
partner_885,17,31983.47
partner_885,18,31648.04
partner_885,19,32640.18
partner_885,20,34359.84
partner_885,21,28760.17
partner_885,22,36785.5
partner_885,23,33716.44
partner_885,24,37205.87
partner_885,25,27015.41
partner_885,26,37219.01
partner_886,0,15401.65
partner_886,1,14414.18
partner_886,2,14866.96
partner_886,3,17734.2
partner_886,4,18876.41
partner_886,5,18160.96
partner_886,6,22188.32
partner_886,7,13264.57
partner_886,8,13443.42
partner_886,9,13509.85
partner_886,10,14627.25
partner_886,11,15630.76
partner_886,12,13312.17
partner_886,13,15617.06
partner_886,14,13858.11
partner_886,15,16858.37
partner_886,16,17385.82
partner_886,17,18240.39
partner_886,18,22818.33
partner_886,19,12285.37
partner_886,20,12169.03
partner_886,21,11359.07
partner_886,22,14602.28
partner_886,23,14873.52
partner_886,24,13387.53
partner_886,25,11664.76
partner_886,26,13241.0
partner_887,0,6741.41
partner_887,1,7204.59
partner_887,2,6233.54
partner_887,3,6606.89
partner_887,4,5107.85
partner_887,5,7018.55
partner_887,6,5586.73
partner_887,7,6115.06
partner_887,8,5545.52
partner_887,9,5478.04
partner_887,10,4518.32
partner_887,11,4554.69
partner_887,12,4417.62
partner_887,13,4626.36
partner_887,14,5056.91
partner_887,15,4506.98
partner_887,16,3803.24
partner_887,17,4079.14
partner_887,18,3880.96
partner_887,19,3652.64
partner_887,20,3656.88
partner_887,21,3814.22
partner_887,22,3181.7
partner_887,23,3202.45
partner_887,24,3524.68
partner_887,25,3250.87
partner_887,26,3388.71
partner_888,0,127901.08
partner_888,1,121780.6
partner_888,2,116533.83
partner_888,3,125861.1
partner_888,4,136778.84
partner_888,5,141249.3
partner_888,6,141080.35
partner_888,7,154793.22
partner_888,8,199106.23
partner_888,9,136608.2
partner_888,10,189750.56
partner_888,11,175508.02
partner_888,12,173515.25
partner_888,13,149475.99
partner_888,14,208009.25
partner_888,15,170714.84
partner_888,16,222883.7
partner_888,17,249424.65
partner_888,18,191111.4
partner_888,19,252689.34
partner_888,20,234093.12
partner_888,21,190510.33
partner_888,22,218728.6
partner_888,23,261228.48
partner_888,24,275498.28
partner_888,25,230144.34
partner_888,26,282999.94
partner_889,0,12231.87
partner_889,1,10662.19
partner_889,2,11608.95
partner_889,3,12314.01
partner_889,4,12069.36
partner_889,5,12112.72
partner_889,6,11247.55
partner_889,7,11016.2
partner_889,8,11423.95
partner_889,9,10271.91
partner_889,10,12358.12
partner_889,11,9419.31
partner_889,12,10560.46
partner_889,13,11081.01
partner_889,14,11643.66
partner_889,15,11852.58
partner_889,16,12777.27
partner_889,17,11207.79
partner_889,18,10322.82
partner_889,19,10960.02
partner_889,20,10766.11
partner_889,21,11699.55
partner_889,22,9934.68
partner_889,23,10926.22
partner_889,24,12925.93
partner_889,25,11321.34
partner_889,26,9950.32
partner_89,0,58806.89
partner_89,1,62213.02
partner_89,2,58847.56
partner_89,3,64002.36
partner_89,4,64772.77
partner_89,5,59855.37
partner_89,6,58517.46
partner_89,7,53534.9
partner_89,8,54430.69
partner_89,9,52810.12
partner_89,10,58052.18
partner_89,11,50719.45
partner_89,12,53612.1
partner_89,13,41784.06
partner_89,14,64074.45
partner_89,15,53451.59
partner_89,16,57146.67
partner_89,17,62624.4
partner_89,18,56297.93
partner_89,19,62550.92
partner_89,20,47869.71
partner_89,21,67759.88
partner_89,22,60598.4
partner_89,23,55800.06
partner_89,24,62445.63
partner_89,25,48269.26
partner_89,26,53079.15
partner_890,0,5423.97
partner_890,1,6942.24
partner_890,2,8133.98
partner_890,3,6154.7
partner_890,4,5966.54
partner_890,5,6527.15
partner_890,6,7626.73
partner_890,7,8173.75
partner_890,8,7296.34
partner_890,9,6085.35
partner_890,10,6967.82
partner_890,11,8232.96
partner_890,12,6766.23
partner_890,13,7081.44
partner_890,14,7151.33
partner_890,15,5903.81
partner_890,16,7680.24
partner_890,17,7579.55
partner_890,18,5591.19
partner_890,19,6054.1
partner_890,20,6306.17
partner_890,21,7505.94
partner_890,22,6458.82
partner_890,23,7263.62
partner_890,24,6856.4
partner_890,25,7033.04
partner_890,26,7329.67
partner_891,0,9212.49
partner_891,1,8874.01
partner_891,2,8279.3
partner_891,3,7878.62
partner_891,4,9524.13
partner_891,5,7459.78
partner_891,6,8638.44
partner_891,7,6892.31
partner_891,8,7787.88
partner_891,9,8265.49
partner_891,10,6598.91
partner_891,11,6205.61
partner_891,12,6196.22
partner_891,13,6291.24
partner_891,14,6334.84
partner_891,15,5951.61
partner_891,16,5573.65
partner_891,17,6771.81
partner_891,18,5404.77
partner_891,19,5036.94
partner_891,20,5662.6
partner_891,21,5521.45
partner_891,22,5656.46
partner_891,23,5756.06
partner_891,24,4861.21
partner_891,25,4442.8
partner_891,26,3606.81
partner_892,0,49106.74
partner_892,1,42422.75
partner_892,2,40478.5
partner_892,3,48420.14
partner_892,4,51839.97
partner_892,5,46917.84
partner_892,6,52417.35
partner_892,7,51069.47
partner_892,8,53631.7
partner_892,9,58558.48
partner_892,10,60677.87
partner_892,11,51623.08
partner_892,12,45891.45
partner_892,13,48400.94
partner_892,14,55671.39
partner_892,15,43806.76
partner_892,16,55067.24
partner_892,17,47286.09
partner_892,18,49196.04
partner_892,19,44218.23
partner_892,20,41735.91
partner_892,21,46762.19
partner_892,22,54371.43
partner_892,23,44726.81
partner_892,24,55860.28
partner_892,25,45347.77
partner_892,26,42964.94
partner_893,0,28189.93
partner_893,1,26903.24
partner_893,2,29455.28
partner_893,3,24546.73
partner_893,4,22195.34
partner_893,5,19781.64
partner_893,6,24090.43
partner_893,7,19596.8
partner_893,8,18962.05
partner_893,9,20754.22
partner_893,10,21682.2
partner_893,11,17662.15
partner_893,12,16276.8
partner_893,13,15798.32
partner_893,14,14451.22
partner_893,15,13986.65
partner_893,16,13404.52
partner_893,17,14517.65
partner_893,18,12632.61
partner_893,19,13867.17
partner_893,20,11557.21
partner_893,21,10789.2
partner_893,22,12099.09
partner_893,23,10298.09
partner_893,24,9718.35
partner_893,25,9459.54
partner_893,26,10354.95
partner_894,0,37633.11
partner_894,1,49175.14
partner_894,2,45452.91
partner_894,3,30861.05
partner_894,4,31136.9
partner_894,5,25749.86
partner_894,6,28665.64
partner_894,7,31224.16
partner_894,8,31737.53
partner_894,9,32358.2
partner_894,10,30037.06
partner_894,11,37985.31
partner_894,12,36528.28
partner_894,13,38264.41
partner_894,14,43792.96
partner_894,15,32211.21
partner_894,16,25676.48
partner_894,17,24600.95
partner_894,18,23906.87
partner_894,19,31038.65
partner_894,20,24772.2
partner_894,21,30773.95
partner_894,22,29168.67
partner_894,23,30821.01
partner_894,24,35704.91
partner_894,25,46585.2
partner_894,26,42252.18
partner_895,0,74141.01
partner_895,1,73174.31
partner_895,2,65162.13
partner_895,3,54960.52
partner_895,4,61565.06
partner_895,5,60048.21
partner_895,6,52999.62
partner_895,7,50219.91
partner_895,8,61793.43
partner_895,9,41313.71
partner_895,10,47696.72
partner_895,11,48094.99
partner_895,12,40285.29
partner_895,13,39280.59
partner_895,14,36736.39
partner_895,15,36663.5
partner_895,16,38279.24
partner_895,17,32975.79
partner_895,18,42251.74
partner_895,19,29473.65
partner_895,20,33646.13
partner_895,21,29869.14
partner_895,22,27430.81
partner_895,23,29817.96
partner_895,24,20916.73
partner_895,25,24867.64
partner_895,26,21212.95
partner_896,0,6395.16
partner_896,1,6072.06
partner_896,2,5609.23
partner_896,3,6980.97
partner_896,4,6675.46
partner_896,5,6517.73
partner_896,6,7229.86
partner_896,7,7023.41
partner_896,8,6540.41
partner_896,9,8769.85
partner_896,10,7403.78
partner_896,11,8362.56
partner_896,12,6440.88
partner_896,13,6887.51
partner_896,14,5887.64
partner_896,15,6497.65
partner_896,16,6327.31
partner_896,17,8732.61
partner_896,18,6254.39
partner_896,19,6562.46
partner_896,20,5742.89
partner_896,21,7078.37
partner_896,22,6114.79
partner_896,23,7336.96
partner_896,24,5518.02
partner_896,25,6637.99
partner_896,26,5479.39
partner_897,0,54082.88
partner_897,1,57171.97
partner_897,2,69072.39
partner_897,3,80183.18
partner_897,4,71237.29
partner_897,5,65878.28
partner_897,6,75884.72
partner_897,7,76084.76
partner_897,8,89856.27
partner_897,9,88807.98
partner_897,10,76056.25
partner_897,11,104841.56
partner_897,12,108381.46
partner_897,13,118840.85
partner_897,14,102567.37
partner_897,15,116546.26
partner_897,16,104336.33
partner_897,17,123183.68
partner_897,18,134670.99
partner_897,19,126884.22
partner_897,20,146605.35
partner_897,21,150781.73
partner_897,22,148151.54
partner_897,23,184963.52
partner_897,24,165789.41
partner_897,25,179958.97
partner_897,26,158537.06
partner_898,0,10270.61
partner_898,1,7697.82
partner_898,2,10453.14
partner_898,3,9682.03
partner_898,4,10319.01
partner_898,5,9682.88
partner_898,6,10474.91
partner_898,7,13438.44
partner_898,8,16715.96
partner_898,9,17346.33
partner_898,10,10143.71
partner_898,11,8922.21
partner_898,12,11653.25
partner_898,13,10171.65
partner_898,14,9231.71
partner_898,15,10269.9
partner_898,16,10174.35
partner_898,17,10118.12
partner_898,18,11232.08
partner_898,19,15428.86
partner_898,20,19230.35
partner_898,21,13058.44
partner_898,22,11053.39
partner_898,23,9861.68
partner_898,24,10074.82
partner_898,25,11171.96
partner_898,26,7229.19
partner_899,0,32247.62
partner_899,1,31281.29
partner_899,2,44404.68
partner_899,3,33006.03
partner_899,4,43780.92
partner_899,5,48615.53
partner_899,6,48123.78
partner_899,7,51323.98
partner_899,8,49636.19
partner_899,9,55989.36
partner_899,10,52185.0
partner_899,11,55533.55
partner_899,12,62086.1
partner_899,13,54932.49
partner_899,14,72079.63
partner_899,15,53780.03
partner_899,16,77789.53
partner_899,17,82383.96
partner_899,18,76117.55
partner_899,19,76074.48
partner_899,20,87364.47
partner_899,21,101708.98
partner_899,22,103797.81
partner_899,23,93595.01
partner_899,24,111683.48
partner_899,25,119028.52
partner_899,26,124408.76
partner_9,0,13286.5
partner_9,1,11658.21
partner_9,2,10616.41
partner_9,3,12105.45
partner_9,4,10438.58
partner_9,5,10062.54
partner_9,6,9247.17
partner_9,7,9465.76
partner_9,8,10216.17
partner_9,9,9900.44
partner_9,10,11573.69
partner_9,11,9876.18
partner_9,12,7694.3
partner_9,13,10050.68
partner_9,14,10692.64
partner_9,15,10542.73
partner_9,16,12927.41
partner_9,17,10533.65
partner_9,18,12210.76
partner_9,19,11200.87
partner_9,20,11174.7
partner_9,21,10284.7
partner_9,22,11156.21
partner_9,23,10363.57
partner_9,24,11412.98
partner_9,25,10957.05
partner_9,26,10162.1
partner_90,0,15054.44
partner_90,1,15764.44
partner_90,2,18810.71
partner_90,3,13889.2
partner_90,4,20114.75
partner_90,5,17173.99
partner_90,6,18247.06
partner_90,7,17604.65
partner_90,8,18766.92
partner_90,9,23002.21
partner_90,10,20632.68
partner_90,11,26179.55
partner_90,12,23896.48
partner_90,13,23612.53
partner_90,14,26725.92
partner_90,15,30622.66
partner_90,16,30242.93
partner_90,17,32771.86
partner_90,18,36679.75
partner_90,19,39903.39
partner_90,20,36633.06
partner_90,21,35549.67
partner_90,22,41995.53
partner_90,23,45820.84
partner_90,24,39236.39
partner_90,25,43947.68
partner_90,26,47012.27
partner_900,0,5680.9
partner_900,1,5622.02
partner_900,2,6296.95
partner_900,3,5511.34
partner_900,4,4999.77
partner_900,5,5163.84
partner_900,6,6322.74
partner_900,7,6275.93
partner_900,8,8133.16
partner_900,9,8797.55
partner_900,10,6117.5
partner_900,11,4637.86
partner_900,12,5547.7
partner_900,13,5464.32
partner_900,14,5531.37
partner_900,15,5601.0
partner_900,16,5544.94
partner_900,17,6542.67
partner_900,18,7118.32
partner_900,19,9068.71
partner_900,20,8543.77
partner_900,21,8214.36
partner_900,22,5039.66
partner_900,23,5298.07
partner_900,24,5997.02
partner_900,25,6092.7
partner_900,26,5994.12
partner_901,0,5728.62
partner_901,1,7332.68
partner_901,2,5622.57
partner_901,3,7001.55
partner_901,4,6380.94
partner_901,5,5683.53
partner_901,6,5406.4
partner_901,7,5710.32
partner_901,8,6388.94
partner_901,9,5574.96
partner_901,10,7086.11
partner_901,11,6005.34
partner_901,12,6562.39
partner_901,13,6512.88
partner_901,14,7127.5
partner_901,15,5864.22
partner_901,16,6197.88
partner_901,17,5273.37
partner_901,18,6196.08
partner_901,19,6831.97
partner_901,20,6267.42
partner_901,21,7551.14
partner_901,22,6451.55
partner_901,23,5801.39
partner_901,24,6412.33
partner_901,25,5235.35
partner_901,26,5642.82
partner_902,0,42594.93
partner_902,1,38917.9
partner_902,2,50269.91
partner_902,3,30850.34
partner_902,4,44158.25
partner_902,5,45426.25
partner_902,6,45935.37
partner_902,7,53097.36
partner_902,8,59980.34
partner_902,9,71133.66
partner_902,10,64013.54
partner_902,11,38994.25
partner_902,12,45690.23
partner_902,13,41414.11
partner_902,14,43021.34
partner_902,15,52074.12
partner_902,16,54248.33
partner_902,17,52857.61
partner_902,18,53760.11
partner_902,19,54279.38
partner_902,20,69725.13
partner_902,21,74857.47
partner_902,22,86832.52
partner_902,23,44241.55
partner_902,24,52272.21
partner_902,25,43017.48
partner_902,26,52868.68
partner_903,0,3506.2
partner_903,1,4265.96
partner_903,2,4457.43
partner_903,3,5544.87
partner_903,4,4565.35
partner_903,5,5134.84
partner_903,6,5010.62
partner_903,7,5453.12
partner_903,8,5353.75
partner_903,9,6060.7
partner_903,10,5054.29
partner_903,11,4413.78
partner_903,12,6298.39
partner_903,13,5125.85
partner_903,14,7319.85
partner_903,15,6327.65
partner_903,16,6206.83
partner_903,17,9100.16
partner_903,18,7399.07
partner_903,19,7507.73
partner_903,20,8527.25
partner_903,21,8877.26
partner_903,22,9458.82
partner_903,23,7613.9
partner_903,24,9575.66
partner_903,25,9126.77
partner_903,26,8831.38
partner_904,0,77946.26
partner_904,1,67008.48
partner_904,2,63558.9
partner_904,3,63663.31
partner_904,4,61384.39
partner_904,5,67265.31
partner_904,6,51995.19
partner_904,7,54315.54
partner_904,8,53434.91
partner_904,9,47195.96
partner_904,10,51899.96
partner_904,11,45830.43
partner_904,12,41072.78
partner_904,13,48644.01
partner_904,14,51608.44
partner_904,15,43433.39
partner_904,16,41371.53
partner_904,17,39925.96
partner_904,18,37082.9
partner_904,19,42239.76
partner_904,20,36916.0
partner_904,21,27664.07
partner_904,22,38308.57
partner_904,23,36238.43
partner_904,24,33920.27
partner_904,25,22417.46
partner_904,26,29917.76
partner_905,0,11671.15
partner_905,1,11923.01
partner_905,2,10616.72
partner_905,3,11224.95
partner_905,4,9741.79
partner_905,5,9248.44
partner_905,6,9560.53
partner_905,7,8063.75
partner_905,8,7154.35
partner_905,9,7692.27
partner_905,10,7791.93
partner_905,11,7691.54
partner_905,12,7363.38
partner_905,13,6401.38
partner_905,14,6061.81
partner_905,15,5551.94
partner_905,16,5787.83
partner_905,17,4516.36
partner_905,18,5181.7
partner_905,19,6356.54
partner_905,20,4021.56
partner_905,21,4600.18
partner_905,22,4497.46
partner_905,23,4356.73
partner_905,24,3584.24
partner_905,25,3992.32
partner_905,26,3438.58
partner_906,0,15468.03
partner_906,1,15062.2
partner_906,2,12758.41
partner_906,3,13355.5
partner_906,4,13304.35
partner_906,5,11802.21
partner_906,6,15200.35
partner_906,7,15253.3
partner_906,8,13653.77
partner_906,9,14083.81
partner_906,10,14285.53
partner_906,11,14468.7
partner_906,12,12220.35
partner_906,13,14813.39
partner_906,14,12463.3
partner_906,15,15085.88
partner_906,16,12619.55
partner_906,17,12287.32
partner_906,18,14083.93
partner_906,19,14052.2
partner_906,20,14270.06
partner_906,21,12862.68
partner_906,22,14409.98
partner_906,23,14542.99
partner_906,24,15769.93
partner_906,25,14384.86
partner_906,26,13276.98
partner_907,0,73434.13
partner_907,1,61948.63
partner_907,2,41839.67
partner_907,3,40066.8
partner_907,4,43683.58
partner_907,5,44263.28
partner_907,6,31489.33
partner_907,7,44931.32
partner_907,8,42024.05
partner_907,9,40272.26
partner_907,10,45357.82
partner_907,11,58132.91
partner_907,12,64211.47
partner_907,13,61250.31
partner_907,14,37676.69
partner_907,15,36310.34
partner_907,16,45959.02
partner_907,17,40710.32
partner_907,18,49581.63
partner_907,19,41978.42
partner_907,20,43136.49
partner_907,21,37782.48
partner_907,22,46432.06
partner_907,23,58010.1
partner_907,24,62918.24
partner_907,25,64044.06
partner_907,26,41989.49
partner_908,0,9809.24
partner_908,1,9696.21
partner_908,2,8328.05
partner_908,3,7935.39
partner_908,4,8574.54
partner_908,5,5874.88
partner_908,6,7621.18
partner_908,7,8539.21
partner_908,8,5234.31
partner_908,9,7370.52
partner_908,10,6917.03
partner_908,11,5410.13
partner_908,12,6403.46
partner_908,13,6450.14
partner_908,14,4983.07
partner_908,15,5055.32
partner_908,16,5253.83
partner_908,17,5541.09
partner_908,18,4599.03
partner_908,19,4663.76
partner_908,20,4211.42
partner_908,21,4356.28
partner_908,22,4624.06
partner_908,23,4074.81
partner_908,24,3745.12
partner_908,25,3728.98
partner_908,26,3315.24
partner_909,0,49765.4
partner_909,1,51375.64
partner_909,2,41830.44
partner_909,3,45628.9
partner_909,4,45433.41
partner_909,5,58133.84
partner_909,6,59469.02
partner_909,7,52425.31
partner_909,8,60313.96
partner_909,9,89437.97
partner_909,10,88065.35
partner_909,11,56499.79
partner_909,12,45198.53
partner_909,13,54537.56
partner_909,14,47421.09
partner_909,15,54685.02
partner_909,16,51636.95
partner_909,17,62489.12
partner_909,18,57315.08
partner_909,19,60123.41
partner_909,20,76958.85
partner_909,21,88345.83
partner_909,22,79417.23
partner_909,23,64412.19
partner_909,24,63028.84
partner_909,25,53705.63
partner_909,26,58849.2
partner_91,0,6220.07
partner_91,1,6470.01
partner_91,2,8234.24
partner_91,3,9938.72
partner_91,4,9958.31
partner_91,5,11004.96
partner_91,6,7296.47
partner_91,7,7341.42
partner_91,8,7799.55
partner_91,9,7212.97
partner_91,10,8913.28
partner_91,11,8193.66
partner_91,12,7261.66
partner_91,13,8269.26
partner_91,14,9194.48
partner_91,15,12095.34
partner_91,16,11678.0
partner_91,17,13448.8
partner_91,18,8137.77
partner_91,19,9362.41
partner_91,20,9248.13
partner_91,21,8396.82
partner_91,22,8061.9
partner_91,23,8750.69
partner_91,24,8269.48
partner_91,25,10200.89
partner_91,26,9758.25
partner_910,0,55049.13
partner_910,1,57327.35
partner_910,2,48780.61
partner_910,3,64622.63
partner_910,4,68665.99
partner_910,5,69967.37
partner_910,6,67774.96
partner_910,7,66768.4
partner_910,8,59124.73
partner_910,9,69020.4
partner_910,10,63806.0
partner_910,11,72999.08
partner_910,12,65232.94
partner_910,13,75654.11
partner_910,14,82931.75
partner_910,15,77396.56
partner_910,16,78445.48
partner_910,17,84404.69
partner_910,18,92704.13
partner_910,19,79344.11
partner_910,20,85930.24
partner_910,21,95741.19
partner_910,22,90365.24
partner_910,23,68978.82
partner_910,24,81544.88
partner_910,25,96157.51
partner_910,26,87434.94
partner_911,0,41853.67
partner_911,1,38877.66
partner_911,2,40731.11
partner_911,3,39463.05
partner_911,4,46313.57
partner_911,5,35079.82
partner_911,6,40973.16
partner_911,7,42336.19
partner_911,8,39204.88
partner_911,9,36861.31
partner_911,10,33867.95
partner_911,11,39759.95
partner_911,12,31904.69
partner_911,13,34902.64
partner_911,14,30579.95
partner_911,15,24709.22
partner_911,16,28725.12
partner_911,17,28324.73
partner_911,18,27644.43
partner_911,19,25532.09
partner_911,20,28313.13
partner_911,21,27886.1
partner_911,22,24540.64
partner_911,23,23899.19
partner_911,24,21523.44
partner_911,25,24038.33
partner_911,26,25997.53
partner_912,0,16651.09
partner_912,1,13792.98
partner_912,2,13251.05
partner_912,3,13130.98
partner_912,4,13980.45
partner_912,5,16685.19
partner_912,6,16212.27
partner_912,7,16066.34
partner_912,8,16177.58
partner_912,9,16238.07
partner_912,10,17103.73
partner_912,11,21313.99
partner_912,12,23537.92
partner_912,13,24385.72
partner_912,14,22637.05
partner_912,15,20755.62
partner_912,16,20996.22
partner_912,17,24940.93
partner_912,18,23308.89
partner_912,19,25643.9
partner_912,20,30283.66
partner_912,21,26728.01
partner_912,22,33103.32
partner_912,23,24656.1
partner_912,24,29919.58
partner_912,25,30441.14
partner_912,26,27425.43
partner_913,0,39724.79
partner_913,1,42039.42
partner_913,2,35867.94
partner_913,3,27904.94
partner_913,4,36094.28
partner_913,5,37007.13
partner_913,6,33640.76
partner_913,7,35192.11
partner_913,8,32785.55
partner_913,9,33990.41
partner_913,10,37956.35
partner_913,11,39236.33
partner_913,12,30073.28
partner_913,13,32689.44
partner_913,14,28978.62
partner_913,15,40784.21
partner_913,16,37450.92
partner_913,17,27557.34
partner_913,18,34228.67
partner_913,19,33474.46
partner_913,20,31846.72
partner_913,21,38021.08
partner_913,22,37942.22
partner_913,23,35379.29
partner_913,24,32240.44
partner_913,25,32269.4
partner_913,26,34602.33
partner_914,0,21984.28
partner_914,1,18202.29
partner_914,2,20515.26
partner_914,3,22842.85
partner_914,4,27369.75
partner_914,5,26500.34
partner_914,6,25220.23
partner_914,7,27097.6
partner_914,8,26623.58
partner_914,9,30762.7
partner_914,10,29917.85
partner_914,11,33392.5
partner_914,12,26425.93
partner_914,13,29018.44
partner_914,14,33484.09
partner_914,15,35309.52
partner_914,16,43082.49
partner_914,17,29387.78
partner_914,18,36916.53
partner_914,19,37945.35
partner_914,20,40425.97
partner_914,21,47837.36
partner_914,22,45785.18
partner_914,23,36493.26
partner_914,24,51761.65
partner_914,25,53315.4
partner_914,26,49102.9
partner_915,0,4384.8
partner_915,1,4431.1
partner_915,2,3190.29
partner_915,3,3442.68
partner_915,4,3981.97
partner_915,5,3970.23
partner_915,6,3463.83
partner_915,7,3561.78
partner_915,8,3213.55
partner_915,9,3241.76
partner_915,10,2886.05
partner_915,11,2868.17
partner_915,12,2311.28
partner_915,13,2715.98
partner_915,14,2131.75
partner_915,15,2513.5
partner_915,16,2156.49
partner_915,17,2250.19
partner_915,18,1888.67
partner_915,19,1907.21
partner_915,20,2003.24
partner_915,21,1999.04
partner_915,22,1983.89
partner_915,23,1522.57
partner_915,24,1406.69
partner_915,25,1437.04
partner_915,26,1368.67
partner_916,0,17542.45
partner_916,1,16913.62
partner_916,2,12822.84
partner_916,3,14836.58
partner_916,4,15811.39
partner_916,5,21048.12
partner_916,6,21189.16
partner_916,7,14605.92
partner_916,8,11584.03
partner_916,9,12408.29
partner_916,10,14794.98
partner_916,11,15260.21
partner_916,12,11427.61
partner_916,13,12496.51
partner_916,14,16141.18
partner_916,15,13875.61
partner_916,16,18094.52
partner_916,17,17617.85
partner_916,18,21901.13
partner_916,19,11128.64
partner_916,20,13465.28
partner_916,21,15137.05
partner_916,22,14625.05
partner_916,23,13095.64
partner_916,24,12732.31
partner_916,25,13381.81
partner_916,26,12193.53
partner_917,0,7365.04
partner_917,1,8105.07
partner_917,2,6306.84
partner_917,3,5616.51
partner_917,4,6149.16
partner_917,5,6298.5
partner_917,6,5900.09
partner_917,7,5630.38
partner_917,8,4862.81
partner_917,9,4737.01
partner_917,10,4789.71
partner_917,11,4553.31
partner_917,12,5135.33
partner_917,13,4552.68
partner_917,14,4025.5
partner_917,15,4522.19
partner_917,16,4081.47
partner_917,17,3236.88
partner_917,18,2426.4
partner_917,19,2985.13
partner_917,20,3495.33
partner_917,21,3444.37
partner_917,22,2528.2
partner_917,23,3097.37
partner_917,24,2958.55
partner_917,25,3042.8
partner_917,26,2802.99
partner_918,0,125679.62
partner_918,1,119052.49
partner_918,2,136638.19
partner_918,3,112183.32
partner_918,4,130815.79
partner_918,5,143303.25
partner_918,6,158976.58
partner_918,7,136000.87
partner_918,8,160537.75
partner_918,9,147079.53
partner_918,10,168957.64
partner_918,11,144982.51
partner_918,12,173270.04
partner_918,13,163991.65
partner_918,14,149587.27
partner_918,15,171262.92
partner_918,16,201827.26
partner_918,17,164088.36
partner_918,18,159469.52
partner_918,19,199587.93
partner_918,20,163714.42
partner_918,21,233145.89
partner_918,22,238438.13
partner_918,23,233795.31
partner_918,24,216841.06
partner_918,25,259535.63
partner_918,26,258726.96
partner_919,0,5875.32
partner_919,1,6585.44
partner_919,2,5728.85
partner_919,3,7360.03
partner_919,4,7316.21
partner_919,5,7479.15
partner_919,6,8005.25
partner_919,7,7968.59
partner_919,8,8826.65
partner_919,9,10306.63
partner_919,10,8483.95
partner_919,11,10714.25
partner_919,12,10470.32
partner_919,13,11049.51
partner_919,14,11034.08
partner_919,15,10676.32
partner_919,16,12483.47
partner_919,17,13064.13
partner_919,18,11872.95
partner_919,19,11616.25
partner_919,20,14055.39
partner_919,21,15575.18
partner_919,22,16561.82
partner_919,23,17520.3
partner_919,24,16854.35
partner_919,25,16442.62
partner_919,26,17544.55
partner_92,0,52296.13
partner_92,1,60643.93
partner_92,2,50902.77
partner_92,3,59399.68
partner_92,4,44982.09
partner_92,5,50500.22
partner_92,6,53668.57
partner_92,7,36459.95
partner_92,8,53894.79
partner_92,9,41444.33
partner_92,10,42370.0
partner_92,11,42632.65
partner_92,12,41752.75
partner_92,13,38602.11
partner_92,14,39884.13
partner_92,15,36823.27
partner_92,16,39739.2
partner_92,17,34318.27
partner_92,18,37665.81
partner_92,19,33124.67
partner_92,20,24033.97
partner_92,21,35702.92
partner_92,22,25757.08
partner_92,23,30321.37
partner_92,24,25527.93
partner_92,25,27182.27
partner_92,26,22087.31
partner_920,0,15123.75
partner_920,1,14170.64
partner_920,2,14068.66
partner_920,3,11513.06
partner_920,4,11309.49
partner_920,5,13187.47
partner_920,6,10741.86
partner_920,7,10461.91
partner_920,8,10846.1
partner_920,9,9329.63
partner_920,10,10940.39
partner_920,11,8246.69
partner_920,12,9032.86
partner_920,13,8000.48
partner_920,14,8409.82
partner_920,15,7534.32
partner_920,16,7573.99
partner_920,17,8157.25
partner_920,18,6482.14
partner_920,19,6201.24
partner_920,20,6180.25
partner_920,21,7011.5
partner_920,22,5798.67
partner_920,23,6294.11
partner_920,24,5269.73
partner_920,25,5747.84
partner_920,26,5118.93
partner_921,0,73541.79
partner_921,1,92847.3
partner_921,2,89014.15
partner_921,3,95971.34
partner_921,4,63136.83
partner_921,5,74632.15
partner_921,6,61318.79
partner_921,7,60710.32
partner_921,8,59769.32
partner_921,9,62709.16
partner_921,10,54121.82
partner_921,11,55827.69
partner_921,12,57846.63
partner_921,13,57037.67
partner_921,14,52602.49
partner_921,15,49350.89
partner_921,16,44676.97
partner_921,17,41022.04
partner_921,18,43998.1
partner_921,19,35858.38
partner_921,20,38916.39
partner_921,21,32941.42
partner_921,22,35281.6
partner_921,23,30420.43
partner_921,24,31328.95
partner_921,25,29206.68
partner_921,26,27669.78
partner_922,0,6332.82
partner_922,1,8761.15
partner_922,2,8638.13
partner_922,3,8289.44
partner_922,4,10293.65
partner_922,5,9217.13
partner_922,6,9736.89
partner_922,7,10000.0
partner_922,8,13560.96
partner_922,9,12236.79
partner_922,10,12795.77
partner_922,11,13788.59
partner_922,12,11267.02
partner_922,13,13654.44
partner_922,14,15931.85
partner_922,15,15989.6
partner_922,16,20494.73
partner_922,17,16683.03
partner_922,18,20247.91
partner_922,19,20988.19
partner_922,20,20679.6
partner_922,21,22096.41
partner_922,22,21814.26
partner_922,23,18929.88
partner_922,24,25620.24
partner_922,25,27100.01
partner_922,26,28876.29
partner_923,0,9000.64
partner_923,1,7493.98
partner_923,2,9409.21
partner_923,3,7393.95
partner_923,4,8116.0
partner_923,5,8763.1
partner_923,6,7781.99
partner_923,7,8819.0
partner_923,8,7923.24
partner_923,9,8301.4
partner_923,10,8055.87
partner_923,11,7731.23
partner_923,12,10051.37
partner_923,13,7515.51
partner_923,14,6328.84
partner_923,15,7545.14
partner_923,16,8312.2
partner_923,17,7895.29
partner_923,18,9040.17
partner_923,19,9010.31
partner_923,20,7943.25
partner_923,21,6824.3
partner_923,22,7151.72
partner_923,23,8178.06
partner_923,24,6920.88
partner_923,25,7902.73
partner_923,26,9370.58
partner_924,0,25690.16
partner_924,1,29891.55
partner_924,2,29280.72
partner_924,3,31508.63
partner_924,4,33798.7
partner_924,5,35156.03
partner_924,6,33453.41
partner_924,7,35546.03
partner_924,8,32848.45
partner_924,9,39460.72
partner_924,10,33071.62
partner_924,11,36385.25
partner_924,12,42746.09
partner_924,13,37072.53
partner_924,14,34530.27
partner_924,15,39150.43
partner_924,16,47618.11
partner_924,17,33078.88
partner_924,18,44265.7
partner_924,19,42017.23
partner_924,20,45160.82
partner_924,21,45386.53
partner_924,22,52770.87
partner_924,23,49559.34
partner_924,24,55569.15
partner_924,25,58307.42
partner_924,26,53061.87
partner_925,0,7189.83
partner_925,1,7323.55
partner_925,2,6129.44
partner_925,3,7092.05
partner_925,4,6752.81
partner_925,5,6637.26
partner_925,6,6449.77
partner_925,7,6494.96
partner_925,8,7798.46
partner_925,9,6676.3
partner_925,10,7720.95
partner_925,11,7019.28
partner_925,12,6143.69
partner_925,13,7060.67
partner_925,14,6105.44
partner_925,15,7349.15
partner_925,16,6784.54
partner_925,17,7521.01
partner_925,18,7921.72
partner_925,19,5726.16
partner_925,20,6608.99
partner_925,21,6090.52
partner_925,22,8423.84
partner_925,23,6623.42
partner_925,24,6017.32
partner_925,25,8480.71
partner_925,26,6425.43
partner_926,0,13254.66
partner_926,1,12802.64
partner_926,2,11390.05
partner_926,3,11533.76
partner_926,4,11884.66
partner_926,5,13055.92
partner_926,6,11619.1
partner_926,7,10348.66
partner_926,8,10450.71
partner_926,9,11233.33
partner_926,10,11881.56
partner_926,11,8825.04
partner_926,12,10753.49
partner_926,13,9141.08
partner_926,14,7708.09
partner_926,15,7339.72
partner_926,16,9921.07
partner_926,17,9777.43
partner_926,18,7851.8
partner_926,19,7947.42
partner_926,20,6507.43
partner_926,21,8311.51
partner_926,22,7510.6
partner_926,23,6205.43
partner_926,24,7310.68
partner_926,25,6016.04
partner_926,26,7193.88
partner_927,0,15153.33
partner_927,1,12594.57
partner_927,2,18460.01
partner_927,3,18878.47
partner_927,4,16476.73
partner_927,5,18175.18
partner_927,6,18789.83
partner_927,7,19179.7
partner_927,8,21856.81
partner_927,9,19758.9
partner_927,10,18611.78
partner_927,11,20482.34
partner_927,12,19128.16
partner_927,13,18172.02
partner_927,14,23221.77
partner_927,15,22186.52
partner_927,16,17442.31
partner_927,17,20318.32
partner_927,18,23874.63
partner_927,19,19052.06
partner_927,20,21250.89
partner_927,21,29609.8
partner_927,22,23009.36
partner_927,23,26837.93
partner_927,24,28339.74
partner_927,25,22797.8
partner_927,26,26196.95
partner_928,0,70437.85
partner_928,1,55110.96
partner_928,2,71749.23
partner_928,3,62949.14
partner_928,4,62810.18
partner_928,5,71393.37
partner_928,6,68560.03
partner_928,7,71035.35
partner_928,8,77618.18
partner_928,9,62663.59
partner_928,10,72725.49
partner_928,11,87571.22
partner_928,12,92755.97
partner_928,13,90313.24
partner_928,14,92587.14
partner_928,15,96847.26
partner_928,16,105415.31
partner_928,17,85226.85
partner_928,18,97480.78
partner_928,19,105343.65
partner_928,20,111814.44
partner_928,21,89412.47
partner_928,22,102368.48
partner_928,23,120788.43
partner_928,24,137684.44
partner_928,25,123767.57
partner_928,26,124580.02
partner_929,0,10754.59
partner_929,1,9471.69
partner_929,2,8433.59
partner_929,3,10623.62
partner_929,4,10243.83
partner_929,5,8079.9
partner_929,6,9101.07
partner_929,7,8299.13
partner_929,8,8928.14
partner_929,9,7517.84
partner_929,10,8778.38
partner_929,11,8858.33
partner_929,12,7019.78
partner_929,13,7650.61
partner_929,14,8352.58
partner_929,15,6567.18
partner_929,16,6673.55
partner_929,17,7472.52
partner_929,18,6758.05
partner_929,19,5670.63
partner_929,20,6384.97
partner_929,21,7593.08
partner_929,22,7641.55
partner_929,23,5812.45
partner_929,24,5528.06
partner_929,25,5688.84
partner_929,26,6895.32
partner_93,0,35115.53
partner_93,1,25345.01
partner_93,2,32302.06
partner_93,3,34167.92
partner_93,4,33824.39
partner_93,5,36768.29
partner_93,6,33719.55
partner_93,7,39549.22
partner_93,8,53313.0
partner_93,9,43024.37
partner_93,10,59436.34
partner_93,11,33623.79
partner_93,12,31842.5
partner_93,13,36482.84
partner_93,14,39916.71
partner_93,15,39535.86
partner_93,16,35614.64
partner_93,17,39809.51
partner_93,18,41508.22
partner_93,19,42572.01
partner_93,20,48423.99
partner_93,21,56941.83
partner_93,22,66379.96
partner_93,23,37798.23
partner_93,24,34235.23
partner_93,25,32025.34
partner_93,26,42022.94
partner_930,0,38509.45
partner_930,1,31875.68
partner_930,2,34857.25
partner_930,3,37577.87
partner_930,4,40148.53
partner_930,5,41412.16
partner_930,6,43974.0
partner_930,7,51994.48
partner_930,8,51943.93
partner_930,9,60303.49
partner_930,10,57788.47
partner_930,11,55120.12
partner_930,12,63169.97
partner_930,13,55198.08
partner_930,14,52430.88
partner_930,15,76123.47
partner_930,16,82649.86
partner_930,17,79237.31
partner_930,18,79278.26
partner_930,19,74919.54
partner_930,20,101341.16
partner_930,21,99865.11
partner_930,22,102725.85
partner_930,23,104637.31
partner_930,24,104638.1
partner_930,25,102329.3
partner_930,26,123816.46
partner_931,0,23617.64
partner_931,1,19165.54
partner_931,2,13887.25
partner_931,3,16640.43
partner_931,4,15116.9
partner_931,5,15828.03
partner_931,6,13152.37
partner_931,7,15289.81
partner_931,8,13587.51
partner_931,9,12742.36
partner_931,10,12974.56
partner_931,11,12120.66
partner_931,12,11513.4
partner_931,13,10901.14
partner_931,14,10633.13
partner_931,15,10529.89
partner_931,16,9939.39
partner_931,17,10341.75
partner_931,18,8395.18
partner_931,19,8687.44
partner_931,20,10090.91
partner_931,21,7715.07
partner_931,22,7400.36
partner_931,23,6178.97
partner_931,24,6275.73
partner_931,25,6388.22
partner_931,26,6498.61
partner_932,0,10879.07
partner_932,1,10365.29
partner_932,2,10460.06
partner_932,3,9937.53
partner_932,4,9316.51
partner_932,5,9084.47
partner_932,6,11012.16
partner_932,7,12409.65
partner_932,8,13891.07
partner_932,9,16179.9
partner_932,10,15007.16
partner_932,11,10659.21
partner_932,12,10190.02
partner_932,13,9739.01
partner_932,14,10962.4
partner_932,15,10718.68
partner_932,16,8511.8
partner_932,17,10148.07
partner_932,18,9421.2
partner_932,19,11704.83
partner_932,20,9411.57
partner_932,21,16135.67
partner_932,22,16916.83
partner_932,23,9800.76
partner_932,24,8738.95
partner_932,25,11802.63
partner_932,26,10990.77
partner_933,0,19687.86
partner_933,1,16210.77
partner_933,2,21172.54
partner_933,3,17447.54
partner_933,4,21562.63
partner_933,5,22289.53
partner_933,6,20073.49
partner_933,7,18063.68
partner_933,8,22740.49
partner_933,9,20219.92
partner_933,10,20403.99
partner_933,11,18332.39
partner_933,12,20605.8
partner_933,13,19805.33
partner_933,14,17529.92
partner_933,15,22924.4
partner_933,16,23771.7
partner_933,17,22273.88
partner_933,18,21971.93
partner_933,19,23783.79
partner_933,20,18097.96
partner_933,21,18073.69
partner_933,22,19377.81
partner_933,23,20817.66
partner_933,24,19623.98
partner_933,25,18153.56
partner_933,26,20226.97
partner_934,0,67706.86
partner_934,1,52857.49
partner_934,2,65683.43
partner_934,3,70952.69
partner_934,4,59512.94
partner_934,5,63153.58
partner_934,6,52865.62
partner_934,7,56983.34
partner_934,8,48351.16
partner_934,9,49355.47
partner_934,10,47846.4
partner_934,11,49742.32
partner_934,12,42199.91
partner_934,13,38022.31
partner_934,14,45179.77
partner_934,15,43605.94
partner_934,16,40942.82
partner_934,17,42876.4
partner_934,18,37218.26
partner_934,19,37832.12
partner_934,20,34395.77
partner_934,21,33632.45
partner_934,22,34580.47
partner_934,23,39736.48
partner_934,24,33707.42
partner_934,25,32061.75
partner_934,26,31718.3
partner_935,0,10086.36
partner_935,1,10664.31
partner_935,2,9856.9
partner_935,3,9732.18
partner_935,4,8855.65
partner_935,5,9350.75
partner_935,6,8959.69
partner_935,7,10751.34
partner_935,8,11242.17
partner_935,9,11665.79
partner_935,10,8943.56
partner_935,11,9121.05
partner_935,12,9041.6
partner_935,13,8778.8
partner_935,14,8794.58
partner_935,15,9270.52
partner_935,16,10629.13
partner_935,17,9072.74
partner_935,18,10803.7
partner_935,19,11111.0
partner_935,20,10053.04
partner_935,21,10975.78
partner_935,22,8443.83
partner_935,23,9228.79
partner_935,24,9959.52
partner_935,25,9992.58
partner_935,26,11171.37
partner_936,0,5076.96
partner_936,1,5319.44
partner_936,2,5086.8
partner_936,3,4805.66
partner_936,4,5109.37
partner_936,5,5233.31
partner_936,6,6141.65
partner_936,7,4817.68
partner_936,8,5802.39
partner_936,9,6047.54
partner_936,10,5090.03
partner_936,11,5504.47
partner_936,12,5674.03
partner_936,13,5585.54
partner_936,14,5409.11
partner_936,15,5000.85
partner_936,16,5720.45
partner_936,17,5164.14
partner_936,18,5380.41
partner_936,19,5459.36
partner_936,20,5824.28
partner_936,21,6399.39
partner_936,22,4969.21
partner_936,23,5393.24
partner_936,24,4568.64
partner_936,25,6159.84
partner_936,26,5388.56
partner_937,0,7133.34
partner_937,1,7169.2
partner_937,2,6576.95
partner_937,3,7939.3
partner_937,4,7553.8
partner_937,5,7652.75
partner_937,6,6613.72
partner_937,7,6575.33
partner_937,8,7015.7
partner_937,9,7663.95
partner_937,10,7452.3
partner_937,11,6544.41
partner_937,12,7570.14
partner_937,13,6406.43
partner_937,14,6626.78
partner_937,15,7208.2
partner_937,16,6264.97
partner_937,17,6412.53
partner_937,18,8197.71
partner_937,19,8065.82
partner_937,20,8721.12
partner_937,21,7416.02
partner_937,22,7553.82
partner_937,23,6986.32
partner_937,24,6847.6
partner_937,25,7715.01
partner_937,26,8062.78
partner_938,0,11387.52
partner_938,1,10326.91
partner_938,2,11052.97
partner_938,3,13572.12
partner_938,4,10480.18
partner_938,5,14795.83
partner_938,6,13096.6
partner_938,7,12084.41
partner_938,8,13029.8
partner_938,9,12308.35
partner_938,10,12753.19
partner_938,11,13875.44
partner_938,12,13601.29
partner_938,13,13019.67
partner_938,14,14336.43
partner_938,15,13001.22
partner_938,16,13339.78
partner_938,17,13604.07
partner_938,18,18595.37
partner_938,19,16927.11
partner_938,20,17598.7
partner_938,21,16977.09
partner_938,22,18190.87
partner_938,23,19756.72
partner_938,24,18785.56
partner_938,25,21451.6
partner_938,26,18745.9
partner_939,0,9218.09
partner_939,1,9913.26
partner_939,2,7820.08
partner_939,3,9186.54
partner_939,4,8785.52
partner_939,5,8478.49
partner_939,6,8174.43
partner_939,7,8698.48
partner_939,8,7323.33
partner_939,9,9253.54
partner_939,10,8006.22
partner_939,11,6766.07
partner_939,12,7606.02
partner_939,13,7626.81
partner_939,14,6984.38
partner_939,15,5882.75
partner_939,16,7772.06
partner_939,17,6561.51
partner_939,18,5241.36
partner_939,19,5936.58
partner_939,20,5522.12
partner_939,21,5486.46
partner_939,22,4688.55
partner_939,23,5197.94
partner_939,24,4602.78
partner_939,25,4704.26
partner_939,26,4916.82
partner_94,0,7225.37
partner_94,1,5674.92
partner_94,2,6602.41
partner_94,3,6621.72
partner_94,4,7102.57
partner_94,5,7811.67
partner_94,6,6121.22
partner_94,7,7579.47
partner_94,8,8035.06
partner_94,9,7260.46
partner_94,10,7411.48
partner_94,11,7952.43
partner_94,12,8020.48
partner_94,13,8333.76
partner_94,14,8448.05
partner_94,15,7327.11
partner_94,16,9070.06
partner_94,17,9360.76
partner_94,18,8673.04
partner_94,19,7356.36
partner_94,20,8683.89
partner_94,21,9096.4
partner_94,22,8025.95
partner_94,23,8874.43
partner_94,24,8032.96
partner_94,25,10074.8
partner_94,26,9807.56
partner_940,0,7153.64
partner_940,1,5862.87
partner_940,2,5856.59
partner_940,3,5330.59
partner_940,4,5444.24
partner_940,5,5848.39
partner_940,6,5978.87
partner_940,7,5028.41
partner_940,8,5647.77
partner_940,9,5235.39
partner_940,10,4345.25
partner_940,11,4993.32
partner_940,12,5346.97
partner_940,13,3769.2
partner_940,14,5431.85
partner_940,15,4134.8
partner_940,16,3579.16
partner_940,17,4229.15
partner_940,18,4397.33
partner_940,19,3840.6
partner_940,20,3965.64
partner_940,21,4536.44
partner_940,22,3717.9
partner_940,23,4603.09
partner_940,24,3887.26
partner_940,25,3375.93
partner_940,26,3364.16
partner_941,0,65063.07
partner_941,1,60335.72
partner_941,2,55320.27
partner_941,3,74157.59
partner_941,4,73365.03
partner_941,5,58568.45
partner_941,6,70839.73
partner_941,7,78389.59
partner_941,8,79259.91
partner_941,9,68917.84
partner_941,10,83011.41
partner_941,11,77266.53
partner_941,12,81805.22
partner_941,13,72981.94
partner_941,14,47111.61
partner_941,15,77220.22
partner_941,16,90044.75
partner_941,17,85433.58
partner_941,18,94816.79
partner_941,19,100919.69
partner_941,20,89680.91
partner_941,21,90602.68
partner_941,22,75490.4
partner_941,23,83354.05
partner_941,24,87167.86
partner_941,25,108453.9
partner_941,26,101497.55
partner_942,0,5957.48
partner_942,1,6862.51
partner_942,2,6165.91
partner_942,3,6529.06
partner_942,4,4509.23
partner_942,5,5915.88
partner_942,6,5197.34
partner_942,7,5161.27
partner_942,8,5862.71
partner_942,9,4825.74
partner_942,10,5123.03
partner_942,11,4264.69
partner_942,12,4633.57
partner_942,13,3775.03
partner_942,14,4340.42
partner_942,15,4408.49
partner_942,16,4584.35
partner_942,17,3685.42
partner_942,18,3696.42
partner_942,19,3550.64
partner_942,20,3596.56
partner_942,21,3242.5
partner_942,22,2736.58
partner_942,23,3039.16
partner_942,24,3283.11
partner_942,25,3160.64
partner_942,26,3291.8
partner_943,0,46751.91
partner_943,1,50746.89
partner_943,2,49780.1
partner_943,3,39997.12
partner_943,4,37475.74
partner_943,5,36518.07
partner_943,6,36885.45
partner_943,7,39611.51
partner_943,8,34213.15
partner_943,9,33869.08
partner_943,10,37412.18
partner_943,11,36829.69
partner_943,12,48056.9
partner_943,13,55096.89
partner_943,14,54516.78
partner_943,15,36909.12
partner_943,16,44890.09
partner_943,17,42398.22
partner_943,18,38606.22
partner_943,19,39584.58
partner_943,20,44908.28
partner_943,21,37563.07
partner_943,22,37179.44
partner_943,23,45864.1
partner_943,24,54006.69
partner_943,25,61482.51
partner_943,26,63851.2
partner_944,0,5421.78
partner_944,1,4881.8
partner_944,2,6388.76
partner_944,3,6628.03
partner_944,4,6961.92
partner_944,5,9829.71
partner_944,6,9448.54
partner_944,7,7331.6
partner_944,8,6381.17
partner_944,9,6744.48
partner_944,10,6406.47
partner_944,11,6078.33
partner_944,12,6198.44
partner_944,13,7317.06
partner_944,14,7385.18
partner_944,15,6525.05
partner_944,16,8035.15
partner_944,17,9375.39
partner_944,18,11859.82
partner_944,19,5664.8
partner_944,20,7443.64
partner_944,21,7228.09
partner_944,22,7104.66
partner_944,23,6719.63
partner_944,24,7954.55
partner_944,25,7286.27
partner_944,26,6414.29
partner_945,0,5519.41
partner_945,1,5881.8
partner_945,2,5963.32
partner_945,3,5539.39
partner_945,4,5033.94
partner_945,5,5487.73
partner_945,6,5775.16
partner_945,7,6665.25
partner_945,8,7966.21
partner_945,9,8319.99
partner_945,10,7263.12
partner_945,11,6193.57
partner_945,12,7362.35
partner_945,13,9743.25
partner_945,14,9308.79
partner_945,15,9167.32
partner_945,16,9508.49
partner_945,17,9596.48
partner_945,18,9535.14
partner_945,19,13672.02
partner_945,20,13865.74
partner_945,21,11346.09
partner_945,22,10650.32
partner_945,23,13721.83
partner_945,24,13889.97
partner_945,25,15654.22
partner_945,26,16703.54
partner_946,0,4833.04
partner_946,1,5226.0
partner_946,2,4717.78
partner_946,3,5203.19
partner_946,4,3577.8
partner_946,5,4946.45
partner_946,6,4152.79
partner_946,7,4486.88
partner_946,8,4925.13
partner_946,9,3961.07
partner_946,10,3828.65
partner_946,11,4009.77
partner_946,12,3917.13
partner_946,13,3604.17
partner_946,14,4002.08
partner_946,15,3955.62
partner_946,16,4006.44
partner_946,17,3456.77
partner_946,18,3353.11
partner_946,19,3597.78
partner_946,20,3492.57
partner_946,21,3441.15
partner_946,22,3217.17
partner_946,23,3516.7
partner_946,24,3032.12
partner_946,25,3251.64
partner_946,26,3137.85
partner_947,0,6856.03
partner_947,1,5883.01
partner_947,2,7123.61
partner_947,3,6564.42
partner_947,4,5077.54
partner_947,5,8360.78
partner_947,6,7362.23
partner_947,7,7284.83
partner_947,8,6498.39
partner_947,9,6828.08
partner_947,10,6146.9
partner_947,11,6798.65
partner_947,12,6274.38
partner_947,13,6009.81
partner_947,14,5931.31
partner_947,15,6635.41
partner_947,16,5763.64
partner_947,17,4980.97
partner_947,18,5621.82
partner_947,19,5588.11
partner_947,20,5142.95
partner_947,21,5084.96
partner_947,22,4473.06
partner_947,23,4951.97
partner_947,24,4220.49
partner_947,25,4587.53
partner_947,26,4300.66
partner_948,0,32802.73
partner_948,1,35806.91
partner_948,2,33570.24
partner_948,3,35062.43
partner_948,4,32716.37
partner_948,5,30124.97
partner_948,6,30592.6
partner_948,7,28682.66
partner_948,8,32852.88
partner_948,9,25240.0
partner_948,10,27197.05
partner_948,11,26949.32
partner_948,12,25886.69
partner_948,13,23269.39
partner_948,14,26368.93
partner_948,15,17746.59
partner_948,16,19321.56
partner_948,17,22373.73
partner_948,18,18505.67
partner_948,19,17782.54
partner_948,20,18092.32
partner_948,21,16912.89
partner_948,22,18882.3
partner_948,23,18720.32
partner_948,24,16749.78
partner_948,25,17750.63
partner_948,26,13376.18
partner_949,0,81883.92
partner_949,1,79206.18
partner_949,2,82521.36
partner_949,3,67899.82
partner_949,4,78775.64
partner_949,5,69077.93
partner_949,6,76451.91
partner_949,7,81616.39
partner_949,8,66427.65
partner_949,9,58766.72
partner_949,10,85488.99
partner_949,11,75679.64
partner_949,12,71384.78
partner_949,13,70988.43
partner_949,14,57031.85
partner_949,15,73663.59
partner_949,16,68329.01
partner_949,17,72536.08
partner_949,18,72376.02
partner_949,19,47784.39
partner_949,20,75692.9
partner_949,21,73520.99
partner_949,22,74490.07
partner_949,23,70833.93
partner_949,24,72510.45
partner_949,25,73404.38
partner_949,26,74136.45
partner_95,0,36035.88
partner_95,1,39563.85
partner_95,2,37524.92
partner_95,3,37292.22
partner_95,4,38841.58
partner_95,5,41337.56
partner_95,6,45438.2
partner_95,7,47776.87
partner_95,8,47941.42
partner_95,9,48587.37
partner_95,10,50816.79
partner_95,11,68384.25
partner_95,12,52381.76
partner_95,13,55630.43
partner_95,14,81307.9
partner_95,15,66164.72
partner_95,16,56814.54
partner_95,17,74186.15
partner_95,18,64562.84
partner_95,19,80434.56
partner_95,20,74925.56
partner_95,21,75961.2
partner_95,22,95754.75
partner_95,23,90473.45
partner_95,24,97533.48
partner_95,25,96283.65
partner_95,26,91528.02
partner_950,0,100328.48
partner_950,1,82312.35
partner_950,2,89553.83
partner_950,3,114048.22
partner_950,4,100665.4
partner_950,5,117169.61
partner_950,6,113882.74
partner_950,7,115103.13
partner_950,8,135652.41
partner_950,9,136148.07
partner_950,10,114873.92
partner_950,11,144709.34
partner_950,12,134273.4
partner_950,13,176181.52
partner_950,14,192595.15
partner_950,15,203964.05
partner_950,16,186507.32
partner_950,17,180052.92
partner_950,18,204248.86
partner_950,19,187944.72
partner_950,20,268460.35
partner_950,21,255184.01
partner_950,22,246243.7
partner_950,23,275483.78
partner_950,24,249691.89
partner_950,25,244786.21
partner_950,26,224710.97
partner_951,0,8098.1
partner_951,1,8699.71
partner_951,2,8281.06
partner_951,3,8662.16
partner_951,4,8941.03
partner_951,5,7062.64
partner_951,6,8988.85
partner_951,7,7933.99
partner_951,8,8698.3
partner_951,9,9115.65
partner_951,10,9121.33
partner_951,11,8377.06
partner_951,12,8417.85
partner_951,13,9007.88
partner_951,14,7028.74
partner_951,15,7483.27
partner_951,16,8039.29
partner_951,17,7167.99
partner_951,18,8045.53
partner_951,19,8000.35
partner_951,20,8342.29
partner_951,21,8223.2
partner_951,22,9154.62
partner_951,23,8744.13
partner_951,24,8211.5
partner_951,25,7994.63
partner_951,26,8230.91
partner_952,0,22414.97
partner_952,1,22171.24
partner_952,2,25641.86
partner_952,3,25681.56
partner_952,4,23810.16
partner_952,5,27840.3
partner_952,6,27541.85
partner_952,7,32431.75
partner_952,8,39854.87
partner_952,9,32476.79
partner_952,10,44338.78
partner_952,11,22823.22
partner_952,12,27001.56
partner_952,13,26293.03
partner_952,14,26548.07
partner_952,15,23547.87
partner_952,16,29711.47
partner_952,17,23731.92
partner_952,18,30450.62
partner_952,19,27092.61
partner_952,20,37869.59
partner_952,21,51956.15
partner_952,22,54701.25
partner_952,23,23421.22
partner_952,24,26115.49
partner_952,25,26769.59
partner_952,26,34801.64
partner_953,0,8620.87
partner_953,1,8017.62
partner_953,2,6850.81
partner_953,3,6336.59
partner_953,4,7307.07
partner_953,5,9587.84
partner_953,6,7984.85
partner_953,7,8605.07
partner_953,8,6680.31
partner_953,9,7531.15
partner_953,10,8390.59
partner_953,11,6934.92
partner_953,12,7734.52
partner_953,13,7099.48
partner_953,14,8427.64
partner_953,15,8094.53
partner_953,16,8316.28
partner_953,17,8462.39
partner_953,18,7607.09
partner_953,19,8565.26
partner_953,20,7325.16
partner_953,21,8271.4
partner_953,22,6250.06
partner_953,23,7203.33
partner_953,24,9587.01
partner_953,25,8259.93
partner_953,26,8260.21
partner_954,0,44837.88
partner_954,1,49015.92
partner_954,2,50008.92
partner_954,3,59985.64
partner_954,4,55476.93
partner_954,5,50895.31
partner_954,6,50677.73
partner_954,7,54163.89
partner_954,8,43707.16
partner_954,9,40673.49
partner_954,10,54089.62
partner_954,11,50709.45
partner_954,12,43740.79
partner_954,13,39799.82
partner_954,14,54847.23
partner_954,15,47721.02
partner_954,16,52362.08
partner_954,17,49018.94
partner_954,18,50174.51
partner_954,19,47365.09
partner_954,20,49961.69
partner_954,21,53252.28
partner_954,22,48958.68
partner_954,23,48671.23
partner_954,24,53405.66
partner_954,25,53741.18
partner_954,26,44619.98
partner_955,0,24746.48
partner_955,1,27155.89
partner_955,2,23644.63
partner_955,3,26683.97
partner_955,4,21545.07
partner_955,5,19923.85
partner_955,6,19433.76
partner_955,7,18980.69
partner_955,8,18565.65
partner_955,9,15570.03
partner_955,10,16224.18
partner_955,11,14808.12
partner_955,12,16922.61
partner_955,13,11905.9
partner_955,14,14393.49
partner_955,15,11551.64
partner_955,16,13654.65
partner_955,17,12077.38
partner_955,18,9892.92
partner_955,19,12713.23
partner_955,20,8356.23
partner_955,21,10697.48
partner_955,22,11026.14
partner_955,23,11276.23
partner_955,24,7991.89
partner_955,25,8682.3
partner_955,26,9751.61
partner_956,0,15926.68
partner_956,1,11826.33
partner_956,2,12701.22
partner_956,3,11617.79
partner_956,4,9490.56
partner_956,5,11517.8
partner_956,6,9143.97
partner_956,7,10640.27
partner_956,8,9411.7
partner_956,9,11316.73
partner_956,10,9824.52
partner_956,11,8601.03
partner_956,12,11180.29
partner_956,13,9501.55
partner_956,14,9508.23
partner_956,15,8811.31
partner_956,16,10700.6
partner_956,17,9687.34
partner_956,18,8701.18
partner_956,19,7365.97
partner_956,20,11200.07
partner_956,21,10539.45
partner_956,22,9893.98
partner_956,23,7899.6
partner_956,24,7932.2
partner_956,25,8535.27
partner_956,26,7344.02
partner_957,0,5355.65
partner_957,1,4872.46
partner_957,2,6122.99
partner_957,3,5368.97
partner_957,4,4654.61
partner_957,5,5241.75
partner_957,6,5713.11
partner_957,7,6272.89
partner_957,8,6361.05
partner_957,9,7153.89
partner_957,10,6337.9
partner_957,11,6306.23
partner_957,12,7578.01
partner_957,13,7538.06
partner_957,14,6846.25
partner_957,15,7335.67
partner_957,16,6916.78
partner_957,17,6539.05
partner_957,18,9194.86
partner_957,19,7264.46
partner_957,20,8056.38
partner_957,21,6764.92
partner_957,22,8721.77
partner_957,23,7278.67
partner_957,24,9847.83
partner_957,25,10136.2
partner_957,26,9249.1
partner_958,0,8219.22
partner_958,1,8336.37
partner_958,2,8718.98
partner_958,3,8451.37
partner_958,4,9198.49
partner_958,5,7607.01
partner_958,6,9656.15
partner_958,7,8022.17
partner_958,8,7751.44
partner_958,9,8679.93
partner_958,10,8733.49
partner_958,11,6921.53
partner_958,12,7973.21
partner_958,13,6556.85
partner_958,14,7810.21
partner_958,15,7846.28
partner_958,16,8625.36
partner_958,17,7716.33
partner_958,18,7914.63
partner_958,19,9468.36
partner_958,20,10105.21
partner_958,21,7604.83
partner_958,22,9229.95
partner_958,23,8701.03
partner_958,24,6919.75
partner_958,25,7713.5
partner_958,26,5840.03
partner_959,0,9227.35
partner_959,1,11642.31
partner_959,2,10920.53
partner_959,3,8846.2
partner_959,4,8762.02
partner_959,5,11193.51
partner_959,6,9068.59
partner_959,7,11270.49
partner_959,8,13283.15
partner_959,9,11324.76
partner_959,10,12067.4
partner_959,11,12146.69
partner_959,12,10540.58
partner_959,13,11683.0
partner_959,14,10443.41
partner_959,15,13260.67
partner_959,16,10650.28
partner_959,17,13002.94
partner_959,18,13757.88
partner_959,19,11952.71
partner_959,20,11864.08
partner_959,21,12784.13
partner_959,22,12046.98
partner_959,23,13664.3
partner_959,24,12429.39
partner_959,25,12742.96
partner_959,26,14930.95
partner_96,0,12056.92
partner_96,1,11177.49
partner_96,2,10612.99
partner_96,3,10796.91
partner_96,4,11065.23
partner_96,5,10506.96
partner_96,6,13951.08
partner_96,7,16436.6
partner_96,8,15539.49
partner_96,9,11375.34
partner_96,10,11118.57
partner_96,11,12052.36
partner_96,12,12027.5
partner_96,13,11563.57
partner_96,14,9905.5
partner_96,15,13710.42
partner_96,16,11880.42
partner_96,17,13152.28
partner_96,18,15010.62
partner_96,19,16887.34
partner_96,20,20665.68
partner_96,21,13832.85
partner_96,22,12793.96
partner_96,23,12218.31
partner_96,24,13224.44
partner_96,25,12649.78
partner_96,26,12427.45
partner_960,0,86984.31
partner_960,1,74860.26
partner_960,2,100107.25
partner_960,3,85596.29
partner_960,4,108095.98
partner_960,5,88428.15
partner_960,6,90831.39
partner_960,7,85745.5
partner_960,8,91795.93
partner_960,9,120769.75
partner_960,10,86487.35
partner_960,11,101052.39
partner_960,12,90426.83
partner_960,13,100133.53
partner_960,14,72302.09
partner_960,15,107043.66
partner_960,16,92670.71
partner_960,17,87215.14
partner_960,18,97709.6
partner_960,19,90904.27
partner_960,20,79327.97
partner_960,21,67898.49
partner_960,22,105978.78
partner_960,23,87617.56
partner_960,24,84121.88
partner_960,25,84818.3
partner_960,26,102738.41
partner_961,0,19861.75
partner_961,1,17645.0
partner_961,2,21596.5
partner_961,3,21597.3
partner_961,4,17801.64
partner_961,5,18681.98
partner_961,6,18591.39
partner_961,7,18883.66
partner_961,8,21250.39
partner_961,9,16864.79
partner_961,10,16548.44
partner_961,11,16508.38
partner_961,12,14943.81
partner_961,13,13409.41
partner_961,14,16118.21
partner_961,15,16440.52
partner_961,16,15337.67
partner_961,17,14961.47
partner_961,18,13454.31
partner_961,19,14881.22
partner_961,20,14493.76
partner_961,21,14657.81
partner_961,22,14184.28
partner_961,23,14021.72
partner_961,24,14992.68
partner_961,25,13749.86
partner_961,26,13383.6
partner_962,0,33826.77
partner_962,1,34511.79
partner_962,2,29346.67
partner_962,3,39926.28
partner_962,4,24408.27
partner_962,5,36591.65
partner_962,6,32611.0
partner_962,7,24867.41
partner_962,8,36314.0
partner_962,9,31151.86
partner_962,10,22236.32
partner_962,11,27370.08
partner_962,12,29565.45
partner_962,13,32284.58
partner_962,14,25960.85
partner_962,15,19547.18
partner_962,16,29916.44
partner_962,17,26916.93
partner_962,18,19558.56
partner_962,19,25576.46
partner_962,20,25375.32
partner_962,21,23076.33
partner_962,22,21485.68
partner_962,23,21601.16
partner_962,24,21856.59
partner_962,25,22973.85
partner_962,26,23507.09
partner_963,0,3553.56
partner_963,1,3336.82
partner_963,2,3049.12
partner_963,3,3514.44
partner_963,4,3381.06
partner_963,5,2780.63
partner_963,6,2772.03
partner_963,7,2915.98
partner_963,8,2957.87
partner_963,9,2331.84
partner_963,10,2201.54
partner_963,11,2446.47
partner_963,12,2046.94
partner_963,13,1798.9
partner_963,14,1985.37
partner_963,15,2181.93
partner_963,16,2343.6
partner_963,17,1825.21
partner_963,18,1878.81
partner_963,19,1871.08
partner_963,20,1668.55
partner_963,21,1602.33
partner_963,22,1729.51
partner_963,23,1426.58
partner_963,24,1449.06
partner_963,25,1489.18
partner_963,26,1519.48
partner_964,0,14712.31
partner_964,1,13577.52
partner_964,2,16010.34
partner_964,3,13662.91
partner_964,4,15141.2
partner_964,5,14956.01
partner_964,6,13948.02
partner_964,7,12498.92
partner_964,8,15563.67
partner_964,9,17324.13
partner_964,10,19572.71
partner_964,11,21146.79
partner_964,12,12094.85
partner_964,13,12948.67
partner_964,14,12791.52
partner_964,15,13912.46
partner_964,16,13219.6
partner_964,17,13361.93
partner_964,18,14683.46
partner_964,19,14263.71
partner_964,20,16323.31
partner_964,21,16863.57
partner_964,22,19749.06
partner_964,23,26006.6
partner_964,24,13649.42
partner_964,25,11617.39
partner_964,26,15267.56
partner_965,0,5973.06
partner_965,1,6600.94
partner_965,2,6430.81
partner_965,3,6590.47
partner_965,4,7804.01
partner_965,5,5655.39
partner_965,6,6544.55
partner_965,7,7186.07
partner_965,8,6754.57
partner_965,9,8036.47
partner_965,10,8256.48
partner_965,11,9983.97
partner_965,12,9360.85
partner_965,13,9595.56
partner_965,14,9791.72
partner_965,15,9454.92
partner_965,16,11946.66
partner_965,17,12765.88
partner_965,18,10389.13
partner_965,19,14261.36
partner_965,20,11886.22
partner_965,21,12231.7
partner_965,22,14380.73
partner_965,23,15056.41
partner_965,24,14693.42
partner_965,25,14831.28
partner_965,26,17819.02
partner_966,0,22783.32
partner_966,1,17134.92
partner_966,2,19159.5
partner_966,3,22475.76
partner_966,4,21788.76
partner_966,5,22889.21
partner_966,6,18508.63
partner_966,7,22350.22
partner_966,8,21357.23
partner_966,9,27390.36
partner_966,10,24492.01
partner_966,11,22951.42
partner_966,12,24020.3
partner_966,13,23836.56
partner_966,14,25750.9
partner_966,15,22342.24
partner_966,16,28192.83
partner_966,17,21847.42
partner_966,18,26090.85
partner_966,19,23816.05
partner_966,20,26463.16
partner_966,21,29394.17
partner_966,22,22507.63
partner_966,23,27103.84
partner_966,24,23960.54
partner_966,25,27622.34
partner_966,26,24687.39
partner_967,0,9172.49
partner_967,1,9860.33
partner_967,2,9044.87
partner_967,3,10127.12
partner_967,4,10887.32
partner_967,5,8933.93
partner_967,6,11578.85
partner_967,7,10379.94
partner_967,8,9670.73
partner_967,9,11358.46
partner_967,10,11266.19
partner_967,11,10033.13
partner_967,12,10690.63
partner_967,13,14384.33
partner_967,14,13072.01
partner_967,15,15024.21
partner_967,16,12902.54
partner_967,17,12742.0
partner_967,18,11853.58
partner_967,19,16084.16
partner_967,20,15708.02
partner_967,21,14891.77
partner_967,22,14706.97
partner_967,23,18286.67
partner_967,24,16609.85
partner_967,25,17108.55
partner_967,26,16825.63
partner_968,0,7170.75
partner_968,1,5834.11
partner_968,2,6851.72
partner_968,3,7446.34
partner_968,4,6739.23
partner_968,5,7513.38
partner_968,6,7708.02
partner_968,7,7410.99
partner_968,8,6431.68
partner_968,9,6772.75
partner_968,10,7031.85
partner_968,11,6477.56
partner_968,12,6454.89
partner_968,13,6413.96
partner_968,14,8525.66
partner_968,15,6612.58
partner_968,16,7523.2
partner_968,17,6205.92
partner_968,18,7953.51
partner_968,19,6539.53
partner_968,20,6832.85
partner_968,21,5551.17
partner_968,22,7555.78
partner_968,23,7703.01
partner_968,24,5989.87
partner_968,25,7595.34
partner_968,26,5887.91
partner_969,0,34547.73
partner_969,1,41640.46
partner_969,2,52306.92
partner_969,3,53059.95
partner_969,4,54705.9
partner_969,5,29179.18
partner_969,6,31966.66
partner_969,7,39460.08
partner_969,8,35724.39
partner_969,9,29862.78
partner_969,10,38969.5
partner_969,11,35191.01
partner_969,12,38260.08
partner_969,13,41879.83
partner_969,14,50828.54
partner_969,15,45833.0
partner_969,16,63864.12
partner_969,17,26647.6
partner_969,18,38047.01
partner_969,19,35018.48
partner_969,20,37717.32
partner_969,21,35501.04
partner_969,22,38777.37
partner_969,23,35557.32
partner_969,24,38063.01
partner_969,25,43532.14
partner_969,26,60727.76
partner_97,0,9784.18
partner_97,1,9051.96
partner_97,2,11669.49
partner_97,3,12069.76
partner_97,4,14682.79
partner_97,5,14875.5
partner_97,6,8600.43
partner_97,7,10701.29
partner_97,8,8847.41
partner_97,9,9189.14
partner_97,10,11214.59
partner_97,11,9481.9
partner_97,12,10016.97
partner_97,13,9595.08
partner_97,14,13058.42
partner_97,15,15927.38
partner_97,16,18503.91
partner_97,17,18310.4
partner_97,18,10735.92
partner_97,19,10184.04
partner_97,20,9955.21
partner_97,21,12340.09
partner_97,22,11866.29
partner_97,23,10353.63
partner_97,24,11339.62
partner_97,25,11456.19
partner_97,26,11831.55
partner_970,0,9597.48
partner_970,1,11265.54
partner_970,2,12508.81
partner_970,3,10771.92
partner_970,4,14851.96
partner_970,5,12904.06
partner_970,6,13810.75
partner_970,7,12114.1
partner_970,8,16090.63
partner_970,9,14454.38
partner_970,10,14631.84
partner_970,11,16000.18
partner_970,12,19657.64
partner_970,13,18889.16
partner_970,14,17185.58
partner_970,15,18667.85
partner_970,16,23506.63
partner_970,17,21022.85
partner_970,18,23764.09
partner_970,19,25411.52
partner_970,20,16175.78
partner_970,21,28935.21
partner_970,22,24557.72
partner_970,23,27045.1
partner_970,24,33835.91
partner_970,25,35078.9
partner_970,26,33605.26
partner_971,0,10821.99
partner_971,1,10000.79
partner_971,2,10665.65
partner_971,3,11532.14
partner_971,4,12619.56
partner_971,5,13625.22
partner_971,6,18317.85
partner_971,7,14914.28
partner_971,8,11485.56
partner_971,9,11648.17
partner_971,10,11698.84
partner_971,11,12647.34
partner_971,12,12590.21
partner_971,13,14477.88
partner_971,14,11385.86
partner_971,15,12841.79
partner_971,16,14218.17
partner_971,17,16911.23
partner_971,18,16819.68
partner_971,19,17107.97
partner_971,20,12502.03
partner_971,21,10606.62
partner_971,22,12264.34
partner_971,23,11958.78
partner_971,24,12502.51
partner_971,25,14466.55
partner_971,26,11752.73
partner_972,0,33821.32
partner_972,1,38507.55
partner_972,2,37192.55
partner_972,3,36197.07
partner_972,4,39776.89
partner_972,5,35302.96
partner_972,6,46318.31
partner_972,7,31987.69
partner_972,8,52473.91
partner_972,9,53170.37
partner_972,10,60394.17
partner_972,11,65909.65
partner_972,12,61492.4
partner_972,13,54774.23
partner_972,14,73934.13
partner_972,15,55588.78
partner_972,16,53123.86
partner_972,17,80816.97
partner_972,18,75129.07
partner_972,19,59835.97
partner_972,20,66171.96
partner_972,21,83941.51
partner_972,22,75489.79
partner_972,23,79693.02
partner_972,24,106873.21
partner_972,25,112761.44
partner_972,26,97886.04
partner_973,0,8212.42
partner_973,1,7109.59
partner_973,2,5852.46
partner_973,3,5452.47
partner_973,4,7477.19
partner_973,5,8196.92
partner_973,6,7544.68
partner_973,7,8142.74
partner_973,8,8217.97
partner_973,9,8576.68
partner_973,10,7672.94
partner_973,11,7740.44
partner_973,12,7504.91
partner_973,13,7337.98
partner_973,14,6348.48
partner_973,15,8415.44
partner_973,16,7243.56
partner_973,17,7200.4
partner_973,18,7124.65
partner_973,19,6522.96
partner_973,20,7468.19
partner_973,21,7921.63
partner_973,22,7001.36
partner_973,23,8314.22
partner_973,24,7255.12
partner_973,25,6378.14
partner_973,26,8567.39
partner_974,0,82504.41
partner_974,1,70712.82
partner_974,2,76290.77
partner_974,3,91534.32
partner_974,4,101182.25
partner_974,5,88665.84
partner_974,6,85108.85
partner_974,7,109325.88
partner_974,8,90401.9
partner_974,9,102666.11
partner_974,10,98055.28
partner_974,11,108412.18
partner_974,12,98514.92
partner_974,13,107929.37
partner_974,14,108312.07
partner_974,15,126983.93
partner_974,16,124744.06
partner_974,17,137630.31
partner_974,18,119601.23
partner_974,19,131554.39
partner_974,20,147120.29
partner_974,21,154956.06
partner_974,22,125805.41
partner_974,23,156384.77
partner_974,24,143501.94
partner_974,25,175622.93
partner_974,26,196777.69
partner_975,0,8217.48
partner_975,1,9026.31
partner_975,2,8790.96
partner_975,3,9620.7
partner_975,4,8863.87
partner_975,5,8328.47
partner_975,6,7897.03
partner_975,7,7749.1
partner_975,8,8141.14
partner_975,9,8297.38
partner_975,10,9131.83
partner_975,11,8656.51
partner_975,12,8221.92
partner_975,13,7906.71
partner_975,14,8176.43
partner_975,15,8298.31
partner_975,16,8136.41
partner_975,17,9386.3
partner_975,18,9997.45
partner_975,19,7760.07
partner_975,20,9778.65
partner_975,21,9404.0
partner_975,22,8952.52
partner_975,23,10136.94
partner_975,24,8644.6
partner_975,25,9147.78
partner_975,26,8903.15
partner_976,0,26687.01
partner_976,1,23989.18
partner_976,2,24287.25
partner_976,3,24555.64
partner_976,4,26503.2
partner_976,5,34117.43
partner_976,6,35859.37
partner_976,7,46875.87
partner_976,8,45547.57
partner_976,9,26254.18
partner_976,10,31320.19
partner_976,11,29979.76
partner_976,12,28160.97
partner_976,13,28160.67
partner_976,14,28916.39
partner_976,15,24628.36
partner_976,16,27867.71
partner_976,17,35789.15
partner_976,18,34943.92
partner_976,19,44958.16
partner_976,20,47070.8
partner_976,21,39135.75
partner_976,22,32641.15
partner_976,23,34218.1
partner_976,24,28587.14
partner_976,25,32485.01
partner_976,26,26065.51
partner_977,0,18798.2
partner_977,1,22025.4
partner_977,2,21480.6
partner_977,3,18643.64
partner_977,4,17592.64
partner_977,5,17243.71
partner_977,6,17345.85
partner_977,7,16835.33
partner_977,8,17679.05
partner_977,9,15406.05
partner_977,10,18270.55
partner_977,11,17666.51
partner_977,12,15090.18
partner_977,13,13771.94
partner_977,14,13064.61
partner_977,15,13775.62
partner_977,16,13554.55
partner_977,17,12248.72
partner_977,18,11618.82
partner_977,19,12114.52
partner_977,20,11400.13
partner_977,21,10327.76
partner_977,22,10718.77
partner_977,23,9634.26
partner_977,24,9176.32
partner_977,25,9595.31
partner_977,26,8754.73
partner_978,0,17915.5
partner_978,1,22858.97
partner_978,2,21230.2
partner_978,3,18982.1
partner_978,4,23887.25
partner_978,5,20568.1
partner_978,6,27458.71
partner_978,7,24274.76
partner_978,8,25903.83
partner_978,9,25511.52
partner_978,10,27025.08
partner_978,11,26624.5
partner_978,12,25593.63
partner_978,13,30186.12
partner_978,14,33315.6
partner_978,15,27554.83
partner_978,16,37364.03
partner_978,17,35527.05
partner_978,18,33172.76
partner_978,19,34272.5
partner_978,20,44093.39
partner_978,21,42080.38
partner_978,22,44358.48
partner_978,23,40181.24
partner_978,24,45032.09
partner_978,25,45701.81
partner_978,26,44910.07
partner_979,0,29015.9
partner_979,1,30294.42
partner_979,2,25459.97
partner_979,3,22687.51
partner_979,4,30409.34
partner_979,5,30442.15
partner_979,6,27162.48
partner_979,7,30798.57
partner_979,8,26972.42
partner_979,9,23742.63
partner_979,10,22689.93
partner_979,11,22664.97
partner_979,12,26128.7
partner_979,13,24899.11
partner_979,14,24605.01
partner_979,15,25837.59
partner_979,16,28357.54
partner_979,17,24688.19
partner_979,18,24248.42
partner_979,19,24860.55
partner_979,20,28521.96
partner_979,21,25933.93
partner_979,22,26847.83
partner_979,23,30172.8
partner_979,24,33542.52
partner_979,25,27789.28
partner_979,26,27530.65
partner_98,0,7322.72
partner_98,1,7269.75
partner_98,2,8487.15
partner_98,3,9430.78
partner_98,4,9926.61
partner_98,5,12964.58
partner_98,6,12071.41
partner_98,7,8973.42
partner_98,8,8314.16
partner_98,9,7788.73
partner_98,10,8535.63
partner_98,11,7361.01
partner_98,12,8868.15
partner_98,13,7646.53
partner_98,14,9422.77
partner_98,15,8997.72
partner_98,16,11783.21
partner_98,17,10580.1
partner_98,18,11090.74
partner_98,19,8623.1
partner_98,20,9262.64
partner_98,21,9657.01
partner_98,22,8297.11
partner_98,23,9764.6
partner_98,24,7999.75
partner_98,25,9168.56
partner_98,26,7653.79
partner_980,0,70142.87
partner_980,1,74214.17
partner_980,2,45906.04
partner_980,3,51328.19
partner_980,4,49713.49
partner_980,5,48268.18
partner_980,6,45804.57
partner_980,7,40750.87
partner_980,8,45847.27
partner_980,9,40826.16
partner_980,10,48587.05
partner_980,11,70832.93
partner_980,12,73833.14
partner_980,13,71409.37
partner_980,14,43020.93
partner_980,15,41012.69
partner_980,16,32364.78
partner_980,17,35919.64
partner_980,18,43509.84
partner_980,19,37110.36
partner_980,20,40579.48
partner_980,21,37249.46
partner_980,22,44190.78
partner_980,23,57691.95
partner_980,24,73454.82
partner_980,25,74547.04
partner_980,26,36941.33
partner_981,0,28422.54
partner_981,1,29823.79
partner_981,2,26055.1
partner_981,3,28595.17
partner_981,4,26382.43
partner_981,5,24019.41
partner_981,6,22030.35
partner_981,7,20604.03
partner_981,8,17912.63
partner_981,9,17585.57
partner_981,10,21398.6
partner_981,11,21587.61
partner_981,12,16110.23
partner_981,13,17520.07
partner_981,14,14124.69
partner_981,15,14572.72
partner_981,16,15963.08
partner_981,17,14211.56
partner_981,18,11673.12
partner_981,19,16302.49
partner_981,20,13336.01
partner_981,21,11485.18
partner_981,22,12597.53
partner_981,23,11885.88
partner_981,24,12030.92
partner_981,25,10743.25
partner_981,26,11050.64
partner_982,0,10130.41
partner_982,1,10859.61
partner_982,2,12647.83
partner_982,3,11025.15
partner_982,4,11573.24
partner_982,5,11119.66
partner_982,6,11192.43
partner_982,7,11093.35
partner_982,8,10199.83
partner_982,9,12204.35
partner_982,10,12908.09
partner_982,11,11462.6
partner_982,12,12776.42
partner_982,13,11095.51
partner_982,14,11026.63
partner_982,15,12147.76
partner_982,16,12167.22
partner_982,17,11536.96
partner_982,18,12458.01
partner_982,19,10166.82
partner_982,20,11313.84
partner_982,21,12794.34
partner_982,22,12791.2
partner_982,23,12644.05
partner_982,24,12859.59
partner_982,25,11233.84
partner_982,26,9678.82
partner_983,0,7672.07
partner_983,1,7789.96
partner_983,2,6833.69
partner_983,3,6515.04
partner_983,4,6586.82
partner_983,5,6821.14
partner_983,6,5844.84
partner_983,7,6833.06
partner_983,8,7247.84
partner_983,9,7142.7
partner_983,10,6975.07
partner_983,11,6716.12
partner_983,12,6800.12
partner_983,13,6812.87
partner_983,14,7722.19
partner_983,15,7212.63
partner_983,16,9497.64
partner_983,17,6973.58
partner_983,18,7529.15
partner_983,19,6989.67
partner_983,20,6972.14
partner_983,21,8340.29
partner_983,22,7932.87
partner_983,23,5947.59
partner_983,24,6475.72
partner_983,25,7115.03
partner_983,26,6840.29
partner_984,0,11106.39
partner_984,1,13428.4
partner_984,2,13797.18
partner_984,3,13557.13
partner_984,4,11916.63
partner_984,5,13496.15
partner_984,6,11746.54
partner_984,7,11957.53
partner_984,8,9903.81
partner_984,9,11944.49
partner_984,10,10049.92
partner_984,11,11285.37
partner_984,12,10736.77
partner_984,13,9402.66
partner_984,14,9249.36
partner_984,15,8464.33
partner_984,16,7673.56
partner_984,17,8587.41
partner_984,18,8287.0
partner_984,19,6387.64
partner_984,20,7329.18
partner_984,21,7788.48
partner_984,22,7967.87
partner_984,23,7227.49
partner_984,24,5543.08
partner_984,25,5668.39
partner_984,26,5931.95
partner_985,0,20923.8
partner_985,1,14861.07
partner_985,2,12884.44
partner_985,3,14056.07
partner_985,4,12812.52
partner_985,5,16664.05
partner_985,6,13667.55
partner_985,7,12591.77
partner_985,8,13000.83
partner_985,9,17233.16
partner_985,10,19958.61
partner_985,11,25915.31
partner_985,12,23952.51
partner_985,13,17318.54
partner_985,14,15030.4
partner_985,15,17374.09
partner_985,16,14368.69
partner_985,17,13601.5
partner_985,18,14816.76
partner_985,19,14526.8
partner_985,20,14949.57
partner_985,21,19897.36
partner_985,22,22385.24
partner_985,23,27131.53
partner_985,24,28386.55
partner_985,25,14175.62
partner_985,26,18164.08
partner_986,0,4005.27
partner_986,1,5496.17
partner_986,2,4476.86
partner_986,3,4949.95
partner_986,4,5211.53
partner_986,5,6054.73
partner_986,6,6303.04
partner_986,7,7231.43
partner_986,8,6911.25
partner_986,9,7997.62
partner_986,10,7904.79
partner_986,11,7200.89
partner_986,12,7750.56
partner_986,13,9982.0
partner_986,14,10167.18
partner_986,15,10235.54
partner_986,16,10818.1
partner_986,17,10791.05
partner_986,18,11128.43
partner_986,19,11299.84
partner_986,20,13736.03
partner_986,21,11691.06
partner_986,22,13110.83
partner_986,23,11085.68
partner_986,24,11963.59
partner_986,25,17224.88
partner_986,26,16162.52
partner_987,0,6276.15
partner_987,1,7124.17
partner_987,2,7833.38
partner_987,3,7660.04
partner_987,4,8485.09
partner_987,5,7534.62
partner_987,6,5525.6
partner_987,7,8995.51
partner_987,8,7464.69
partner_987,9,9517.51
partner_987,10,10625.74
partner_987,11,10762.41
partner_987,12,7304.12
partner_987,13,7310.39
partner_987,14,6297.2
partner_987,15,9125.24
partner_987,16,7715.41
partner_987,17,7278.45
partner_987,18,8606.74
partner_987,19,6648.69
partner_987,20,8763.13
partner_987,21,8751.43
partner_987,22,10825.18
partner_987,23,10838.51
partner_987,24,5511.36
partner_987,25,6156.57
partner_987,26,8317.73
partner_988,0,25562.41
partner_988,1,23199.03
partner_988,2,24129.16
partner_988,3,30438.79
partner_988,4,33194.26
partner_988,5,27960.77
partner_988,6,34859.68
partner_988,7,34976.11
partner_988,8,37283.85
partner_988,9,35284.45
partner_988,10,34197.19
partner_988,11,34422.37
partner_988,12,35119.23
partner_988,13,50488.4
partner_988,14,44538.05
partner_988,15,41348.95
partner_988,16,53921.51
partner_988,17,48974.57
partner_988,18,50472.78
partner_988,19,68380.98
partner_988,20,51557.55
partner_988,21,63886.18
partner_988,22,61641.46
partner_988,23,63599.32
partner_988,24,61603.44
partner_988,25,76195.94
partner_988,26,72551.39
partner_989,0,9818.13
partner_989,1,9556.58
partner_989,2,12353.07
partner_989,3,11980.4
partner_989,4,10738.28
partner_989,5,10281.93
partner_989,6,9967.56
partner_989,7,14131.29
partner_989,8,14293.26
partner_989,9,14945.37
partner_989,10,13802.67
partner_989,11,15589.2
partner_989,12,16427.18
partner_989,13,15275.51
partner_989,14,15315.72
partner_989,15,14801.38
partner_989,16,17659.57
partner_989,17,18468.32
partner_989,18,17326.5
partner_989,19,18111.34
partner_989,20,18839.68
partner_989,21,21459.79
partner_989,22,17712.78
partner_989,23,18861.09
partner_989,24,19519.02
partner_989,25,22274.78
partner_989,26,24084.24
partner_99,0,9605.25
partner_99,1,13875.68
partner_99,2,16835.12
partner_99,3,14629.84
partner_99,4,8472.27
partner_99,5,8916.77
partner_99,6,8437.99
partner_99,7,9225.22
partner_99,8,9394.49
partner_99,9,9001.95
partner_99,10,10889.32
partner_99,11,8953.39
partner_99,12,12266.36
partner_99,13,11611.05
partner_99,14,15142.88
partner_99,15,16775.12
partner_99,16,10170.37
partner_99,17,8733.46
partner_99,18,9601.46
partner_99,19,9458.84
partner_99,20,8568.06
partner_99,21,9601.06
partner_99,22,10776.32
partner_99,23,9839.11
partner_99,24,11081.26
partner_99,25,13471.08
partner_99,26,12502.42
partner_990,0,17784.53
partner_990,1,18687.12
partner_990,2,16977.21
partner_990,3,18133.06
partner_990,4,14810.65
partner_990,5,14849.47
partner_990,6,17141.59
partner_990,7,16240.01
partner_990,8,14846.43
partner_990,9,18625.82
partner_990,10,16789.72
partner_990,11,17447.34
partner_990,12,15203.41
partner_990,13,19041.31
partner_990,14,16048.41
partner_990,15,17963.94
partner_990,16,15352.45
partner_990,17,16577.56
partner_990,18,17212.03
partner_990,19,19555.65
partner_990,20,15585.74
partner_990,21,16632.85
partner_990,22,17267.49
partner_990,23,13996.06
partner_990,24,12757.87
partner_990,25,14679.14
partner_990,26,17879.37
partner_991,0,45087.22
partner_991,1,43628.16
partner_991,2,57295.23
partner_991,3,46863.28
partner_991,4,47825.11
partner_991,5,56919.65
partner_991,6,56102.88
partner_991,7,54311.54
partner_991,8,41170.67
partner_991,9,43420.88
partner_991,10,55237.63
partner_991,11,51250.88
partner_991,12,45808.71
partner_991,13,47960.37
partner_991,14,55190.33
partner_991,15,57259.78
partner_991,16,49642.19
partner_991,17,46259.81
partner_991,18,48303.44
partner_991,19,56343.12
partner_991,20,56246.1
partner_991,21,50636.76
partner_991,22,47041.79
partner_991,23,55050.16
partner_991,24,57733.33
partner_991,25,42452.02
partner_991,26,48517.33
partner_992,0,40431.49
partner_992,1,41365.61
partner_992,2,35562.33
partner_992,3,40636.71
partner_992,4,41952.74
partner_992,5,38689.26
partner_992,6,37905.79
partner_992,7,40284.19
partner_992,8,42488.09
partner_992,9,60378.02
partner_992,10,57611.36
partner_992,11,65417.03
partner_992,12,40471.92
partner_992,13,39263.72
partner_992,14,48271.32
partner_992,15,42096.12
partner_992,16,39991.63
partner_992,17,39796.61
partner_992,18,45019.22
partner_992,19,48820.74
partner_992,20,56174.94
partner_992,21,57949.22
partner_992,22,66136.1
partner_992,23,68892.83
partner_992,24,45277.38
partner_992,25,41292.25
partner_992,26,51537.13
partner_993,0,11977.61
partner_993,1,13345.35
partner_993,2,9971.05
partner_993,3,9435.75
partner_993,4,8295.6
partner_993,5,7891.02
partner_993,6,6394.05
partner_993,7,7836.72
partner_993,8,8262.18
partner_993,9,8388.12
partner_993,10,9495.74
partner_993,11,12545.93
partner_993,12,12414.95
partner_993,13,14212.98
partner_993,14,8319.46
partner_993,15,7692.69
partner_993,16,9878.7
partner_993,17,9121.79
partner_993,18,7843.25
partner_993,19,8986.4
partner_993,20,7429.14
partner_993,21,8380.08
partner_993,22,11427.52
partner_993,23,12667.1
partner_993,24,14680.31
partner_993,25,15749.79
partner_993,26,9248.53
partner_994,0,18680.04
partner_994,1,21444.27
partner_994,2,23263.27
partner_994,3,25330.91
partner_994,4,23753.78
partner_994,5,20621.91
partner_994,6,20722.02
partner_994,7,26054.58
partner_994,8,25537.58
partner_994,9,24922.76
partner_994,10,25010.29
partner_994,11,29039.04
partner_994,12,33110.54
partner_994,13,30350.49
partner_994,14,34646.42
partner_994,15,30131.22
partner_994,16,33419.82
partner_994,17,37138.49
partner_994,18,32917.67
partner_994,19,34281.25
partner_994,20,33646.82
partner_994,21,37853.73
partner_994,22,39830.6
partner_994,23,38661.95
partner_994,24,37307.74
partner_994,25,33182.0
partner_994,26,39714.67
partner_995,0,23422.71
partner_995,1,27923.06
partner_995,2,23395.64
partner_995,3,22079.32
partner_995,4,24192.68
partner_995,5,26661.91
partner_995,6,32876.31
partner_995,7,26907.08
partner_995,8,28472.15
partner_995,9,34971.44
partner_995,10,37970.55
partner_995,11,30823.78
partner_995,12,31277.1
partner_995,13,36500.86
partner_995,14,44002.26
partner_995,15,43646.2
partner_995,16,41481.87
partner_995,17,50192.83
partner_995,18,49314.06
partner_995,19,50217.19
partner_995,20,44364.18
partner_995,21,50888.31
partner_995,22,68707.7
partner_995,23,57872.82
partner_995,24,56441.48
partner_995,25,62559.67
partner_995,26,68597.35
partner_996,0,10619.82
partner_996,1,12527.93
partner_996,2,11728.99
partner_996,3,10111.68
partner_996,4,10194.05
partner_996,5,10681.59
partner_996,6,10888.96
partner_996,7,8137.12
partner_996,8,9427.73
partner_996,9,9106.61
partner_996,10,8405.14
partner_996,11,8197.07
partner_996,12,9382.11
partner_996,13,8724.48
partner_996,14,9783.49
partner_996,15,7436.07
partner_996,16,7799.91
partner_996,17,7740.56
partner_996,18,7982.68
partner_996,19,8119.85
partner_996,20,7040.91
partner_996,21,6061.49
partner_996,22,6169.66
partner_996,23,6573.45
partner_996,24,7034.01
partner_996,25,5278.26
partner_996,26,5316.86
partner_997,0,29465.13
partner_997,1,30035.74
partner_997,2,37689.57
partner_997,3,33094.15
partner_997,4,32835.28
partner_997,5,38473.91
partner_997,6,30245.72
partner_997,7,29565.45
partner_997,8,39356.94
partner_997,9,34632.81
partner_997,10,36143.51
partner_997,11,32790.36
partner_997,12,33482.41
partner_997,13,31461.4
partner_997,14,34919.79
partner_997,15,36656.8
partner_997,16,34506.44
partner_997,17,37433.62
partner_997,18,36084.93
partner_997,19,30294.91
partner_997,20,33353.31
partner_997,21,32325.66
partner_997,22,36393.03
partner_997,23,35405.33
partner_997,24,34274.27
partner_997,25,37273.48
partner_997,26,27529.12
partner_998,0,6443.37
partner_998,1,6521.66
partner_998,2,6075.85
partner_998,3,5189.32
partner_998,4,6114.04
partner_998,5,5850.77
partner_998,6,4845.91
partner_998,7,5420.17
partner_998,8,5697.14
partner_998,9,6292.59
partner_998,10,4731.31
partner_998,11,5633.25
partner_998,12,4580.82
partner_998,13,4406.21
partner_998,14,4361.8
partner_998,15,5175.36
partner_998,16,4860.81
partner_998,17,4569.74
partner_998,18,4851.7
partner_998,19,4580.32
partner_998,20,4534.97
partner_998,21,4276.5
partner_998,22,3890.99
partner_998,23,4985.25
partner_998,24,4779.9
partner_998,25,4778.17
partner_998,26,3835.03
partner_999,0,61520.4
partner_999,1,69049.98
partner_999,2,86885.28
partner_999,3,77344.73
partner_999,4,45320.51
partner_999,5,52887.7
partner_999,6,49316.8
partner_999,7,51717.9
partner_999,8,37731.93
partner_999,9,46820.45
partner_999,10,51278.91
partner_999,11,44984.84
partner_999,12,49898.62
partner_999,13,69797.94
partner_999,14,85431.06
partner_999,15,72415.74
partner_999,16,48613.48
partner_999,17,48530.47
partner_999,18,41780.46
partner_999,19,55153.38
partner_999,20,48218.11
partner_999,21,48107.63
partner_999,22,50879.98
partner_999,23,42615.87
partner_999,24,60916.35
partner_999,25,73163.02
partner_999,26,77085.32
