partner_id,region,vertical,partner_tier,months_as_partner,nps_score,nps_trend,support_tickets_last_quarter,avg_resolution_time_days,engagement_score,days_since_last_contact,num_active_deals,has_competitor_relationship,churn_probability,churned_next_quarter,avg_monthly_gtv,gtv_trend_3m,gtv_volatility,seasonal_autocorr_lag12,has_seasonality,gtv_vs_peers,gtv_vs_market_growth
partner_1,LATAM,Retail,Silver,38,3,declining,13,2.6,0.0,106,0,0,0.9585,1,25676.34,-12.88,0.0918,-0.3353,0,0.3929,-15.15
partner_2,NA,Tech,Bronze,51,8,improving,2,3.9,62.7,37,2,0,0.0033,0,5250.91,-8.96,0.0977,0.5167,1,0.1026,-12.53
partner_3,APAC,Retail,Gold,40,6,stable,3,5.2,23.6,48,2,0,0.0891,1,52123.68,8.71,0.1447,-0.303,0,0.4286,6.44
partner_4,LATAM,Retail,Silver,37,10,stable,0,1.7,100.0,0,6,0,0.0001,0,30540.24,9.09,0.2394,0.7044,1,0.5714,6.82
partner_5,EMEA,Manufacturing,Bronze,30,4,stable,9,6.1,17.4,71,0,0,0.9296,0,13281.64,1.5,0.0879,-0.3436,0,0.8462,0.91
partner_6,APAC,Tech,Gold,17,8,stable,3,2.8,57.6,39,3,1,0.0066,0,105834.61,-11.01,0.1154,-0.6047,0,0.6364,-14.58
partner_7,LATAM,Services,Bronze,19,2,stable,9,5.6,39.9,67,0,0,0.6329,0,6412.19,-15.1,0.332,0.2468,0,0.2857,-17.41
partner_8,LATAM,Tech,Bronze,46,8,stable,3,5.6,65.8,58,4,1,0.0327,0,11475.27,-10.52,0.1132,0.2609,0,0.6774,-14.09
partner_9,EMEA,Manufacturing,Bronze,7,6,stable,0,4.2,64.0,2,3,1,0.0019,0,10733.76,2.29,0.1054,-0.6246,0,0.7308,1.7
partner_10,NA,Tech,Silver,7,10,improving,0,3.9,79.2,9,4,0,0.0003,0,64864.21,0.86,0.3219,0.0472,0,1.0,-2.71
partner_11,NA,Manufacturing,Bronze,26,8,improving,1,4.9,70.3,22,3,0,0.0011,0,18320.81,8.84,0.2319,0.868,1,1.0,8.25
partner_12,APAC,Manufacturing,Bronze,47,9,improving,0,0.7,81.7,15,3,0,0.0007,0,9378.55,1.7,0.1048,-0.3359,0,0.5,1.11
partner_13,LATAM,Tech,Bronze,41,6,stable,4,5.8,63.9,35,0,1,0.0708,0,12443.26,8.03,0.1754,0.5474,1,0.7097,4.46
partner_14,APAC,Services,Bronze,37,3,improving,1,3.6,22.8,41,0,0,0.0343,0,19500.03,16.13,0.2037,0.5549,1,0.9677,13.82
partner_15,NA,Tech,Bronze,33,8,declining,1,1.4,34.6,10,2,1,0.0298,0,7181.7,-33.67,0.2001,0.7844,1,0.2821,-37.24
partner_16,EMEA,Retail,Silver,9,4,stable,4,4.7,7.8,80,0,1,0.9456,1,48271.23,-1.12,0.2092,0.734,1,0.8182,-3.39
partner_17,NA,Manufacturing,Bronze,22,3,declining,6,7.9,1.3,74,0,1,0.9865,1,6354.23,2.45,0.0852,-0.1882,0,0.303,1.87
partner_18,EMEA,Services,Bronze,7,7,stable,3,3.7,22.1,61,0,0,0.1353,0,15217.53,15.55,0.3242,-0.4701,0,0.881,13.24
partner_19,APAC,Retail,Silver,46,5,declining,5,2.6,9.8,26,0,0,0.1703,0,26190.67,5.38,0.0948,-0.3532,0,0.3125,3.11
partner_20,LATAM,Tech,Bronze,46,7,improving,2,0.9,54.8,72,3,0,0.02,0,5933.21,4.27,0.0979,-0.3709,0,0.1935,0.7
partner_21,LATAM,Services,Silver,17,6,declining,10,5.4,49.7,49,0,0,0.6501,1,10137.95,-11.14,0.2123,-0.1932,0,0.0952,-13.45
partner_22,NA,Manufacturing,Bronze,19,3,declining,12,4.4,34.1,105,1,0,0.8783,1,8204.11,-18.15,0.2257,0.6647,1,0.5758,-18.74
partner_23,APAC,Services,Bronze,21,7,improving,3,0.5,56.1,44,2,0,0.0152,0,13756.12,5.21,0.1737,0.2814,0,0.7742,2.9
partner_24,APAC,Tech,Bronze,54,5,declining,5,2.2,35.4,46,1,0,0.512,0,4240.33,-19.59,0.1581,-0.3859,0,0.1154,-23.16
partner_25,LATAM,Manufacturing,Bronze,31,7,improving,4,3.9,83.4,82,2,0,0.0168,0,11052.67,-15.31,0.3368,-0.0753,0,0.4783,-15.9
partner_26,EMEA,Tech,Bronze,47,10,stable,0,2.3,100.0,15,5,0,0.0001,0,4414.72,0.68,0.2162,0.1347,0,0.0625,-2.89
partner_27,NA,Services,Silver,29,5,declining,6,3.6,46.6,46,0,0,0.0666,0,34917.86,17.34,0.3828,0.0906,0,0.75,15.03
partner_28,EMEA,Tech,Bronze,43,7,improving,3,4.7,53.1,35,1,0,0.1399,0,29409.04,-1.85,0.2459,0.1432,0,1.0,-5.42
partner_29,EMEA,Manufacturing,Silver,33,6,declining,4,5.0,48.1,63,0,1,0.3168,0,22615.71,-3.49,0.0908,-0.0594,0,0.4762,-4.08
partner_30,LATAM,Tech,Silver,19,9,stable,0,2.1,88.3,26,1,0,0.0003,0,36197.15,0.69,0.3074,-0.3544,0,0.8235,-2.88
partner_31,LATAM,Manufacturing,Bronze,53,9,improving,0,2.1,71.0,13,6,0,0.0043,0,19063.65,33.2,0.4065,-0.3921,0,0.913,32.62
partner_32,APAC,Manufacturing,Silver,44,9,stable,1,2.2,62.9,22,4,1,0.0063,0,23668.08,-1.13,0.166,0.3221,0,0.3077,-1.72
partner_33,NA,Tech,Bronze,47,6,stable,4,5.4,13.7,41,1,1,0.5612,0,7911.45,4.47,0.2269,-0.1364,0,0.4615,0.9
partner_34,NA,Services,Bronze,57,8,stable,6,2.8,42.7,28,2,0,0.0159,0,10961.92,11.04,0.1976,-0.1294,0,0.7727,8.73
partner_35,NA,Tech,Bronze,17,7,declining,7,2.6,33.2,89,1,0,0.1456,0,7273.81,7.91,0.1012,-0.1452,0,0.3077,4.34
partner_36,EMEA,Manufacturing,Silver,8,3,declining,3,4.2,53.0,69,1,0,0.0713,0,13397.26,-4.84,0.0981,-0.2177,0,0.1429,-5.42
partner_37,EMEA,Tech,Gold,36,7,improving,0,4.7,49.6,38,2,0,0.0111,0,63287.6,-5.04,0.1866,-0.2778,0,0.4,-8.61
partner_38,NA,Tech,Bronze,21,7,stable,3,3.8,62.4,22,1,1,0.0164,0,7667.25,-12.38,0.0829,0.0619,0,0.359,-15.95
partner_39,EMEA,Tech,Silver,28,7,stable,4,4.8,48.5,26,3,1,0.0143,0,11656.09,11.62,0.153,0.0511,0,0.0645,8.05
partner_40,LATAM,Retail,Silver,16,7,declining,2,4.1,49.6,21,3,0,0.0105,0,25002.2,2.24,0.1693,-0.1186,0,0.3571,-0.03
partner_41,NA,Retail,Bronze,26,3,stable,7,5.2,13.8,99,0,0,0.9024,1,5692.89,-8.16,0.213,0.7493,1,0.1915,-10.43
partner_42,APAC,Manufacturing,Silver,25,4,declining,7,3.5,39.6,58,0,0,0.1945,1,29388.44,-13.26,0.1785,-0.2572,0,0.5385,-13.84
partner_43,LATAM,Manufacturing,Silver,23,5,declining,6,3.0,43.7,67,1,0,0.1236,0,29280.01,11.26,0.2202,0.6473,1,0.5556,10.68
partner_44,NA,Manufacturing,Gold,46,6,stable,4,2.0,38.3,57,0,1,0.0723,0,139880.75,6.94,0.2948,-0.4322,0,0.9091,6.36
partner_45,APAC,Retail,Gold,37,8,improving,1,4.0,62.2,2,3,0,0.0018,0,35084.7,-3.55,0.2693,-0.3891,0,0.1429,-5.82
partner_46,APAC,Tech,Bronze,30,7,improving,3,2.7,57.4,37,1,1,0.0302,0,5512.13,2.72,0.1609,0.0209,0,0.2308,-0.85
partner_47,NA,Retail,Bronze,9,8,improving,1,0.5,69.4,0,11,0,0.0009,0,4038.17,10.39,0.1074,0.2084,0,0.0426,8.12
partner_48,EMEA,Services,Silver,36,6,stable,2,4.9,46.6,56,2,0,0.0713,0,23081.25,21.76,0.2114,0.5603,1,0.2647,19.45
partner_49,LATAM,Services,Bronze,13,6,declining,8,3.8,53.3,27,4,0,0.0487,0,14023.66,31.38,0.3272,-0.5174,0,0.8571,29.07
partner_50,EMEA,Retail,Bronze,21,10,stable,1,2.8,100.0,0,6,0,0.0001,0,12522.49,14.07,0.158,0.5887,1,0.7907,11.8
partner_51,EMEA,Manufacturing,Gold,27,7,stable,3,3.9,40.3,68,2,0,0.1799,0,153377.72,2.8,0.1429,0.7112,1,0.9231,2.22
partner_52,EMEA,Retail,Bronze,11,4,declining,6,3.1,21.7,37,1,0,0.1045,0,5093.78,-7.67,0.0735,0.514,1,0.186,-9.94
partner_53,LATAM,Retail,Bronze,25,8,improving,2,3.5,87.7,24,2,0,0.0015,0,5581.6,-3.15,0.2398,0.3644,0,0.36,-5.42
partner_54,LATAM,Retail,Silver,18,8,stable,1,4.2,74.8,0,0,0,0.0022,0,18326.05,-6.36,0.137,-0.0467,0,0.2143,-8.63
partner_55,LATAM,Retail,Bronze,52,5,improving,3,3.3,72.9,37,4,0,0.031,0,9432.25,-2.01,0.2654,0.3384,0,0.64,-4.28
partner_56,LATAM,Manufacturing,Bronze,52,9,declining,0,5.0,61.7,44,3,0,0.021,0,8329.14,-5.46,0.1086,-0.1011,0,0.3913,-6.04
partner_57,NA,Services,Gold,3,6,improving,6,4.7,47.0,23,3,0,0.0664,0,77115.53,-20.96,0.217,0.0704,0,0.8,-23.27
partner_58,NA,Retail,Bronze,37,5,declining,8,6.0,16.8,76,0,0,0.9527,1,8486.9,14.43,0.2199,0.8092,1,0.617,12.16
partner_59,EMEA,Tech,Bronze,40,7,improving,2,1.2,82.2,29,4,1,0.008,0,17997.02,-0.51,0.1093,0.0861,0,0.875,-4.08
partner_60,EMEA,Manufacturing,Bronze,24,7,improving,2,1.6,80.1,60,2,0,0.0064,0,5553.93,-14.24,0.3619,-0.1377,0,0.2692,-14.82
partner_61,LATAM,Services,Gold,30,9,declining,2,5.0,46.4,20,4,0,0.0117,0,38967.14,0.54,0.1178,-0.1285,0,0.2857,-1.77
partner_62,NA,Manufacturing,Bronze,48,3,stable,6,2.2,0.0,65,0,1,0.928,1,4248.44,-3.44,0.2878,-0.0673,0,0.0303,-4.03
partner_63,NA,Retail,Silver,24,10,improving,1,0.5,97.8,0,8,0,0.0002,0,29440.72,-20.67,0.2615,0.95,1,0.6429,-22.94
partner_64,LATAM,Manufacturing,Bronze,6,5,improving,4,5.1,20.9,58,0,1,0.6002,0,25091.69,0.46,0.3218,-0.2137,0,1.0,-0.13
partner_65,LATAM,Tech,Bronze,24,5,declining,7,3.3,37.0,38,3,0,0.1354,0,11070.42,2.72,0.1885,0.6486,1,0.6452,-0.85
partner_66,NA,Services,Gold,17,5,declining,5,4.2,40.6,70,0,0,0.3036,0,86978.8,1.07,0.117,0.0728,0,0.9,-1.24
partner_67,NA,Tech,Silver,25,9,declining,0,2.4,87.2,1,2,0,0.0004,0,53567.8,57.81,0.2738,0.7942,1,0.8667,54.24
partner_68,NA,Manufacturing,Gold,16,6,improving,2,2.2,49.7,25,3,0,0.0097,0,71883.58,-14.54,0.3077,0.388,0,0.4545,-15.12
partner_69,EMEA,Retail,Bronze,11,7,declining,5,4.6,59.6,23,4,1,0.0644,0,6169.05,27.03,0.2454,0.7422,1,0.3256,24.76
partner_70,NA,Tech,Silver,60,9,stable,1,3.6,64.5,29,3,0,0.0014,0,11610.0,5.42,0.2332,-0.5082,0,0.0333,1.85
partner_71,EMEA,Services,Gold,10,4,improving,5,5.4,0.0,112,1,0,0.9646,0,46745.51,-7.95,0.0673,0.1031,0,0.2222,-10.26
partner_72,NA,Manufacturing,Bronze,43,8,stable,4,2.6,58.1,0,2,1,0.045,0,7575.86,11.06,0.1359,0.2287,0,0.4242,10.48
partner_73,APAC,Tech,Bronze,44,4,declining,7,5.6,14.0,73,0,1,0.9808,1,7259.43,-11.41,0.2364,0.2707,0,0.4231,-14.98
partner_74,EMEA,Services,Gold,38,6,improving,3,6.8,33.8,65,4,1,0.6885,1,44527.46,-5.17,0.2727,-0.1121,0,0.1111,-7.48
partner_75,EMEA,Services,Bronze,55,6,stable,0,2.6,40.9,32,1,0,0.1149,0,6266.07,-20.66,0.3317,-0.0723,0,0.2619,-22.97
partner_76,EMEA,Tech,Silver,3,9,improving,3,5.1,68.3,40,3,1,0.1026,0,27064.49,-4.98,0.2393,-0.1141,0,0.5161,-8.55
partner_77,EMEA,Tech,Gold,20,8,stable,1,0.5,62.5,56,2,0,0.0004,0,99296.4,-3.08,0.0865,-0.0924,0,0.8,-6.65
partner_78,LATAM,Tech,Bronze,13,6,declining,5,2.6,58.4,40,0,0,0.1621,0,10153.83,25.92,0.2767,-0.5543,0,0.5806,22.35
partner_79,NA,Manufacturing,Bronze,36,5,declining,5,3.2,54.5,34,2,0,0.258,1,7255.2,-9.36,0.1242,-0.5002,0,0.3636,-9.94
partner_80,LATAM,Tech,Bronze,39,6,improving,4,4.9,37.6,58,0,0,0.0728,0,5540.39,-7.31,0.2053,-0.0381,0,0.129,-10.88
partner_81,LATAM,Retail,Bronze,55,10,stable,0,1.7,38.8,21,3,0,0.0054,0,6328.62,-25.78,0.2481,0.6228,1,0.48,-28.05
partner_82,NA,Services,Bronze,25,4,stable,2,5.7,53.3,42,0,0,0.127,0,10164.76,-7.15,0.0911,0.2229,0,0.7273,-9.46
partner_83,APAC,Services,Silver,16,1,improving,8,4.9,35.6,81,0,0,0.2988,0,15720.76,-18.21,0.3181,-0.1022,0,0.3529,-20.52
partner_84,EMEA,Services,Bronze,56,6,stable,3,4.4,37.3,73,1,0,0.5052,0,12100.9,-22.89,0.0977,-0.1344,0,0.7857,-25.2
partner_85,EMEA,Services,Silver,42,5,stable,6,3.6,56.4,47,0,0,0.1744,0,17097.49,-1.48,0.2395,0.7415,1,0.1471,-3.79
partner_86,EMEA,Manufacturing,Bronze,47,7,improving,2,6.7,37.1,49,2,1,0.1058,0,7847.64,-3.93,0.0801,-0.0474,0,0.5,-4.52
partner_87,LATAM,Services,Bronze,28,8,declining,3,2.3,42.0,58,3,1,0.0262,0,4779.68,-24.82,0.2944,0.1097,0,0.1429,-27.13
partner_88,NA,Services,Bronze,28,4,stable,4,3.2,33.8,38,1,0,0.0479,0,4969.55,11.17,0.1985,0.0191,0,0.1591,8.86
partner_89,EMEA,Tech,Silver,25,6,improving,1,0.9,82.6,46,4,0,0.0077,0,57182.48,-11.06,0.1028,-0.0669,0,1.0,-14.63
partner_90,NA,Tech,Bronze,46,6,stable,3,4.4,41.3,19,5,0,0.0145,0,28144.13,5.54,0.3636,-0.525,0,1.0,1.97
partner_91,EMEA,Retail,Bronze,15,7,stable,1,1.2,94.1,29,4,0,0.0007,0,8915.46,11.98,0.1885,0.8933,1,0.5814,9.71
partner_92,LATAM,Manufacturing,Gold,59,10,improving,0,3.4,89.5,13,4,0,0.0002,0,40063.64,-18.5,0.2622,-0.4521,0,0.25,-19.08
partner_93,NA,Retail,Silver,13,7,declining,1,3.4,70.1,15,1,0,0.0013,0,40196.27,-32.79,0.2292,0.8108,1,0.8571,-35.06
partner_94,NA,Retail,Bronze,29,8,stable,0,3.5,56.5,48,6,0,0.0185,0,7947.57,7.38,0.1323,0.0954,0,0.4681,5.11
partner_95,NA,Manufacturing,Gold,21,4,stable,3,5.5,54.8,64,1,1,0.4575,0,62721.63,8.83,0.3221,-0.1923,0,0.3636,8.24
partner_96,LATAM,Tech,Bronze,40,9,declining,0,2.6,88.0,53,7,0,0.0011,0,12912.59,-1.4,0.1794,0.8077,1,0.7742,-4.97
partner_97,NA,Retail,Bronze,42,8,declining,1,3.5,52.5,49,1,0,0.003,0,11690.49,0.19,0.2243,0.872,1,0.8085,-2.08
partner_98,EMEA,Services,Bronze,56,6,stable,1,3.9,55.1,40,2,0,0.1029,0,9157.84,-10.45,0.1595,0.5408,1,0.619,-12.76
partner_99,EMEA,Services,Bronze,48,9,stable,0,3.2,90.2,28,1,1,0.005,0,11030.97,22.63,0.2267,0.8083,1,0.6905,20.32
partner_100,APAC,Retail,Bronze,17,9,improving,0,0.5,100.0,0,4,0,0.0,0,9671.46,1.62,0.0904,-0.4356,0,0.5806,-0.65
partner_101,APAC,Retail,Silver,14,6,stable,4,2.8,28.9,92,0,1,0.1012,0,12099.91,-21.3,0.303,-0.1156,0,0.125,-23.57
partner_102,LATAM,Tech,Bronze,54,7,stable,4,4.5,58.9,38,3,0,0.0212,0,15314.53,11.15,0.3281,-0.2375,0,0.871,7.58
partner_103,EMEA,Services,Silver,31,5,improving,4,3.3,46.9,34,0,1,0.1406,0,23977.1,-7.02,0.2199,-0.3306,0,0.2941,-9.33
partner_104,APAC,Services,Gold,8,8,declining,4,0.5,73.7,19,5,1,0.0045,0,47412.2,-5.41,0.1577,0.274,0,0.2727,-7.72
partner_105,LATAM,Retail,Silver,50,10,stable,0,1.4,64.1,22,2,0,0.0016,0,24236.34,12.9,0.2161,0.7493,1,0.2857,10.63
partner_106,LATAM,Services,Silver,40,8,improving,1,4.1,85.4,0,6,0,0.0002,0,53362.54,10.54,0.1906,-0.0921,0,1.0,8.23
partner_107,NA,Retail,Silver,4,6,declining,5,3.7,20.9,39,0,1,0.2813,0,20795.29,16.66,0.1941,-0.494,0,0.2143,14.39
partner_108,EMEA,Tech,Gold,48,6,declining,8,3.4,27.3,30,1,0,0.118,0,72156.68,-1.19,0.2249,0.3403,0,0.6,-4.76
partner_109,EMEA,Services,Bronze,38,4,improving,3,2.6,22.8,42,0,1,0.5894,0,14268.18,0.45,0.2313,0.4033,0,0.8333,-1.86
partner_110,APAC,Retail,Bronze,38,5,stable,3,2.9,48.2,60,2,1,0.054,0,4188.37,-1.17,0.3254,-0.1284,0,0.1935,-3.44
partner_111,NA,Retail,Silver,53,8,improving,1,0.6,50.0,22,5,0,0.0012,0,29086.19,-20.87,0.2201,0.8174,1,0.6071,-23.14
partner_112,EMEA,Tech,Silver,31,3,declining,2,5.1,27.9,39,0,0,0.237,1,18018.88,-27.08,0.3144,-0.161,0,0.3226,-30.65
partner_113,NA,Manufacturing,Bronze,29,4,stable,4,4.9,46.6,57,0,0,0.312,0,7901.63,-1.11,0.0818,-0.1456,0,0.5152,-1.7
partner_114,NA,Services,Silver,38,6,stable,3,2.4,76.8,26,2,0,0.005,0,23435.62,-13.2,0.1534,0.413,0,0.4,-15.51
partner_115,EMEA,Services,Bronze,14,5,stable,4,3.5,0.5,57,0,0,0.423,1,6365.06,0.27,0.1056,-0.146,0,0.2857,-2.04
partner_116,APAC,Retail,Gold,11,4,improving,5,6.2,40.6,15,0,1,0.3051,0,77706.37,-20.25,0.2,0.6679,1,0.7143,-22.52
partner_117,LATAM,Retail,Bronze,51,6,stable,2,2.6,71.6,20,2,0,0.0046,0,5037.32,-19.85,0.3119,0.0838,0,0.32,-22.12
partner_118,LATAM,Services,Bronze,15,9,declining,1,1.5,75.4,0,3,0,0.0003,0,26904.32,3.44,0.3774,-0.3482,0,1.0,1.13
partner_119,NA,Retail,Bronze,32,7,declining,7,3.8,50.5,32,2,0,0.0122,0,4521.46,-29.99,0.3887,-0.2566,0,0.0851,-32.26
partner_120,LATAM,Services,Bronze,18,3,stable,1,4.5,46.2,42,0,0,0.0632,0,11156.03,32.61,0.1933,0.8217,1,0.6667,30.3
partner_121,NA,Manufacturing,Bronze,16,7,improving,1,3.6,49.8,10,6,1,0.0537,0,6100.8,3.54,0.1082,-0.1318,0,0.2424,2.96
partner_122,LATAM,Retail,Bronze,37,5,declining,8,6.5,34.8,78,0,0,0.6998,1,3423.35,-11.12,0.2857,-0.3232,0,0.08,-13.39
partner_123,EMEA,Services,Bronze,49,8,stable,0,4.2,71.4,67,6,0,0.0076,0,5430.64,-3.41,0.3123,-0.4865,0,0.1905,-5.72
partner_124,NA,Retail,Bronze,28,5,stable,2,7.7,48.8,64,0,0,0.1634,0,8223.63,18.33,0.1871,0.6071,1,0.5532,16.06
partner_125,EMEA,Tech,Bronze,11,5,improving,4,1.2,44.9,32,0,1,0.1024,0,6653.05,-4.93,0.1001,0.2045,0,0.3125,-8.5
partner_126,NA,Manufacturing,Bronze,17,7,improving,5,3.8,55.2,43,2,1,0.0525,0,9058.95,5.92,0.1071,-0.2344,0,0.6667,5.34
partner_127,NA,Tech,Bronze,12,5,stable,6,2.5,41.4,35,3,0,0.0455,0,16347.09,-9.57,0.2167,0.739,1,0.9231,-13.14
partner_128,EMEA,Manufacturing,Bronze,54,6,declining,8,7.1,55.7,36,0,0,0.1209,0,10345.54,-1.41,0.1229,0.1746,0,0.6923,-2.0
partner_129,EMEA,Manufacturing,Bronze,21,7,stable,9,4.4,24.1,75,2,0,0.3951,0,6706.31,-1.64,0.0932,-0.1025,0,0.3462,-2.22
partner_130,NA,Services,Bronze,24,6,improving,3,0.5,44.1,78,1,0,0.1625,0,21669.12,16.96,0.3278,-0.1457,0,0.9545,14.65
partner_131,EMEA,Services,Bronze,7,7,stable,0,2.8,86.1,0,6,0,0.0015,0,11794.42,16.43,0.2914,0.3983,0,0.7381,14.12
partner_132,APAC,Tech,Silver,28,8,stable,3,4.2,54.6,73,2,1,0.0832,0,15860.81,17.66,0.2213,0.8921,1,0.0625,14.09
partner_133,NA,Retail,Gold,56,4,declining,6,6.2,23.6,52,0,0,0.5354,0,77372.92,-2.62,0.0668,-0.1414,0,0.7273,-4.89
partner_134,NA,Manufacturing,Gold,26,8,stable,4,2.2,31.8,32,1,1,0.0689,0,25298.9,-16.5,0.2865,-0.0052,0,0.0909,-17.08
partner_135,NA,Services,Silver,40,4,stable,3,4.7,44.1,55,3,0,0.1825,1,29943.55,0.28,0.0754,0.0969,0,0.6,-2.03
partner_136,EMEA,Tech,Silver,13,1,declining,8,5.8,5.3,111,0,0,0.9913,1,14055.18,4.1,0.2302,-0.1163,0,0.0968,0.53
partner_137,APAC,Tech,Bronze,11,4,stable,4,4.4,34.0,73,0,1,0.6848,0,4139.61,4.27,0.1054,0.0726,0,0.0769,0.7
partner_138,NA,Tech,Silver,45,9,declining,1,3.2,59.5,35,2,0,0.0034,0,38064.03,11.58,0.2849,0.3191,0,0.5333,8.01
partner_139,LATAM,Retail,Silver,6,4,declining,7,4.3,20.0,65,1,1,0.7436,1,40575.54,4.08,0.1964,0.8761,1,0.8929,1.81
partner_140,EMEA,Manufacturing,Silver,29,5,stable,5,6.0,20.8,73,1,1,0.5059,0,17921.97,-4.02,0.22,-0.0345,0,0.3333,-4.6
partner_141,NA,Tech,Gold,21,5,declining,2,3.5,49.3,49,3,0,0.1735,0,78130.36,3.67,0.3435,-0.2924,0,0.6667,0.1
partner_142,NA,Services,Bronze,3,7,improving,2,3.5,70.4,46,1,0,0.0004,0,23519.64,20.3,0.1587,-0.0117,0,0.9773,17.99
partner_143,APAC,Services,Silver,33,4,declining,5,3.3,14.0,51,0,1,0.7481,1,20971.59,-3.88,0.0887,-0.2075,0,0.5294,-6.19
partner_144,NA,Services,Silver,58,9,improving,2,4.7,57.1,0,6,0,0.0002,0,34360.52,4.48,0.1518,0.0224,0,0.7,2.17
partner_145,NA,Tech,Bronze,7,5,improving,4,1.8,74.2,69,0,0,0.0038,0,14082.78,10.14,0.3278,-0.339,0,0.8462,6.57
partner_146,EMEA,Tech,Gold,50,7,declining,5,5.8,58.0,32,0,1,0.5554,0,143245.7,1.27,0.1124,-0.3303,0,1.0,-2.3
partner_147,NA,Manufacturing,Bronze,34,6,declining,2,4.4,51.9,36,4,1,0.0746,0,4829.14,-4.39,0.1868,-0.3378,0,0.1212,-4.97
partner_148,NA,Services,Gold,44,6,stable,6,5.2,27.7,56,0,1,0.1899,0,59997.01,-3.74,0.2599,0.4136,0,0.6,-6.05
partner_149,NA,Tech,Silver,8,4,declining,10,6.8,13.7,61,0,1,0.8621,1,42336.59,5.37,0.3417,-0.2537,0,0.6667,1.8
partner_150,EMEA,Services,Bronze,53,6,declining,4,1.1,51.3,37,0,0,0.1465,0,25229.14,-5.52,0.2042,0.7052,1,1.0,-7.83
partner_151,APAC,Retail,Silver,3,7,stable,5,3.6,35.5,64,0,0,0.0624,0,37516.58,-0.5,0.289,0.0069,0,0.5625,-2.77
partner_152,APAC,Services,Bronze,55,3,declining,7,6.3,43.4,74,0,0,0.8172,1,12872.36,1.39,0.1893,-0.2531,0,0.7419,-0.92
partner_153,EMEA,Retail,Silver,41,8,improving,2,5.7,80.4,41,3,0,0.0018,0,11750.47,-14.28,0.398,-0.2474,0,0.0606,-16.55
partner_154,NA,Retail,Silver,22,7,stable,0,2.5,76.3,35,4,0,0.0027,0,25049.89,0.31,0.1702,-0.0484,0,0.4286,-1.96
partner_155,EMEA,Tech,Silver,3,5,stable,5,0.9,31.5,47,2,1,0.2639,1,15023.1,0.46,0.2127,0.2769,0,0.129,-3.11
partner_156,LATAM,Retail,Gold,38,9,improving,2,2.3,59.9,20,6,1,0.0033,0,172831.51,1.17,0.2522,-0.0411,0,1.0,-1.1
partner_157,EMEA,Retail,Bronze,8,10,improving,0,2.0,51.3,41,3,0,0.0009,0,11484.89,-2.75,0.2505,0.101,0,0.6977,-5.02
partner_158,LATAM,Retail,Bronze,38,1,stable,7,8.2,9.1,74,0,1,0.9872,1,3977.69,3.27,0.1085,-0.2267,0,0.16,1.0
partner_159,LATAM,Tech,Bronze,47,5,stable,3,3.8,50.6,32,1,0,0.1633,1,9436.55,19.47,0.2965,0.927,1,0.5161,15.9
partner_160,LATAM,Services,Bronze,18,9,declining,0,0.5,59.5,33,3,1,0.0049,0,21934.05,25.15,0.3956,-0.3209,0,0.9524,22.84
partner_161,EMEA,Retail,Bronze,16,8,improving,1,3.1,100.0,12,8,1,0.001,0,3548.83,-23.12,0.2728,-0.1322,0,0.0465,-25.39
partner_162,APAC,Manufacturing,Bronze,15,4,stable,5,5.4,48.2,45,0,0,0.3087,0,3229.95,-12.74,0.2496,0.8009,1,0.0833,-13.32
partner_163,EMEA,Services,Bronze,16,6,stable,3,3.4,27.9,44,0,0,0.0643,0,6646.62,-29.93,0.2446,0.7696,1,0.3333,-32.24
partner_164,EMEA,Retail,Bronze,9,10,improving,0,2.3,100.0,28,5,0,0.0001,0,7179.8,-3.62,0.2303,0.8727,1,0.4186,-5.89
partner_165,NA,Retail,Gold,17,10,improving,0,1.4,67.5,31,7,1,0.0007,0,45959.84,-11.26,0.2301,-0.1165,0,0.1818,-13.53
partner_166,NA,Services,Bronze,41,7,improving,2,2.2,79.5,32,1,0,0.0038,0,3706.74,-13.59,0.1914,0.314,0,0.0455,-15.9
partner_167,APAC,Services,Gold,20,10,improving,1,1.1,79.9,0,4,0,0.0,0,109860.56,29.99,0.3229,0.1661,0,0.9091,27.68
partner_168,APAC,Tech,Bronze,48,6,declining,3,3.1,47.8,45,2,1,0.0886,0,21015.28,-3.3,0.2835,0.0976,0,1.0,-6.87
partner_169,NA,Services,Bronze,50,3,declining,4,6.6,23.3,62,0,0,0.7916,1,5849.52,-4.93,0.1582,-0.0385,0,0.2727,-7.24
partner_170,APAC,Retail,Silver,47,5,stable,4,0.7,78.5,19,1,0,0.0049,0,20585.17,-1.13,0.1126,0.1353,0,0.25,-3.4
partner_171,EMEA,Tech,Bronze,34,4,stable,3,5.3,66.7,29,3,0,0.0603,0,6413.8,0.46,0.162,0.5707,1,0.25,-3.11
partner_172,NA,Manufacturing,Bronze,21,7,improving,1,2.2,76.8,30,5,0,0.0083,0,4373.9,4.07,0.0824,-0.2445,0,0.0606,3.49
partner_173,EMEA,Retail,Silver,56,7,stable,2,2.8,25.6,63,2,1,0.1716,0,23306.89,-13.14,0.3242,-0.0115,0,0.303,-15.41
partner_174,APAC,Services,Bronze,14,3,stable,5,5.1,35.6,42,0,1,0.1957,1,5594.75,-6.61,0.1691,0.1763,0,0.1935,-8.92
partner_175,EMEA,Tech,Bronze,29,5,improving,6,2.0,39.0,18,1,0,0.0428,0,7304.41,2.28,0.1121,-0.0955,0,0.3438,-1.29
partner_176,EMEA,Services,Silver,29,6,improving,4,1.2,60.9,56,3,0,0.0381,0,38362.73,3.39,0.208,0.79,1,0.7647,1.08
partner_177,NA,Tech,Bronze,46,6,stable,3,2.8,35.6,40,2,0,0.0278,0,9450.54,12.99,0.1886,0.2294,0,0.6154,9.42
partner_178,APAC,Tech,Silver,34,7,improving,2,0.8,44.2,52,2,0,0.0108,0,63323.18,-8.71,0.1024,-0.0029,0,1.0,-12.28
partner_179,APAC,Retail,Bronze,49,4,declining,1,2.9,23.8,53,0,0,0.8884,1,2760.95,-2.6,0.1757,0.3507,0,0.0645,-4.87
partner_180,LATAM,Retail,Gold,56,5,stable,3,1.9,57.5,64,1,1,0.0631,0,129041.71,23.07,0.3342,-0.306,0,0.8889,20.8
partner_181,APAC,Services,Silver,25,8,improving,1,4.3,44.5,0,5,0,0.0009,0,24403.64,19.41,0.1061,0.1028,0,0.7059,17.1
partner_182,APAC,Retail,Gold,53,6,improving,3,2.3,55.4,61,1,0,0.0078,0,130227.2,4.35,0.2165,-0.0805,0,0.8571,2.08
partner_183,NA,Retail,Silver,12,5,stable,4,4.5,44.6,13,1,0,0.0529,0,24662.83,-4.3,0.094,-0.161,0,0.3929,-6.57
partner_184,NA,Retail,Bronze,56,7,stable,6,4.7,61.0,51,2,0,0.0581,0,6899.23,7.93,0.1247,0.1243,0,0.2766,5.66
partner_185,LATAM,Retail,Silver,13,9,improving,3,3.8,63.5,24,3,0,0.0028,0,33180.55,22.46,0.2848,0.1743,0,0.7143,20.19
partner_186,LATAM,Services,Bronze,52,8,improving,0,2.6,69.4,41,1,1,0.0071,0,10336.64,-9.81,0.2325,-0.2859,0,0.619,-12.12
partner_187,NA,Tech,Silver,25,6,declining,7,3.4,43.5,49,2,0,0.0778,0,17249.61,-6.92,0.1822,-0.2142,0,0.1667,-10.49
partner_188,EMEA,Services,Silver,58,6,stable,3,3.9,46.6,7,3,0,0.0151,0,31908.22,56.72,0.2598,0.8766,1,0.5882,54.41
partner_189,LATAM,Retail,Bronze,10,3,stable,9,8.3,31.4,91,0,1,0.9871,1,8525.18,19.99,0.2202,0.877,1,0.6,17.72
partner_190,EMEA,Manufacturing,Gold,29,1,stable,4,5.7,56.4,71,1,1,0.6314,1,27830.88,-1.01,0.2194,0.194,0,0.0769,-1.6
partner_191,APAC,Tech,Bronze,55,10,improving,1,3.3,51.1,36,7,0,0.0022,0,16314.16,9.42,0.2693,0.0635,0,0.8846,5.85
partner_192,EMEA,Tech,Silver,5,8,improving,5,5.8,79.7,6,4,0,0.0058,0,16852.68,6.43,0.1111,0.0783,0,0.2258,2.86
partner_193,EMEA,Services,Silver,18,6,stable,6,4.8,39.0,58,0,0,0.6479,1,61106.99,10.45,0.2916,0.4753,0,0.9412,8.14
partner_194,APAC,Services,Bronze,7,5,declining,3,6.5,32.9,32,0,1,0.8487,1,6435.55,-4.82,0.1941,0.1866,0,0.2903,-7.13
partner_195,EMEA,Services,Silver,21,6,declining,5,5.3,16.6,58,1,1,0.6586,1,13242.24,-1.37,0.107,-0.0537,0,0.1176,-3.68
partner_196,EMEA,Retail,Silver,25,8,stable,0,3.4,40.6,9,3,0,0.0021,0,24778.79,-6.34,0.1223,-0.0544,0,0.4242,-8.61
partner_197,NA,Retail,Bronze,38,9,improving,2,1.4,70.2,130,5,1,0.1418,0,6277.12,4.9,0.1996,0.7015,1,0.234,2.63
partner_198,APAC,Manufacturing,Silver,17,6,improving,4,1.7,37.5,50,0,0,0.0378,0,36520.05,17.41,0.2701,0.4723,0,0.6154,16.82
partner_199,EMEA,Retail,Bronze,12,8,improving,0,0.9,97.4,39,6,0,0.0003,0,13886.42,5.19,0.1227,0.0379,0,0.814,2.92
partner_200,NA,Manufacturing,Silver,12,10,stable,0,2.6,72.8,1,9,0,0.0002,0,16462.64,-8.74,0.2357,-0.0619,0,0.0769,-9.33
partner_201,LATAM,Manufacturing,Bronze,57,2,declining,7,5.9,45.7,65,0,1,0.714,1,5803.82,-10.38,0.1902,0.773,1,0.2174,-10.97
partner_202,APAC,Manufacturing,Gold,58,4,improving,7,6.8,27.6,76,0,1,0.6434,1,185646.07,11.37,0.2591,-0.6892,0,1.0,10.78
partner_203,NA,Services,Gold,15,9,stable,0,0.9,84.9,0,5,0,0.0,0,51731.29,16.39,0.1019,-0.1124,0,0.4,14.08
partner_204,EMEA,Manufacturing,Bronze,14,5,declining,6,4.8,34.6,33,0,0,0.1403,0,9646.7,0.66,0.0753,-0.0172,0,0.6154,0.07
partner_205,EMEA,Retail,Bronze,6,5,stable,6,5.4,45.1,75,0,1,0.4484,1,8286.67,9.24,0.2059,-0.0994,0,0.4884,6.97
partner_206,EMEA,Retail,Silver,58,10,improving,0,0.9,100.0,0,4,0,0.0,0,36752.23,-0.52,0.3028,-0.2052,0,0.697,-2.79
partner_207,EMEA,Manufacturing,Silver,43,5,declining,4,3.9,37.7,37,1,1,0.3735,1,13588.8,-16.6,0.2565,-0.0887,0,0.1905,-17.19
partner_208,LATAM,Tech,Bronze,47,5,declining,5,2.7,43.2,48,0,1,0.6688,1,7091.01,17.8,0.1055,-0.1615,0,0.3871,14.23
partner_209,EMEA,Retail,Bronze,19,3,declining,7,4.8,32.0,38,0,1,0.601,1,11911.06,2.91,0.0869,-0.158,0,0.7674,0.64
partner_210,NA,Tech,Bronze,40,10,stable,3,2.6,45.9,0,4,0,0.0007,0,12511.0,-1.61,0.0846,-0.542,0,0.7179,-5.18
partner_211,LATAM,Services,Gold,6,10,declining,0,3.3,88.6,0,6,0,0.0007,0,83569.04,-1.47,0.1881,0.6959,1,0.8571,-3.78
partner_212,NA,Services,Bronze,42,6,stable,6,5.3,50.7,40,4,1,0.2673,1,8174.97,-0.17,0.095,-0.3614,0,0.5,-2.48
partner_213,EMEA,Manufacturing,Gold,36,8,stable,4,3.2,23.7,45,1,0,0.1068,0,69103.73,-8.71,0.2029,0.7056,1,0.6923,-9.3
partner_214,APAC,Tech,Bronze,22,8,stable,2,6.7,47.6,91,2,1,0.088,0,6778.29,-2.3,0.0814,-0.1514,0,0.3462,-5.87
partner_215,LATAM,Retail,Gold,44,8,improving,0,2.4,51.1,17,4,0,0.0011,0,74757.07,5.21,0.2037,0.7426,1,0.2222,2.94
partner_216,LATAM,Tech,Bronze,40,5,declining,2,4.7,42.0,8,2,0,0.0292,1,28605.31,-8.31,0.0974,-0.1732,0,1.0,-11.88
partner_217,EMEA,Tech,Bronze,28,5,stable,4,3.5,49.6,41,2,0,0.0268,0,4721.81,-12.94,0.1055,0.4309,0,0.0938,-16.51
partner_218,EMEA,Manufacturing,Gold,13,9,improving,0,0.5,79.8,28,5,0,0.0001,0,56176.66,1.41,0.0862,-0.3332,0,0.6154,0.82
partner_219,APAC,Manufacturing,Gold,4,8,declining,1,1.9,57.3,45,7,0,0.0084,0,91568.97,-8.08,0.1803,0.6059,1,0.3333,-8.67
partner_220,NA,Retail,Bronze,57,2,stable,5,7.4,38.2,83,0,1,0.8516,1,4474.37,-5.37,0.0816,0.3612,0,0.0638,-7.64
partner_221,NA,Retail,Bronze,19,5,declining,6,3.8,42.7,62,1,0,0.2815,0,8437.35,18.77,0.2461,0.919,1,0.5957,16.5
partner_222,NA,Retail,Bronze,20,10,improving,0,0.5,85.7,4,6,0,0.0,0,7250.76,-8.96,0.0979,-0.0182,0,0.3191,-11.23
partner_223,LATAM,Services,Bronze,42,4,stable,10,5.2,30.8,79,0,0,0.8005,1,3286.9,-10.12,0.2212,0.8447,1,0.0476,-12.43
partner_224,APAC,Manufacturing,Bronze,17,6,declining,2,3.6,63.3,26,0,0,0.0155,0,10397.84,-10.2,0.3441,0.2019,0,0.6667,-10.78
partner_225,EMEA,Retail,Gold,24,6,improving,4,5.7,16.4,6,2,0,0.0373,0,196369.59,33.73,0.1997,0.7719,1,1.0,31.46
partner_226,APAC,Services,Bronze,44,10,stable,0,3.9,100.0,45,8,0,0.0001,0,5399.82,-6.44,0.1079,-0.0572,0,0.1613,-8.75
partner_227,EMEA,Tech,Silver,37,10,stable,0,2.1,66.6,18,4,0,0.0005,0,25199.03,31.74,0.1987,0.6091,1,0.4839,28.17
partner_228,NA,Tech,Bronze,41,8,stable,1,3.8,50.6,43,2,0,0.0241,0,13978.81,20.66,0.3144,0.1384,0,0.8205,17.09
partner_229,LATAM,Services,Bronze,3,4,stable,3,5.8,36.8,0,0,0,0.1372,0,12314.56,-13.96,0.0974,0.2258,0,0.7143,-16.27
partner_230,EMEA,Retail,Silver,29,9,improving,0,1.9,68.0,44,5,0,0.0268,0,33619.58,5.64,0.2759,0.6905,1,0.6364,3.37
partner_231,EMEA,Retail,Bronze,30,5,stable,2,2.1,40.2,62,1,1,0.1211,0,14549.76,0.8,0.2402,0.8727,1,0.8372,-1.47
partner_232,NA,Manufacturing,Silver,39,8,improving,0,2.2,77.5,0,0,0,0.0006,0,41814.17,-14.4,0.2155,0.929,1,0.8462,-14.99
partner_233,APAC,Retail,Bronze,11,6,improving,3,4.9,45.9,45,0,1,0.2387,1,4015.79,0.77,0.1024,0.0202,0,0.1613,-1.5
partner_234,NA,Manufacturing,Gold,12,5,declining,9,5.4,7.0,64,0,0,0.4377,1,170111.04,0.67,0.0984,0.0917,0,1.0,0.08
partner_235,APAC,Retail,Silver,47,8,improving,1,0.5,79.9,0,4,0,0.0015,0,49240.16,6.5,0.3112,-0.0546,0,0.6875,4.23
partner_236,APAC,Retail,Gold,42,10,stable,0,1.5,83.8,28,7,0,0.0,0,42783.85,-1.94,0.1995,0.7154,1,0.2857,-4.21
partner_237,NA,Retail,Bronze,50,8,improving,1,2.0,38.9,54,2,0,0.0436,0,8287.5,-16.39,0.1853,0.4815,0,0.5745,-18.66
partner_238,LATAM,Tech,Bronze,18,4,declining,2,5.7,44.7,59,2,0,0.3514,0,14452.28,12.37,0.1031,-0.0331,0,0.8387,8.8
partner_239,EMEA,Retail,Bronze,60,8,stable,0,1.1,85.0,0,3,0,0.0002,0,3451.65,24.54,0.211,0.5547,1,0.0233,22.27
partner_240,EMEA,Retail,Silver,18,4,declining,3,4.2,10.1,40,0,1,0.8862,1,24800.08,-15.09,0.0924,0.3351,0,0.4545,-17.36
partner_241,APAC,Services,Bronze,40,7,stable,1,1.6,76.3,20,0,0,0.0018,0,16524.52,15.19,0.3351,-0.1555,0,0.9032,12.88
partner_242,LATAM,Tech,Bronze,12,8,improving,1,3.8,58.6,21,4,0,0.0016,0,16424.83,9.11,0.3714,-0.4793,0,0.9355,5.54
partner_243,EMEA,Tech,Bronze,56,4,declining,10,6.8,35.2,63,0,1,0.8962,1,17769.44,-10.13,0.152,0.3897,0,0.8438,-13.7
partner_244,NA,Retail,Bronze,22,6,stable,6,4.6,35.6,40,1,1,0.0745,0,17736.81,1.23,0.1006,-0.2469,0,0.9574,-1.04
partner_245,LATAM,Tech,Bronze,49,7,improving,3,5.0,73.6,0,3,0,0.0217,0,16203.74,24.74,0.3652,-0.1993,0,0.9032,21.17
partner_246,APAC,Retail,Bronze,22,7,improving,1,4.2,69.4,38,1,0,0.01,0,12653.93,19.85,0.2489,0.8611,1,0.7742,17.58
partner_247,LATAM,Manufacturing,Bronze,48,8,stable,0,0.5,51.6,46,3,0,0.0045,0,9837.04,4.27,0.314,-0.4901,0,0.4348,3.68
partner_248,NA,Retail,Silver,29,5,improving,3,5.6,25.6,68,0,1,0.8452,0,37138.43,41.72,0.2477,0.67,1,0.8214,39.45
partner_249,NA,Services,Bronze,6,5,declining,2,3.5,59.9,56,1,1,0.1387,0,3062.76,-2.12,0.2716,0.2592,0,0.0227,-4.43
partner_250,NA,Services,Bronze,14,6,stable,1,1.2,50.7,27,3,1,0.008,0,9483.48,4.83,0.2103,-0.1198,0,0.6591,2.52
partner_251,LATAM,Retail,Silver,42,7,declining,4,3.5,63.7,35,0,0,0.0235,0,46845.72,5.77,0.2892,-0.1495,0,0.9643,3.5
partner_252,APAC,Retail,Silver,14,8,declining,4,5.1,51.1,26,1,0,0.034,0,11831.77,-3.38,0.0943,-0.116,0,0.0625,-5.65
partner_253,NA,Retail,Bronze,18,7,stable,1,5.8,31.8,73,3,1,0.259,0,20261.0,-4.27,0.1149,-0.0452,0,1.0,-6.54
partner_254,EMEA,Manufacturing,Silver,34,6,stable,2,1.2,59.3,35,2,0,0.0202,0,45658.84,4.63,0.0859,-0.2086,0,0.9048,4.04
partner_255,EMEA,Retail,Gold,17,10,stable,0,2.2,88.5,0,8,0,0.0002,0,50278.26,5.74,0.0926,-0.151,0,0.1429,3.47
partner_256,LATAM,Services,Silver,10,7,stable,7,6.8,28.8,44,0,1,0.729,1,33111.2,-6.03,0.1681,-0.5377,0,0.7619,-8.34
partner_257,APAC,Services,Gold,39,7,improving,2,5.7,63.9,0,2,0,0.0021,0,54301.01,-1.46,0.169,-0.269,0,0.5455,-3.77
partner_258,EMEA,Services,Silver,42,7,declining,0,0.5,54.1,54,1,0,0.0148,0,34191.94,16.92,0.3144,0.0044,0,0.7353,14.61
partner_259,EMEA,Tech,Bronze,45,4,declining,4,7.7,57.5,57,1,1,0.8849,1,24137.88,-34.92,0.2028,0.6947,1,0.9688,-38.49
partner_260,NA,Services,Bronze,57,8,stable,0,3.6,91.0,9,2,0,0.0008,0,9096.0,13.76,0.191,-0.1041,0,0.6136,11.45
partner_261,EMEA,Retail,Silver,10,8,improving,4,0.5,96.6,15,1,0,0.001,0,67447.67,4.72,0.19,0.7517,1,0.9394,2.45
partner_262,APAC,Tech,Gold,27,5,declining,6,3.3,41.5,64,0,0,0.4087,0,86744.29,-9.14,0.1472,0.3216,0,0.5455,-12.71
partner_263,NA,Tech,Bronze,16,5,stable,3,6.8,41.7,59,0,0,0.4537,1,7799.85,-3.22,0.3128,-0.2027,0,0.3846,-6.79
partner_264,EMEA,Services,Bronze,55,8,stable,4,3.8,50.0,0,2,0,0.0033,0,17231.56,14.12,0.2826,-0.0098,0,0.9286,11.81
partner_265,APAC,Manufacturing,Silver,34,6,improving,1,1.8,96.6,50,1,0,0.0043,0,42388.68,10.77,0.1923,0.0812,0,0.6923,10.18
partner_266,EMEA,Services,Bronze,8,6,stable,4,3.7,40.9,21,3,0,0.0794,0,4213.1,-3.45,0.0893,-0.0409,0,0.0714,-5.76
partner_267,EMEA,Retail,Silver,43,10,stable,0,3.2,99.3,0,4,0,0.0,0,21788.18,-1.12,0.0718,-0.1669,0,0.2424,-3.39
partner_268,EMEA,Services,Silver,5,5,declining,1,3.1,73.4,74,2,0,0.0538,0,24948.3,-16.69,0.2394,-0.6155,0,0.3824,-19.0
partner_269,EMEA,Tech,Silver,18,10,improving,0,0.8,81.2,23,6,0,0.0003,0,16452.68,-5.52,0.1006,0.4722,0,0.1613,-9.09
partner_270,EMEA,Tech,Gold,44,3,stable,2,5.2,64.9,37,2,0,0.062,0,136629.86,0.82,0.0772,-0.3322,0,0.9,-2.75
partner_271,EMEA,Services,Silver,32,8,improving,1,1.5,75.8,1,4,0,0.0002,0,27090.02,-24.25,0.2083,0.7417,1,0.4412,-26.56
partner_272,EMEA,Tech,Silver,47,10,declining,0,0.5,75.9,0,5,0,0.0,0,35927.52,-25.18,0.196,0.6751,1,0.7742,-28.75
partner_273,EMEA,Tech,Silver,36,6,improving,2,3.4,39.5,44,1,0,0.1823,0,34860.71,1.03,0.0899,-0.0005,0,0.7097,-2.54
partner_274,NA,Manufacturing,Silver,51,6,improving,4,2.0,61.8,61,3,0,0.2162,0,40889.41,4.14,0.0908,0.2916,0,0.7692,3.56
partner_275,LATAM,Retail,Gold,35,10,stable,1,0.5,94.6,31,3,0,0.0,0,96274.2,7.78,0.2169,0.8969,1,0.5556,5.51
partner_276,NA,Tech,Bronze,6,4,declining,10,2.8,48.7,72,0,1,0.8929,1,7480.45,-7.21,0.2387,0.2597,0,0.3333,-10.78
partner_277,NA,Retail,Silver,7,4,stable,4,5.1,44.1,72,0,1,0.4066,1,29646.36,20.88,0.23,0.862,1,0.6786,18.61
partner_278,NA,Retail,Bronze,48,4,declining,4,5.4,34.2,45,3,1,0.3904,0,8126.27,19.92,0.1905,-0.2158,0,0.5106,17.65
partner_279,APAC,Services,Gold,5,7,stable,1,1.7,74.2,14,2,0,0.0028,0,53797.77,-2.94,0.0849,0.3579,0,0.4545,-5.25
partner_280,APAC,Manufacturing,Silver,24,7,improving,0,1.9,38.4,0,7,1,0.0032,0,24361.44,49.47,0.2226,0.7113,1,0.3846,48.88
partner_281,EMEA,Tech,Bronze,3,3,stable,4,4.1,36.7,58,0,1,0.7441,1,9611.43,7.77,0.1516,0.2749,0,0.4688,4.2
partner_282,EMEA,Tech,Bronze,20,8,stable,3,1.5,60.3,48,3,0,0.0047,0,10063.53,-1.82,0.079,-0.6259,0,0.5312,-5.39
partner_283,EMEA,Tech,Bronze,37,7,improving,1,4.9,65.3,29,2,0,0.0011,0,9218.55,30.85,0.2205,0.8064,1,0.4375,27.28
partner_284,EMEA,Manufacturing,Silver,13,7,declining,6,2.6,75.7,69,3,0,0.0303,0,26917.92,1.7,0.1968,-0.1952,0,0.619,1.11
partner_285,NA,Services,Bronze,30,3,declining,7,4.7,28.9,61,0,1,0.9464,1,4800.93,-23.6,0.2629,-0.2454,0,0.1364,-25.91
partner_286,NA,Services,Bronze,60,8,declining,1,2.1,53.9,37,3,0,0.0033,0,8956.52,-2.22,0.2348,0.8067,1,0.5909,-4.53
partner_287,EMEA,Tech,Gold,7,6,improving,5,5.8,33.1,47,0,0,0.0669,0,74581.22,15.09,0.2484,0.8073,1,0.7,11.52
partner_288,NA,Tech,Silver,6,6,stable,7,5.0,40.6,91,0,0,0.6303,1,37643.72,19.54,0.3714,-0.2738,0,0.5,15.97
partner_289,NA,Tech,Bronze,18,7,declining,4,6.8,47.5,54,1,0,0.1628,0,9054.35,-15.71,0.1479,-0.0444,0,0.5641,-19.28
partner_290,EMEA,Manufacturing,Bronze,50,7,improving,5,4.1,46.3,39,3,0,0.2263,0,7761.3,1.51,0.1005,0.1566,0,0.4615,0.92
partner_291,APAC,Tech,Gold,26,3,declining,3,6.4,51.2,59,0,1,0.5444,1,116839.0,12.57,0.2336,-0.287,0,0.7273,9.0
partner_292,EMEA,Manufacturing,Silver,40,7,declining,2,2.4,82.2,6,3,0,0.0008,0,23938.04,2.68,0.3296,-0.4951,0,0.5714,2.1
partner_293,APAC,Manufacturing,Silver,4,4,declining,4,2.3,37.8,0,0,0,0.0859,0,42764.39,6.89,0.2325,0.2961,0,0.7692,6.3
partner_294,EMEA,Tech,Bronze,45,7,improving,0,2.8,41.6,20,2,0,0.0016,0,15068.83,29.21,0.2211,0.2745,0,0.7812,25.64
partner_295,APAC,Tech,Bronze,6,7,declining,7,3.6,37.2,52,0,1,0.2107,0,6013.95,7.56,0.0984,-0.0951,0,0.2692,3.99
partner_296,APAC,Tech,Bronze,44,3,stable,6,2.2,12.4,76,1,1,0.9018,1,10196.3,-8.73,0.0932,-0.0302,0,0.6154,-12.3
partner_297,APAC,Retail,Silver,11,0,declining,7,7.1,5.2,67,0,0,0.9858,1,33527.08,4.95,0.2252,0.9023,1,0.375,2.68
partner_298,APAC,Retail,Bronze,52,5,improving,5,4.9,19.1,50,0,1,0.7024,1,7256.38,51.16,0.2481,0.8321,1,0.4516,48.89
partner_299,LATAM,Manufacturing,Bronze,20,5,improving,3,2.7,66.8,0,3,0,0.0039,0,5573.42,-10.54,0.1765,0.144,0,0.1304,-11.12
partner_300,LATAM,Tech,Silver,13,9,stable,0,3.2,77.0,38,3,0,0.0048,0,42529.84,32.62,0.3585,0.2718,0,0.8824,29.05
partner_301,LATAM,Retail,Gold,22,9,improving,0,1.4,100.0,11,2,0,0.0,0,114419.15,13.89,0.2753,-0.3844,0,0.7778,11.62
partner_302,EMEA,Manufacturing,Silver,3,3,stable,7,7.4,18.9,82,0,1,0.9268,1,29918.16,6.58,0.1876,0.39,0,0.7143,6.0
partner_303,NA,Services,Bronze,12,8,improving,4,4.4,71.1,44,0,1,0.0164,0,5085.16,-15.75,0.3458,-0.5343,0,0.1818,-18.06
partner_304,NA,Retail,Bronze,37,7,improving,0,1.7,86.0,39,4,0,0.002,0,10582.01,3.87,0.226,0.0083,0,0.7234,1.6
partner_305,APAC,Services,Bronze,20,7,stable,1,4.4,48.7,26,1,1,0.0162,0,14970.93,11.48,0.221,-0.1927,0,0.871,9.17
partner_306,NA,Services,Bronze,23,7,stable,5,3.6,50.3,41,4,0,0.0218,0,10053.43,11.04,0.3951,-0.2782,0,0.6818,8.73
partner_307,NA,Manufacturing,Silver,49,5,stable,1,4.1,41.1,50,1,0,0.0866,0,20290.46,-3.29,0.1171,-0.4256,0,0.3077,-3.88
partner_308,LATAM,Manufacturing,Bronze,10,10,improving,0,3.4,87.8,24,4,0,0.0001,0,11174.67,-2.5,0.1056,0.2419,0,0.5652,-3.08
partner_309,EMEA,Retail,Silver,25,5,declining,4,2.5,58.7,59,1,0,0.0875,0,17537.87,2.98,0.1822,0.7195,1,0.1515,0.71
partner_310,EMEA,Services,Gold,13,5,stable,7,3.4,31.2,67,0,1,0.375,0,96854.71,-0.47,0.1137,0.1349,0,0.7778,-2.78
partner_311,NA,Tech,Gold,31,8,improving,3,3.0,65.2,47,1,1,0.0094,0,67492.45,-10.33,0.1074,-0.1328,0,0.5556,-13.9
partner_312,NA,Services,Bronze,22,10,stable,4,3.0,75.0,35,2,0,0.0047,0,18265.46,9.56,0.2065,0.1083,0,0.9091,7.25
partner_313,EMEA,Manufacturing,Bronze,5,6,stable,5,5.6,72.2,63,2,0,0.1433,0,5922.82,-8.83,0.0825,0.3452,0,0.3077,-9.42
partner_314,NA,Retail,Bronze,7,4,declining,3,2.6,18.8,25,0,1,0.6008,1,7905.46,6.16,0.141,0.2167,0,0.4468,3.89
partner_315,NA,Retail,Bronze,52,6,declining,8,3.9,47.3,34,2,0,0.0501,0,4919.26,6.08,0.1182,0.2028,0,0.1489,3.81
partner_316,NA,Manufacturing,Bronze,6,6,declining,2,2.8,63.1,74,2,0,0.0589,0,7708.46,-5.72,0.241,-0.0638,0,0.4545,-6.3
partner_317,NA,Manufacturing,Bronze,48,3,declining,1,7.1,23.5,41,1,1,0.743,1,9312.79,3.27,0.1911,0.6487,1,0.697,2.68
partner_318,LATAM,Retail,Silver,56,6,declining,4,5.4,27.1,46,0,1,0.4952,1,15732.89,-9.38,0.2867,-0.1918,0,0.1429,-11.65
partner_319,EMEA,Manufacturing,Bronze,30,8,improving,7,3.6,58.9,63,1,1,0.0765,0,11436.32,0.25,0.0876,0.2615,0,0.7692,-0.34
partner_320,APAC,Services,Gold,21,3,declining,7,6.2,30.4,55,0,1,0.5548,1,65440.06,-15.02,0.1093,0.1851,0,0.7273,-17.33
partner_321,APAC,Tech,Bronze,48,6,stable,5,1.2,57.0,18,3,0,0.0052,0,7424.67,6.56,0.1067,-0.4063,0,0.5,2.99
partner_322,NA,Tech,Bronze,59,6,stable,3,6.5,47.8,64,3,1,0.0509,0,9256.9,1.97,0.0986,-0.1592,0,0.5897,-1.6
partner_323,NA,Retail,Bronze,9,6,stable,4,2.9,77.1,44,1,0,0.0186,0,8919.67,-0.38,0.1094,0.009,0,0.6596,-2.65
partner_324,NA,Services,Bronze,58,9,stable,3,5.4,47.5,36,0,1,0.0051,0,20152.41,-0.85,0.1627,0.3037,0,0.9318,-3.16
partner_325,APAC,Tech,Bronze,57,7,stable,4,3.5,76.2,0,2,0,0.0023,0,10059.45,2.69,0.1132,-0.1509,0,0.5769,-0.88
partner_326,LATAM,Services,Gold,11,6,declining,4,4.5,54.5,45,0,0,0.0051,0,76048.64,-6.11,0.319,-0.3332,0,0.7143,-8.42
partner_327,APAC,Tech,Bronze,6,6,stable,5,5.5,27.5,55,1,0,0.1241,0,18675.27,16.27,0.3069,0.2153,0,0.9231,12.7
partner_328,NA,Manufacturing,Bronze,44,5,declining,6,5.5,69.0,39,3,0,0.2189,0,11379.24,-19.44,0.1823,0.0766,0,0.8485,-20.03
partner_329,LATAM,Retail,Silver,7,9,improving,0,2.3,85.1,0,2,0,0.0003,0,33649.14,13.2,0.1793,0.6976,1,0.75,10.93
partner_330,EMEA,Retail,Bronze,37,6,stable,2,2.6,62.0,25,1,0,0.0932,0,8819.52,-25.93,0.1796,0.7862,1,0.5581,-28.2
partner_331,LATAM,Services,Silver,6,9,stable,2,4.1,64.2,34,2,0,0.0034,0,17877.17,2.01,0.304,-0.3982,0,0.4286,-0.3
partner_332,EMEA,Tech,Bronze,43,7,declining,5,3.4,52.7,36,2,0,0.0918,0,5484.8,-5.65,0.0599,0.1593,0,0.1875,-9.22
partner_333,LATAM,Tech,Silver,16,5,stable,5,4.4,62.6,35,2,0,0.0308,0,18005.0,-17.82,0.3877,-0.4073,0,0.2941,-21.39
partner_334,APAC,Services,Bronze,8,7,improving,4,5.4,21.1,79,1,1,0.5165,1,6327.34,-17.48,0.2202,-0.4575,0,0.2581,-19.79
partner_335,EMEA,Services,Bronze,6,8,improving,3,3.6,75.9,37,2,1,0.0099,0,5342.08,2.25,0.148,-0.0824,0,0.1667,-0.06
partner_336,LATAM,Services,Silver,13,5,stable,5,5.0,38.7,24,0,0,0.0476,0,33416.56,1.6,0.1983,0.2386,0,0.8095,-0.71
partner_337,EMEA,Retail,Gold,34,7,improving,1,1.8,68.3,31,1,1,0.0065,0,82806.31,-2.17,0.2312,0.721,1,0.7143,-4.44
partner_338,LATAM,Manufacturing,Bronze,7,7,improving,0,3.3,52.2,29,2,0,0.0058,0,19282.62,24.89,0.2989,-0.2697,0,0.9565,24.3
partner_339,EMEA,Services,Silver,49,5,stable,1,0.8,54.7,60,4,0,0.0088,0,32165.05,3.6,0.0844,-0.2549,0,0.6471,1.29
partner_340,APAC,Tech,Bronze,38,4,improving,5,2.9,42.7,45,3,0,0.5712,0,3990.49,8.68,0.2034,-0.0052,0,0.0385,5.11
partner_341,EMEA,Retail,Bronze,20,4,declining,4,6.1,12.5,61,1,1,0.8623,1,18945.65,34.66,0.2504,0.8527,1,0.9767,32.39
partner_342,APAC,Services,Bronze,60,5,declining,5,5.6,48.7,88,0,1,0.7474,0,10297.98,33.94,0.1123,0.0373,0,0.5806,31.63
partner_343,APAC,Tech,Silver,41,8,declining,4,3.2,83.2,14,5,0,0.0095,0,25432.36,-11.56,0.0988,-0.1339,0,0.25,-15.13
partner_344,NA,Manufacturing,Bronze,41,4,declining,5,4.7,19.6,70,1,1,0.933,1,12821.94,-9.55,0.0812,0.2235,0,0.8788,-10.14
partner_345,LATAM,Services,Silver,13,7,improving,0,2.7,82.7,20,4,0,0.0001,0,17709.06,29.32,0.2181,0.643,1,0.381,27.01
partner_346,LATAM,Manufacturing,Bronze,44,4,stable,12,6.3,21.4,57,0,1,0.8749,1,3399.18,-15.5,0.3319,0.2523,0,0.0435,-16.08
partner_347,APAC,Tech,Gold,35,6,declining,2,3.4,43.3,30,1,0,0.0385,0,29773.81,-10.74,0.099,0.2695,0,0.0909,-14.31
partner_348,EMEA,Tech,Silver,60,9,improving,1,1.1,70.4,52,9,0,0.0015,0,19599.37,3.91,0.0927,0.2254,0,0.3548,0.34
partner_349,NA,Tech,Bronze,30,6,declining,5,4.6,49.2,56,1,0,0.2009,0,7822.01,0.58,0.1626,-0.3445,0,0.4103,-2.99
partner_350,EMEA,Retail,Bronze,42,7,stable,3,7.3,45.5,64,1,1,0.392,1,5476.78,-7.78,0.2128,-0.068,0,0.2558,-10.05
partner_351,LATAM,Services,Bronze,22,7,stable,0,2.5,32.5,63,2,0,0.0128,0,4463.75,11.23,0.1636,-0.1686,0,0.0952,8.92
partner_352,EMEA,Services,Gold,5,7,stable,3,3.1,74.4,43,2,0,0.0022,0,92032.69,19.81,0.3438,-0.4319,0,0.6667,17.5
partner_353,NA,Retail,Bronze,10,6,declining,2,3.9,42.0,32,1,0,0.1355,0,3268.93,6.1,0.1842,-0.426,0,0.0213,3.83
partner_354,NA,Tech,Silver,53,4,declining,7,8.2,47.3,25,0,0,0.5677,0,12143.13,-15.07,0.3291,-0.5826,0,0.0667,-18.64
partner_355,NA,Services,Bronze,45,5,improving,3,1.5,82.1,61,0,1,0.0307,0,7572.86,5.58,0.108,0.226,0,0.4318,3.27
partner_356,NA,Retail,Silver,24,4,improving,10,5.3,0.0,74,0,1,0.9386,1,18859.41,-14.23,0.3531,-0.5039,0,0.1786,-16.5
partner_357,LATAM,Tech,Bronze,43,8,declining,0,3.4,57.7,48,2,0,0.0064,0,8237.24,-16.76,0.1172,-0.1301,0,0.4839,-20.33
partner_358,LATAM,Tech,Silver,3,3,declining,5,2.3,42.9,85,1,0,0.4867,0,20233.0,-9.83,0.2637,0.2085,0,0.5294,-13.4
partner_359,NA,Manufacturing,Gold,5,7,stable,1,1.8,66.3,22,0,0,0.0029,0,85229.33,-15.1,0.1044,-0.2923,0,0.5455,-15.68
partner_360,NA,Retail,Bronze,32,4,stable,3,4.8,36.3,0,0,1,0.111,0,10946.46,19.33,0.1892,-0.3737,0,0.7872,17.06
partner_361,APAC,Manufacturing,Silver,39,8,improving,1,3.6,83.1,0,3,0,0.0003,0,13216.53,-9.02,0.2862,-0.4922,0,0.1538,-9.6
partner_362,EMEA,Tech,Bronze,57,7,improving,3,2.5,41.0,27,0,0,0.0156,0,12467.79,13.82,0.2131,-0.212,0,0.6875,10.25
partner_363,EMEA,Manufacturing,Bronze,47,7,stable,4,6.0,55.7,47,0,0,0.0197,0,3835.8,2.53,0.1009,-0.3084,0,0.1154,1.94
partner_364,EMEA,Retail,Gold,17,8,stable,1,0.5,67.7,59,2,1,0.0016,0,80940.47,-23.16,0.2108,0.0327,0,0.5714,-25.43
partner_365,LATAM,Tech,Silver,50,8,improving,6,1.8,50.4,59,2,0,0.0186,0,19395.71,-29.16,0.2106,0.8409,1,0.4706,-32.73
partner_366,NA,Tech,Silver,31,8,declining,0,2.1,42.0,0,4,0,0.0077,0,13519.7,-20.62,0.3357,-0.242,0,0.1,-24.19
partner_367,LATAM,Retail,Bronze,50,6,stable,5,3.7,46.3,99,0,0,0.5107,0,6291.86,-0.65,0.0907,0.1391,0,0.44,-2.92
partner_368,LATAM,Retail,Bronze,13,7,declining,2,3.3,62.1,38,1,0,0.022,0,3485.65,-5.92,0.2565,-0.1049,0,0.12,-8.19
partner_369,NA,Retail,Bronze,4,7,stable,1,2.4,88.6,53,2,0,0.0051,0,14144.62,46.69,0.2127,0.7689,1,0.8936,44.42
partner_370,APAC,Tech,Silver,6,10,declining,0,0.9,100.0,1,12,0,0.0,0,16981.6,-3.9,0.1577,0.2066,0,0.125,-7.47
partner_371,LATAM,Retail,Bronze,60,5,stable,4,5.8,61.4,41,0,1,0.2909,1,6912.75,5.65,0.1918,0.4069,0,0.52,3.38
partner_372,EMEA,Services,Bronze,7,8,declining,3,4.8,57.2,36,3,0,0.021,0,13173.57,7.37,0.2857,-0.1903,0,0.8095,5.06
partner_373,NA,Tech,Bronze,57,6,improving,8,3.8,58.5,21,1,0,0.0249,0,18892.02,5.82,0.3008,0.1797,0,0.9487,2.25
partner_374,NA,Services,Bronze,45,5,stable,1,2.7,93.7,4,4,0,0.0004,0,26180.58,0.06,0.304,0.1522,0,1.0,-2.25
partner_375,EMEA,Services,Bronze,11,6,declining,5,5.8,53.2,46,0,0,0.0485,0,8822.16,29.87,0.2118,0.8803,1,0.5476,27.56
partner_376,EMEA,Retail,Bronze,53,6,stable,5,6.1,59.1,9,2,0,0.0049,0,4162.34,-6.96,0.0977,0.1346,0,0.0698,-9.23
partner_377,APAC,Manufacturing,Gold,11,6,stable,4,4.4,51.5,72,1,0,0.0782,0,80576.96,2.16,0.1506,-0.1053,0,0.1667,1.58
partner_378,NA,Services,Silver,11,5,declining,5,3.3,44.0,50,0,0,0.0712,0,12173.38,9.33,0.2562,0.5944,1,0.15,7.02
partner_379,NA,Manufacturing,Bronze,36,5,declining,6,4.7,49.1,93,1,0,0.85,0,15671.09,4.51,0.2939,-0.432,0,0.9394,3.92
partner_380,LATAM,Tech,Silver,19,10,stable,3,4.3,45.1,29,2,0,0.0142,1,18614.9,-12.28,0.2836,-0.4193,0,0.4118,-15.85
partner_381,NA,Tech,Silver,19,10,stable,1,1.2,68.2,5,4,0,0.0006,0,19153.21,-1.96,0.0925,0.2074,0,0.2,-5.53
partner_382,APAC,Retail,Bronze,14,10,improving,0,2.9,82.2,23,2,0,0.0001,0,8790.63,-1.63,0.2356,0.7964,1,0.5161,-3.9
partner_383,LATAM,Tech,Bronze,38,8,improving,0,3.1,59.9,23,3,0,0.0009,0,6054.52,-5.09,0.1084,-0.0162,0,0.2258,-8.66
partner_384,NA,Services,Bronze,4,9,improving,1,4.5,75.6,47,4,0,0.0026,0,4578.72,-6.64,0.3538,-0.3321,0,0.0909,-8.95
partner_385,NA,Services,Bronze,17,8,stable,5,1.5,73.7,60,3,0,0.0012,0,7988.74,0.69,0.2194,0.8438,1,0.4545,-1.62
partner_386,APAC,Retail,Silver,35,9,improving,2,0.5,70.7,50,3,0,0.0048,0,50621.59,-2.98,0.2178,-0.0925,0,0.8125,-5.25
partner_387,LATAM,Manufacturing,Gold,31,8,declining,3,2.3,71.2,58,2,0,0.005,0,61997.13,3.49,0.1651,0.6997,1,0.75,2.9
partner_388,APAC,Tech,Bronze,43,7,improving,2,3.1,63.4,49,4,0,0.0073,0,18687.57,18.61,0.1051,0.1817,0,0.9615,15.04
partner_389,EMEA,Services,Silver,15,8,stable,7,0.7,0.1,27,2,0,0.0155,0,22129.53,5.53,0.2155,0.7493,1,0.2353,3.22
partner_390,APAC,Retail,Bronze,40,3,declining,5,4.2,17.1,87,1,0,0.9226,1,3560.49,-2.67,0.2243,-0.0485,0,0.129,-4.94
partner_391,LATAM,Services,Silver,47,4,declining,6,7.1,39.8,79,0,1,0.9045,1,19361.97,17.73,0.1564,-0.2105,0,0.4762,15.42
partner_392,EMEA,Services,Silver,25,3,declining,4,5.5,24.6,45,0,1,0.896,1,31583.41,6.52,0.0879,-0.0573,0,0.5588,4.21
partner_393,NA,Retail,Bronze,17,3,declining,8,5.3,44.5,53,0,0,0.8333,1,13036.16,-7.31,0.1187,-0.5965,0,0.8298,-9.58
partner_394,LATAM,Retail,Bronze,35,2,declining,1,2.9,53.6,53,1,1,0.4887,1,11550.02,10.8,0.1001,-0.1694,0,0.68,8.53
partner_395,EMEA,Services,Silver,36,6,declining,2,5.9,43.3,69,0,0,0.09,1,24064.99,-21.25,0.2365,0.908,1,0.3235,-23.56
partner_396,NA,Retail,Gold,8,7,stable,3,3.1,43.1,45,0,1,0.2426,0,184525.22,0.35,0.2116,0.7525,1,0.9091,-1.92
partner_397,APAC,Tech,Bronze,35,8,stable,3,3.5,56.7,38,2,0,0.0477,0,4853.52,-7.78,0.2176,-0.1785,0,0.1923,-11.35
partner_398,EMEA,Services,Bronze,11,9,improving,1,1.8,88.9,2,5,0,0.0002,0,4580.44,-3.31,0.4087,-0.2866,0,0.119,-5.62
partner_399,NA,Manufacturing,Bronze,35,10,stable,0,1.4,100.0,0,10,0,0.0001,0,10266.19,-3.4,0.2632,-0.5877,0,0.7576,-3.98
partner_400,NA,Tech,Silver,57,7,declining,3,5.3,26.3,10,1,1,0.0489,0,50796.18,16.04,0.312,0.2956,0,0.8,12.47
partner_401,NA,Tech,Silver,34,10,stable,0,2.3,74.7,25,4,0,0.0003,0,58020.64,7.85,0.2396,-0.2935,0,0.9,4.28
partner_402,APAC,Retail,Silver,47,6,stable,3,3.8,43.3,16,3,1,0.0216,0,34646.91,19.05,0.212,0.7913,1,0.5,16.78
partner_403,LATAM,Services,Silver,20,5,stable,6,4.1,5.6,53,1,0,0.3886,0,22335.54,-15.44,0.0915,-0.2032,0,0.5714,-17.75
partner_404,EMEA,Tech,Gold,56,3,stable,5,5.3,29.9,49,0,0,0.657,0,28914.56,-3.57,0.2675,-0.0766,0,0.1,-7.14
partner_405,APAC,Retail,Silver,50,7,stable,1,2.2,47.8,40,1,0,0.0034,0,15040.62,-13.84,0.3468,-0.0231,0,0.1875,-16.11
partner_406,APAC,Retail,Bronze,56,10,improving,0,0.5,100.0,0,9,0,0.0,0,10191.4,-12.23,0.2486,0.8262,1,0.6774,-14.5
partner_407,EMEA,Services,Silver,46,8,improving,0,2.0,63.2,4,4,0,0.001,0,31327.11,-12.14,0.0929,0.2999,0,0.5294,-14.45
partner_408,APAC,Retail,Bronze,40,3,stable,6,3.4,51.8,69,1,0,0.5211,1,11191.44,42.64,0.2201,0.7841,1,0.7097,40.37
partner_409,EMEA,Services,Bronze,33,10,improving,0,0.5,93.0,0,7,0,0.0,0,5762.32,-10.52,0.1627,0.3036,0,0.2381,-12.83
partner_410,APAC,Manufacturing,Gold,56,7,declining,2,3.0,30.8,41,3,0,0.1495,0,105252.57,6.25,0.1098,-0.1724,0,0.6667,5.66
partner_411,LATAM,Services,Silver,52,9,improving,2,2.6,65.8,59,1,0,0.012,0,14025.43,-5.8,0.2713,-0.1954,0,0.1429,-8.11
partner_412,LATAM,Services,Gold,27,5,stable,3,6.5,87.4,29,1,1,0.1227,0,34106.14,-6.1,0.253,-0.3348,0,0.1429,-8.41
partner_413,EMEA,Services,Bronze,7,8,improving,4,4.7,75.7,33,2,0,0.0023,0,15549.65,24.45,0.2435,0.814,1,0.9048,22.14
partner_414,APAC,Services,Silver,3,5,stable,2,3.5,61.5,35,1,0,0.0104,0,27054.47,4.22,0.1856,-0.3231,0,0.8235,1.91
partner_415,EMEA,Retail,Bronze,16,5,declining,4,3.5,42.5,52,0,0,0.2944,0,8475.47,-5.15,0.1986,0.2027,0,0.5116,-7.42
partner_416,EMEA,Services,Bronze,6,7,improving,2,3.6,59.5,26,4,1,0.013,0,7619.79,-9.02,0.3648,-0.619,0,0.4048,-11.33
partner_417,EMEA,Tech,Bronze,15,4,declining,4,7.1,36.3,68,4,1,0.948,1,4090.23,-10.96,0.1711,-0.5185,0,0.0312,-14.53
partner_418,LATAM,Tech,Silver,9,8,improving,0,3.5,77.2,9,8,0,0.0003,0,26778.74,-8.51,0.2303,0.5852,1,0.5882,-12.08
partner_419,EMEA,Services,Bronze,59,10,stable,0,0.5,63.9,39,4,0,0.0005,0,8839.24,18.94,0.1123,0.0235,0,0.5714,16.63
partner_420,APAC,Services,Gold,8,6,declining,1,4.5,63.0,67,1,0,0.0319,0,38284.7,3.17,0.2087,0.0298,0,0.0909,0.86
partner_421,LATAM,Manufacturing,Bronze,39,5,stable,5,5.4,40.4,49,2,0,0.0833,0,11227.61,1.77,0.3436,-0.3275,0,0.6522,1.18
partner_422,EMEA,Tech,Bronze,23,6,improving,7,7.1,24.2,29,1,1,0.2418,1,7820.87,15.89,0.2459,0.8202,1,0.375,12.32
partner_423,EMEA,Tech,Silver,13,4,improving,4,4.4,25.6,58,0,0,0.4465,0,9371.02,0.75,0.2814,-0.1732,0,0.0323,-2.82
partner_424,EMEA,Tech,Bronze,43,10,improving,1,1.4,100.0,3,5,0,0.0,0,5836.0,10.34,0.2119,0.675,1,0.2188,6.77
partner_425,LATAM,Tech,Gold,59,6,declining,5,4.6,50.4,82,0,0,0.1414,0,91110.05,21.83,0.3267,-0.3197,0,0.8,18.26
partner_426,APAC,Tech,Silver,48,8,stable,0,0.7,27.0,12,5,0,0.0019,0,30637.32,-1.32,0.1193,0.5962,1,0.4375,-4.89
partner_427,EMEA,Retail,Bronze,59,4,declining,7,3.1,31.6,80,1,1,0.9052,1,11817.37,2.95,0.1152,-0.5294,0,0.7442,0.68
partner_428,APAC,Retail,Silver,37,6,improving,5,5.2,51.9,58,2,1,0.2769,0,50377.74,-8.98,0.1967,0.7094,1,0.75,-11.25
partner_429,EMEA,Services,Silver,42,5,stable,6,2.3,34.1,57,0,1,0.1625,0,32640.27,2.65,0.2396,0.1129,0,0.7059,0.34
partner_430,APAC,Tech,Silver,11,6,stable,1,2.0,55.6,40,0,0,0.0464,0,62246.41,50.23,0.2631,0.9101,1,0.9375,46.66
partner_431,APAC,Services,Silver,52,8,stable,1,4.5,52.0,31,1,1,0.0091,0,15079.56,-0.29,0.331,-0.1675,0,0.2353,-2.6
partner_432,LATAM,Manufacturing,Silver,46,10,improving,0,2.8,78.8,36,4,0,0.0033,0,30071.15,1.82,0.0918,0.1925,0,0.6667,1.23
partner_433,LATAM,Retail,Silver,17,4,improving,8,6.0,45.7,35,1,1,0.6732,1,25940.36,1.76,0.0796,0.3147,0,0.4643,-0.51
partner_434,APAC,Retail,Bronze,23,7,improving,0,3.8,50.8,53,0,0,0.0171,0,17597.49,23.89,0.3381,-0.0553,0,0.9677,21.62
partner_435,EMEA,Retail,Silver,38,10,improving,2,2.1,84.5,47,2,0,0.0001,0,42669.92,4.35,0.0928,-0.1912,0,0.7879,2.08
partner_436,EMEA,Services,Gold,3,9,stable,0,4.5,92.6,13,4,0,0.0003,0,109230.86,10.35,0.1858,-0.4108,0,0.8889,8.04
partner_437,EMEA,Retail,Silver,50,10,improving,0,0.5,100.0,14,2,0,0.0,0,18419.43,-3.67,0.1825,0.5375,1,0.1818,-5.94
partner_438,NA,Tech,Silver,19,2,declining,7,4.8,30.2,87,0,1,0.9726,1,25201.64,4.85,0.0922,-0.2268,0,0.3667,1.28
partner_439,LATAM,Services,Bronze,7,6,declining,0,3.0,47.8,51,2,0,0.0236,0,5965.94,-11.27,0.2497,0.1604,0,0.2381,-13.58
partner_440,LATAM,Services,Silver,22,4,declining,9,6.0,41.7,54,0,1,0.5773,0,42393.68,3.95,0.2518,0.0516,0,0.9524,1.64
partner_441,APAC,Retail,Gold,51,7,improving,1,2.3,64.3,20,5,0,0.012,0,217664.14,26.8,0.3643,0.0641,0,1.0,24.53
partner_442,EMEA,Retail,Bronze,18,8,improving,2,0.9,69.5,31,3,0,0.0015,0,6899.89,6.31,0.1706,0.0978,0,0.3721,4.04
partner_443,LATAM,Retail,Bronze,34,6,improving,0,3.3,63.5,84,3,1,0.0275,0,14437.03,3.08,0.2637,0.363,0,1.0,0.81
partner_444,EMEA,Retail,Silver,50,2,improving,1,4.5,53.4,56,2,0,0.0873,0,23416.24,21.39,0.1736,0.8214,1,0.3636,19.12
partner_445,EMEA,Retail,Bronze,4,6,stable,3,3.5,72.3,34,0,1,0.1249,0,7850.19,-3.69,0.2544,0.1411,0,0.4651,-5.96
partner_446,LATAM,Manufacturing,Silver,47,4,improving,5,4.2,48.9,37,0,1,0.2555,1,33264.93,11.05,0.2573,0.91,1,0.7778,10.46
partner_447,APAC,Services,Bronze,19,8,stable,0,3.4,48.8,7,5,0,0.0017,0,10866.55,11.36,0.2306,-0.0843,0,0.6452,9.05
partner_448,LATAM,Tech,Bronze,43,10,declining,0,0.5,59.0,9,4,0,0.0002,0,13265.55,23.12,0.3542,-0.3226,0,0.8065,19.55
partner_449,EMEA,Manufacturing,Silver,13,7,declining,3,4.0,36.1,45,4,0,0.0492,0,20452.71,-22.83,0.2614,0.7127,1,0.4286,-23.42
partner_450,LATAM,Retail,Silver,11,2,stable,5,7.8,8.8,36,0,0,0.8703,1,28584.55,-16.38,0.2569,0.3474,0,0.5357,-18.65
partner_451,EMEA,Services,Silver,48,5,improving,1,2.4,80.5,24,0,0,0.0018,0,9964.22,-18.3,0.3165,-0.1461,0,0.0294,-20.61
partner_452,APAC,Manufacturing,Silver,49,7,improving,0,3.3,43.8,0,3,1,0.0067,0,29221.35,-10.7,0.2035,0.8744,1,0.4615,-11.28
partner_453,LATAM,Services,Silver,59,7,improving,5,2.8,43.4,62,6,0,0.0536,0,15270.54,13.48,0.213,0.8336,1,0.1905,11.17
partner_454,EMEA,Services,Silver,42,7,declining,3,3.6,47.6,48,1,0,0.0326,0,44349.74,-12.12,0.1082,0.0385,0,0.8529,-14.43
partner_455,EMEA,Tech,Silver,30,8,improving,2,2.2,40.1,49,4,0,0.0468,0,40275.42,-4.73,0.1779,-0.171,0,0.8065,-8.3
partner_456,EMEA,Retail,Silver,14,10,stable,7,5.8,98.8,8,4,0,0.0005,0,30771.87,20.26,0.1004,-0.1985,0,0.5455,17.99
partner_457,APAC,Retail,Silver,20,8,improving,0,3.0,67.2,46,4,1,0.009,0,38843.37,22.34,0.2834,0.9043,1,0.625,20.07
partner_458,NA,Tech,Bronze,40,8,improving,3,2.1,67.1,64,4,0,0.0248,0,8712.26,8.02,0.2174,0.7447,1,0.5128,4.45
partner_459,LATAM,Services,Bronze,23,5,declining,8,3.4,26.8,57,0,0,0.7235,0,15454.2,25.56,0.3898,-0.4321,0,0.9048,23.25
partner_460,LATAM,Tech,Silver,31,4,declining,3,4.1,22.5,38,1,0,0.2072,0,12921.03,-5.93,0.3181,-0.2055,0,0.0588,-9.5
partner_461,NA,Services,Gold,12,5,stable,3,0.5,53.6,41,2,0,0.0299,0,45268.43,-15.76,0.2431,-0.0352,0,0.2,-18.07
partner_462,EMEA,Tech,Silver,28,7,improving,1,4.9,47.6,51,3,0,0.009,0,47217.03,11.85,0.3442,-0.5448,0,0.9355,8.28
partner_463,APAC,Retail,Bronze,16,6,improving,1,2.2,52.8,48,7,0,0.011,0,4466.73,25.1,0.2456,0.8476,1,0.2258,22.83
partner_464,NA,Tech,Silver,9,6,stable,0,3.6,38.9,45,1,0,0.0263,0,64202.35,4.15,0.2404,-0.3069,0,0.9667,0.58
partner_465,NA,Manufacturing,Bronze,10,4,improving,9,5.2,41.0,75,1,1,0.8936,1,5012.99,-14.04,0.2906,-0.1105,0,0.1515,-14.62
partner_466,LATAM,Manufacturing,Silver,33,7,stable,3,4.6,55.1,20,1,1,0.0503,0,92073.73,47.56,0.3676,0.145,0,1.0,46.98
partner_467,LATAM,Tech,Silver,24,9,stable,2,3.9,36.2,53,2,0,0.1122,0,15360.12,-3.34,0.1987,-0.4522,0,0.1765,-6.91
partner_468,APAC,Retail,Silver,8,8,improving,4,4.0,66.1,21,2,0,0.004,1,55367.49,10.67,0.2044,0.0379,0,0.875,8.4
partner_469,EMEA,Manufacturing,Silver,32,5,declining,10,5.5,60.1,0,2,1,0.1573,0,23131.47,-13.98,0.3711,-0.3163,0,0.5238,-14.57
partner_470,NA,Retail,Bronze,12,6,stable,1,2.0,88.3,15,3,0,0.0032,0,16216.94,12.92,0.3515,-0.7034,0,0.9362,10.65
partner_471,NA,Services,Bronze,3,4,stable,3,8.5,0.0,55,0,1,0.7969,1,16614.44,-17.02,0.2361,0.8965,1,0.8864,-19.33
partner_472,NA,Retail,Gold,10,6,declining,0,4.5,36.3,52,0,0,0.0603,0,56275.93,8.0,0.2507,0.4002,0,0.5455,5.73
partner_473,EMEA,Retail,Silver,29,5,stable,3,3.7,30.3,60,2,1,0.0556,0,54846.98,-8.44,0.0753,-0.4099,0,0.8788,-10.71
partner_474,EMEA,Tech,Silver,58,10,declining,1,1.0,63.6,25,3,0,0.0017,0,42932.26,21.01,0.2616,0.1598,0,0.871,17.44
partner_475,EMEA,Tech,Bronze,17,7,improving,0,1.7,98.1,57,6,0,0.001,0,10726.76,20.48,0.3552,-0.1213,0,0.625,16.91
partner_476,NA,Tech,Bronze,19,2,declining,8,6.1,13.6,60,0,1,0.9896,1,10709.62,9.04,0.3275,-0.1229,0,0.641,5.47
partner_477,NA,Tech,Bronze,17,5,stable,5,4.3,38.3,9,0,1,0.1245,0,19937.99,3.24,0.2137,0.0147,0,0.9744,-0.33
partner_478,LATAM,Services,Bronze,23,4,stable,5,7.3,27.4,60,2,0,0.3316,1,9728.23,6.62,0.349,-0.4014,0,0.5714,4.31
partner_479,LATAM,Tech,Bronze,44,7,stable,3,3.1,76.7,31,0,0,0.0044,0,6072.65,-18.05,0.2774,-0.4128,0,0.2581,-21.62
partner_480,NA,Tech,Gold,21,8,stable,1,4.1,27.0,11,3,0,0.0568,0,60617.98,-3.07,0.1047,-0.0642,0,0.4444,-6.64
partner_481,NA,Tech,Silver,41,10,stable,0,0.5,70.4,10,9,1,0.0003,0,29388.42,28.76,0.2397,-0.3303,0,0.4333,25.19
partner_482,EMEA,Retail,Bronze,55,6,improving,9,7.2,36.1,30,3,0,0.5231,1,10072.03,-9.47,0.0905,0.2338,0,0.6512,-11.74
partner_483,NA,Manufacturing,Bronze,57,4,declining,6,3.4,4.2,51,0,1,0.9223,1,6090.92,-12.51,0.1044,-0.0722,0,0.2121,-13.1
partner_484,NA,Retail,Bronze,35,5,stable,6,7.1,64.4,77,0,0,0.3477,0,7400.51,-5.05,0.3239,0.0577,0,0.3404,-7.32
partner_485,EMEA,Manufacturing,Silver,44,6,stable,2,3.8,20.3,50,0,0,0.3541,1,11821.1,-8.29,0.2864,0.1766,0,0.0952,-8.88
partner_486,NA,Retail,Bronze,56,10,stable,0,0.5,78.1,4,8,0,0.0003,0,18046.71,13.74,0.379,-0.0574,0,0.9787,11.47
partner_487,NA,Services,Silver,48,6,stable,5,6.1,44.6,81,1,1,0.3631,0,49289.31,9.53,0.3221,-0.1016,0,0.9,7.22
partner_488,EMEA,Tech,Silver,20,8,improving,3,3.0,52.4,25,2,0,0.0526,0,16512.43,-8.44,0.1759,-0.319,0,0.1935,-12.01
partner_489,NA,Services,Bronze,10,7,stable,2,2.7,30.7,13,4,1,0.0351,0,8345.03,9.94,0.1733,0.6968,1,0.5455,7.63
partner_490,NA,Tech,Silver,9,6,declining,6,5.1,43.5,22,1,1,0.5359,0,49906.3,15.12,0.2214,0.8853,1,0.7667,11.55
partner_491,LATAM,Retail,Gold,54,5,stable,5,4.8,38.9,43,1,0,0.139,0,91886.41,42.12,0.2194,0.7774,1,0.4444,39.85
partner_492,LATAM,Services,Bronze,35,10,improving,4,3.2,81.5,0,1,1,0.0031,0,7174.63,-15.2,0.2031,0.0641,0,0.381,-17.51
partner_493,LATAM,Manufacturing,Bronze,20,5,stable,4,5.1,64.0,15,1,1,0.0281,0,12651.13,4.97,0.2041,0.1771,0,0.7391,4.38
partner_494,NA,Services,Gold,23,10,improving,0,1.8,100.0,1,4,1,0.0,0,59477.21,-8.41,0.2987,0.2067,0,0.5,-10.72
partner_495,LATAM,Tech,Gold,19,6,stable,1,4.3,58.9,60,2,1,0.0389,0,101011.76,5.17,0.2839,0.072,0,1.0,1.6
partner_496,NA,Manufacturing,Silver,49,10,improving,0,0.5,100.0,17,9,0,0.0,0,58490.63,11.57,0.3982,-0.7039,0,1.0,10.98
partner_497,NA,Services,Silver,38,7,stable,2,4.9,46.3,56,3,0,0.0322,0,41475.87,21.18,0.2904,-0.0404,0,0.8,18.87
partner_498,LATAM,Manufacturing,Bronze,54,5,improving,5,3.8,64.4,56,0,0,0.018,0,6350.31,0.97,0.1681,0.0026,0,0.2609,0.38
partner_499,NA,Tech,Silver,20,8,improving,4,1.8,54.9,28,6,0,0.0048,0,40215.28,-7.23,0.2274,-0.2811,0,0.6,-10.8
partner_500,NA,Manufacturing,Bronze,30,7,stable,1,2.7,60.5,40,3,0,0.0035,0,13529.26,30.09,0.3434,0.2334,0,0.9091,29.5
partner_501,LATAM,Manufacturing,Bronze,10,7,declining,7,3.7,53.7,85,0,1,0.4256,0,15382.58,7.32,0.1061,-0.0572,0,0.8261,6.74
partner_502,APAC,Services,Silver,59,5,improving,5,5.5,36.0,52,3,1,0.5015,0,22488.32,-18.47,0.1892,0.3112,0,0.5882,-20.78
partner_503,APAC,Tech,Gold,32,10,stable,0,0.5,90.5,0,5,0,0.0,0,131695.3,19.96,0.2423,0.6975,1,0.9091,16.39
partner_504,NA,Tech,Silver,35,3,declining,4,6.6,41.4,58,0,1,0.6186,1,61619.32,14.24,0.3861,-0.051,0,0.9333,10.67
partner_505,NA,Services,Bronze,26,7,improving,2,2.4,69.1,31,4,1,0.0131,0,7998.28,0.35,0.1372,-0.0224,0,0.4773,-1.96
partner_506,LATAM,Tech,Bronze,18,6,declining,5,0.5,56.4,58,2,1,0.0905,1,12586.89,-1.48,0.228,0.0776,0,0.7419,-5.05
partner_507,NA,Manufacturing,Gold,58,9,improving,1,1.0,64.7,13,1,0,0.0041,0,36548.85,-8.79,0.2935,0.7064,1,0.1818,-9.38
partner_508,APAC,Tech,Gold,31,5,stable,5,3.3,55.1,52,2,0,0.0825,0,330098.23,18.35,0.4065,-0.3975,0,1.0,14.78
partner_509,NA,Retail,Silver,42,10,improving,2,3.4,80.4,40,3,0,0.0014,0,48553.72,13.59,0.2319,0.1145,0,0.9643,11.32
partner_510,EMEA,Manufacturing,Silver,5,6,improving,2,2.3,53.7,31,3,0,0.0024,0,28696.62,-10.24,0.1302,-0.3109,0,0.6667,-10.82
partner_511,EMEA,Retail,Bronze,19,7,stable,0,1.6,56.6,16,1,0,0.0027,0,10046.93,7.14,0.178,-0.4526,0,0.6279,4.87
partner_512,APAC,Retail,Bronze,49,8,improving,2,1.3,26.4,21,7,0,0.016,1,6688.07,-0.14,0.1813,0.0197,0,0.3226,-2.41
partner_513,EMEA,Manufacturing,Bronze,8,5,stable,6,3.0,46.6,48,0,0,0.1075,1,20740.39,18.8,0.2401,0.8633,1,1.0,18.22
partner_514,EMEA,Manufacturing,Bronze,8,4,improving,5,4.8,29.9,51,2,0,0.2926,0,10180.45,5.65,0.1465,0.0927,0,0.6538,5.07
partner_515,NA,Services,Bronze,49,6,declining,4,4.0,33.7,36,4,0,0.2706,0,6111.14,11.77,0.1014,-0.4816,0,0.2955,9.46
partner_516,EMEA,Retail,Silver,20,7,improving,3,4.0,59.5,58,5,0,0.0204,0,23343.75,-10.83,0.1039,-0.0953,0,0.3333,-13.1
partner_517,NA,Retail,Bronze,18,10,improving,0,0.5,77.2,30,1,0,0.0002,0,7798.05,2.35,0.2346,-0.071,0,0.4043,0.08
partner_518,LATAM,Services,Bronze,35,4,declining,6,4.0,71.6,26,0,1,0.4132,0,12459.34,-12.88,0.3172,-0.3097,0,0.7619,-15.19
partner_519,EMEA,Retail,Silver,14,8,stable,1,5.6,45.6,0,4,0,0.0031,0,102862.78,4.88,0.3516,-0.2124,0,1.0,2.61
partner_520,APAC,Retail,Bronze,5,8,stable,0,3.1,62.4,43,0,0,0.0024,0,12382.26,-2.92,0.1866,0.6918,1,0.7419,-5.19
partner_521,APAC,Retail,Bronze,3,3,declining,2,4.4,38.9,55,0,0,0.6933,1,2959.59,-6.24,0.3172,-0.3097,0,0.0968,-8.51
partner_522,NA,Tech,Silver,7,6,improving,1,1.5,51.3,25,3,0,0.0051,0,28765.06,9.4,0.2852,-0.1088,0,0.4,5.83
partner_523,EMEA,Services,Bronze,12,7,improving,4,5.2,67.2,62,4,1,0.0491,0,8954.54,4.16,0.2713,0.0149,0,0.5952,1.85
partner_524,LATAM,Services,Silver,43,4,declining,4,6.7,39.6,49,0,0,0.7607,1,16815.83,4.04,0.2005,0.7338,1,0.3333,1.73
partner_525,EMEA,Manufacturing,Gold,20,6,declining,2,1.4,74.1,10,3,0,0.001,0,32833.84,16.04,0.0893,-0.2087,0,0.2308,15.45
partner_526,NA,Retail,Bronze,7,4,declining,2,2.9,37.1,31,4,1,0.0971,0,14037.52,-10.18,0.2472,0.6934,1,0.8723,-12.45
partner_527,APAC,Tech,Gold,3,8,improving,3,3.3,72.0,43,3,0,0.0042,0,34842.67,-3.13,0.1145,-0.5296,0,0.1818,-6.7
partner_528,APAC,Tech,Gold,30,6,stable,3,4.7,31.3,89,0,1,0.8163,1,82148.06,3.25,0.0775,-0.3538,0,0.4545,-0.32
partner_529,LATAM,Retail,Silver,51,10,improving,1,2.0,100.0,23,6,0,0.0,0,22993.51,-0.46,0.1013,0.4931,0,0.25,-2.73
partner_530,NA,Retail,Silver,22,6,stable,2,6.2,31.0,30,4,1,0.0221,0,36697.64,17.49,0.1808,0.6218,1,0.7857,15.22
partner_531,LATAM,Tech,Silver,6,7,improving,1,2.3,40.2,39,2,1,0.0201,0,32287.52,-9.2,0.2507,0.0709,0,0.7059,-12.77
partner_532,LATAM,Retail,Silver,16,5,stable,2,3.9,29.0,45,1,0,0.1459,0,11719.14,-22.75,0.2821,-0.2115,0,0.0357,-25.02
partner_533,NA,Manufacturing,Silver,31,5,declining,3,5.2,57.0,9,2,0,0.1053,0,22790.73,-5.21,0.0921,0.1724,0,0.4615,-5.8
partner_534,LATAM,Manufacturing,Bronze,13,5,stable,5,5.5,49.4,54,2,1,0.0802,0,4588.24,-17.6,0.2613,-0.2591,0,0.087,-18.19
partner_535,EMEA,Retail,Gold,59,4,improving,4,2.7,33.6,54,1,1,0.1421,0,149922.06,4.65,0.2572,-0.106,0,0.8571,2.38
partner_536,EMEA,Tech,Silver,47,9,improving,3,2.3,75.0,70,2,0,0.006,0,35598.14,8.58,0.2474,0.2793,0,0.7419,5.01
partner_537,NA,Services,Silver,22,6,stable,2,3.7,31.9,74,1,1,0.4264,0,18915.76,-10.74,0.3197,0.6567,1,0.3,-13.05
partner_538,EMEA,Manufacturing,Bronze,58,5,stable,3,7.0,47.3,92,1,0,0.3154,1,4541.68,0.82,0.1016,0.2838,0,0.1923,0.23
partner_539,EMEA,Services,Bronze,21,9,stable,1,1.0,80.3,57,3,0,0.0031,0,8133.92,-21.34,0.183,-0.0207,0,0.4762,-23.65
partner_540,APAC,Tech,Silver,11,9,stable,0,2.7,56.2,63,7,0,0.078,0,41079.76,-0.76,0.0881,0.3304,0,0.8125,-4.33
partner_541,APAC,Services,Silver,57,7,stable,5,5.5,56.6,52,3,0,0.0612,0,14271.13,-1.05,0.2651,-0.2281,0,0.1765,-3.36
partner_542,NA,Retail,Bronze,58,9,stable,0,0.7,70.4,29,4,0,0.0001,0,13215.52,50.77,0.2337,0.6949,1,0.8511,48.5
partner_543,APAC,Tech,Bronze,21,6,stable,7,4.0,59.1,7,3,0,0.009,0,7839.57,-1.6,0.2728,0.4077,0,0.5385,-5.17
partner_544,APAC,Retail,Bronze,37,5,stable,2,0.9,46.8,46,0,0,0.0031,0,7729.31,45.87,0.1659,0.3461,0,0.4839,43.6
partner_545,EMEA,Tech,Silver,13,4,improving,1,4.2,21.4,56,0,0,0.0655,0,24175.15,-1.88,0.3724,-0.5033,0,0.4516,-5.45
partner_546,NA,Tech,Bronze,40,6,stable,1,3.4,55.9,31,2,0,0.0184,0,13067.72,13.12,0.2479,-0.0808,0,0.7436,9.55
partner_547,NA,Retail,Gold,43,6,declining,2,4.8,26.4,24,0,0,0.0943,0,64694.42,3.7,0.2203,0.1751,0,0.6364,1.43
partner_548,EMEA,Services,Bronze,44,7,stable,3,2.4,73.1,74,4,0,0.0144,0,19321.37,9.71,0.3347,-0.3617,0,0.9762,7.4
partner_549,LATAM,Tech,Bronze,35,9,improving,0,3.0,47.0,35,7,0,0.0004,0,3357.53,-8.88,0.2575,-0.2115,0,0.0323,-12.45
partner_550,NA,Retail,Bronze,43,5,declining,3,3.8,67.4,80,1,0,0.4429,1,9294.37,36.43,0.2471,0.7184,1,0.6809,34.16
partner_551,NA,Retail,Silver,35,9,stable,1,4.3,69.4,37,4,0,0.0029,0,25246.39,10.88,0.243,0.8931,1,0.4643,8.61
partner_552,EMEA,Tech,Bronze,50,7,improving,8,4.6,58.8,69,1,0,0.0113,0,8866.03,4.8,0.0957,-0.2077,0,0.4062,1.23
partner_553,EMEA,Tech,Silver,13,2,improving,7,2.2,20.6,76,1,0,0.7989,1,17040.09,-8.87,0.2903,0.1667,0,0.2581,-12.44
partner_554,APAC,Tech,Gold,31,6,stable,3,3.0,38.7,38,3,0,0.0385,0,34917.34,-15.67,0.3176,-0.3847,0,0.2727,-19.24
partner_555,EMEA,Retail,Bronze,27,7,declining,1,4.0,23.6,51,0,0,0.3477,0,6209.43,-2.52,0.2365,0.9057,1,0.3488,-4.79
partner_556,EMEA,Services,Silver,33,5,stable,6,4.5,75.5,42,0,0,0.009,0,26014.36,9.39,0.1111,-0.2028,0,0.4118,7.08
partner_557,EMEA,Services,Bronze,11,3,stable,3,3.3,43.5,21,1,0,0.1809,0,5724.76,19.37,0.322,-0.3373,0,0.2143,17.06
partner_558,NA,Tech,Bronze,21,2,declining,8,5.2,42.2,105,0,1,0.9615,1,7092.52,2.89,0.1751,0.679,1,0.2564,-0.68
partner_559,NA,Manufacturing,Bronze,58,4,stable,7,8.1,66.9,46,1,0,0.1785,0,5161.99,-5.3,0.2231,-0.005,0,0.1818,-5.88
partner_560,NA,Services,Bronze,9,7,stable,2,2.2,80.2,41,2,0,0.0027,0,10085.42,-4.43,0.0933,0.1395,0,0.7045,-6.74
partner_561,EMEA,Services,Silver,39,7,declining,0,4.1,68.8,0,4,0,0.0021,0,21129.79,-21.64,0.1173,0.5267,1,0.2059,-23.95
partner_562,EMEA,Manufacturing,Silver,41,8,stable,7,3.3,81.4,57,0,0,0.0081,0,31739.9,6.36,0.0939,0.162,0,0.7619,5.78
partner_563,APAC,Services,Silver,30,5,declining,3,1.5,65.9,51,0,1,0.4047,0,57401.37,22.84,0.4144,-0.4629,0,1.0,20.53
partner_564,LATAM,Services,Silver,4,5,declining,2,4.7,46.7,79,0,1,0.4246,1,15658.78,-20.94,0.1063,-0.11,0,0.2381,-23.25
partner_565,LATAM,Services,Silver,4,8,stable,1,5.0,50.1,24,4,0,0.0191,0,37603.19,6.05,0.2244,0.0229,0,0.8571,3.74
partner_566,LATAM,Tech,Bronze,18,5,stable,8,5.0,34.1,74,0,1,0.7918,0,6745.61,20.39,0.0984,-0.4647,0,0.3226,16.82
partner_567,LATAM,Retail,Bronze,8,4,stable,2,5.2,42.1,78,0,0,0.3029,1,2653.89,-11.45,0.2744,0.0423,0,0.04,-13.72
partner_568,EMEA,Retail,Bronze,8,10,improving,0,0.7,98.6,0,7,0,0.0,0,9974.93,7.77,0.2,0.7041,1,0.6047,5.5
partner_569,NA,Tech,Silver,12,8,declining,1,2.6,60.7,65,1,0,0.014,0,52797.98,2.57,0.2057,0.7842,1,0.8333,-1.0
partner_570,NA,Tech,Gold,14,6,declining,4,5.4,25.9,71,1,0,0.6079,0,94879.61,14.42,0.3318,0.5457,1,0.7778,10.85
partner_571,NA,Tech,Bronze,51,5,stable,4,2.9,54.1,51,3,0,0.0989,0,5739.2,2.7,0.2401,0.032,0,0.1795,-0.87
partner_572,APAC,Manufacturing,Silver,40,6,stable,2,2.5,72.7,19,2,0,0.0029,0,9050.4,3.26,0.0882,-0.1298,0,0.0769,2.68
partner_573,NA,Manufacturing,Silver,4,3,declining,4,5.2,50.5,72,0,0,0.529,1,30459.11,-17.71,0.3019,0.0042,0,0.6154,-18.3
partner_574,LATAM,Services,Silver,39,10,stable,1,2.2,60.9,29,3,0,0.0019,0,29496.05,22.81,0.3518,-0.3881,0,0.6667,20.5
partner_575,APAC,Retail,Silver,10,4,declining,8,5.7,48.9,45,0,1,0.3639,0,33787.62,24.08,0.1983,-0.4193,0,0.4375,21.81
partner_576,NA,Retail,Silver,27,6,declining,8,5.5,13.7,60,0,1,0.8817,1,32553.44,-1.9,0.0988,0.0598,0,0.7143,-4.17
partner_577,APAC,Services,Silver,5,5,stable,8,4.0,20.3,64,0,1,0.727,0,12911.34,-0.07,0.0738,-0.0714,0,0.1176,-2.38
partner_578,NA,Services,Gold,8,4,stable,3,2.0,46.4,26,1,0,0.0206,0,41033.72,-4.32,0.1159,0.0391,0,0.1,-6.63
partner_579,APAC,Services,Bronze,10,4,stable,8,4.8,31.7,42,1,1,0.688,0,4560.81,8.38,0.1879,-0.2318,0,0.0968,6.07
partner_580,NA,Services,Gold,28,6,declining,7,7.4,38.1,11,3,0,0.0611,0,46763.76,4.54,0.2639,-0.0355,0,0.3,2.23
partner_581,NA,Services,Bronze,29,4,stable,5,3.6,32.7,52,0,1,0.5376,0,3777.08,-6.08,0.3591,-0.3772,0,0.0682,-8.39
partner_582,NA,Tech,Silver,23,10,stable,0,2.8,94.0,0,5,0,0.0,0,33443.72,-2.26,0.212,-0.1618,0,0.4667,-5.83
partner_583,EMEA,Tech,Bronze,38,6,stable,3,1.3,52.4,50,2,0,0.0586,0,6589.72,0.75,0.1108,0.4362,0,0.2812,-2.82
partner_584,NA,Retail,Bronze,44,8,improving,1,0.9,57.1,35,10,0,0.0027,0,7682.86,-27.45,0.2693,0.3204,0,0.3617,-29.72
partner_585,APAC,Manufacturing,Bronze,45,4,declining,7,4.1,53.8,47,0,1,0.3437,0,7758.45,-11.95,0.1835,-0.4062,0,0.4167,-12.54
partner_586,LATAM,Services,Bronze,36,9,improving,0,4.2,90.4,32,7,0,0.0002,0,9094.49,47.07,0.2215,0.6277,1,0.4762,44.76
partner_587,EMEA,Tech,Bronze,34,5,declining,3,1.7,50.2,36,1,0,0.0973,0,4745.53,-4.91,0.2412,-0.075,0,0.125,-8.48
partner_588,NA,Manufacturing,Bronze,31,9,declining,2,1.6,63.6,34,3,0,0.0133,0,8755.0,28.7,0.116,-0.0967,0,0.6364,28.12
partner_589,EMEA,Retail,Bronze,16,6,declining,4,5.5,51.2,10,1,0,0.0275,0,11485.09,15.69,0.3008,-0.5067,0,0.7209,13.42
partner_590,EMEA,Retail,Bronze,31,5,improving,3,7.1,45.2,13,1,0,0.0537,0,7614.31,3.73,0.181,-0.1955,0,0.4419,1.46
partner_591,APAC,Retail,Silver,3,5,improving,6,4.7,49.9,43,3,0,0.4234,1,74979.29,3.26,0.3264,-0.1432,0,1.0,0.99
partner_592,NA,Retail,Gold,59,9,improving,0,3.1,77.3,27,4,0,0.0002,0,47518.96,40.41,0.1695,0.6672,1,0.4545,38.14
partner_593,NA,Services,Silver,24,6,stable,4,1.6,53.8,51,4,0,0.0552,0,16011.1,-6.09,0.1113,0.0971,0,0.25,-8.4
partner_594,NA,Tech,Bronze,46,7,declining,5,0.9,55.4,27,2,0,0.0031,0,11210.49,6.8,0.2567,-0.0351,0,0.6667,3.23
partner_595,EMEA,Services,Bronze,58,10,improving,1,0.5,71.8,25,4,0,0.0027,0,11941.29,8.66,0.2031,-0.2,0,0.7619,6.35
partner_596,EMEA,Manufacturing,Gold,31,7,declining,2,2.3,38.4,57,4,0,0.0672,0,31380.92,-14.59,0.371,-0.303,0,0.1538,-15.18
partner_597,LATAM,Retail,Bronze,52,6,stable,2,3.9,37.4,38,1,1,0.3792,0,14197.22,-0.07,0.0689,-0.2768,0,0.96,-2.34
partner_598,LATAM,Retail,Bronze,30,5,improving,6,1.6,54.4,51,2,0,0.0121,0,11967.17,-13.42,0.1438,0.5201,1,0.72,-15.69
partner_599,APAC,Services,Gold,10,4,stable,3,4.2,64.7,22,2,1,0.107,0,38830.02,1.0,0.0868,0.2953,0,0.1818,-1.31
partner_600,LATAM,Retail,Gold,4,7,improving,0,2.0,39.8,0,7,0,0.0028,0,110878.63,0.29,0.2292,0.8203,1,0.6667,-1.98
partner_601,NA,Services,Bronze,10,9,improving,0,1.5,66.5,11,8,0,0.0013,0,5599.78,6.35,0.3678,-0.1605,0,0.2273,4.04
partner_602,LATAM,Retail,Silver,57,7,improving,3,4.3,66.9,47,2,0,0.0182,0,40110.46,17.12,0.2324,0.8999,1,0.8571,14.85
partner_603,APAC,Manufacturing,Bronze,30,3,stable,9,4.4,36.7,60,0,1,0.3249,1,10824.86,-5.22,0.08,0.1198,0,0.75,-5.8
partner_604,LATAM,Services,Silver,21,5,declining,11,6.7,66.7,68,1,1,0.8623,0,24329.09,-20.9,0.3314,-0.4475,0,0.619,-23.21
partner_605,APAC,Retail,Bronze,28,5,stable,6,4.9,49.5,21,3,0,0.0238,0,9812.32,-6.47,0.2495,0.7059,1,0.6129,-8.74
partner_606,LATAM,Retail,Bronze,17,9,improving,2,1.7,89.0,23,3,0,0.0005,0,12735.27,-9.06,0.17,-0.3547,0,0.88,-11.33
partner_607,APAC,Services,Silver,53,5,stable,6,6.1,50.1,56,1,1,0.5579,1,18542.85,5.29,0.0973,-0.2738,0,0.4706,2.98
partner_608,EMEA,Retail,Bronze,60,7,improving,1,1.5,72.6,21,3,0,0.0059,0,14631.26,-10.0,0.2449,0.7311,1,0.8605,-12.27
partner_609,LATAM,Tech,Silver,7,6,improving,2,5.1,43.9,25,3,0,0.0124,0,31170.41,35.48,0.207,0.7847,1,0.6471,31.91
partner_610,NA,Tech,Bronze,44,8,improving,2,3.6,68.0,0,2,0,0.0005,0,7903.98,-14.79,0.2317,-0.0863,0,0.4359,-18.36
partner_611,NA,Retail,Gold,22,6,improving,9,3.0,40.9,84,1,1,0.7663,1,89185.5,-8.46,0.2945,-0.2072,0,0.8182,-10.73
partner_612,LATAM,Services,Silver,5,6,stable,1,1.3,49.2,33,2,0,0.1631,0,9110.43,4.37,0.0793,0.0558,0,0.0476,2.06
partner_613,APAC,Services,Bronze,56,4,improving,3,3.4,8.5,28,0,0,0.0777,0,12571.8,2.99,0.1026,-0.3177,0,0.7097,0.68
partner_614,APAC,Tech,Silver,6,4,improving,6,5.5,46.6,87,0,0,0.7638,1,20801.24,13.76,0.2455,0.0881,0,0.1875,10.19
partner_615,EMEA,Services,Bronze,14,7,declining,0,2.4,64.6,11,3,0,0.0175,0,4854.98,-3.09,0.0834,0.051,0,0.1429,-5.4
partner_616,LATAM,Retail,Bronze,4,3,stable,6,4.7,53.0,51,0,0,0.4401,0,4576.61,-9.04,0.2568,-0.5628,0,0.28,-11.31
partner_617,LATAM,Retail,Bronze,30,5,stable,6,3.7,44.9,22,1,1,0.1911,1,12292.69,-12.32,0.0899,-0.0231,0,0.84,-14.59
partner_618,NA,Manufacturing,Gold,37,6,improving,4,0.9,38.8,67,2,0,0.1155,0,113215.11,-1.35,0.2275,0.8113,1,0.8182,-1.94
partner_619,EMEA,Services,Silver,21,7,declining,7,5.8,21.8,84,0,1,0.4988,1,12995.77,-18.47,0.3382,0.1009,0,0.0588,-20.78
partner_620,EMEA,Retail,Gold,7,5,declining,4,6.6,29.7,82,0,1,0.4631,0,81196.99,-2.2,0.0917,0.1473,0,0.6429,-4.47
partner_621,LATAM,Retail,Gold,9,6,stable,1,5.0,90.9,70,2,0,0.0138,0,76073.37,38.88,0.2311,0.9177,1,0.3333,36.61
partner_622,NA,Tech,Gold,57,7,stable,2,2.7,33.5,25,2,0,0.0101,0,56850.51,0.9,0.0988,0.1256,0,0.3333,-2.67
partner_623,APAC,Services,Bronze,49,6,improving,4,3.3,18.8,89,0,0,0.6453,1,8691.47,11.39,0.215,0.8213,1,0.3871,9.08
partner_624,NA,Retail,Gold,57,7,declining,4,2.7,41.5,48,0,0,0.1299,1,27506.04,-3.82,0.1695,0.1923,0,0.0909,-6.09
partner_625,APAC,Tech,Silver,33,7,stable,5,1.4,90.2,3,1,1,0.0022,0,29859.48,25.02,0.2193,0.5214,1,0.375,21.45
partner_626,NA,Manufacturing,Bronze,34,4,stable,7,8.5,42.8,54,1,1,0.4755,1,9902.3,3.54,0.1608,0.191,0,0.7273,2.96
partner_627,LATAM,Tech,Silver,48,5,declining,2,3.8,72.1,52,0,1,0.1466,0,16072.51,-6.67,0.3384,-0.3215,0,0.2353,-10.24
partner_628,EMEA,Retail,Bronze,38,10,stable,0,3.0,76.7,0,5,0,0.0001,0,4746.88,-0.77,0.0995,-0.1895,0,0.1395,-3.04
partner_629,NA,Retail,Bronze,28,3,declining,3,6.0,15.6,61,0,1,0.9552,1,10944.37,4.11,0.1699,0.8747,1,0.766,1.84
partner_630,APAC,Tech,Bronze,19,7,improving,0,3.0,59.5,39,3,1,0.0081,0,11863.93,21.68,0.2128,0.7484,1,0.6923,18.11
partner_631,APAC,Tech,Bronze,31,6,stable,7,2.8,43.4,57,2,0,0.2897,1,7405.28,-5.87,0.0946,0.0657,0,0.4615,-9.44
partner_632,APAC,Services,Bronze,6,9,improving,1,3.8,62.0,46,2,0,0.0011,0,10617.2,8.4,0.1164,-0.2815,0,0.6129,6.09
partner_633,EMEA,Manufacturing,Gold,14,9,stable,0,0.8,67.3,20,4,0,0.0008,0,51925.45,-8.65,0.2638,-0.408,0,0.4615,-9.24
partner_634,NA,Manufacturing,Silver,45,5,declining,5,5.1,53.2,36,0,1,0.5105,1,19316.6,2.39,0.1792,0.2431,0,0.2308,1.81
partner_635,EMEA,Services,Silver,53,10,improving,0,0.5,100.0,0,7,0,0.0,0,13096.67,-15.32,0.2915,-0.0862,0,0.0882,-17.63
partner_636,EMEA,Tech,Bronze,8,9,improving,2,2.4,47.6,31,3,0,0.0155,0,20102.4,11.14,0.3351,-0.3246,0,0.9375,7.57
partner_637,LATAM,Tech,Bronze,8,5,declining,6,3.6,25.1,41,1,1,0.152,0,3506.39,-11.59,0.2208,0.1392,0,0.0645,-15.16
partner_638,LATAM,Services,Bronze,7,5,declining,5,6.2,49.2,46,1,1,0.6818,1,5533.17,12.11,0.1515,0.4988,0,0.1905,9.8
partner_639,LATAM,Retail,Silver,48,8,improving,2,0.5,60.7,0,2,1,0.0003,0,13772.99,11.55,0.1917,0.7264,1,0.0714,9.28
partner_640,APAC,Manufacturing,Bronze,21,2,stable,9,9.7,30.4,50,0,0,0.9735,1,4963.76,7.92,0.0951,0.5118,1,0.1667,7.34
partner_641,LATAM,Services,Silver,21,7,stable,3,1.6,88.5,39,3,0,0.0014,0,16098.84,-15.96,0.3081,-0.1553,0,0.2857,-18.27
partner_642,APAC,Retail,Silver,3,7,improving,1,2.5,48.9,0,3,1,0.0023,0,56991.46,8.89,0.0896,0.1914,0,0.9375,6.62
partner_643,EMEA,Tech,Silver,59,5,stable,3,4.4,50.5,41,2,0,0.053,0,47708.94,13.51,0.19,0.5167,1,0.9677,9.94
partner_644,EMEA,Retail,Gold,28,4,stable,3,4.7,41.4,33,0,0,0.053,0,28816.02,-8.14,0.3315,-0.1537,0,0.0714,-10.41
partner_645,LATAM,Retail,Bronze,49,4,declining,13,5.6,19.2,34,0,1,0.8802,1,12110.88,-5.74,0.0844,-0.1989,0,0.76,-8.01
partner_646,APAC,Tech,Gold,44,5,improving,5,6.4,18.0,70,0,1,0.7871,1,55507.43,5.37,0.2691,-0.5113,0,0.3636,1.8
partner_647,EMEA,Retail,Silver,11,4,declining,5,8.7,45.8,73,0,0,0.9467,1,54267.45,17.76,0.2646,0.0152,0,0.8485,15.49
partner_648,NA,Services,Silver,49,4,improving,3,5.3,35.5,60,1,0,0.1351,0,26692.91,-10.26,0.091,-0.0302,0,0.55,-12.57
partner_649,LATAM,Services,Silver,34,9,improving,0,2.2,60.5,0,7,0,0.0005,0,19850.98,-15.08,0.2313,0.0081,0,0.5238,-17.39
partner_650,EMEA,Services,Silver,38,6,declining,9,3.4,42.5,33,1,1,0.3484,0,32305.15,-9.13,0.1375,-0.0084,0,0.6765,-11.44
partner_651,NA,Retail,Gold,14,6,declining,2,2.6,68.6,62,1,1,0.0757,0,46611.36,-13.92,0.2189,-0.6296,0,0.2727,-16.19
partner_652,APAC,Retail,Bronze,52,3,stable,6,6.6,33.6,52,0,0,0.4289,0,17470.91,-16.27,0.0867,0.1182,0,0.9355,-18.54
partner_653,LATAM,Retail,Silver,57,5,declining,7,7.5,36.4,67,1,0,0.8444,1,27733.31,3.92,0.103,0.1749,0,0.5,1.65
partner_654,EMEA,Retail,Silver,26,9,stable,1,4.5,27.6,23,1,0,0.0123,0,24309.64,-8.23,0.0997,0.253,0,0.3939,-10.5
partner_655,APAC,Services,Bronze,8,9,improving,0,0.5,85.4,27,3,1,0.0003,0,8904.42,6.91,0.1029,-0.0747,0,0.4516,4.6
partner_656,NA,Tech,Gold,52,6,declining,7,1.1,44.5,4,1,1,0.0306,0,212814.35,8.35,0.2992,-0.3552,0,1.0,4.78
partner_657,APAC,Retail,Bronze,54,9,improving,1,1.9,92.8,38,8,0,0.0003,0,13736.0,4.43,0.1791,0.762,1,0.8065,2.16
partner_658,EMEA,Services,Silver,32,8,stable,1,3.1,28.6,29,3,0,0.0208,0,42526.95,11.99,0.3385,0.1523,0,0.7941,9.68
partner_659,NA,Tech,Bronze,36,7,declining,3,2.9,59.3,6,5,0,0.0044,0,6207.75,-20.11,0.3671,-0.2155,0,0.2051,-23.68
partner_660,NA,Retail,Bronze,15,3,stable,5,5.5,67.6,20,1,0,0.0293,0,9603.66,2.79,0.2121,-0.0294,0,0.7021,0.52
partner_661,EMEA,Retail,Silver,6,6,declining,2,5.1,49.3,32,2,0,0.0763,0,20016.82,5.54,0.0855,-0.372,0,0.2121,3.27
partner_662,APAC,Manufacturing,Bronze,57,6,improving,1,4.1,51.0,42,3,0,0.0365,0,13808.73,-4.43,0.3296,-0.2207,0,0.9167,-5.01
partner_663,EMEA,Services,Bronze,31,8,stable,4,0.9,52.9,38,0,0,0.0055,0,4270.54,31.43,0.2452,0.8277,1,0.0952,29.12
partner_664,EMEA,Retail,Bronze,18,4,stable,4,3.0,29.3,36,0,0,0.2638,0,5173.02,-25.99,0.2985,0.314,0,0.2093,-28.26
partner_665,NA,Services,Bronze,43,10,improving,1,1.6,100.0,27,7,1,0.0001,0,6693.35,18.95,0.091,-0.2328,0,0.3636,16.64
partner_666,LATAM,Services,Silver,4,10,improving,0,0.5,90.5,0,7,0,0.0,0,38275.44,-0.03,0.1902,-0.2742,0,0.9048,-2.34
partner_667,APAC,Services,Gold,7,8,stable,3,2.0,49.3,33,0,1,0.0026,0,85271.05,13.83,0.3827,-0.0543,0,0.8182,11.52
partner_668,APAC,Retail,Bronze,17,8,declining,3,4.8,54.4,39,1,0,0.2085,1,8990.96,3.17,0.0807,-0.2647,0,0.5484,0.9
partner_669,EMEA,Retail,Silver,29,8,improving,0,0.5,89.0,33,1,0,0.0007,0,63314.88,-2.12,0.0804,-0.1362,0,0.9091,-4.39
partner_670,NA,Services,Bronze,24,5,stable,4,0.5,54.3,38,4,1,0.0163,0,4687.5,-6.67,0.2393,0.0761,0,0.1136,-8.98
partner_671,EMEA,Tech,Silver,13,1,stable,6,4.0,42.7,56,0,1,0.7489,1,17903.34,13.6,0.1938,0.4916,0,0.2903,10.03
partner_672,NA,Manufacturing,Bronze,23,9,declining,2,4.7,66.5,21,2,0,0.0161,0,6481.22,-6.91,0.0862,0.3884,0,0.3333,-7.5
partner_673,APAC,Services,Bronze,22,6,improving,2,6.1,51.5,69,1,0,0.164,0,22003.23,22.29,0.1816,0.7547,1,1.0,19.98
partner_674,LATAM,Retail,Bronze,33,4,declining,4,2.1,41.3,76,0,1,0.76,1,4393.07,-26.62,0.3038,-0.0088,0,0.2,-28.89
partner_675,NA,Services,Silver,35,6,stable,4,1.4,61.6,50,1,1,0.0302,0,25693.99,3.3,0.08,-0.0894,0,0.45,0.99
partner_676,NA,Services,Silver,54,5,stable,3,4.4,67.3,38,2,0,0.0042,0,10516.95,10.25,0.0968,-0.0275,0,0.1,7.94
partner_677,APAC,Manufacturing,Bronze,49,10,stable,0,0.5,91.6,33,7,0,0.0001,0,6572.66,-7.79,0.1115,-0.047,0,0.25,-8.38
partner_678,NA,Tech,Silver,19,6,improving,0,5.7,56.5,51,4,0,0.0184,0,43214.69,5.41,0.2614,0.7215,1,0.7,1.84
partner_679,EMEA,Services,Silver,55,5,stable,5,4.5,64.2,42,1,0,0.0395,0,29474.11,-16.95,0.1031,-0.1579,0,0.5,-19.26
partner_680,NA,Tech,Bronze,33,7,stable,1,4.4,84.3,28,4,0,0.0202,0,7007.4,-39.96,0.2708,0.8693,1,0.2308,-43.53
partner_681,EMEA,Manufacturing,Silver,13,7,declining,0,1.7,48.7,38,4,0,0.0716,0,16927.75,-0.29,0.1134,-0.125,0,0.2381,-0.88
partner_682,EMEA,Services,Gold,22,8,improving,0,3.3,76.6,0,3,0,0.0007,0,221826.25,8.45,0.2689,-0.2024,0,1.0,6.14
partner_683,EMEA,Manufacturing,Bronze,46,6,stable,5,7.4,36.0,74,1,0,0.5006,1,4465.83,-6.92,0.0948,0.2454,0,0.1538,-7.5
partner_684,NA,Retail,Silver,50,7,declining,2,4.3,49.5,22,1,0,0.0168,0,28585.61,-1.28,0.0925,0.0052,0,0.5357,-3.55
partner_685,LATAM,Retail,Bronze,24,4,declining,5,5.1,14.2,50,0,0,0.1906,0,7153.78,-22.4,0.2372,0.7252,1,0.56,-24.67
partner_686,NA,Retail,Silver,12,6,stable,3,3.0,52.7,14,3,0,0.0078,0,21277.39,-22.38,0.2062,0.7972,1,0.25,-24.65
partner_687,NA,Tech,Bronze,14,7,stable,1,0.6,66.7,18,4,0,0.0015,0,13445.83,9.36,0.3108,-0.0193,0,0.7692,5.79
partner_688,APAC,Tech,Silver,9,5,stable,2,1.7,42.3,31,2,0,0.0401,0,34272.94,25.21,0.3696,-0.5832,0,0.625,21.64
partner_689,LATAM,Manufacturing,Bronze,43,10,stable,1,0.5,100.0,22,4,0,0.0001,0,11124.48,-1.56,0.296,0.4362,0,0.5217,-2.14
partner_690,NA,Tech,Silver,32,6,stable,5,0.9,34.0,63,1,0,0.1291,0,20887.8,-8.75,0.1501,0.06,0,0.2667,-12.32
partner_691,EMEA,Services,Gold,29,10,stable,0,0.5,82.9,59,3,0,0.0016,0,50392.1,7.46,0.1932,0.1207,0,0.4444,5.15
partner_692,APAC,Services,Bronze,41,6,stable,1,0.5,16.1,44,0,0,0.0897,0,8812.06,5.25,0.1033,-0.0369,0,0.4194,2.94
partner_693,EMEA,Retail,Gold,51,9,declining,0,1.1,69.0,17,3,0,0.0009,0,77311.9,2.95,0.1023,0.1538,0,0.4286,0.68
partner_694,NA,Manufacturing,Gold,49,7,declining,3,3.6,75.7,42,2,0,0.0058,0,108587.86,1.78,0.1097,-0.1777,0,0.7273,1.19
partner_695,APAC,Manufacturing,Gold,10,5,improving,6,3.4,60.2,28,0,0,0.1058,0,103837.31,9.17,0.1769,-0.0444,0,0.5,8.58
partner_696,NA,Tech,Bronze,37,9,declining,1,1.8,72.6,1,4,0,0.0007,0,5282.49,-4.81,0.2203,-0.099,0,0.1282,-8.38
partner_697,LATAM,Retail,Silver,54,9,declining,0,3.3,71.8,12,11,0,0.0004,0,25877.82,19.34,0.2788,0.0791,0,0.4286,17.07
partner_698,NA,Services,Bronze,47,5,stable,4,7.3,44.8,58,0,0,0.2749,0,16439.8,44.65,0.1786,0.7454,1,0.8636,42.34
partner_699,LATAM,Services,Bronze,22,8,improving,3,6.0,83.3,0,1,0,0.0031,0,12494.05,6.73,0.366,0.181,0,0.8095,4.42
partner_700,EMEA,Manufacturing,Gold,25,9,improving,0,2.6,91.9,45,5,0,0.0003,0,40393.12,18.14,0.1679,-0.0542,0,0.3846,17.56
partner_701,EMEA,Services,Silver,54,8,stable,2,2.4,45.3,35,5,0,0.0079,0,47444.33,1.07,0.3678,-0.2451,0,0.9118,-1.24
partner_702,NA,Services,Silver,4,3,stable,5,3.4,44.9,63,2,1,0.9277,1,26467.65,-5.08,0.0782,-0.464,0,0.5,-7.39
partner_703,EMEA,Tech,Bronze,33,8,improving,0,3.0,43.2,0,2,0,0.0004,0,16610.47,-4.15,0.1493,0.293,0,0.8125,-7.72
partner_704,APAC,Manufacturing,Silver,9,10,improving,1,1.1,67.5,0,5,0,0.0001,0,43120.25,-8.64,0.0971,-0.2782,0,0.8462,-9.23
partner_705,EMEA,Tech,Silver,54,4,declining,2,3.8,36.2,33,2,0,0.095,1,40684.81,-2.43,0.1272,-0.3274,0,0.8387,-6.0
partner_706,NA,Services,Bronze,5,5,stable,2,2.9,75.1,28,2,0,0.0039,0,6491.7,13.18,0.0818,-0.2609,0,0.3409,10.87
partner_707,LATAM,Retail,Gold,4,4,declining,4,3.6,25.8,61,0,1,0.701,1,33919.72,24.64,0.1839,0.0209,0,0.1111,22.37
partner_708,LATAM,Tech,Bronze,22,10,improving,0,0.5,76.8,31,1,0,0.0001,0,11039.98,8.07,0.2279,0.1836,0,0.6129,4.5
partner_709,NA,Services,Bronze,14,6,stable,2,2.2,63.6,37,3,0,0.0133,0,6298.96,-1.27,0.1223,-0.4936,0,0.3182,-3.58
partner_710,NA,Retail,Silver,31,5,declining,8,7.3,20.9,49,0,1,0.8067,0,13909.6,-6.05,0.248,0.0575,0,0.1071,-8.32
partner_711,APAC,Services,Gold,20,7,stable,4,6.7,8.7,100,1,0,0.824,1,121022.42,2.72,0.0807,-0.2072,0,1.0,0.41
partner_712,LATAM,Tech,Bronze,23,2,stable,3,6.0,28.0,50,2,1,0.6693,0,5062.46,-8.64,0.326,-0.4877,0,0.0968,-12.21
partner_713,APAC,Services,Bronze,35,5,improving,6,3.5,42.7,32,0,1,0.1143,0,2094.66,-5.97,0.3449,-0.3821,0,0.0323,-8.28
partner_714,APAC,Services,Bronze,35,4,stable,2,2.4,60.0,4,1,0,0.0367,0,14389.15,4.0,0.2781,0.1829,0,0.8387,1.69
partner_715,LATAM,Tech,Gold,57,10,stable,0,3.5,88.6,5,12,0,0.0,0,53550.31,0.81,0.1084,-0.6072,0,0.4,-2.76
partner_716,EMEA,Services,Bronze,30,4,stable,7,3.1,43.6,72,0,0,0.0598,0,6915.3,10.54,0.3168,-0.4948,0,0.3571,8.23
partner_717,NA,Tech,Silver,35,7,stable,0,3.1,75.7,10,2,0,0.0032,0,24558.56,-6.56,0.1103,-0.4455,0,0.3,-10.13
partner_718,EMEA,Manufacturing,Gold,42,6,declining,3,7.4,50.9,73,0,0,0.7544,1,89082.0,19.45,0.3843,-0.4097,0,0.7692,18.86
partner_719,LATAM,Manufacturing,Bronze,13,3,declining,3,4.8,41.3,57,0,0,0.5735,1,11181.35,-5.68,0.1578,0.3246,0,0.6087,-6.26
partner_720,APAC,Services,Silver,41,5,stable,4,3.0,38.6,3,0,0,0.0025,0,11426.88,-0.54,0.0874,0.3321,0,0.0588,-2.85
partner_721,NA,Retail,Silver,52,6,stable,0,4.0,54.7,34,9,0,0.0017,0,28953.18,5.4,0.3462,-0.5276,0,0.5714,3.13
partner_722,NA,Retail,Silver,21,9,stable,1,2.9,48.0,24,2,0,0.0006,0,41396.5,19.07,0.3933,-0.0102,0,0.8929,16.8
partner_723,EMEA,Manufacturing,Bronze,13,9,declining,1,3.0,50.6,5,4,0,0.007,0,3067.11,-21.84,0.2645,-0.0735,0,0.0769,-22.42
partner_724,APAC,Manufacturing,Bronze,23,2,stable,8,8.4,17.3,98,0,1,0.9946,1,14113.02,14.33,0.1783,0.0243,0,1.0,13.74
partner_725,EMEA,Tech,Bronze,18,4,stable,4,0.6,70.3,71,0,1,0.1169,0,13090.11,22.14,0.3355,-0.4653,0,0.75,18.57
partner_726,EMEA,Retail,Silver,36,6,declining,12,5.0,43.2,32,1,1,0.3131,1,33045.86,1.96,0.2346,0.8596,1,0.6061,-0.31
partner_727,EMEA,Tech,Silver,53,10,stable,1,0.6,79.4,20,4,1,0.0001,0,31823.76,3.44,0.1072,0.2358,0,0.6129,-0.13
partner_728,EMEA,Services,Bronze,37,8,improving,0,2.2,84.6,28,3,0,0.0024,0,10388.51,17.05,0.334,-0.3043,0,0.6429,14.74
partner_729,NA,Retail,Bronze,10,4,declining,4,4.1,36.2,45,2,0,0.5061,1,4649.18,3.83,0.092,0.33,0,0.1064,1.56
partner_730,NA,Tech,Gold,21,7,stable,1,2.9,64.9,35,1,0,0.0012,0,205998.49,21.47,0.2073,0.3478,0,0.8889,17.9
partner_731,NA,Services,Bronze,42,7,improving,0,2.7,86.0,20,3,0,0.0001,0,11814.34,24.22,0.2242,0.9367,1,0.8182,21.91
partner_732,EMEA,Retail,Bronze,22,7,improving,3,3.6,62.9,51,1,0,0.0024,0,27463.59,-0.91,0.2157,0.1933,0,1.0,-3.18
partner_733,EMEA,Manufacturing,Silver,37,4,improving,6,3.6,89.6,45,2,0,0.0494,0,38121.98,4.17,0.0847,-0.4846,0,0.8095,3.58
partner_734,NA,Retail,Bronze,43,8,declining,1,2.3,92.5,0,5,0,0.0001,0,16048.73,-13.67,0.1967,0.867,1,0.9149,-15.94
partner_735,EMEA,Services,Bronze,22,3,stable,6,4.8,32.9,19,0,0,0.2872,0,14712.58,26.48,0.37,-0.5358,0,0.8571,24.17
partner_736,LATAM,Manufacturing,Bronze,40,10,improving,3,2.4,66.8,0,1,0,0.0005,0,17861.25,3.68,0.2391,0.0753,0,0.8696,3.1
partner_737,EMEA,Services,Bronze,26,7,improving,4,2.7,61.6,0,4,0,0.0129,0,11003.44,-18.47,0.3213,0.1281,0,0.6667,-20.78
partner_738,NA,Retail,Silver,10,10,improving,0,0.5,100.0,0,5,0,0.0,0,28390.82,-19.76,0.2078,0.7551,1,0.5,-22.03
partner_739,NA,Tech,Silver,24,6,stable,2,5.6,51.2,33,1,0,0.034,0,19206.51,-9.02,0.244,-0.6913,0,0.2333,-12.59
partner_740,NA,Services,Silver,28,9,stable,0,2.0,70.9,18,3,0,0.0,0,51876.28,-5.58,0.1129,-0.134,0,0.95,-7.89
partner_741,EMEA,Retail,Bronze,3,6,declining,3,3.3,45.2,45,1,1,0.0173,0,8556.97,44.49,0.2578,0.8132,1,0.5349,42.22
partner_742,EMEA,Retail,Silver,54,5,declining,4,5.1,22.7,53,0,1,0.1894,1,22674.69,8.37,0.2179,0.7696,1,0.2727,6.1
partner_743,APAC,Retail,Bronze,33,5,improving,3,3.6,42.5,66,3,0,0.292,1,14426.29,5.35,0.1265,-0.277,0,0.8387,3.08
partner_744,EMEA,Services,Silver,5,3,stable,5,7.1,5.6,31,0,0,0.9391,1,18296.76,-19.39,0.2927,-0.0013,0,0.1765,-21.7
partner_745,NA,Manufacturing,Bronze,53,9,improving,1,3.8,76.1,31,9,0,0.0012,0,8191.85,-11.97,0.1155,-0.2224,0,0.5455,-12.56
partner_746,NA,Manufacturing,Silver,52,3,stable,4,4.1,49.6,53,3,1,0.4293,1,38729.62,20.19,0.3433,-0.2136,0,0.6923,19.6
partner_747,NA,Manufacturing,Bronze,3,10,improving,0,4.2,64.1,3,0,0,0.001,0,4764.44,26.11,0.1952,0.8561,1,0.0909,25.52
partner_748,NA,Tech,Bronze,12,9,improving,0,2.3,91.4,27,2,0,0.0001,0,8738.0,23.2,0.1667,0.0937,0,0.5385,19.63
partner_749,LATAM,Tech,Bronze,24,4,declining,6,3.2,21.2,68,0,1,0.8796,1,7241.12,-2.23,0.2621,0.1068,0,0.4194,-5.8
partner_750,APAC,Tech,Bronze,32,4,declining,6,6.4,21.5,62,0,0,0.8348,1,13334.85,0.48,0.0886,-0.0938,0,0.8077,-3.09
partner_751,EMEA,Manufacturing,Bronze,45,4,improving,9,1.9,14.0,10,0,1,0.1958,0,9226.82,-0.98,0.2032,0.1106,0,0.5769,-1.56
partner_752,NA,Retail,Silver,27,9,improving,0,0.5,96.6,33,5,0,0.0002,0,61944.12,30.63,0.375,-0.4336,0,1.0,28.36
partner_753,EMEA,Services,Silver,38,4,declining,3,5.1,56.1,52,1,0,0.1335,0,28642.5,3.64,0.2714,-0.1326,0,0.4706,1.33
partner_754,NA,Services,Bronze,3,6,declining,2,5.0,62.3,60,3,0,0.0248,0,6872.87,-13.32,0.2608,-0.016,0,0.3864,-15.63
partner_755,LATAM,Tech,Gold,41,3,declining,6,5.9,51.9,0,1,1,0.6793,1,62460.78,11.63,0.0931,0.3239,0,0.6,8.06
partner_756,EMEA,Manufacturing,Silver,56,6,declining,1,6.0,42.0,35,2,1,0.074,0,46072.39,29.48,0.3257,-0.4671,0,0.9524,28.9
partner_757,NA,Retail,Gold,33,10,stable,0,2.1,64.6,0,9,0,0.0001,0,338407.77,23.34,0.335,-0.1242,0,1.0,21.07
partner_758,APAC,Services,Silver,29,5,stable,4,3.5,20.3,73,1,1,0.7024,1,24106.79,-1.37,0.2738,-0.0141,0,0.6471,-3.68
partner_759,EMEA,Services,Silver,20,9,improving,0,3.2,60.6,0,4,0,0.0001,0,44424.05,35.25,0.249,0.8841,1,0.8824,32.94
partner_760,NA,Services,Silver,58,5,stable,3,2.1,54.7,65,0,0,0.0667,0,80706.49,11.06,0.2043,0.1072,0,1.0,8.75
partner_761,LATAM,Tech,Silver,4,10,declining,0,1.2,52.5,30,7,0,0.0012,0,35691.06,-0.34,0.2564,0.7556,1,0.7647,-3.91
partner_762,EMEA,Retail,Gold,19,7,declining,0,3.3,47.3,35,1,0,0.0162,0,85485.16,65.6,0.2471,0.8689,1,0.7857,63.33
partner_763,EMEA,Retail,Bronze,11,6,declining,6,4.5,46.2,70,4,1,0.2441,0,4556.72,-2.37,0.2572,0.4129,0,0.1163,-4.64
partner_764,EMEA,Retail,Bronze,53,7,declining,4,2.7,72.8,16,1,0,0.0014,0,15508.72,51.04,0.2303,0.8223,1,0.907,48.77
partner_765,APAC,Retail,Bronze,30,6,improving,0,2.7,45.7,23,4,0,0.0065,0,9885.87,25.17,0.1962,0.5605,1,0.6452,22.9
partner_766,EMEA,Retail,Gold,56,10,stable,0,0.5,82.3,33,2,0,0.0003,0,75078.07,12.03,0.0884,-0.1894,0,0.3571,9.76
partner_767,EMEA,Services,Bronze,41,6,declining,3,2.8,75.2,28,1,0,0.016,0,4211.45,-2.01,0.1934,0.0162,0,0.0476,-4.32
partner_768,EMEA,Retail,Silver,35,6,declining,3,6.7,20.6,20,1,0,0.2805,0,41024.29,-25.01,0.2208,0.7935,1,0.7273,-27.28
partner_769,EMEA,Retail,Silver,33,8,improving,0,1.1,100.0,3,5,0,0.0002,0,41422.87,12.82,0.1703,0.8745,1,0.7576,10.55
partner_770,LATAM,Services,Gold,14,8,declining,2,3.7,61.3,21,2,0,0.011,0,41915.68,1.21,0.0979,0.0777,0,0.4286,-1.1
partner_771,EMEA,Manufacturing,Bronze,35,8,improving,1,0.5,86.0,65,3,0,0.0003,0,8491.62,18.17,0.2365,0.78,1,0.5385,17.58
partner_772,NA,Services,Silver,42,8,stable,0,6.5,82.9,42,7,0,0.0016,0,15374.86,-19.1,0.2943,-0.1885,0,0.2,-21.41
partner_773,NA,Manufacturing,Gold,58,7,declining,4,2.7,38.0,35,2,0,0.0749,0,53144.28,-11.34,0.1091,0.3679,0,0.2727,-11.92
partner_774,APAC,Services,Bronze,34,7,stable,1,1.1,65.2,9,2,0,0.0019,0,7765.28,7.56,0.1873,0.8378,1,0.3226,5.25
partner_775,EMEA,Manufacturing,Silver,57,6,stable,3,3.1,37.8,42,3,0,0.0854,0,60583.99,13.65,0.3551,-0.6301,0,1.0,13.06
partner_776,APAC,Tech,Bronze,57,3,stable,4,2.4,43.9,67,2,0,0.0683,0,13281.99,6.43,0.1842,0.5116,1,0.7692,2.86
partner_777,LATAM,Manufacturing,Silver,33,5,stable,6,4.7,45.1,56,1,0,0.3415,1,21571.38,9.01,0.2303,-0.2242,0,0.3333,8.42
partner_778,EMEA,Tech,Silver,28,6,improving,1,0.8,66.0,14,1,0,0.0102,0,32113.67,-33.45,0.1897,0.7915,1,0.6452,-37.02
partner_779,LATAM,Tech,Bronze,11,3,declining,4,6.4,49.1,28,0,1,0.5697,1,6397.06,16.45,0.3598,-0.4652,0,0.2903,12.88
partner_780,APAC,Tech,Bronze,18,9,improving,5,4.4,86.9,24,2,0,0.0325,0,6658.1,-2.44,0.0926,-0.0344,0,0.3077,-6.01
partner_781,EMEA,Retail,Bronze,53,5,declining,6,4.7,28.0,66,0,1,0.8964,0,17500.18,16.15,0.3519,-0.1518,0,0.9535,13.88
partner_782,APAC,Services,Bronze,11,6,improving,0,0.5,88.6,14,8,0,0.0017,0,9791.26,-4.61,0.2446,-0.0667,0,0.5161,-6.92
partner_783,NA,Retail,Silver,26,5,declining,5,3.5,41.1,78,0,1,0.6029,0,34192.92,21.41,0.2094,0.8382,1,0.75,19.14
partner_784,LATAM,Retail,Bronze,43,2,declining,7,5.6,5.3,80,0,1,0.9946,1,12181.76,9.89,0.401,-0.2366,0,0.8,7.62
partner_785,APAC,Retail,Bronze,16,8,improving,1,1.1,62.1,35,1,0,0.0121,0,14932.02,5.77,0.1748,0.5047,1,0.871,3.5
partner_786,NA,Services,Silver,59,9,improving,0,0.5,86.0,20,7,0,0.0001,0,46159.68,23.55,0.2061,-0.1116,0,0.85,21.24
partner_787,APAC,Tech,Silver,40,8,improving,0,4.0,58.2,0,6,0,0.0017,0,39850.98,12.12,0.2218,0.8149,1,0.6875,8.55
partner_788,NA,Manufacturing,Silver,4,5,stable,8,5.3,15.9,53,0,1,0.4825,0,56104.78,4.15,0.2427,-0.187,0,0.9231,3.57
partner_789,LATAM,Services,Gold,17,7,declining,3,4.1,32.7,25,1,1,0.0846,0,109339.93,-3.66,0.1641,0.7216,1,1.0,-5.97
partner_790,LATAM,Retail,Bronze,45,6,declining,3,5.4,30.0,64,1,0,0.8494,1,13215.15,16.84,0.1915,0.763,1,0.92,14.57
partner_791,EMEA,Services,Silver,53,3,declining,7,5.4,9.4,52,0,1,0.9724,1,43502.1,-0.85,0.207,-0.112,0,0.8235,-3.16
partner_792,NA,Tech,Bronze,56,7,stable,1,2.2,91.5,23,3,0,0.0016,0,12270.06,28.76,0.2209,0.0961,0,0.6923,25.19
partner_793,NA,Retail,Silver,52,6,declining,5,5.1,4.0,50,0,0,0.353,0,42614.78,8.08,0.3384,0.1113,0,0.9286,5.81
partner_794,EMEA,Manufacturing,Gold,7,6,declining,4,5.7,41.7,66,0,0,0.0556,0,52860.06,-0.07,0.0913,-0.0611,0,0.5385,-0.66
partner_795,EMEA,Services,Silver,45,7,stable,6,4.6,58.1,20,4,0,0.0014,0,24433.64,10.73,0.0752,0.2291,0,0.3529,8.42
partner_796,NA,Retail,Silver,9,8,stable,0,4.2,63.3,26,3,0,0.02,1,22140.12,0.55,0.1143,-0.2401,0,0.2857,-1.72
partner_797,EMEA,Manufacturing,Silver,7,5,declining,3,3.6,50.1,20,1,1,0.0236,0,18980.64,5.65,0.1649,0.518,1,0.381,5.07
partner_798,EMEA,Retail,Bronze,43,6,declining,4,2.2,39.1,31,0,0,0.199,0,5771.05,-13.53,0.089,-0.1651,0,0.2791,-15.8
partner_799,LATAM,Manufacturing,Silver,30,4,stable,2,5.8,43.3,47,2,0,0.1045,0,19592.56,-13.81,0.3023,-0.2534,0,0.2222,-14.4
partner_800,LATAM,Manufacturing,Silver,40,7,stable,5,2.9,68.5,60,3,0,0.0848,1,27449.53,-14.54,0.0866,-0.3661,0,0.4444,-15.12
partner_801,LATAM,Manufacturing,Gold,52,10,improving,2,1.3,79.7,7,4,0,0.0,0,44069.95,-4.19,0.2848,-0.2582,0,0.5,-4.78
partner_802,NA,Manufacturing,Bronze,6,7,stable,6,6.0,24.0,26,0,0,0.0851,0,8254.79,-7.27,0.0959,-0.2392,0,0.6061,-7.86
partner_803,APAC,Retail,Bronze,33,7,stable,8,4.6,23.8,29,0,0,0.1436,1,5356.34,-29.62,0.2176,0.7817,1,0.2903,-31.89
partner_804,NA,Manufacturing,Silver,51,4,stable,2,2.4,45.6,44,3,0,0.3032,0,22057.59,-8.65,0.19,-0.5485,0,0.3846,-9.24
partner_805,EMEA,Manufacturing,Bronze,28,5,improving,3,4.7,42.5,79,4,0,0.4168,1,14255.76,15.68,0.303,-0.1884,0,0.8846,15.1
partner_806,EMEA,Manufacturing,Bronze,33,7,declining,6,6.8,40.4,54,2,1,0.3574,1,12547.87,9.76,0.2888,0.3366,0,0.8077,9.17
partner_807,LATAM,Retail,Bronze,31,10,improving,0,1.1,100.0,0,4,0,0.0,0,4449.85,-10.9,0.0778,-0.3212,0,0.24,-13.17
partner_808,EMEA,Tech,Silver,55,5,declining,6,3.9,36.1,49,1,0,0.5318,0,29275.73,-6.71,0.2015,-0.2651,0,0.5806,-10.28
partner_809,NA,Tech,Bronze,5,5,declining,5,1.6,50.8,80,0,0,0.1266,0,5236.24,-18.86,0.2042,0.7309,1,0.0769,-22.43
partner_810,APAC,Retail,Bronze,53,5,improving,8,7.7,76.5,51,1,1,0.446,0,7036.83,14.43,0.2148,0.752,1,0.3871,12.16
partner_811,EMEA,Retail,Bronze,50,5,stable,5,2.6,66.5,34,0,1,0.0089,0,4322.94,-3.84,0.1015,0.2633,0,0.093,-6.11
partner_812,EMEA,Tech,Gold,50,3,declining,4,2.4,59.9,47,0,0,0.1025,0,64608.64,2.97,0.0898,0.5737,1,0.5,-0.6
partner_813,APAC,Manufacturing,Silver,26,4,declining,9,4.2,55.4,61,0,1,0.8839,1,49971.21,20.68,0.3732,-0.0492,0,0.9231,20.1
partner_814,NA,Retail,Bronze,32,7,stable,2,5.3,52.2,33,1,0,0.0088,0,5533.1,5.02,0.2615,0.8993,1,0.1702,2.75
partner_815,EMEA,Services,Bronze,24,7,improving,2,5.6,59.9,60,2,0,0.0511,0,17550.01,8.17,0.1847,-0.2403,0,0.9524,5.86
partner_816,APAC,Tech,Silver,17,10,improving,1,1.4,78.1,45,4,1,0.0001,0,28168.77,-3.9,0.1121,-0.2266,0,0.3125,-7.47
partner_817,APAC,Services,Bronze,53,6,stable,2,2.2,85.5,34,4,0,0.0001,0,11493.77,4.62,0.1882,0.7742,1,0.6774,2.31
partner_818,NA,Tech,Silver,32,6,declining,3,2.8,66.5,24,3,1,0.028,0,49630.92,-13.9,0.103,-0.0026,0,0.7333,-17.47
partner_819,LATAM,Tech,Bronze,44,10,stable,1,2.9,66.9,0,7,0,0.0002,0,5592.76,43.38,0.226,0.8526,1,0.1613,39.81
partner_820,EMEA,Manufacturing,Gold,8,7,improving,1,3.4,47.9,20,2,0,0.0093,0,32872.94,-3.64,0.1888,-0.2796,0,0.3077,-4.23
partner_821,EMEA,Services,Bronze,48,5,declining,5,4.5,53.7,34,1,0,0.018,0,8502.29,-12.27,0.1031,0.2846,0,0.5238,-14.58
partner_822,NA,Tech,Silver,41,6,stable,4,5.8,23.8,38,0,0,0.1232,0,24922.88,-10.94,0.0946,-0.113,0,0.3333,-14.51
partner_823,EMEA,Tech,Bronze,60,8,improving,2,0.5,83.8,16,8,0,0.0011,0,10503.23,4.13,0.0925,0.0624,0,0.5938,0.56
partner_824,LATAM,Manufacturing,Gold,10,3,declining,10,5.7,52.0,72,0,0,0.6712,1,98235.66,34.38,0.2421,-0.1159,0,1.0,33.8
partner_825,APAC,Manufacturing,Gold,34,4,declining,7,5.1,32.9,46,0,1,0.4533,0,137135.3,-3.13,0.1574,0.2545,0,0.8333,-3.72
partner_826,EMEA,Retail,Silver,32,9,stable,0,1.9,95.8,0,2,0,0.0005,0,15240.62,6.5,0.0839,-0.0214,0,0.0909,4.23
partner_827,NA,Tech,Bronze,34,9,improving,1,2.2,72.1,7,1,0,0.0004,0,5432.83,-1.37,0.1439,-0.0184,0,0.1538,-4.94
partner_828,EMEA,Tech,Bronze,6,5,stable,1,3.6,57.1,72,1,1,0.1442,0,10168.45,15.49,0.1211,-0.1049,0,0.5625,11.92
partner_829,APAC,Services,Silver,30,4,improving,5,4.2,33.4,73,0,0,0.2303,0,33240.07,0.68,0.104,-0.0015,0,0.8824,-1.63
partner_830,EMEA,Tech,Silver,20,8,declining,3,7.6,41.8,21,3,0,0.0237,0,21763.42,12.47,0.1812,0.7835,1,0.4194,8.9
partner_831,LATAM,Tech,Bronze,38,9,improving,6,5.5,40.7,65,3,0,0.1867,0,16456.87,0.53,0.1498,-0.1734,0,0.9677,-3.04
partner_832,NA,Services,Bronze,16,5,stable,1,5.3,28.7,36,1,0,0.0726,0,5689.14,37.93,0.2217,0.8838,1,0.25,35.62
partner_833,NA,Tech,Bronze,28,10,stable,1,0.7,73.8,55,4,0,0.0005,0,8628.46,42.18,0.378,-0.1557,0,0.4872,38.61
partner_834,LATAM,Retail,Silver,38,3,declining,9,4.3,54.1,78,0,0,0.8281,1,32691.68,-1.09,0.0787,0.0198,0,0.6429,-3.36
partner_835,LATAM,Retail,Silver,6,6,stable,3,3.5,28.2,55,1,0,0.2475,0,35420.17,17.74,0.2032,0.5562,1,0.8214,15.47
partner_836,NA,Retail,Silver,48,8,stable,1,2.2,59.7,34,4,0,0.0061,0,15128.77,1.88,0.1658,0.0082,0,0.1429,-0.39
partner_837,LATAM,Retail,Silver,44,6,declining,3,1.9,33.8,78,5,0,0.116,0,45068.0,14.12,0.1984,-0.4112,0,0.9286,11.85
partner_838,APAC,Tech,Bronze,6,8,improving,3,3.7,51.6,23,1,1,0.0132,0,13176.21,4.48,0.2151,-0.076,0,0.7308,0.91
partner_839,NA,Services,Bronze,6,10,improving,2,4.4,70.6,56,3,0,0.0027,0,5266.36,-4.31,0.2118,-0.1105,0,0.2045,-6.62
partner_840,NA,Manufacturing,Bronze,52,5,improving,3,0.5,46.1,27,3,0,0.0101,0,17553.54,-0.54,0.1038,0.1114,0,0.9697,-1.12
partner_841,EMEA,Retail,Silver,19,9,improving,1,0.5,98.3,0,6,0,0.0,0,33001.7,14.41,0.3589,-0.5227,0,0.5758,12.14
partner_842,LATAM,Manufacturing,Bronze,52,8,stable,3,6.1,30.7,51,0,0,0.1298,0,7579.23,17.98,0.3001,-0.0453,0,0.3478,17.4
partner_843,NA,Retail,Bronze,31,6,improving,4,4.1,47.0,59,0,1,0.2334,0,8525.09,-4.13,0.121,-0.1852,0,0.6383,-6.4
partner_844,NA,Services,Bronze,22,5,declining,8,2.9,43.1,44,1,1,0.5821,1,7188.19,7.49,0.1856,-0.094,0,0.4091,5.18
partner_845,EMEA,Retail,Bronze,18,5,improving,4,5.4,41.4,84,1,0,0.0844,0,15266.17,6.28,0.2036,0.7295,1,0.8837,4.01
partner_846,APAC,Manufacturing,Silver,41,6,stable,5,2.1,93.0,58,4,0,0.0112,0,20341.47,-11.91,0.1597,0.5589,1,0.2308,-12.5
partner_847,NA,Tech,Bronze,9,7,stable,1,3.2,54.0,41,2,0,0.0022,0,5150.15,9.88,0.0966,-0.2325,0,0.0513,6.31
partner_848,LATAM,Manufacturing,Bronze,26,5,stable,4,2.7,38.0,34,1,0,0.0289,0,14983.35,21.13,0.1979,0.7718,1,0.7826,20.54
partner_849,EMEA,Tech,Silver,23,6,declining,6,4.6,1.2,76,0,1,0.9371,1,28385.96,-19.31,0.2908,-0.367,0,0.5484,-22.88
partner_850,APAC,Services,Bronze,11,6,declining,4,6.1,43.1,13,0,0,0.0495,0,3795.7,5.59,0.089,-0.0462,0,0.0645,3.28
partner_851,EMEA,Retail,Bronze,23,7,stable,4,3.1,21.3,58,1,0,0.0992,0,17243.16,8.26,0.263,-0.5067,0,0.9302,5.99
partner_852,EMEA,Services,Bronze,33,5,stable,7,5.6,46.4,40,0,0,0.1454,0,8365.15,8.28,0.3275,-0.5348,0,0.5,5.97
partner_853,APAC,Tech,Silver,42,9,improving,0,2.8,66.3,55,3,0,0.0082,0,50614.14,7.96,0.0814,-0.2951,0,0.875,4.39
partner_854,APAC,Services,Bronze,8,7,declining,2,5.0,68.9,10,0,0,0.0151,0,18559.19,1.25,0.2126,-0.0729,0,0.9355,-1.06
partner_855,EMEA,Services,Silver,53,6,stable,0,2.8,45.0,27,2,0,0.0143,0,31995.17,64.34,0.2329,0.8454,1,0.6176,62.03
partner_856,NA,Services,Gold,53,4,stable,1,6.7,42.4,61,0,0,0.0721,0,65061.04,1.01,0.1097,-0.3307,0,0.7,-1.3
partner_857,LATAM,Retail,Silver,43,2,declining,9,6.7,32.6,84,0,1,0.9818,1,24888.24,-1.81,0.2267,0.7418,1,0.3214,-4.08
partner_858,APAC,Retail,Bronze,56,6,declining,7,4.4,32.9,35,1,1,0.4514,0,5021.91,-9.98,0.1962,0.3799,0,0.2581,-12.25
partner_859,NA,Retail,Silver,27,2,declining,7,5.7,38.1,59,0,0,0.2963,0,24023.14,9.45,0.0863,0.0246,0,0.3571,7.18
partner_860,NA,Retail,Bronze,50,7,improving,3,2.9,62.0,60,1,0,0.0042,0,7760.84,15.27,0.1828,0.547,1,0.383,13.0
partner_861,LATAM,Manufacturing,Bronze,45,3,declining,6,4.4,26.8,86,0,0,0.7785,1,11253.09,6.18,0.3425,0.6358,1,0.6957,5.6
partner_862,LATAM,Services,Silver,35,5,declining,0,3.9,78.4,33,2,1,0.0239,1,30140.53,-9.3,0.1775,-0.0902,0,0.7143,-11.61
partner_863,LATAM,Services,Bronze,13,9,declining,0,0.5,95.0,0,5,0,0.0002,0,9526.58,-3.66,0.1008,0.0002,0,0.5238,-5.97
partner_864,NA,Tech,Bronze,35,4,declining,5,3.9,9.8,32,0,1,0.6333,0,13491.0,1.1,0.2385,0.5125,1,0.7949,-2.47
partner_865,EMEA,Manufacturing,Bronze,55,9,stable,0,0.9,88.3,26,8,0,0.0004,0,7328.51,-0.11,0.0993,0.4234,0,0.3846,-0.7
partner_866,APAC,Services,Bronze,60,6,stable,2,4.2,47.7,53,1,0,0.0065,0,14364.41,7.11,0.2668,0.1723,0,0.8065,4.8
partner_867,APAC,Services,Bronze,28,6,improving,2,3.2,85.1,24,6,0,0.0002,0,4706.48,-16.09,0.2553,-0.4271,0,0.129,-18.4
partner_868,LATAM,Retail,Silver,17,10,stable,1,3.7,85.2,0,3,0,0.0004,0,14012.62,0.07,0.1047,0.0467,0,0.1071,-2.2
partner_869,EMEA,Tech,Gold,46,10,stable,0,0.8,48.7,42,4,0,0.0011,0,47622.71,7.8,0.1566,-0.0445,0,0.2,4.23
partner_870,EMEA,Services,Bronze,7,7,declining,3,3.0,53.8,8,2,1,0.2835,0,7923.23,-11.35,0.2736,0.3308,0,0.4524,-13.66
partner_871,LATAM,Tech,Silver,11,7,improving,6,2.1,40.2,69,0,0,0.3338,1,45667.44,-0.74,0.3632,-0.441,0,0.9412,-4.31
partner_872,EMEA,Tech,Bronze,35,8,improving,0,3.1,59.7,32,2,0,0.0022,0,11026.25,19.12,0.2674,-0.3838,0,0.6562,15.55
partner_873,APAC,Services,Bronze,60,7,improving,0,5.2,54.5,43,1,0,0.0118,0,5632.63,-5.7,0.1571,-0.1489,0,0.2258,-8.01
partner_874,NA,Services,Bronze,22,9,improving,2,3.1,70.8,20,4,0,0.0013,0,10634.38,0.26,0.3494,-0.5697,0,0.75,-2.05
partner_875,LATAM,Services,Bronze,28,8,improving,7,3.5,42.5,35,2,0,0.0412,0,7775.03,10.2,0.0942,-0.4311,0,0.4286,7.89
partner_876,APAC,Services,Bronze,21,9,improving,0,2.3,89.6,27,5,0,0.002,0,8007.91,-3.9,0.3477,-0.1889,0,0.3548,-6.21
partner_877,NA,Retail,Bronze,28,8,stable,3,3.5,38.1,32,6,0,0.003,0,10851.99,13.16,0.2128,0.8844,1,0.7447,10.89
partner_878,NA,Tech,Bronze,3,5,stable,3,4.7,63.1,0,3,0,0.0062,0,14151.56,14.04,0.1444,0.0312,0,0.8718,10.47
partner_879,LATAM,Tech,Silver,37,5,improving,8,7.2,54.9,85,1,0,0.6294,0,18374.64,45.03,0.1992,0.6424,1,0.3529,41.46
partner_880,NA,Manufacturing,Bronze,37,10,improving,3,3.6,76.6,42,2,0,0.0047,0,7269.07,11.67,0.2513,-0.0341,0,0.3939,11.08
partner_881,NA,Tech,Bronze,21,8,improving,0,3.8,65.9,32,4,0,0.0474,0,4832.78,-16.83,0.2423,-0.1231,0,0.0256,-20.4
partner_882,LATAM,Manufacturing,Bronze,18,6,improving,2,2.5,61.8,32,5,0,0.0159,0,5765.53,-17.63,0.2341,0.4113,0,0.1739,-18.22
partner_883,APAC,Tech,Silver,47,6,stable,7,3.4,45.8,74,0,0,0.2581,0,31873.25,15.99,0.253,-0.1009,0,0.5,12.42
partner_884,NA,Manufacturing,Bronze,13,10,improving,0,0.7,75.3,0,4,0,0.0,0,7786.24,11.85,0.1888,0.2681,0,0.4848,11.26
partner_885,EMEA,Tech,Silver,5,7,stable,3,3.3,39.7,25,3,1,0.5998,1,34513.34,2.19,0.1166,-0.0896,0,0.6774,-1.38
partner_886,NA,Tech,Bronze,5,8,stable,1,2.6,56.5,41,2,0,0.0403,0,15325.61,-6.22,0.1867,0.9028,1,0.8974,-9.79
partner_887,NA,Retail,Bronze,54,5,declining,1,5.7,19.4,67,0,1,0.6881,1,4768.69,-0.33,0.2579,0.1693,0,0.1277,-2.6
partner_888,EMEA,Retail,Gold,24,6,stable,2,4.1,74.6,27,2,0,0.0301,0,188073.29,17.63,0.2638,0.302,0,0.9286,15.36
partner_889,EMEA,Services,Bronze,8,4,improving,8,4.3,11.3,79,0,1,0.3366,0,11283.92,5.03,0.0775,-0.2045,0,0.7143,2.72
partner_890,LATAM,Tech,Bronze,53,7,improving,1,2.9,83.3,34,0,0,0.0023,0,6892.34,-0.04,0.1113,-0.2548,0,0.3548,-3.61
partner_891,NA,Retail,Bronze,11,9,stable,1,1.4,45.6,12,4,0,0.0015,0,6617.98,-23.76,0.2258,-0.3598,0,0.2553,-26.03
partner_892,APAC,Services,Gold,22,6,stable,2,5.4,29.3,60,1,1,0.2943,0,49202.64,-1.16,0.1068,-0.1906,0,0.3636,-3.47
partner_893,EMEA,Manufacturing,Silver,4,3,declining,11,5.8,0.0,90,0,1,0.9934,1,17149.31,-11.01,0.341,-0.4915,0,0.2857,-11.6
partner_894,EMEA,Retail,Silver,42,5,stable,10,3.4,14.1,62,0,1,0.9702,1,33633.88,37.22,0.205,0.8046,1,0.6667,34.95
partner_895,LATAM,Tech,Gold,43,9,improving,2,3.8,74.5,41,1,0,0.0023,0,43513.97,-23.1,0.3447,-0.2082,0,0.2,-26.67
partner_896,APAC,Retail,Bronze,46,5,improving,7,5.3,48.8,67,0,0,0.4087,0,6706.64,-14.1,0.1275,0.3673,0,0.3548,-16.37
partner_897,EMEA,Manufacturing,Gold,18,5,stable,7,3.8,27.8,81,0,1,0.8594,1,110346.53,4.21,0.34,0.2548,0,0.8462,3.62
partner_898,EMEA,Retail,Bronze,22,6,stable,6,5.1,86.1,51,1,0,0.019,0,11300.25,-16.18,0.2478,0.7803,1,0.6744,-18.45
partner_899,EMEA,Retail,Silver,57,7,stable,2,3.6,67.2,22,3,1,0.0053,0,68257.73,18.73,0.3879,-0.2019,0,0.9697,16.46
partner_900,NA,Retail,Bronze,50,3,stable,9,8.1,30.7,70,0,1,0.9366,1,6265.12,-2.52,0.1934,0.6994,1,0.2128,-4.79
partner_901,NA,Manufacturing,Bronze,5,6,declining,7,3.9,33.2,75,1,1,0.8899,1,6216.68,-12.69,0.1012,-0.3103,0,0.2727,-13.28
partner_902,EMEA,Retail,Gold,43,8,declining,4,3.0,49.7,45,7,0,0.0275,0,52093.79,-28.05,0.2346,0.7942,1,0.2857,-30.32
partner_903,EMEA,Services,Bronze,50,6,stable,3,3.9,27.6,52,0,1,0.1497,0,6522.87,6.1,0.2779,0.0367,0,0.3095,3.79
partner_904,NA,Retail,Gold,35,5,declining,5,4.6,63.1,45,0,0,0.093,0,47268.89,-15.61,0.2785,-0.2704,0,0.3636,-17.88
partner_905,APAC,Manufacturing,Bronze,40,7,improving,0,3.1,69.8,67,3,0,0.0126,0,6966.39,-18.13,0.3654,-0.3413,0,0.3333,-18.72
partner_906,LATAM,Tech,Silver,3,7,stable,1,4.4,83.2,46,4,0,0.0228,0,13919.98,3.86,0.0778,0.1312,0,0.1176,0.29
partner_907,NA,Tech,Gold,4,10,declining,0,1.2,68.2,19,4,0,0.0002,0,48127.22,18.79,0.2185,0.8641,1,0.2222,15.22
partner_908,EMEA,Retail,Bronze,5,4,declining,9,6.3,32.6,94,1,1,0.9755,1,6011.71,-17.36,0.3078,0.0895,0,0.3023,-19.63
partner_909,EMEA,Services,Gold,12,8,stable,2,2.7,66.4,22,3,0,0.015,0,59870.5,-24.37,0.2206,0.8417,1,0.5556,-26.68
partner_910,EMEA,Services,Silver,60,4,declining,7,2.1,40.7,67,0,0,0.6215,1,74302.71,3.94,0.167,-0.0535,0,1.0,1.63
partner_911,LATAM,Retail,Silver,39,6,stable,1,4.3,43.9,75,1,0,0.0516,0,32734.95,-6.25,0.213,-0.0527,0,0.6786,-8.52
partner_912,APAC,Retail,Bronze,48,6,improving,3,0.5,48.5,43,2,0,0.0297,0,21458.04,3.9,0.2714,-0.011,0,1.0,1.63
partner_913,APAC,Services,Silver,20,5,stable,3,3.2,64.1,71,3,0,0.2637,0,34776.98,-10.98,0.1062,-0.3319,0,0.9412,-13.29
partner_914,APAC,Tech,Silver,57,8,improving,0,2.7,76.6,29,2,0,0.0247,0,33582.26,18.49,0.287,-0.4016,0,0.5625,14.92
partner_915,APAC,Retail,Bronze,14,7,improving,1,3.2,50.8,25,2,0,0.0217,0,2675.27,-23.49,0.3376,0.0421,0,0.0323,-25.76
partner_916,APAC,Retail,Bronze,55,9,improving,1,2.2,84.4,42,7,0,0.0004,0,15041.9,-10.62,0.1946,0.4657,0,0.9032,-12.89
partner_917,EMEA,Manufacturing,Bronze,4,9,improving,0,2.7,85.4,0,4,0,0.0008,0,4542.58,-2.93,0.3268,-0.1532,0,0.2308,-3.52
partner_918,EMEA,Manufacturing,Gold,4,8,improving,0,3.3,60.8,32,5,0,0.0056,0,173018.14,4.21,0.2409,-0.611,0,1.0,3.62
partner_919,NA,Manufacturing,Bronze,7,5,declining,3,4.1,22.3,71,0,1,0.7882,1,11165.61,2.38,0.3271,-0.053,0,0.7879,1.8
partner_920,NA,Services,Silver,48,5,declining,5,8.0,26.6,59,2,0,0.6232,1,8990.84,-15.53,0.3186,-0.2377,0,0.05,-17.84
partner_921,EMEA,Tech,Gold,17,9,stable,1,1.8,62.5,0,0,0,0.003,0,53768.85,-10.58,0.353,0.2104,0,0.3,-14.15
partner_922,APAC,Tech,Bronze,29,9,improving,0,0.5,72.9,0,4,1,0.0002,0,15704.62,29.85,0.3915,-0.3318,0,0.8462,26.28
partner_923,LATAM,Tech,Bronze,30,9,stable,2,0.6,66.3,25,4,0,0.0023,0,8102.96,9.21,0.1053,-0.3372,0,0.4516,5.64
partner_924,NA,Tech,Silver,48,2,improving,5,7.2,13.9,90,0,1,0.9955,1,39866.17,13.01,0.2139,-0.3285,0,0.5667,9.44
partner_925,EMEA,Retail,Bronze,23,7,declining,3,1.1,50.6,50,2,0,0.0174,0,6909.9,-1.01,0.1034,0.4241,0,0.3953,-3.28
partner_926,EMEA,Retail,Silver,3,5,stable,5,2.0,60.4,44,2,0,0.1266,1,9547.25,-6.84,0.2286,0.4716,0,0.0303,-9.11
partner_927,EMEA,Tech,Silver,25,6,declining,4,2.4,29.7,68,0,0,0.7943,1,20735.4,-2.67,0.1852,0.2554,0,0.3871,-6.24
partner_928,APAC,Manufacturing,Silver,19,8,improving,3,4.4,70.4,52,2,0,0.0077,0,89296.69,23.5,0.2415,0.6013,1,1.0,22.92
partner_929,NA,Retail,Bronze,45,5,stable,6,5.5,69.2,37,1,0,0.2812,1,7807.38,-13.94,0.1865,-0.287,0,0.4255,-16.21
partner_930,LATAM,Tech,Silver,46,9,improving,1,1.1,82.6,36,3,0,0.0011,0,68439.48,7.67,0.3816,-0.3584,0,1.0,4.1
partner_931,EMEA,Manufacturing,Silver,8,4,stable,4,5.6,23.6,48,0,0,0.1825,0,11689.34,-10.01,0.3521,-0.1424,0,0.0476,-10.6
partner_932,NA,Manufacturing,Bronze,48,8,declining,3,0.5,62.9,43,4,0,0.005,0,11273.9,-26.42,0.2041,0.7565,1,0.8182,-27.01
partner_933,NA,Services,Silver,7,9,improving,0,1.3,82.8,6,2,0,0.0001,0,20194.19,-0.45,0.099,-0.195,0,0.35,-2.76
partner_934,LATAM,Services,Gold,38,3,improving,3,4.7,47.8,53,1,0,0.3552,0,46397.09,-9.69,0.2444,0.2355,0,0.5714,-12.0
partner_935,LATAM,Manufacturing,Silver,25,5,stable,3,4.2,26.5,67,0,0,0.097,0,9872.47,8.64,0.0926,0.0988,0,0.1111,8.06
partner_936,EMEA,Retail,Bronze,20,6,declining,7,6.3,25.0,52,0,0,0.5565,1,5412.31,-3.85,0.082,0.3261,0,0.2326,-6.12
partner_937,APAC,Tech,Bronze,31,10,improving,0,0.5,63.3,34,4,0,0.0003,0,7257.26,3.05,0.0866,-0.4245,0,0.3846,-0.52
partner_938,EMEA,Manufacturing,Bronze,21,5,improving,2,2.8,31.7,76,1,0,0.086,0,14692.4,7.39,0.2051,-0.4575,0,0.9231,6.8
partner_939,APAC,Retail,Bronze,49,10,improving,0,1.0,100.0,0,6,0,0.0,0,7050.16,-7.47,0.2286,-0.052,0,0.4194,-9.74
partner_940,EMEA,Retail,Bronze,59,7,stable,3,3.5,34.9,49,3,0,0.0161,0,4774.25,-17.34,0.1981,0.3598,0,0.1628,-19.61
partner_941,EMEA,Retail,Gold,50,7,improving,0,2.7,63.5,38,3,0,0.0004,0,78928.75,19.11,0.1799,0.0048,0,0.5,16.84
partner_942,APAC,Tech,Bronze,28,5,stable,4,4.3,56.4,43,2,0,0.1177,0,4496.28,7.95,0.2536,-0.4831,0,0.1538,4.38
partner_943,EMEA,Tech,Silver,32,4,declining,7,2.3,37.6,63,1,0,0.3991,1,43889.07,48.7,0.1865,0.8888,1,0.9032,45.13
partner_944,NA,Retail,Bronze,28,6,stable,5,3.1,38.2,46,0,0,0.2272,0,7222.76,2.86,0.2008,0.6787,1,0.2979,0.59
partner_945,NA,Services,Bronze,49,3,declining,3,8.1,44.1,81,0,1,0.6997,0,9234.61,29.48,0.3644,0.0364,0,0.6364,27.17
partner_946,EMEA,Services,Bronze,35,5,stable,2,1.6,70.5,0,4,1,0.0139,0,3957.44,-7.4,0.1615,-0.3183,0,0.0238,-9.71
partner_947,LATAM,Retail,Bronze,30,5,stable,1,1.8,44.0,75,1,1,0.3548,0,5938.95,-9.66,0.1736,-0.323,0,0.4,-11.93
partner_948,APAC,Services,Silver,26,9,declining,0,3.8,78.9,7,7,0,0.0083,0,24568.06,-12.18,0.2697,-0.3425,0,0.7647,-14.49
partner_949,APAC,Retail,Gold,24,8,declining,6,3.2,10.1,61,0,1,0.9416,1,72314.05,0.55,0.1098,-0.4987,0,0.5714,-1.72
partner_950,NA,Services,Gold,35,10,improving,0,4.1,77.8,0,5,0,0.0002,0,170176.9,-7.43,0.3496,-0.2986,0,1.0,-9.74
partner_951,NA,Services,Bronze,42,3,improving,5,8.8,44.2,88,0,0,0.4486,0,8298.97,-6.45,0.0723,0.3734,0,0.5227,-8.76
partner_952,EMEA,Retail,Silver,28,3,declining,3,4.6,62.7,57,0,1,0.843,1,30260.72,-32.59,0.2801,0.7432,1,0.5152,-34.86
partner_953,EMEA,Services,Bronze,49,8,declining,0,3.3,50.9,18,2,0,0.0476,0,7863.41,20.17,0.1076,0.0286,0,0.4286,17.86
partner_954,EMEA,Services,Gold,50,6,declining,0,0.5,49.7,50,1,0,0.0017,0,49699.34,0.59,0.0925,-0.3076,0,0.3333,-1.72
partner_955,APAC,Services,Silver,27,5,declining,5,6.8,33.4,81,0,0,0.6061,0,15488.0,-19.92,0.3603,-0.6426,0,0.2941,-22.23
partner_956,APAC,Services,Bronze,55,7,improving,3,0.5,54.0,35,3,0,0.0087,0,10030.36,-15.96,0.1803,0.0485,0,0.5484,-18.27
partner_957,LATAM,Manufacturing,Bronze,13,9,improving,0,0.5,65.5,0,6,0,0.0031,0,7001.09,28.41,0.2055,0.1828,0,0.3043,27.82
partner_958,NA,Retail,Bronze,57,4,stable,1,4.1,30.0,24,0,1,0.0734,0,8160.06,-19.83,0.1156,-0.0301,0,0.5319,-22.1
partner_959,NA,Services,Bronze,20,8,stable,2,4.1,50.8,62,1,0,0.0203,0,11685.45,4.18,0.1313,-0.3018,0,0.7955,1.87
partner_960,NA,Manufacturing,Gold,35,6,improving,3,0.9,68.3,42,1,0,0.0081,0,91543.03,3.89,0.1261,-0.7062,0,0.6364,3.3
partner_961,NA,Manufacturing,Silver,19,3,declining,4,4.7,20.0,73,0,1,0.9265,1,16476.35,-1.72,0.1523,0.0821,0,0.1538,-2.31
partner_962,NA,Tech,Gold,28,3,improving,5,3.0,42.5,79,1,1,0.8796,1,27494.98,3.29,0.2004,-0.2834,0,0.1111,-0.28
partner_963,EMEA,Manufacturing,Bronze,22,5,stable,1,2.9,55.3,0,1,0,0.0019,0,2298.44,-6.32,0.2916,-0.1748,0,0.0385,-6.9
partner_964,EMEA,Retail,Silver,43,7,improving,4,2.1,67.6,29,0,0,0.0062,0,15365.47,-35.27,0.2022,0.8069,1,0.1212,-37.54
partner_965,APAC,Manufacturing,Bronze,7,8,improving,0,1.0,82.6,10,3,0,0.001,0,10158.58,13.62,0.3297,-0.1304,0,0.5833,13.03
partner_966,NA,Retail,Silver,51,5,stable,4,5.2,37.9,70,0,0,0.2939,1,23737.69,-3.46,0.1215,-0.0804,0,0.3214,-5.73
partner_967,APAC,Manufacturing,Bronze,55,9,stable,1,2.8,85.0,0,3,0,0.0001,0,12711.27,5.55,0.2195,-0.277,0,0.8333,4.96
partner_968,EMEA,Services,Bronze,35,10,improving,1,2.4,65.3,32,8,0,0.0026,0,6916.06,-6.42,0.1032,-0.1618,0,0.381,-8.73
partner_969,NA,Tech,Silver,34,8,improving,0,2.6,58.0,64,1,0,0.0027,0,40995.15,29.58,0.225,0.8761,1,0.6333,26.01
partner_970,EMEA,Tech,Bronze,43,4,declining,4,5.2,39.7,14,0,0,0.0806,0,19494.11,27.29,0.3725,-0.1802,0,0.9062,23.72
partner_971,EMEA,Tech,Bronze,14,10,improving,0,0.7,100.0,0,3,0,0.0,0,13051.25,11.17,0.1645,0.7119,1,0.7188,7.6
partner_972,EMEA,Services,Silver,46,5,declining,0,3.2,58.5,55,1,0,0.1147,1,61798.7,32.78,0.3535,-0.0324,0,0.9706,30.47
partner_973,EMEA,Manufacturing,Bronze,15,6,improving,0,3.3,58.7,41,5,0,0.0096,0,7437.07,-4.46,0.107,-0.1711,0,0.4231,-5.04
partner_974,APAC,Tech,Gold,42,9,improving,0,1.5,60.6,0,5,0,0.0015,0,117048.15,18.02,0.2594,-0.1879,0,0.8182,14.45
partner_975,NA,Retail,Silver,20,1,declining,5,5.2,23.4,79,0,0,0.9583,1,8724.89,-6.31,0.0772,-0.3005,0,0.0357,-8.58
partner_976,LATAM,Retail,Silver,46,5,stable,8,5.9,19.6,47,1,0,0.8151,1,32207.61,-17.79,0.2179,0.8504,1,0.6071,-20.06
partner_977,NA,Tech,Silver,48,4,stable,7,5.7,59.1,45,3,0,0.0211,0,14586.44,-10.28,0.2573,-0.3536,0,0.1333,-13.85
partner_978,NA,Services,Silver,15,6,declining,1,2.5,59.5,73,2,0,0.0271,0,31317.94,7.13,0.2796,-0.1328,0,0.65,4.82
partner_979,NA,Manufacturing,Silver,38,5,declining,8,5.9,20.7,52,0,0,0.5093,1,26900.16,7.12,0.1038,-0.2855,0,0.5385,6.54
partner_980,EMEA,Retail,Gold,31,8,improving,2,0.9,47.4,38,4,0,0.0008,0,50928.05,32.93,0.2718,0.9363,1,0.2143,30.66
partner_981,APAC,Services,Silver,20,4,improving,3,2.9,61.9,35,2,0,0.1221,0,18074.99,-5.96,0.3262,-0.3562,0,0.4118,-8.27
partner_982,APAC,Tech,Bronze,37,5,declining,5,3.1,48.3,55,1,1,0.5903,0,11596.58,-11.66,0.0807,0.3218,0,0.6538,-15.23
partner_983,LATAM,Services,Bronze,60,4,declining,3,5.0,20.2,74,0,1,0.8288,1,7116.3,-8.05,0.101,-0.2237,0,0.3333,-10.36
partner_984,NA,Retail,Silver,3,2,stable,5,7.0,17.0,94,0,1,0.9926,1,9645.73,-25.41,0.261,-0.2047,0,0.0714,-27.68
partner_985,EMEA,Manufacturing,Bronze,58,5,declining,4,5.0,28.8,33,0,0,0.3208,0,17431.42,-12.52,0.2608,0.8955,1,0.9615,-13.1
partner_986,APAC,Services,Bronze,52,7,improving,5,4.2,50.2,43,1,0,0.0043,0,9292.25,26.37,0.3678,0.6042,1,0.4839,24.06
partner_987,NA,Retail,Bronze,33,4,stable,4,5.5,50.8,70,0,0,0.8696,1,8046.48,-34.29,0.1903,0.5086,1,0.4894,-36.56
partner_988,EMEA,Manufacturing,Silver,38,8,improving,0,1.7,100.0,0,4,0,0.0005,0,45177.33,11.22,0.3397,0.0445,0,0.8571,10.64
partner_989,NA,Services,Bronze,24,8,stable,3,4.2,68.7,4,1,0,0.0015,0,15688.69,13.52,0.2452,-0.228,0,0.8409,11.21
partner_990,LATAM,Retail,Silver,10,7,stable,2,0.6,70.1,49,2,0,0.0014,0,16595.79,-5.39,0.0984,0.1553,0,0.1786,-7.66
partner_991,LATAM,Retail,Silver,36,8,stable,3,2.7,58.1,33,1,0,0.0495,0,50502.16,-2.64,0.103,-0.1358,0,1.0,-4.91
partner_992,LATAM,Manufacturing,Silver,50,4,declining,5,5.4,10.2,111,0,0,0.6995,1,47174.58,-28.43,0.2024,0.8139,1,0.8889,-29.02
partner_993,LATAM,Tech,Bronze,16,4,declining,6,7.3,15.0,82,0,0,0.9719,1,10070.07,22.18,0.2453,0.8917,1,0.5484,18.61
partner_994,EMEA,Retail,Silver,44,8,stable,1,2.2,32.1,37,6,0,0.0021,0,30021.25,-5.28,0.212,-0.3311,0,0.4848,-7.55
partner_995,APAC,Tech,Silver,46,4,declining,1,4.3,43.2,88,0,1,0.6435,1,40583.72,5.71,0.3419,0.0622,0,0.75,2.14
partner_996,NA,Services,Bronze,46,7,stable,2,0.9,94.4,45,5,0,0.0032,0,8535.94,-6.25,0.218,0.0645,0,0.5682,-8.56
partner_997,LATAM,Retail,Silver,22,4,declining,4,4.7,40.5,74,0,1,0.811,1,33915.67,-4.85,0.0896,0.1721,0,0.7857,-7.12
partner_998,EMEA,Tech,Bronze,25,5,declining,11,5.9,35.8,31,0,0,0.27,0,5084.55,1.83,0.1465,-0.36,0,0.1562,-1.74
partner_999,APAC,Services,Gold,27,8,stable,6,6.7,40.4,66,0,1,0.2813,0,57313.59,49.12,0.2393,0.9087,1,0.6364,46.81
partner_1000,EMEA,Tech,Bronze,52,10,stable,1,1.0,80.9,36,5,0,0.0,0,9939.3,14.91,0.1197,0.4076,0,0.5,11.34
