partner_id,region,vertical,partner_tier,months_as_partner,nps_score,nps_trend,support_tickets_last_quarter,avg_resolution_time_days,engagement_score,days_since_last_contact,num_active_deals,has_competitor_relationship,churn_probability,churned_next_quarter,avg_monthly_gtv,gtv_trend_3m,gtv_trend_yoy_3m,gtv_volatility,seasonal_autocorr_lag12,has_seasonality,gtv_vs_peers,gtv_vs_market_growth,gtv_seasonal_deviation_pct,gtv_ramp_vs_cohort,scoring_path,snapshot_role,snapshot_cutoff_month
partner_1,LATAM,Retail,Certified,32,4,stable,1,5.5,69.7,27,0,0,0.0764,0,25676.34,-12.88,-3.2,0.0918,-0.3353,0,0.5714,-15.32,0.0,0.0,mature,train,26
partner_2,NA,Tech,Registered,45,7,improving,0,4.0,71.1,37,5,0,0.0396,0,7780.93,6.5,12.77,0.1057,-0.041,0,0.4359,3.52,0.0,0.0,mature,train,26
partner_3,APAC,Retail,Strategic,34,8,stable,1,0.5,53.1,16,2,0,0.0044,0,149643.02,11.53,29.89,0.2021,-0.1168,0,0.8571,9.09,0.0,0.0,mature,train,26
partner_4,LATAM,Retail,Certified,31,6,stable,0,6.0,78.5,33,1,0,0.0056,0,24142.49,46.28,-2.97,0.2692,0.9075,1,0.4286,43.84,0.34,0.0,mature,train,26
partner_5,EMEA,Manufacturing,Registered,24,8,improving,5,5.7,65.4,43,2,0,0.0191,0,5561.28,-2.72,-0.48,0.1028,-0.6057,0,0.3077,-4.9,0.0,0.0,mature,train,26
partner_6,APAC,Tech,Strategic,11,10,improving,1,1.2,96.4,15,8,0,0.0,0,68824.0,0.44,-1.97,0.0908,0.5696,1,0.4545,-2.54,-2.34,0.0,mature,train,26
partner_7,LATAM,Services,Registered,13,3,declining,3,4.7,51.4,84,0,1,0.8083,1,5680.55,-17.45,-39.71,0.2312,0.0186,0,0.1429,-18.58,0.0,0.0,mature,train,26
partner_8,LATAM,Tech,Registered,40,10,stable,0,1.9,89.4,18,1,0,0.0004,0,6286.91,17.61,15.23,0.0893,0.1047,0,0.3548,14.63,0.0,0.0,mature,train,26
partner_9,EMEA,Manufacturing,Registered,1,8,stable,0,2.7,64.4,27,2,0,0.0017,0,8498.21,1.28,1.75,0.2045,0.0045,0,0.52,-0.83,0.0,-49.93,new_partner,train,26
partner_10,NA,Tech,Certified,1,8,declining,3,2.7,62.7,62,3,0,0.0102,0,28669.44,1.28,1.75,0.2045,0.0045,0,0.52,-0.83,0.0,-6.53,new_partner,train,26
partner_11,NA,Manufacturing,Registered,20,6,stable,4,6.3,26.2,26,2,0,0.0123,0,8815.46,1.78,-1.68,0.2623,0.8039,1,0.5455,-0.4,-6.17,0.0,mature,train,26
partner_12,APAC,Manufacturing,Registered,41,8,improving,2,0.5,46.2,39,4,0,0.0099,0,7666.9,-4.48,6.02,0.107,-0.3009,0,0.5833,-6.66,0.0,0.0,mature,train,26
partner_13,LATAM,Tech,Registered,35,4,stable,4,2.9,57.9,92,1,1,0.1818,0,8430.46,-8.4,-0.98,0.1823,0.6905,1,0.4516,-11.38,3.2,0.0,mature,train,26
partner_14,APAC,Services,Registered,31,8,improving,1,3.6,67.4,0,3,0,0.0007,0,8865.82,33.72,12.77,0.2035,0.564,1,0.5806,32.59,14.91,0.0,mature,train,26
partner_15,NA,Tech,Registered,27,4,declining,8,5.3,6.6,56,0,1,0.9434,1,8358.99,39.19,1.64,0.239,0.796,1,0.4615,36.21,-3.28,0.0,mature,train,26
partner_16,EMEA,Retail,Certified,3,8,declining,1,3.7,62.2,5,2,0,0.0075,0,35581.41,1.28,1.75,0.2045,0.0045,0,0.52,-0.83,0.0,11.0,new_partner,train,26
partner_17,NA,Manufacturing,Registered,16,3,declining,4,2.7,15.8,64,0,1,0.9648,1,9958.95,6.23,15.07,0.0982,-0.441,0,0.7576,4.05,0.0,0.0,mature,train,26
partner_18,EMEA,Services,Registered,1,5,declining,7,4.5,27.5,88,0,1,0.7359,1,8061.72,1.28,1.75,0.2045,0.0045,0,0.52,-0.83,0.0,-12.55,new_partner,train,26
partner_19,APAC,Retail,Certified,40,7,improving,3,5.7,38.2,58,1,0,0.0857,0,23152.78,-3.77,2.84,0.1086,-0.0572,0,0.5,-6.21,0.0,0.0,mature,train,26
partner_20,LATAM,Tech,Registered,40,5,stable,4,1.6,64.5,41,1,1,0.0909,0,10957.29,-15.54,-15.27,0.0917,-0.3901,0,0.7419,-18.52,0.0,0.0,mature,train,26
partner_21,LATAM,Services,Certified,11,3,declining,4,5.2,22.2,81,0,1,0.9773,1,18137.43,-11.65,-25.69,0.1822,0.3411,0,0.2381,-12.78,0.0,0.0,mature,train,26
partner_22,NA,Manufacturing,Registered,13,9,improving,1,1.5,69.9,15,3,0,0.0012,0,6574.78,-3.09,-7.19,0.2521,0.771,1,0.2424,-5.27,-14.71,0.0,mature,train,26
partner_23,APAC,Services,Registered,15,10,stable,3,3.3,60.1,32,2,0,0.0011,0,8119.21,16.49,43.65,0.2601,-0.0238,0,0.5484,15.36,0.0,0.0,mature,train,26
partner_24,APAC,Tech,Registered,48,8,stable,4,3.8,33.4,48,3,0,0.0601,0,3832.5,-5.99,-29.77,0.1902,0.4132,0,0.0769,-8.97,0.0,0.0,mature,train,26
partner_25,LATAM,Manufacturing,Registered,25,6,declining,6,4.2,45.0,83,0,1,0.6065,1,5778.16,-18.84,-49.12,0.3583,-0.3964,0,0.2174,-21.02,0.0,0.0,mature,train,26
partner_26,EMEA,Tech,Registered,41,7,stable,3,2.5,71.0,40,2,0,0.0066,0,5118.03,-6.13,-14.76,0.139,0.0049,0,0.125,-9.11,0.0,0.0,mature,train,26
partner_27,NA,Services,Certified,23,5,declining,1,4.7,42.0,60,0,0,0.0684,0,39783.44,14.62,88.78,0.3404,-0.485,0,0.6,13.49,0.0,0.0,mature,train,26
partner_28,EMEA,Tech,Registered,37,5,stable,2,3.5,61.9,84,4,0,0.1076,0,11021.93,3.38,46.73,0.2005,-0.2153,0,0.5938,0.4,0.0,0.0,mature,train,26
partner_29,EMEA,Manufacturing,Certified,27,4,declining,4,5.0,42.4,24,0,1,0.2862,0,22025.09,-8.51,1.24,0.0995,-0.1184,0,0.5714,-10.69,0.0,0.0,mature,train,26
partner_30,LATAM,Tech,Certified,13,10,stable,0,3.4,100.0,4,2,0,0.0001,0,28563.46,0.41,-27.3,0.2803,-0.2124,0,0.7059,-2.57,0.0,0.0,mature,train,26
partner_31,LATAM,Manufacturing,Registered,47,7,improving,3,1.7,37.8,25,1,0,0.0205,0,7604.0,13.88,68.57,0.3236,-0.3874,0,0.4783,11.7,0.0,0.0,mature,train,26
partner_32,APAC,Manufacturing,Certified,38,6,declining,2,3.6,64.8,28,4,0,0.0112,0,32636.31,14.76,49.87,0.2757,0.3168,0,0.6154,12.58,0.0,0.0,mature,train,26
partner_33,NA,Tech,Registered,41,10,stable,0,0.5,100.0,9,2,0,0.0,0,5737.4,-7.93,-30.31,0.2547,-0.1277,0,0.2564,-10.91,0.0,0.0,mature,train,26
partner_34,NA,Services,Registered,51,8,stable,0,5.2,68.1,41,1,0,0.0162,0,9563.2,-0.38,19.54,0.1646,-0.3303,0,0.6136,-1.51,0.0,0.0,mature,train,26
partner_35,NA,Tech,Registered,11,2,declining,3,5.2,21.7,53,0,1,0.7979,1,6508.22,-4.89,-8.02,0.07,-0.3041,0,0.359,-7.87,0.0,0.0,mature,train,26
partner_36,EMEA,Manufacturing,Certified,2,4,stable,4,2.3,52.4,63,3,0,0.1542,0,67215.33,1.28,1.75,0.2045,0.0045,0,0.52,-0.83,0.0,38.77,new_partner,train,26
partner_37,EMEA,Tech,Strategic,30,6,declining,4,4.5,41.5,41,0,1,0.2568,0,73077.35,4.37,33.45,0.1805,0.0198,0,0.5,1.39,0.0,0.0,mature,train,26
partner_38,NA,Tech,Registered,15,4,declining,5,2.2,26.2,27,1,0,0.0252,0,5659.34,-5.29,-4.66,0.1183,0.5414,1,0.2308,-8.27,-3.03,0.0,mature,train,26
partner_39,EMEA,Tech,Certified,22,4,declining,4,3.7,11.2,58,0,0,0.7096,0,109289.18,23.6,23.38,0.1722,0.2752,0,1.0,20.62,0.0,0.0,mature,train,26
partner_40,LATAM,Retail,Certified,10,7,improving,0,4.6,45.7,37,4,0,0.1222,0,23526.37,13.99,-23.19,0.1965,-0.2262,0,0.3571,11.55,0.0,0.0,mature,train,26
partner_41,NA,Retail,Registered,20,4,declining,8,6.5,29.9,84,0,1,0.9208,1,14560.73,26.34,-6.93,0.1949,0.7259,1,0.9362,23.9,-9.86,0.0,mature,train,26
partner_42,APAC,Manufacturing,Certified,19,7,declining,3,4.9,66.7,79,2,0,0.0811,0,13389.79,-3.17,-38.07,0.2539,0.0422,0,0.1538,-5.35,0.0,0.0,mature,train,26
partner_43,LATAM,Manufacturing,Certified,17,9,stable,0,2.1,59.1,9,4,0,0.0007,0,26313.32,-24.26,18.67,0.2179,0.8392,1,0.8889,-26.44,6.69,0.0,mature,train,26
partner_44,NA,Manufacturing,Strategic,40,5,stable,2,4.2,54.8,1,4,1,0.0151,0,127002.37,15.23,74.76,0.3774,0.1669,0,0.9091,13.05,0.0,0.0,mature,train,26
partner_45,APAC,Retail,Strategic,31,8,stable,3,4.3,35.9,6,5,0,0.0391,0,29363.51,-7.57,-24.48,0.1856,-0.1905,0,0.1429,-10.01,0.0,0.0,mature,train,26
partner_46,APAC,Tech,Registered,24,5,stable,3,7.1,27.6,27,2,1,0.2631,0,10326.58,-3.9,-24.61,0.2434,-0.1219,0,0.6154,-6.88,0.0,0.0,mature,train,26
partner_47,NA,Retail,Registered,3,10,improving,1,0.5,76.1,11,4,0,0.0,0,2375.44,1.28,1.75,0.2045,0.0045,0,0.52,-0.83,0.0,-77.71,new_partner,train,26
partner_48,EMEA,Services,Certified,30,8,improving,5,6.2,45.1,40,2,0,0.0364,0,22398.87,1.66,4.57,0.2251,0.7894,1,0.3529,0.53,-3.81,0.0,mature,train,26
partner_49,LATAM,Services,Registered,7,7,improving,0,0.5,64.6,0,6,0,0.0008,0,10550.78,1.28,1.75,0.2045,0.0045,0,0.52,-0.83,0.0,47.91,new_partner,train,26
partner_50,EMEA,Retail,Registered,15,5,declining,6,6.9,32.2,100,0,0,0.7607,1,6289.06,-26.63,-6.83,0.1995,0.8265,1,0.2326,-29.07,-0.7,0.0,mature,train,26
partner_51,EMEA,Manufacturing,Strategic,21,7,stable,4,3.3,18.0,64,0,1,0.2165,1,74708.19,25.05,18.79,0.2348,0.6153,1,0.5385,22.87,10.14,0.0,mature,train,26
partner_52,EMEA,Retail,Registered,5,8,stable,0,1.1,72.7,54,6,0,0.0022,0,3683.38,1.28,1.75,0.2045,0.0045,0,0.52,-0.83,0.0,-63.9,new_partner,train,26
partner_53,LATAM,Retail,Registered,19,6,improving,2,3.0,53.3,2,2,0,0.0029,0,6038.05,-1.83,-21.48,0.2063,-0.2677,0,0.28,-4.27,0.0,0.0,mature,train,26
partner_54,LATAM,Retail,Certified,12,7,improving,2,1.9,40.3,58,4,0,0.0076,0,33638.86,1.53,13.74,0.1006,0.3498,0,0.7143,-0.91,0.0,0.0,mature,train,26
partner_55,LATAM,Retail,Registered,46,8,improving,0,2.6,81.2,14,9,1,0.0039,0,3305.51,-4.06,-26.16,0.2272,-0.0059,0,0.12,-6.5,0.0,0.0,mature,train,26
partner_56,LATAM,Manufacturing,Registered,46,8,stable,0,4.7,32.4,22,2,1,0.0408,0,4593.5,8.59,26.44,0.1015,-0.2538,0,0.1304,6.41,0.0,0.0,mature,train,26
partner_57,NA,Services,Strategic,1,9,improving,1,0.5,53.4,31,3,0,0.0015,0,99156.46,1.28,1.75,0.2045,0.0045,0,0.52,-0.83,0.0,-42.15,new_partner,train,26
partner_58,NA,Retail,Registered,31,8,improving,1,2.0,85.8,7,1,0,0.0,0,10337.19,-22.26,1.45,0.178,0.6254,1,0.7234,-24.7,7.27,0.0,mature,train,26
partner_59,EMEA,Tech,Registered,34,4,stable,3,4.3,0.0,73,0,1,0.8465,1,12318.31,-4.67,-5.81,0.0732,-0.0459,0,0.7188,-7.65,0.0,0.0,mature,train,26
partner_60,EMEA,Manufacturing,Registered,18,8,stable,8,4.8,65.2,58,3,0,0.117,0,8663.43,-18.13,-31.15,0.3228,-0.1687,0,0.6154,-20.31,0.0,0.0,mature,train,26
partner_61,LATAM,Services,Strategic,24,9,declining,2,4.3,57.4,0,9,0,0.0015,0,32652.05,10.55,13.03,0.1027,-0.555,0,0.2857,9.42,0.0,0.0,mature,train,26
partner_62,NA,Manufacturing,Registered,42,8,improving,3,2.7,53.5,62,2,0,0.0142,0,1987.98,-5.99,-36.44,0.3267,0.277,0,0.0303,-8.17,0.0,0.0,mature,train,26
partner_63,NA,Retail,Certified,18,4,declining,5,3.8,55.6,68,0,1,0.3477,0,44942.19,12.39,15.03,0.2348,0.8435,1,0.8214,9.95,15.82,0.0,mature,train,26
partner_64,LATAM,Manufacturing,Registered,1,2,declining,6,1.9,33.0,50,1,1,0.6699,1,16794.19,1.28,1.75,0.2045,0.0045,0,0.52,-0.83,0.0,29.12,new_partner,train,26
partner_65,LATAM,Tech,Registered,18,7,stable,6,6.5,78.7,59,2,0,0.0084,0,9291.02,-6.08,17.06,0.2241,0.5647,1,0.5484,-9.06,1.74,0.0,mature,train,26
partner_66,NA,Services,Strategic,11,9,stable,2,4.7,62.7,35,0,0,0.0022,0,43225.04,7.23,7.67,0.1073,0.2157,0,0.2,6.1,0.0,0.0,mature,train,26
partner_67,NA,Tech,Certified,19,9,declining,1,0.5,73.4,10,4,0,0.0024,0,25488.54,38.11,10.55,0.2332,0.6918,1,0.5,35.13,7.68,0.0,mature,train,26
partner_68,NA,Manufacturing,Strategic,10,9,stable,2,3.5,82.3,9,4,0,0.0005,0,33423.99,-11.41,-34.54,0.2954,-0.2203,0,0.2727,-13.59,0.0,0.0,mature,train,26
partner_69,EMEA,Retail,Registered,5,8,improving,0,0.6,81.8,51,7,0,0.0009,0,8661.51,1.28,1.75,0.2045,0.0045,0,0.52,-0.83,0.0,2.92,new_partner,train,26
partner_70,NA,Tech,Certified,54,9,improving,0,1.8,71.3,0,5,0,0.0002,0,22694.35,-1.41,-5.56,0.1512,-0.0552,0,0.4333,-4.39,0.0,0.0,mature,train,26
partner_71,EMEA,Services,Strategic,4,9,improving,3,1.1,56.7,27,3,0,0.0038,0,118115.9,1.28,1.75,0.2045,0.0045,0,0.52,-0.83,0.0,8.11,new_partner,train,26
partner_72,NA,Manufacturing,Registered,37,6,stable,4,1.5,16.8,26,0,1,0.2702,0,8982.56,18.19,57.58,0.2091,-0.0691,0,0.6061,16.01,0.0,0.0,mature,train,26
partner_73,APAC,Tech,Registered,38,6,declining,3,4.5,16.0,66,1,0,0.909,1,4818.56,9.71,-26.7,0.2469,0.2161,0,0.1538,6.73,0.0,0.0,mature,train,26
partner_74,EMEA,Services,Strategic,32,9,stable,3,5.9,81.4,31,2,0,0.0017,0,62002.18,-19.88,-40.3,0.2811,0.3548,0,0.3333,-21.01,0.0,0.0,mature,train,26
partner_75,EMEA,Services,Registered,49,3,declining,6,3.2,63.9,31,0,0,0.0673,0,3835.31,-3.28,-30.14,0.3152,-0.6334,0,0.0714,-4.41,0.0,0.0,mature,train,26
partner_76,EMEA,Tech,Certified,1,7,declining,5,5.3,49.8,29,2,1,0.3481,1,28870.3,1.28,1.75,0.2045,0.0045,0,0.52,-0.83,0.0,-34.14,new_partner,train,26
partner_77,EMEA,Tech,Strategic,14,3,improving,6,6.9,1.4,67,0,1,0.7254,1,129737.58,-1.48,3.3,0.0901,0.0307,0,0.9,-4.46,0.0,0.0,mature,train,26
partner_78,LATAM,Tech,Registered,7,6,stable,6,4.1,51.3,37,4,0,0.0135,0,21580.27,1.28,1.75,0.2045,0.0045,0,0.52,-0.83,0.0,120.16,new_partner,train,26
partner_79,NA,Manufacturing,Registered,30,6,stable,2,6.8,37.5,6,1,0,0.196,0,5988.38,8.31,16.09,0.1033,-0.3493,0,0.1515,6.13,0.0,0.0,mature,train,26
partner_80,LATAM,Tech,Registered,33,10,improving,0,3.7,64.7,7,4,0,0.001,0,14170.9,7.03,37.87,0.2491,0.1407,0,0.9032,4.05,0.0,0.0,mature,train,26
partner_81,LATAM,Retail,Registered,49,7,improving,1,5.3,55.3,29,1,0,0.0122,0,6704.48,6.42,-2.8,0.1782,0.7611,1,0.44,3.98,7.53,0.0,mature,train,26
partner_82,NA,Services,Registered,19,4,stable,2,2.2,56.4,70,2,0,0.1154,0,5102.49,-5.85,0.17,0.1037,-0.3661,0,0.2273,-6.98,0.0,0.0,mature,train,26
partner_83,APAC,Services,Certified,10,3,declining,7,5.7,42.0,73,0,0,0.8677,1,14847.3,-11.13,-23.93,0.2345,-0.1541,0,0.2941,-12.26,0.0,0.0,mature,train,26
partner_84,EMEA,Services,Registered,50,6,improving,2,6.5,67.7,41,0,0,0.1414,0,8102.15,7.1,12.34,0.098,0.1513,0,0.5238,5.97,0.0,0.0,mature,train,26
partner_85,EMEA,Services,Certified,36,8,stable,0,0.9,70.6,38,5,0,0.0043,0,60240.4,21.41,-3.49,0.1621,0.6434,1,0.9706,20.28,-1.6,0.0,mature,train,26
partner_86,EMEA,Manufacturing,Registered,41,6,stable,0,0.5,76.8,14,8,0,0.0005,0,10156.87,11.31,3.28,0.081,0.0564,0,0.7692,9.13,0.0,0.0,mature,train,26
partner_87,LATAM,Services,Registered,22,6,improving,2,1.1,73.5,0,3,0,0.0043,0,14175.28,-7.83,-33.4,0.3016,-0.4111,0,0.9048,-8.96,0.0,0.0,mature,train,26
partner_88,NA,Services,Registered,22,6,improving,1,2.9,63.7,75,1,0,0.1052,0,7609.86,-11.16,-36.15,0.3543,-0.4852,0,0.3864,-12.29,0.0,0.0,mature,train,26
partner_89,EMEA,Tech,Certified,19,6,improving,5,5.5,19.9,65,0,0,0.1631,0,38979.89,-8.37,-11.81,0.1159,-0.3,0,0.6774,-11.35,0.0,0.0,mature,train,26
partner_90,NA,Tech,Registered,40,2,declining,7,4.9,27.5,77,0,1,0.9905,1,11322.83,31.6,88.6,0.3928,-0.0685,0,0.6923,28.62,0.0,0.0,mature,train,26
partner_91,EMEA,Retail,Registered,9,7,improving,2,3.4,59.1,38,2,0,0.0133,0,6986.99,-41.61,-10.88,0.2221,0.9088,1,0.3488,-44.05,-4.42,0.0,mature,train,26
partner_92,LATAM,Manufacturing,Strategic,53,9,stable,0,1.7,72.8,32,6,0,0.0025,0,40777.07,-15.21,-39.45,0.3806,-0.3699,0,0.25,-17.39,0.0,0.0,mature,train,26
partner_93,NA,Retail,Certified,7,4,stable,2,4.6,36.9,59,0,1,0.6824,1,16439.05,1.28,1.75,0.2045,0.0045,0,0.52,-0.83,0.0,-58.33,new_partner,train,26
partner_94,NA,Retail,Registered,23,7,improving,2,2.8,90.3,24,2,0,0.0011,0,8181.25,13.08,59.83,0.34,-0.0911,0,0.5319,10.64,0.0,0.0,mature,train,26
partner_95,NA,Manufacturing,Strategic,15,4,declining,4,3.5,27.3,41,1,1,0.32,1,137421.6,14.43,83.85,0.332,-0.2694,0,1.0,12.25,0.0,0.0,mature,train,26
partner_96,LATAM,Tech,Registered,34,5,declining,7,5.9,23.8,58,0,1,0.8015,1,10447.85,-10.64,-3.28,0.1795,0.6752,1,0.7097,-13.62,-7.36,0.0,mature,train,26
partner_97,NA,Retail,Registered,36,7,improving,1,4.7,55.5,9,1,1,0.0417,1,11415.92,4.13,20.51,0.2513,0.8934,1,0.8085,1.69,13.83,0.0,mature,train,26
partner_98,EMEA,Services,Registered,50,8,stable,0,0.5,73.8,0,6,0,0.0003,0,16081.49,28.0,17.63,0.2583,0.8479,1,0.881,26.87,12.21,0.0,mature,train,26
partner_99,EMEA,Services,Registered,42,6,improving,5,3.9,57.8,46,2,0,0.073,0,23076.31,42.15,8.61,0.2049,0.8943,1,1.0,41.02,1.95,0.0,mature,train,26
partner_100,APAC,Retail,Registered,11,5,stable,3,3.2,20.8,86,0,0,0.6846,1,5808.1,1.75,1.1,0.085,0.0022,0,0.2903,-0.69,0.0,0.0,mature,train,26
partner_101,APAC,Retail,Certified,8,10,improving,0,0.5,97.6,0,0,0,0.0,0,27105.84,1.28,1.75,0.2045,0.0045,0,0.52,-0.83,0.0,-44.08,new_partner,train,26
partner_102,LATAM,Tech,Registered,48,8,stable,5,4.7,60.5,21,2,0,0.0155,0,12361.27,42.64,84.74,0.369,-0.4654,0,0.8387,39.66,0.0,0.0,mature,train,26
partner_103,EMEA,Services,Certified,25,7,improving,3,6.8,49.6,10,6,1,0.0657,0,19883.65,-14.85,-36.85,0.3174,-0.4232,0,0.2941,-15.98,0.0,0.0,mature,train,26
partner_104,APAC,Services,Strategic,2,7,improving,2,3.0,35.3,13,3,0,0.0267,0,121768.64,1.28,1.75,0.2045,0.0045,0,0.52,-0.83,0.0,73.68,new_partner,train,26
partner_105,LATAM,Retail,Certified,44,4,declining,4,7.5,63.8,32,0,0,0.1372,1,30952.28,19.46,5.32,0.2297,0.7622,1,0.6071,17.02,2.58,0.0,mature,train,26
partner_106,LATAM,Services,Certified,34,6,declining,4,2.4,56.7,57,3,1,0.1075,0,67521.41,7.97,20.79,0.2383,0.5293,1,0.9524,6.84,-3.4,0.0,mature,train,26
partner_107,NA,Retail,Certified,1,5,improving,4,2.7,86.4,0,3,0,0.0163,0,29138.46,1.28,1.75,0.2045,0.0045,0,0.52,-0.83,0.0,19.99,new_partner,train,26
partner_108,EMEA,Tech,Strategic,42,7,declining,2,6.7,35.6,59,2,0,0.0813,0,77336.21,7.99,12.98,0.1393,0.0155,0,0.6,5.01,0.0,0.0,mature,train,26
partner_109,EMEA,Services,Registered,32,7,stable,1,1.5,77.5,24,6,0,0.0013,0,12508.46,13.0,40.16,0.1784,-0.3886,0,0.7381,11.87,0.0,0.0,mature,train,26
partner_110,APAC,Retail,Registered,32,7,declining,1,3.3,69.6,29,3,0,0.0071,0,4097.35,5.01,-16.67,0.1573,-0.1126,0,0.129,2.57,0.0,0.0,mature,train,26
partner_111,NA,Retail,Certified,47,8,stable,1,2.9,83.7,61,2,0,0.0065,0,25181.86,-1.79,2.53,0.218,0.8152,1,0.3214,-4.23,-6.13,0.0,mature,train,26
partner_112,EMEA,Tech,Certified,25,6,stable,3,2.6,68.4,42,2,1,0.0412,0,18176.22,-14.82,-41.61,0.3629,-0.2168,0,0.2581,-17.8,0.0,0.0,mature,train,26
partner_113,NA,Manufacturing,Registered,23,6,declining,4,3.6,55.1,75,1,0,0.0152,0,6440.8,2.29,-4.61,0.1147,-0.1758,0,0.2121,0.11,0.0,0.0,mature,train,26
partner_114,NA,Services,Certified,32,5,stable,3,0.7,36.9,78,2,0,0.2572,0,66370.3,-7.08,-1.02,0.2144,0.8433,1,0.9,-8.21,-2.73,0.0,mature,train,26
partner_115,EMEA,Services,Registered,8,3,stable,2,7.2,56.9,93,0,1,0.7682,1,9798.36,1.28,1.75,0.2045,0.0045,0,0.52,-0.83,0.0,32.86,new_partner,train,26
partner_116,APAC,Retail,Strategic,5,6,stable,5,4.6,74.7,37,1,1,0.053,0,160645.77,1.28,1.75,0.2045,0.0045,0,0.52,-0.83,0.0,300.0,new_partner,train,26
partner_117,LATAM,Retail,Registered,45,6,declining,6,4.1,36.9,13,0,1,0.2561,0,6056.55,4.55,-35.62,0.3503,-0.3516,0,0.36,2.11,0.0,0.0,mature,train,26
partner_118,LATAM,Services,Registered,9,6,stable,1,2.4,58.3,36,4,0,0.0043,0,9825.84,9.89,45.06,0.196,-0.2594,0,0.5714,8.76,0.0,0.0,mature,train,26
partner_119,NA,Retail,Registered,26,6,declining,13,5.1,51.3,61,1,1,0.2505,0,5171.53,-4.3,-25.08,0.1983,-0.1185,0,0.1702,-6.74,0.0,0.0,mature,train,26
partner_120,LATAM,Services,Registered,12,7,stable,5,5.0,23.4,2,1,0,0.0026,0,6497.76,6.63,7.65,0.2475,0.862,1,0.2857,5.5,3.52,0.0,mature,train,26
partner_121,NA,Manufacturing,Registered,10,8,improving,3,2.4,83.2,30,1,0,0.0021,0,16370.94,1.27,-1.76,0.1124,-0.3303,0,1.0,-0.91,0.0,0.0,mature,train,26
partner_122,LATAM,Retail,Registered,31,4,stable,2,5.7,59.5,0,1,0,0.0285,0,7441.86,-5.83,-27.96,0.2642,0.0685,0,0.6,-8.27,0.0,0.0,mature,train,26
partner_123,EMEA,Services,Registered,43,3,declining,2,4.9,32.2,85,0,1,0.7624,1,5134.79,-15.45,-35.17,0.2656,0.1547,0,0.2381,-16.58,0.0,0.0,mature,train,26
partner_124,NA,Retail,Registered,22,7,declining,0,3.8,15.6,56,0,0,0.0802,0,8367.28,24.12,6.59,0.2309,0.8303,1,0.5532,21.68,2.79,0.0,mature,train,26
partner_125,EMEA,Tech,Registered,5,5,improving,4,4.2,69.4,14,1,0,0.051,0,14083.61,1.28,1.75,0.2045,0.0045,0,0.52,-0.83,0.0,-16.13,new_partner,train,26
partner_126,NA,Manufacturing,Registered,11,7,improving,1,2.1,48.0,32,7,0,0.0079,0,8019.9,0.2,-3.91,0.1028,-0.3548,0,0.4545,-1.98,0.0,0.0,mature,train,26
partner_127,NA,Tech,Registered,6,8,improving,0,0.7,44.6,31,2,0,0.0059,0,19671.7,1.28,1.75,0.2045,0.0045,0,0.52,-0.83,0.0,32.64,new_partner,train,26
partner_128,EMEA,Manufacturing,Registered,48,6,improving,5,3.1,65.0,45,2,1,0.1943,0,13130.15,-2.36,-9.71,0.1119,-0.2341,0,0.8846,-4.54,0.0,0.0,mature,train,26
partner_129,EMEA,Manufacturing,Registered,15,3,declining,7,5.4,46.7,69,0,1,0.9946,1,9844.28,-4.02,-9.79,0.1175,0.144,0,0.7308,-6.2,0.0,0.0,mature,train,26
partner_130,NA,Services,Registered,18,5,stable,4,4.5,31.3,79,0,1,0.51,0,9365.81,-7.48,17.27,0.1861,-0.0575,0,0.5682,-8.61,0.0,0.0,mature,train,26
partner_131,EMEA,Services,Registered,1,6,declining,3,5.3,72.4,15,1,1,0.0076,0,16334.03,1.28,1.75,0.2045,0.0045,0,0.52,-0.83,0.0,130.72,new_partner,train,26
partner_132,APAC,Tech,Certified,22,5,declining,4,5.5,45.9,56,0,1,0.6662,1,18700.56,-3.34,-15.15,0.133,0.5297,1,0.125,-6.32,-17.4,0.0,mature,train,26
partner_133,NA,Retail,Strategic,50,4,stable,4,5.1,7.7,102,0,1,0.8747,1,47006.19,-17.16,-5.41,0.1127,0.3085,0,0.4545,-19.6,0.0,0.0,mature,train,26
partner_134,NA,Manufacturing,Strategic,20,7,stable,2,2.9,55.9,23,0,0,0.0037,0,60051.07,-15.51,-35.65,0.3178,-0.3274,0,0.3636,-17.69,0.0,0.0,mature,train,26
partner_135,NA,Services,Certified,34,5,stable,2,3.8,69.0,47,3,1,0.0464,0,19601.36,8.62,-3.78,0.1032,0.0998,0,0.35,7.49,0.0,0.0,mature,train,26
partner_136,EMEA,Tech,Certified,7,6,declining,5,4.2,47.3,19,5,0,0.1153,0,42133.74,1.28,1.75,0.2045,0.0045,0,0.52,-0.83,0.0,86.79,new_partner,train,26
partner_137,APAC,Tech,Registered,5,10,declining,2,3.1,73.8,76,2,1,0.0275,0,7237.35,1.28,1.75,0.2045,0.0045,0,0.52,-0.83,0.0,-58.03,new_partner,train,26
partner_138,NA,Tech,Certified,39,8,stable,0,1.9,69.4,25,1,0,0.0011,0,65121.23,1.13,18.18,0.2103,0.2584,0,0.9333,-1.85,0.0,0.0,mature,train,26
partner_139,LATAM,Retail,Certified,1,7,stable,1,2.6,49.9,30,0,0,0.0156,0,70915.28,1.28,1.75,0.2045,0.0045,0,0.52,-0.83,0.0,111.83,new_partner,train,26
partner_140,EMEA,Manufacturing,Certified,23,4,stable,5,2.6,58.8,64,0,0,0.1466,0,11560.58,1.28,-26.33,0.2064,0.0027,0,0.0952,-0.9,0.0,0.0,mature,train,26
partner_141,NA,Tech,Strategic,15,3,stable,5,5.2,31.5,38,0,1,0.3733,0,128907.67,13.47,81.0,0.3769,-0.1815,0,0.8889,10.49,0.0,0.0,mature,train,26
partner_142,NA,Services,Registered,1,7,improving,1,2.8,79.7,39,7,0,0.0037,0,8161.73,1.28,1.75,0.2045,0.0045,0,0.52,-0.83,0.0,0.01,new_partner,train,26
partner_143,APAC,Services,Certified,27,10,declining,0,0.5,46.4,36,3,0,0.0016,0,27575.33,-10.48,-5.16,0.0971,-0.0665,0,0.6471,-11.61,0.0,0.0,mature,train,26
partner_144,NA,Services,Certified,52,8,improving,1,1.6,55.3,63,5,0,0.0029,0,17577.91,11.59,25.6,0.1906,-0.3403,0,0.3,10.46,0.0,0.0,mature,train,26
partner_145,NA,Tech,Registered,1,9,declining,3,1.8,52.2,40,1,0,0.0045,0,9076.74,1.28,1.75,0.2045,0.0045,0,0.52,-0.83,0.0,32.3,new_partner,train,26
partner_146,EMEA,Tech,Strategic,44,7,improving,4,5.2,78.5,35,5,0,0.0124,0,59351.32,16.93,5.91,0.1128,0.1124,0,0.3,13.95,0.0,0.0,mature,train,26
partner_147,NA,Manufacturing,Registered,28,6,improving,3,4.3,26.7,6,2,1,0.0287,0,3446.38,-3.44,-26.29,0.2535,0.2198,0,0.0909,-5.62,0.0,0.0,mature,train,26
partner_148,NA,Services,Strategic,38,4,improving,4,5.2,39.1,46,2,1,0.151,0,66373.99,-6.38,-38.64,0.3381,-0.0649,0,0.5,-7.51,0.0,0.0,mature,train,26
partner_149,NA,Tech,Certified,2,8,declining,6,4.1,48.5,36,0,1,0.5054,0,28715.33,1.28,1.75,0.2045,0.0045,0,0.52,-0.83,0.0,12.52,new_partner,train,26
partner_150,EMEA,Services,Registered,47,4,stable,4,3.0,52.5,42,2,0,0.5983,1,12136.95,-12.76,-1.96,0.2226,0.8831,1,0.7143,-13.89,-1.25,0.0,mature,train,26
partner_151,APAC,Retail,Certified,1,4,declining,5,4.1,34.8,48,0,1,0.4675,0,20271.08,1.28,1.75,0.2045,0.0045,0,0.52,-0.83,0.0,-69.67,new_partner,train,26
partner_152,APAC,Services,Registered,49,5,improving,4,4.2,46.7,54,4,1,0.2574,0,9692.19,7.86,24.06,0.156,0.3105,0,0.7097,6.73,0.0,0.0,mature,train,26
partner_153,EMEA,Retail,Certified,35,9,declining,1,1.9,69.1,10,2,0,0.0004,0,24062.37,5.3,-25.95,0.2556,0.4133,0,0.3333,2.86,0.0,0.0,mature,train,26
partner_154,NA,Retail,Certified,16,6,improving,0,3.8,76.7,42,1,0,0.0009,0,40783.56,2.2,-18.79,0.2188,-0.0568,0,0.6429,-0.24,0.0,0.0,mature,train,26
partner_155,EMEA,Tech,Certified,1,7,declining,6,4.8,28.4,53,0,0,0.2807,1,9296.35,1.28,1.75,0.2045,0.0045,0,0.52,-0.83,0.0,-84.57,new_partner,train,26
partner_156,LATAM,Retail,Strategic,32,8,improving,2,3.1,35.8,14,1,0,0.0033,0,71232.81,8.58,68.01,0.333,-0.2543,0,0.4444,6.14,0.0,0.0,mature,train,26
partner_157,EMEA,Retail,Registered,2,9,improving,0,3.1,76.0,11,3,0,0.0003,0,19233.45,1.28,1.75,0.2045,0.0045,0,0.52,-0.83,0.0,278.75,new_partner,train,26
partner_158,LATAM,Retail,Registered,32,6,stable,2,3.1,72.0,50,2,0,0.097,0,14853.03,-2.24,7.35,0.0992,-0.002,0,0.88,-4.68,0.0,0.0,mature,train,26
partner_159,LATAM,Tech,Registered,41,5,declining,6,3.9,26.8,79,0,1,0.5651,0,9308.04,8.43,2.91,0.2393,0.7878,1,0.5806,5.45,-8.26,0.0,mature,train,26
partner_160,LATAM,Services,Registered,12,7,improving,2,4.6,79.8,20,4,0,0.0021,0,10935.36,19.76,50.49,0.2787,0.1004,0,0.7619,18.63,0.0,0.0,mature,train,26
partner_161,EMEA,Retail,Registered,10,5,improving,8,7.0,51.5,52,0,0,0.2681,0,5266.58,6.61,-20.55,0.2125,-0.012,0,0.1163,4.17,0.0,0.0,mature,train,26
partner_162,APAC,Manufacturing,Registered,9,6,declining,6,5.9,22.9,64,0,1,0.646,0,6151.29,-5.36,-3.56,0.2083,0.7634,1,0.3333,-7.54,-3.42,0.0,mature,train,26
partner_163,EMEA,Services,Registered,10,4,stable,3,0.5,30.6,53,0,1,0.3763,1,3642.99,-25.74,8.0,0.2502,0.8895,1,0.0476,-26.87,-4.64,0.0,mature,train,26
partner_164,EMEA,Retail,Registered,3,6,stable,3,2.0,49.1,0,4,0,0.0063,0,6120.55,1.28,1.75,0.2045,0.0045,0,0.52,-0.83,0.0,-58.58,new_partner,train,26
partner_165,NA,Retail,Strategic,11,6,declining,6,4.4,46.8,60,1,0,0.2767,0,58029.8,-5.9,-22.87,0.2129,0.0418,0,0.7273,-8.34,0.0,0.0,mature,train,26
partner_166,NA,Services,Registered,35,9,declining,0,0.5,73.3,0,7,0,0.0003,0,7187.14,-18.27,-24.05,0.1929,-0.2502,0,0.3409,-19.4,0.0,0.0,mature,train,26
partner_167,APAC,Services,Strategic,14,5,improving,2,1.2,80.7,0,2,0,0.0008,0,104242.32,1.93,8.17,0.1443,-0.0356,0,0.7273,0.8,0.0,0.0,mature,train,26
partner_168,APAC,Tech,Registered,42,3,declining,11,4.6,42.0,39,0,0,0.6468,0,20597.24,19.59,55.22,0.306,-0.0976,0,1.0,16.61,0.0,0.0,mature,train,26
partner_169,NA,Services,Registered,44,4,stable,6,6.7,0.0,77,0,0,0.9303,1,4537.32,-13.01,-32.14,0.3197,-0.3996,0,0.2045,-14.14,0.0,0.0,mature,train,26
partner_170,APAC,Retail,Certified,41,8,stable,2,3.5,47.5,6,3,0,0.0055,0,39653.54,11.8,5.07,0.0876,-0.2191,0,0.75,9.36,0.0,0.0,mature,train,26
partner_171,EMEA,Tech,Registered,28,7,improving,2,2.5,71.5,3,2,0,0.0031,0,4721.02,4.13,-32.5,0.3387,-0.2366,0,0.0625,1.15,0.0,0.0,mature,train,26
partner_172,NA,Manufacturing,Registered,15,4,stable,2,3.0,45.0,49,0,0,0.0311,0,11376.77,-17.24,-5.28,0.0849,0.1777,0,0.8485,-19.42,0.0,0.0,mature,train,26
partner_173,EMEA,Retail,Certified,50,6,improving,0,2.0,56.1,35,3,1,0.0272,0,9926.88,-15.4,-37.24,0.333,-0.2438,0,0.0303,-17.84,0.0,0.0,mature,train,26
partner_174,APAC,Services,Registered,8,3,declining,8,5.6,43.0,75,0,0,0.7879,1,9306.08,1.28,1.75,0.2045,0.0045,0,0.52,-0.83,0.0,-17.99,new_partner,train,26
partner_175,EMEA,Tech,Registered,23,6,declining,4,4.6,61.6,31,2,1,0.1155,0,10162.0,11.52,-1.9,0.0975,0.0783,0,0.4688,8.54,0.0,0.0,mature,train,26
partner_176,EMEA,Services,Certified,23,4,declining,3,6.4,13.4,61,0,1,0.9066,1,31134.08,-2.4,8.21,0.1882,0.8115,1,0.6176,-3.53,0.1,0.0,mature,train,26
partner_177,NA,Tech,Registered,40,7,improving,2,3.0,31.9,45,5,0,0.0209,0,2043.08,-6.82,-37.51,0.3077,-0.1337,0,0.0256,-9.8,0.0,0.0,mature,train,26
partner_178,APAC,Tech,Certified,28,6,stable,4,1.4,55.9,11,0,0,0.0156,0,32463.06,-2.38,-1.24,0.0925,-0.1597,0,0.75,-5.36,0.0,0.0,mature,train,26
partner_179,APAC,Retail,Registered,43,5,declining,7,5.0,12.3,56,0,1,0.9261,1,20579.62,-17.96,-23.45,0.2351,-0.2226,0,1.0,-20.4,0.0,0.0,mature,train,26
partner_180,LATAM,Retail,Strategic,50,4,declining,1,5.5,45.0,70,2,1,0.7428,1,215520.01,8.03,45.32,0.257,0.3952,0,1.0,5.59,0.0,0.0,mature,train,26
partner_181,APAC,Services,Certified,19,7,stable,1,0.5,67.2,26,2,0,0.0015,0,36704.94,-13.45,-14.66,0.0886,0.2392,0,0.8824,-14.58,0.0,0.0,mature,train,26
partner_182,APAC,Retail,Strategic,47,10,declining,0,0.5,90.9,0,11,0,0.0,0,70817.06,5.54,79.67,0.3563,-0.0807,0,0.4286,3.1,0.0,0.0,mature,train,26
partner_183,NA,Retail,Certified,6,5,declining,5,4.8,72.7,52,0,0,0.1073,0,44948.56,1.28,1.75,0.2045,0.0045,0,0.52,-0.83,0.0,8.48,new_partner,train,26
partner_184,NA,Retail,Registered,50,9,declining,0,5.2,75.1,44,3,0,0.0023,0,7250.76,-8.96,-13.44,0.0979,-0.0182,0,0.3404,-11.4,0.0,0.0,mature,train,26
partner_185,LATAM,Retail,Certified,7,9,improving,3,1.9,57.2,28,3,0,0.0049,0,31628.76,1.28,1.75,0.2045,0.0045,0,0.52,-0.83,0.0,4.63,new_partner,train,26
partner_186,LATAM,Services,Registered,46,8,stable,0,2.8,64.8,32,1,0,0.0111,0,13538.36,19.0,70.15,0.3616,0.3177,0,0.8571,17.87,0.0,0.0,mature,train,26
partner_187,NA,Tech,Certified,19,8,declining,5,7.0,48.4,54,1,0,0.0275,0,17590.91,4.73,-26.5,0.1886,0.4945,0,0.2333,1.75,0.0,0.0,mature,train,26
partner_188,EMEA,Services,Certified,52,2,stable,5,4.0,25.2,27,0,0,0.1817,0,47188.71,-18.79,23.83,0.2014,0.2392,0,0.9118,-19.92,0.0,0.0,mature,train,26
partner_189,LATAM,Retail,Registered,4,7,improving,1,4.7,95.5,44,2,0,0.0093,0,9065.58,1.28,1.75,0.2045,0.0045,0,0.52,-0.83,0.0,-17.27,new_partner,train,26
partner_190,EMEA,Manufacturing,Strategic,23,5,stable,3,4.6,25.1,30,2,1,0.1813,0,91190.97,-11.89,-27.7,0.1872,0.1116,0,0.6154,-14.07,0.0,0.0,mature,train,26
partner_191,APAC,Tech,Registered,49,7,declining,5,4.2,17.1,30,0,0,0.0318,0,17639.11,5.01,31.19,0.2196,-0.181,0,0.9231,2.03,0.0,0.0,mature,train,26
partner_192,EMEA,Tech,Certified,1,6,declining,5,4.7,23.9,12,2,0,0.1004,0,41406.19,1.28,1.75,0.2045,0.0045,0,0.52,-0.83,0.0,4.59,new_partner,train,26
partner_193,EMEA,Services,Certified,12,7,stable,0,1.8,77.7,0,7,0,0.0,0,30887.5,5.3,22.22,0.2197,-0.1462,0,0.5588,4.17,0.0,0.0,mature,train,26
partner_194,APAC,Services,Registered,1,10,improving,1,4.8,94.0,0,6,0,0.0,0,4369.58,1.28,1.75,0.2045,0.0045,0,0.52,-0.83,0.0,-77.54,new_partner,train,26
partner_195,EMEA,Services,Certified,15,8,improving,2,0.5,62.7,6,4,0,0.0015,0,15761.44,3.23,1.61,0.0979,0.3862,0,0.2059,2.1,0.0,0.0,mature,train,26
partner_196,EMEA,Retail,Certified,19,5,stable,3,4.4,42.9,50,0,0,0.052,0,28667.43,13.68,15.26,0.0918,0.1209,0,0.5455,11.24,0.0,0.0,mature,train,26
partner_197,NA,Retail,Registered,32,4,improving,2,4.0,49.3,73,3,0,0.7837,1,4219.1,6.31,-36.09,0.2972,0.2517,0,0.0851,3.87,0.0,0.0,mature,train,26
partner_198,APAC,Manufacturing,Certified,11,6,declining,3,3.7,43.5,47,2,0,0.1946,0,35064.71,8.28,23.01,0.2089,0.1051,0,0.7692,6.1,0.0,0.0,mature,train,26
partner_199,EMEA,Retail,Registered,6,9,stable,0,3.2,89.5,16,4,0,0.0,0,13495.85,1.28,1.75,0.2045,0.0045,0,0.52,-0.83,0.0,125.43,new_partner,train,26
partner_200,NA,Manufacturing,Certified,6,6,stable,1,2.3,59.5,58,7,0,0.0051,0,15312.35,1.28,1.75,0.2045,0.0045,0,0.52,-0.83,0.0,-72.52,new_partner,train,26
partner_201,LATAM,Manufacturing,Registered,51,8,declining,2,3.8,55.0,0,3,0,0.0093,0,6258.72,11.55,16.11,0.2292,0.7421,1,0.2609,9.37,5.55,0.0,mature,train,26
partner_202,APAC,Manufacturing,Strategic,52,7,declining,3,3.7,49.0,46,2,0,0.036,0,132138.11,0.98,29.94,0.2595,0.4221,0,1.0,-1.2,0.0,0.0,mature,train,26
partner_203,NA,Services,Strategic,9,10,improving,0,2.7,90.0,14,3,0,0.0001,0,141234.2,0.25,12.33,0.0829,-0.0425,0,1.0,-0.88,0.0,0.0,mature,train,26
partner_204,EMEA,Manufacturing,Registered,8,6,stable,2,3.6,69.2,60,5,0,0.0064,0,8155.54,1.28,1.75,0.2045,0.0045,0,0.52,-0.83,0.0,0.96,new_partner,train,26
partner_205,EMEA,Retail,Registered,1,8,improving,2,3.6,43.2,0,5,0,0.0064,0,22687.93,1.28,1.75,0.2045,0.0045,0,0.52,-0.83,0.0,242.38,new_partner,train,26
partner_206,EMEA,Retail,Certified,52,3,stable,3,4.6,28.8,47,0,0,0.5532,1,35434.32,7.38,16.2,0.2597,-0.2312,0,0.7273,4.94,0.0,0.0,mature,train,26
partner_207,EMEA,Manufacturing,Certified,37,10,improving,0,0.5,83.0,0,5,0,0.0007,0,23848.22,-9.93,-31.33,0.2393,0.1763,0,0.619,-12.11,0.0,0.0,mature,train,26
partner_208,LATAM,Tech,Registered,41,3,improving,4,7.4,58.8,36,0,1,0.5638,1,5149.89,-1.94,-0.13,0.0787,0.4938,0,0.1935,-4.92,0.0,0.0,mature,train,26
partner_209,EMEA,Retail,Registered,13,10,stable,1,0.5,100.0,39,6,0,0.0001,0,5770.51,-0.98,-11.88,0.0982,-0.2777,0,0.186,-3.42,0.0,0.0,mature,train,26
partner_210,NA,Tech,Registered,34,8,improving,2,2.1,52.9,18,2,0,0.0002,0,20261.0,-4.27,22.3,0.1149,-0.0452,0,0.9487,-7.25,0.0,0.0,mature,train,26
partner_211,LATAM,Services,Strategic,1,9,improving,0,0.5,66.3,33,7,0,0.0006,0,43744.5,1.28,1.75,0.2045,0.0045,0,0.52,-0.83,0.0,-58.02,new_partner,train,26
partner_212,NA,Services,Registered,36,7,stable,5,4.2,67.8,56,1,0,0.0281,0,10166.18,-4.35,-9.0,0.083,0.1876,0,0.6591,-5.48,0.0,0.0,mature,train,26
partner_213,EMEA,Manufacturing,Strategic,30,2,stable,5,4.1,30.5,30,0,0,0.7035,1,51023.53,-33.48,-6.05,0.2398,0.8304,1,0.3077,-35.66,-3.09,0.0,mature,train,26
partner_214,APAC,Tech,Registered,16,6,improving,2,5.7,37.7,28,1,0,0.1267,0,8923.84,3.29,-4.73,0.0872,-0.2428,0,0.4615,0.31,0.0,0.0,mature,train,26
partner_215,LATAM,Retail,Strategic,38,7,improving,1,4.8,63.1,48,2,1,0.0632,0,64300.02,30.05,0.11,0.254,0.8364,1,0.2222,27.61,-0.21,0.0,mature,train,26
partner_216,LATAM,Tech,Registered,34,8,declining,6,3.3,56.2,51,0,0,0.106,0,8965.8,-7.65,-4.85,0.0936,0.2518,0,0.5161,-10.63,0.0,0.0,mature,train,26
partner_217,EMEA,Tech,Registered,22,8,declining,3,0.9,55.5,28,3,0,0.0034,0,6703.53,-7.25,-8.25,0.1006,-0.2195,0,0.25,-10.23,0.0,0.0,mature,train,26
partner_218,EMEA,Manufacturing,Strategic,7,4,stable,2,3.1,38.0,71,1,1,0.1251,0,42948.5,1.28,1.75,0.2045,0.0045,0,0.52,-0.83,0.0,9.19,new_partner,train,26
partner_219,APAC,Manufacturing,Strategic,1,5,stable,5,5.0,12.4,68,1,0,0.4336,0,108485.96,1.28,1.75,0.2045,0.0045,0,0.52,-0.83,0.0,58.89,new_partner,train,26
partner_220,NA,Retail,Registered,51,6,declining,3,3.6,43.7,55,0,0,0.1885,0,5032.71,3.66,-15.64,0.1108,-0.0191,0,0.1064,1.22,0.0,0.0,mature,train,26
partner_221,NA,Retail,Registered,13,3,stable,8,6.1,17.1,101,1,1,0.9952,1,16707.56,16.97,2.28,0.2467,0.8919,1,0.9574,14.53,3.21,0.0,mature,train,26
partner_222,NA,Retail,Registered,14,5,declining,6,3.1,52.0,84,0,1,0.4566,0,6478.1,-3.58,-5.73,0.0898,0.307,0,0.234,-6.02,0.0,0.0,mature,train,26
partner_223,LATAM,Services,Registered,36,5,improving,3,6.9,61.0,27,4,1,0.183,0,7082.67,-8.49,19.37,0.1978,0.8254,1,0.381,-9.62,16.94,0.0,mature,train,26
partner_224,APAC,Manufacturing,Registered,11,9,improving,1,2.3,48.3,0,2,1,0.0034,1,5376.62,-7.85,-32.9,0.2456,-0.2904,0,0.1667,-10.03,0.0,0.0,mature,train,26
partner_225,EMEA,Retail,Strategic,18,5,declining,5,2.6,33.6,45,0,1,0.4285,0,116726.37,9.15,2.12,0.1642,0.7459,1,0.7857,6.71,-1.94,0.0,mature,train,26
partner_226,APAC,Services,Registered,38,5,stable,3,2.2,71.7,17,4,0,0.0017,0,3854.95,13.17,14.81,0.1102,-0.1405,0,0.129,12.04,0.0,0.0,mature,train,26
partner_227,EMEA,Tech,Certified,31,6,stable,3,3.5,39.1,28,2,0,0.0042,0,18829.31,11.7,-4.29,0.233,0.9083,1,0.3226,8.72,-6.0,0.0,mature,train,26
partner_228,NA,Tech,Registered,35,6,stable,4,6.1,71.9,36,1,0,0.0357,0,5636.33,9.77,15.71,0.1524,0.2374,0,0.2051,6.79,0.0,0.0,mature,train,26
partner_229,LATAM,Services,Registered,1,7,improving,2,2.7,73.4,20,5,0,0.0017,0,11035.38,1.28,1.75,0.2045,0.0045,0,0.52,-0.83,0.0,1.56,new_partner,train,26
partner_230,EMEA,Retail,Certified,23,7,improving,5,2.4,74.7,44,7,0,0.0013,0,20081.42,9.06,6.9,0.1862,0.5645,1,0.2121,6.62,-2.29,0.0,mature,train,26
partner_231,EMEA,Retail,Registered,24,8,improving,1,3.8,76.7,30,4,0,0.0016,0,11019.76,-18.16,9.48,0.2232,0.7914,1,0.6744,-20.6,-1.34,0.0,mature,train,26
partner_232,NA,Manufacturing,Certified,33,9,improving,2,3.9,81.0,32,6,1,0.0103,0,26936.62,-24.28,-7.8,0.1651,0.6092,1,0.6923,-26.46,-15.15,0.0,mature,train,26
partner_233,APAC,Retail,Registered,5,1,declining,12,6.8,0.0,49,0,1,0.9886,1,15387.89,1.28,1.75,0.2045,0.0045,0,0.52,-0.83,0.0,57.99,new_partner,train,26
partner_234,NA,Manufacturing,Strategic,6,7,stable,4,4.0,74.5,25,0,0,0.0061,0,110882.38,1.28,1.75,0.2045,0.0045,0,0.52,-0.83,0.0,234.75,new_partner,train,26
partner_235,APAC,Retail,Certified,41,5,improving,3,3.0,10.5,19,0,0,0.1193,0,81858.51,17.36,73.21,0.3645,-0.2651,0,1.0,14.92,0.0,0.0,mature,train,26
partner_236,APAC,Retail,Strategic,36,8,improving,0,1.0,80.7,30,2,0,0.0008,0,148140.86,19.69,0.99,0.1727,0.7688,1,0.7143,17.25,7.4,0.0,mature,train,26
partner_237,NA,Retail,Registered,44,6,improving,4,1.7,45.0,87,0,0,0.4451,0,5479.54,-12.56,-34.78,0.34,-0.4537,0,0.1915,-15.0,0.0,0.0,mature,train,26
partner_238,LATAM,Tech,Registered,12,4,stable,3,4.0,33.6,55,1,0,0.4297,0,5984.35,9.24,14.34,0.1197,0.1007,0,0.2903,6.26,0.0,0.0,mature,train,26
partner_239,EMEA,Retail,Registered,54,5,declining,1,2.4,47.4,38,5,0,0.0398,0,7763.45,17.48,-2.41,0.2253,0.7748,1,0.4186,15.04,0.91,0.0,mature,train,26
partner_240,EMEA,Retail,Certified,12,5,stable,5,2.8,62.4,30,3,0,0.0075,0,30754.5,1.45,-7.78,0.1071,-0.1739,0,0.5758,-0.99,0.0,0.0,mature,train,26
partner_241,APAC,Services,Registered,34,5,improving,4,3.7,70.9,31,5,0,0.0133,0,20482.26,7.93,31.32,0.2355,-0.3659,0,1.0,6.8,0.0,0.0,mature,train,26
partner_242,LATAM,Tech,Registered,6,6,improving,3,1.8,63.6,55,2,0,0.0063,0,10317.54,1.28,1.75,0.2045,0.0045,0,0.52,-0.83,0.0,-32.02,new_partner,train,26
partner_243,EMEA,Tech,Registered,50,3,stable,0,3.7,40.7,51,1,1,0.3787,0,10195.55,-10.64,10.05,0.1859,0.852,1,0.5,-13.62,0.52,0.0,mature,train,26
partner_244,NA,Retail,Registered,16,6,declining,6,3.9,57.2,69,0,0,0.0891,0,10027.91,-6.69,5.8,0.1139,0.2971,0,0.7021,-9.13,0.0,0.0,mature,train,26
partner_245,LATAM,Tech,Registered,43,4,stable,4,4.1,38.9,75,1,0,0.3325,0,12524.77,9.0,59.76,0.3357,-0.1332,0,0.871,6.02,0.0,0.0,mature,train,26
partner_246,APAC,Retail,Registered,16,7,improving,0,3.5,62.7,53,2,0,0.0029,0,12257.47,1.77,7.09,0.2001,0.8449,1,0.7742,-0.67,-7.17,0.0,mature,train,26
partner_247,LATAM,Manufacturing,Registered,42,10,stable,1,0.5,69.6,23,4,0,0.0003,0,8120.74,27.46,78.19,0.352,0.2692,0,0.5217,25.28,0.0,0.0,mature,train,26
partner_248,NA,Retail,Certified,23,9,improving,0,3.4,100.0,30,2,1,0.0006,0,29343.0,18.55,19.1,0.2132,0.8808,1,0.4286,16.11,8.89,0.0,mature,train,26
partner_249,NA,Services,Registered,1,3,improving,5,6.0,11.3,63,0,0,0.8296,1,3334.16,1.28,1.75,0.2045,0.0045,0,0.52,-0.83,0.0,-80.05,new_partner,train,26
partner_250,NA,Services,Registered,8,7,improving,1,3.6,75.2,42,4,0,0.0276,0,5415.11,1.28,1.75,0.2045,0.0045,0,0.52,-0.83,0.0,-5.52,new_partner,train,26
partner_251,LATAM,Retail,Certified,36,7,declining,5,3.5,33.2,28,3,0,0.0265,1,24378.42,0.2,17.97,0.1476,-0.3282,0,0.4643,-2.24,0.0,0.0,mature,train,26
partner_252,APAC,Retail,Certified,8,8,declining,10,4.5,33.2,54,0,0,0.1555,1,32301.12,1.28,1.75,0.2045,0.0045,0,0.52,-0.83,0.0,-12.78,new_partner,train,26
partner_253,NA,Retail,Registered,12,6,declining,3,3.3,44.1,67,0,1,0.1808,0,14272.42,-3.26,-1.41,0.0907,-0.0658,0,0.9149,-5.7,0.0,0.0,mature,train,26
partner_254,EMEA,Manufacturing,Certified,28,10,improving,0,2.5,78.1,0,4,0,0.0005,0,16207.25,-7.33,-12.37,0.1081,-0.0696,0,0.1429,-9.51,0.0,0.0,mature,train,26
partner_255,EMEA,Retail,Strategic,11,10,improving,0,2.7,89.2,0,5,0,0.0003,0,97923.18,-0.91,-10.55,0.1192,-0.4662,0,0.5714,-3.35,0.0,0.0,mature,train,26
partner_256,LATAM,Services,Certified,4,8,improving,1,1.9,66.4,26,4,0,0.0067,0,23341.46,1.28,1.75,0.2045,0.0045,0,0.52,-0.83,0.0,-53.47,new_partner,train,26
partner_257,APAC,Services,Strategic,33,8,improving,3,2.4,50.3,47,1,0,0.0134,0,94735.33,18.58,15.02,0.1725,0.1927,0,0.6364,17.45,0.0,0.0,mature,train,26
partner_258,EMEA,Services,Certified,36,7,improving,3,4.7,70.1,49,2,1,0.1073,0,28893.1,-4.08,19.99,0.2391,-0.0783,0,0.5,-5.21,0.0,0.0,mature,train,26
partner_259,EMEA,Tech,Registered,39,9,stable,1,1.6,56.6,0,7,0,0.0008,0,20221.83,-28.06,-4.27,0.1922,0.6983,1,0.875,-31.04,-12.29,0.0,mature,train,26
partner_260,NA,Services,Registered,51,5,stable,4,2.8,60.8,63,1,0,0.0667,0,11976.31,7.76,55.77,0.2653,-0.5207,0,0.8636,6.63,0.0,0.0,mature,train,26
partner_261,EMEA,Retail,Certified,4,5,stable,2,4.0,66.6,76,2,1,0.207,0,37373.23,1.28,1.75,0.2045,0.0045,0,0.52,-0.83,0.0,35.35,new_partner,train,26
partner_262,APAC,Tech,Strategic,21,4,declining,5,3.8,27.1,36,1,1,0.7312,0,67448.99,-5.72,-34.3,0.241,-0.0638,0,0.2727,-8.7,0.0,0.0,mature,train,26
partner_263,NA,Tech,Registered,10,8,declining,2,5.2,51.1,23,1,0,0.3437,0,9337.47,22.65,57.06,0.2649,0.2146,0,0.5897,19.67,0.0,0.0,mature,train,26
partner_264,EMEA,Services,Registered,49,10,improving,0,1.3,77.4,18,4,0,0.001,0,16384.46,0.79,30.24,0.2262,-0.0295,0,0.9286,-0.34,0.0,0.0,mature,train,26
partner_265,APAC,Manufacturing,Certified,28,6,declining,11,3.9,56.3,61,0,1,0.7312,1,32944.87,-3.1,28.03,0.1693,0.1731,0,0.6923,-5.28,0.0,0.0,mature,train,26
partner_266,EMEA,Services,Registered,2,8,stable,0,2.8,59.6,53,1,0,0.036,0,6422.15,1.28,1.75,0.2045,0.0045,0,0.52,-0.83,0.0,-56.32,new_partner,train,26
partner_267,EMEA,Retail,Certified,37,7,stable,3,4.0,100.0,43,2,0,0.0055,0,14662.26,-3.86,-2.3,0.0972,0.0441,0,0.1515,-6.3,0.0,0.0,mature,train,26
partner_268,EMEA,Services,Certified,1,8,improving,1,3.4,74.6,26,0,0,0.0008,0,38979.62,1.28,1.75,0.2045,0.0045,0,0.52,-0.83,0.0,17.23,new_partner,train,26
partner_269,EMEA,Tech,Certified,12,6,stable,3,4.7,54.6,33,1,1,0.0381,0,53427.02,-2.24,-6.52,0.1157,-0.4369,0,0.9032,-5.22,0.0,0.0,mature,train,26
partner_270,EMEA,Tech,Strategic,38,7,improving,4,2.3,74.4,3,2,0,0.001,0,65563.68,4.19,5.34,0.1165,-0.3876,0,0.4,1.21,0.0,0.0,mature,train,26
partner_271,EMEA,Services,Certified,26,5,stable,1,4.8,35.0,61,4,0,0.0341,0,26131.72,35.94,2.17,0.196,0.8919,1,0.4412,34.81,3.61,0.0,mature,train,26
partner_272,EMEA,Tech,Certified,41,5,declining,5,2.0,58.4,66,0,1,0.4333,1,18400.91,45.31,10.62,0.2746,0.8339,1,0.2903,42.33,3.96,0.0,mature,train,26
partner_273,EMEA,Tech,Certified,30,4,declining,6,3.8,13.5,59,0,0,0.5363,1,18063.33,6.43,-12.36,0.088,-0.3831,0,0.2258,3.45,0.0,0.0,mature,train,26
partner_274,NA,Manufacturing,Certified,45,7,declining,1,4.0,61.0,49,1,1,0.0992,0,32008.19,-7.46,11.17,0.1042,-0.0486,0,0.7692,-9.64,0.0,0.0,mature,train,26
partner_275,LATAM,Retail,Strategic,29,7,declining,3,2.9,38.9,45,3,1,0.4871,0,59030.27,-26.54,13.77,0.2307,0.9411,1,0.1111,-28.98,8.31,0.0,mature,train,26
partner_276,NA,Tech,Registered,1,7,stable,1,2.7,47.6,0,5,0,0.0302,0,6978.76,1.28,1.75,0.2045,0.0045,0,0.52,-0.83,0.0,-72.71,new_partner,train,26
partner_277,NA,Retail,Certified,1,9,stable,3,1.9,83.3,9,1,1,0.0176,0,41685.41,1.28,1.75,0.2045,0.0045,0,0.52,-0.83,0.0,113.22,new_partner,train,26
partner_278,NA,Retail,Registered,42,7,declining,1,3.0,56.3,33,2,0,0.0225,0,6869.91,15.8,46.8,0.323,0.2429,0,0.2979,13.36,0.0,0.0,mature,train,26
partner_279,APAC,Services,Strategic,1,6,declining,6,5.3,14.7,52,0,1,0.3057,0,62456.32,1.28,1.75,0.2045,0.0045,0,0.52,-0.83,0.0,-45.15,new_partner,train,26
partner_280,APAC,Manufacturing,Certified,18,5,declining,2,3.8,53.4,55,0,0,0.1236,0,26754.38,34.8,19.97,0.2173,0.8536,1,0.4615,32.62,17.31,0.0,mature,train,26
partner_281,EMEA,Tech,Registered,1,4,stable,5,3.0,24.8,85,0,1,0.7861,1,7246.8,1.28,1.75,0.2045,0.0045,0,0.52,-0.83,0.0,-16.48,new_partner,train,26
partner_282,EMEA,Tech,Registered,14,6,stable,1,2.8,75.5,34,3,1,0.0408,0,9900.27,1.66,1.88,0.097,-0.4455,0,0.4375,-1.32,0.0,0.0,mature,train,26
partner_283,EMEA,Tech,Registered,31,8,stable,3,5.4,50.4,29,2,0,0.0091,0,11921.0,-15.02,1.6,0.2566,0.8895,1,0.6875,-18.0,-8.48,0.0,mature,train,26
partner_284,EMEA,Manufacturing,Certified,7,5,stable,3,6.1,21.9,55,1,1,0.2359,1,68596.92,1.28,1.75,0.2045,0.0045,0,0.52,-0.83,0.0,143.17,new_partner,train,26
partner_285,NA,Services,Registered,24,8,stable,1,1.5,86.6,0,3,0,0.001,0,4199.13,-5.96,-43.46,0.3197,0.4334,0,0.1136,-7.09,0.0,0.0,mature,train,26
partner_286,NA,Services,Registered,54,5,declining,4,5.0,51.8,54,0,0,0.3083,0,12261.68,19.64,11.64,0.2111,0.784,1,0.9545,18.51,4.0,0.0,mature,train,26
partner_287,EMEA,Tech,Strategic,1,4,stable,2,4.6,6.8,41,2,0,0.6352,0,110644.47,1.28,1.75,0.2045,0.0045,0,0.52,-0.83,0.0,300.0,new_partner,train,26
partner_288,NA,Tech,Certified,1,8,improving,3,5.1,59.1,39,6,1,0.031,0,71070.98,1.28,1.75,0.2045,0.0045,0,0.52,-0.83,0.0,197.66,new_partner,train,26
partner_289,NA,Tech,Registered,12,8,stable,3,4.3,51.9,44,1,0,0.035,0,3945.97,-12.18,-30.9,0.2617,-0.2803,0,0.0769,-15.16,0.0,0.0,mature,train,26
partner_290,EMEA,Manufacturing,Registered,44,5,declining,9,4.1,45.2,50,0,1,0.5325,0,5178.44,-5.05,-18.12,0.0922,-0.4015,0,0.2308,-7.23,0.0,0.0,mature,train,26
partner_291,APAC,Tech,Strategic,20,5,declining,7,7.3,30.9,73,1,1,0.9817,1,109681.82,0.75,35.62,0.2434,-0.0117,0,0.6364,-2.23,0.0,0.0,mature,train,26
partner_292,EMEA,Manufacturing,Certified,34,7,stable,2,2.2,64.5,56,0,1,0.0284,0,16723.64,-5.99,-23.36,0.1748,0.2816,0,0.2381,-8.17,0.0,0.0,mature,train,26
partner_293,APAC,Manufacturing,Certified,1,3,declining,6,6.0,33.2,111,1,1,0.9908,1,35213.77,1.28,1.75,0.2045,0.0045,0,0.52,-0.83,0.0,48.03,new_partner,train,26
partner_294,EMEA,Tech,Registered,39,6,improving,3,5.5,56.2,53,2,0,0.0822,0,10416.23,11.02,44.27,0.2272,-0.1207,0,0.5625,8.04,0.0,0.0,mature,train,26
partner_295,APAC,Tech,Registered,1,3,declining,10,6.7,19.1,67,0,0,0.8822,1,11248.49,1.28,1.75,0.2045,0.0045,0,0.52,-0.83,0.0,-0.4,new_partner,train,26
partner_296,APAC,Tech,Registered,38,7,declining,2,2.1,61.1,23,0,0,0.0153,0,9770.03,-5.18,4.87,0.1213,0.446,0,0.5385,-8.16,0.0,0.0,mature,train,26
partner_297,APAC,Retail,Certified,5,4,declining,6,4.1,19.1,73,0,1,0.8836,1,47577.84,1.28,1.75,0.2045,0.0045,0,0.52,-0.83,0.0,51.92,new_partner,train,26
partner_298,APAC,Retail,Registered,46,2,stable,6,3.0,15.3,93,0,1,0.9841,1,3335.12,-6.32,-9.17,0.1978,0.6731,1,0.0323,-8.76,-12.16,0.0,mature,train,26
partner_299,LATAM,Manufacturing,Registered,14,7,stable,1,5.4,43.0,52,5,0,0.1288,0,3622.27,-12.17,-26.77,0.2129,-0.17,0,0.087,-14.35,0.0,0.0,mature,train,26
partner_300,LATAM,Tech,Certified,7,7,stable,3,1.2,62.0,17,4,0,0.003,0,27358.54,1.28,1.75,0.2045,0.0045,0,0.52,-0.83,0.0,20.08,new_partner,train,26
partner_301,LATAM,Retail,Strategic,16,4,declining,8,6.8,9.2,81,0,1,0.9984,1,93495.58,23.27,40.22,0.2163,-0.2456,0,0.5556,20.83,0.0,0.0,mature,train,26
partner_302,EMEA,Manufacturing,Certified,1,4,declining,7,2.6,33.9,63,0,0,0.3454,0,24408.07,1.28,1.75,0.2045,0.0045,0,0.52,-0.83,0.0,-28.49,new_partner,train,26
partner_303,NA,Services,Registered,6,5,declining,3,8.0,65.2,70,0,0,0.1812,0,6930.85,1.28,1.75,0.2045,0.0045,0,0.52,-0.83,0.0,-48.68,new_partner,train,26
partner_304,NA,Retail,Registered,31,4,improving,5,2.7,34.2,63,0,1,0.6278,1,7289.52,28.01,50.35,0.2627,0.1952,0,0.3617,25.57,0.0,0.0,mature,train,26
partner_305,APAC,Services,Registered,14,9,improving,1,2.5,73.1,29,2,0,0.0002,0,13903.21,11.16,58.7,0.303,-0.183,0,0.871,10.03,0.0,0.0,mature,train,26
partner_306,NA,Services,Registered,17,10,improving,1,4.0,70.6,0,2,0,0.0002,0,7783.99,-8.92,59.93,0.3434,0.0373,0,0.4091,-10.05,0.0,0.0,mature,train,26
partner_307,NA,Manufacturing,Certified,43,10,improving,0,0.7,100.0,29,3,0,0.0002,0,13548.15,-17.34,-6.58,0.0969,0.0929,0,0.1538,-19.52,0.0,0.0,mature,train,26
partner_308,LATAM,Manufacturing,Registered,4,10,improving,0,1.6,100.0,0,4,0,0.0,0,6262.43,1.28,1.75,0.2045,0.0045,0,0.52,-0.83,0.0,-60.63,new_partner,train,26
partner_309,EMEA,Retail,Certified,19,7,stable,4,3.6,39.9,49,0,1,0.2171,1,49809.66,3.74,4.02,0.1974,0.6647,1,0.8788,1.3,-2.15,0.0,mature,train,26
partner_310,EMEA,Services,Strategic,7,6,declining,1,2.9,83.1,11,3,0,0.0061,0,60279.8,1.28,1.75,0.2045,0.0045,0,0.52,-0.83,0.0,103.3,new_partner,train,26
partner_311,NA,Tech,Strategic,25,9,improving,1,4.2,99.9,14,3,0,0.0001,0,77449.4,-6.52,-5.5,0.0912,-0.0748,0,0.6667,-9.5,0.0,0.0,mature,train,26
partner_312,NA,Services,Registered,16,3,stable,12,4.6,11.3,77,0,1,0.5411,0,11854.83,7.35,47.31,0.317,-0.2446,0,0.8409,6.22,0.0,0.0,mature,train,26
partner_313,EMEA,Manufacturing,Registered,1,3,declining,7,7.2,48.5,61,0,1,0.8036,1,6884.3,1.28,1.75,0.2045,0.0045,0,0.52,-0.83,0.0,-61.67,new_partner,train,26
partner_314,NA,Retail,Registered,1,2,declining,11,6.6,0.0,30,0,1,0.8964,1,10879.18,1.28,1.75,0.2045,0.0045,0,0.52,-0.83,0.0,75.79,new_partner,train,26
partner_315,NA,Retail,Registered,46,6,stable,1,7.1,44.7,46,1,1,0.3474,1,10550.61,10.47,9.05,0.0951,-0.3706,0,0.7447,8.03,0.0,0.0,mature,train,26
partner_316,NA,Manufacturing,Registered,1,8,improving,0,2.4,50.4,34,4,1,0.0338,0,7526.63,1.28,1.75,0.2045,0.0045,0,0.52,-0.83,0.0,-61.88,new_partner,train,26
partner_317,NA,Manufacturing,Registered,42,1,declining,8,4.7,0.0,97,0,0,0.9855,1,7667.82,-11.6,-6.51,0.1626,-0.159,0,0.4242,-13.78,0.0,0.0,mature,train,26
partner_318,LATAM,Retail,Certified,50,5,declining,4,4.7,47.9,38,0,1,0.6041,1,10799.93,-7.38,-34.54,0.3193,-0.1692,0,0.1071,-9.82,0.0,0.0,mature,train,26
partner_319,EMEA,Manufacturing,Registered,24,8,stable,5,2.1,50.5,85,0,1,0.0679,0,8603.8,10.96,8.29,0.0932,0.3835,0,0.5769,8.78,0.0,0.0,mature,train,26
partner_320,APAC,Services,Strategic,15,10,improving,1,4.3,49.4,48,4,0,0.0035,0,65473.34,7.87,-3.89,0.0951,0.2172,0,0.4545,6.74,0.0,0.0,mature,train,26
partner_321,APAC,Tech,Registered,42,0,declining,7,5.3,30.8,63,0,0,0.9508,1,9554.2,-13.62,-10.17,0.0953,-0.4469,0,0.5,-16.6,0.0,0.0,mature,train,26
partner_322,NA,Tech,Registered,53,10,improving,5,1.5,72.5,27,0,0,0.0024,0,14328.75,-8.91,-12.8,0.11,-0.2149,0,0.7949,-11.89,0.0,0.0,mature,train,26
partner_323,NA,Retail,Registered,3,9,improving,1,1.6,38.7,16,5,0,0.0016,0,8978.2,1.28,1.75,0.2045,0.0045,0,0.52,-0.83,0.0,-13.7,new_partner,train,26
partner_324,NA,Services,Registered,52,8,stable,0,0.5,44.8,9,6,0,0.0003,0,12191.64,-2.01,5.05,0.1972,-0.3674,0,0.9091,-3.14,0.0,0.0,mature,train,26
partner_325,APAC,Tech,Registered,51,4,declining,6,5.7,41.9,36,0,0,0.2052,1,5694.34,7.67,-0.06,0.0885,0.1904,0,0.2692,4.69,0.0,0.0,mature,train,26
partner_326,LATAM,Services,Strategic,5,10,declining,0,2.2,72.7,8,6,0,0.0006,0,36006.98,1.28,1.75,0.2045,0.0045,0,0.52,-0.83,0.0,-33.52,new_partner,train,26
partner_327,APAC,Tech,Registered,1,7,improving,5,3.4,73.7,19,2,1,0.0051,0,13662.91,1.28,1.75,0.2045,0.0045,0,0.52,-0.83,0.0,79.82,new_partner,train,26
partner_328,NA,Manufacturing,Registered,38,5,stable,5,3.7,38.8,64,1,0,0.306,0,8887.74,-9.27,-33.15,0.3464,-0.2744,0,0.5758,-11.45,0.0,0.0,mature,train,26
partner_329,LATAM,Retail,Certified,1,8,improving,2,2.2,74.5,28,2,0,0.0172,0,24392.09,1.28,1.75,0.2045,0.0045,0,0.52,-0.83,0.0,-31.27,new_partner,train,26
partner_330,EMEA,Retail,Registered,31,5,stable,7,7.7,28.9,53,1,0,0.4603,0,14840.78,0.57,18.6,0.2095,0.7688,1,0.8837,-1.87,14.18,0.0,mature,train,26
partner_331,LATAM,Services,Certified,1,8,improving,1,2.1,47.5,19,3,1,0.0021,0,19804.65,1.28,1.75,0.2045,0.0045,0,0.52,-0.83,0.0,-43.45,new_partner,train,26
partner_332,EMEA,Tech,Registered,37,3,declining,7,7.0,22.2,59,0,1,0.9586,1,9050.08,-3.95,-0.22,0.1155,0.2125,0,0.3438,-6.93,0.0,0.0,mature,train,26
partner_333,LATAM,Tech,Certified,10,4,declining,5,5.3,0.4,80,0,1,0.9772,1,18001.05,-17.65,-38.58,0.2438,-0.2608,0,0.2353,-20.63,0.0,0.0,mature,train,26
partner_334,APAC,Services,Registered,2,3,improving,3,7.9,6.5,42,0,0,0.5644,1,3440.5,1.28,1.75,0.2045,0.0045,0,0.52,-0.83,0.0,-82.61,new_partner,train,26
partner_335,EMEA,Services,Registered,1,10,improving,0,0.5,82.4,14,8,0,0.0,0,21222.15,1.28,1.75,0.2045,0.0045,0,0.52,-0.83,0.0,258.01,new_partner,train,26
partner_336,LATAM,Services,Certified,7,5,improving,4,5.1,31.0,49,1,0,0.0377,0,8814.75,1.28,1.75,0.2045,0.0045,0,0.52,-0.83,0.0,-81.2,new_partner,train,26
partner_337,EMEA,Retail,Strategic,28,4,declining,6,3.0,41.8,41,0,0,0.2587,1,173636.49,-7.64,5.33,0.2426,0.9209,1,1.0,-10.08,-9.28,0.0,mature,train,26
partner_338,LATAM,Manufacturing,Registered,1,8,improving,3,5.5,68.7,32,2,0,0.0029,0,39331.76,1.28,1.75,0.2045,0.0045,0,0.52,-0.83,0.0,300.0,new_partner,train,26
partner_339,EMEA,Services,Certified,43,7,improving,1,2.7,87.3,19,3,0,0.0007,0,20721.42,19.89,0.47,0.1035,0.2451,0,0.3235,18.76,0.0,0.0,mature,train,26
partner_340,APAC,Tech,Registered,32,7,declining,7,0.8,32.8,17,0,0,0.0297,0,13053.24,7.51,24.67,0.1817,0.0437,0,0.7692,4.53,0.0,0.0,mature,train,26
partner_341,EMEA,Retail,Registered,14,9,improving,0,1.3,63.2,54,2,0,0.0153,0,7881.32,20.53,3.71,0.2094,0.8775,1,0.4419,18.09,-0.49,0.0,mature,train,26
partner_342,APAC,Services,Registered,54,6,improving,2,4.4,50.1,0,1,0,0.0275,0,11651.99,-7.43,-8.16,0.1102,-0.2645,0,0.7742,-8.56,0.0,0.0,mature,train,26
partner_343,APAC,Tech,Certified,35,3,declining,5,6.3,31.2,88,0,1,0.9491,1,20320.97,-3.04,-5.72,0.0887,-0.2437,0,0.1875,-6.02,0.0,0.0,mature,train,26
partner_344,NA,Manufacturing,Registered,35,6,stable,6,4.6,54.8,40,1,1,0.1985,0,10632.6,5.6,-10.85,0.086,0.3135,0,0.7879,3.42,0.0,0.0,mature,train,26
partner_345,LATAM,Services,Certified,7,6,improving,5,3.2,65.1,52,1,0,0.0046,0,66932.07,1.28,1.75,0.2045,0.0045,0,0.52,-0.83,0.0,131.85,new_partner,train,26
partner_346,LATAM,Manufacturing,Registered,38,6,stable,6,4.1,23.3,85,1,1,0.7697,1,8385.07,-7.39,-35.0,0.3744,-0.1769,0,0.5652,-9.57,0.0,0.0,mature,train,26
partner_347,APAC,Tech,Strategic,29,6,improving,1,5.0,57.2,29,0,1,0.0069,0,67610.05,-9.05,-0.97,0.1024,0.2065,0,0.3636,-12.03,0.0,0.0,mature,train,26
partner_348,EMEA,Tech,Certified,54,5,stable,3,2.5,43.5,36,0,0,0.024,0,17357.29,-0.69,-1.72,0.1142,0.2214,0,0.1935,-3.67,0.0,0.0,mature,train,26
partner_349,NA,Tech,Registered,24,4,declining,1,4.8,56.7,64,0,0,0.2529,0,8978.53,3.46,34.0,0.1555,-0.1326,0,0.4872,0.48,0.0,0.0,mature,train,26
partner_350,EMEA,Retail,Registered,36,9,improving,2,1.9,67.4,6,2,1,0.0127,0,7396.56,-9.35,-42.88,0.2958,0.3029,0,0.3953,-11.79,0.0,0.0,mature,train,26
partner_351,LATAM,Services,Registered,16,4,improving,1,3.5,39.9,49,0,0,0.0993,0,4954.95,-11.73,-27.78,0.2562,0.1586,0,0.0952,-12.86,0.0,0.0,mature,train,26
partner_352,EMEA,Services,Strategic,1,4,improving,8,5.7,0.0,75,0,1,0.9711,1,95299.53,1.28,1.75,0.2045,0.0045,0,0.52,-0.83,0.0,-3.98,new_partner,train,26
partner_353,NA,Retail,Registered,4,6,stable,7,3.2,33.8,28,1,1,0.4878,0,7780.37,1.28,1.75,0.2045,0.0045,0,0.52,-0.83,0.0,-39.44,new_partner,train,26
partner_354,NA,Tech,Certified,47,6,declining,6,5.7,37.9,51,0,1,0.6951,0,17475.35,4.44,-29.29,0.2713,-0.5923,0,0.1667,1.46,0.0,0.0,mature,train,26
partner_355,NA,Services,Registered,39,5,improving,6,1.9,45.2,63,1,0,0.0504,0,8832.09,-0.53,6.91,0.0966,-0.2305,0,0.5,-1.66,0.0,0.0,mature,train,26
partner_356,NA,Retail,Certified,18,7,stable,0,3.0,71.1,36,3,0,0.0021,0,11130.96,-1.27,-39.3,0.3166,0.3799,0,0.0357,-3.71,0.0,0.0,mature,train,26
partner_357,LATAM,Tech,Registered,37,6,declining,2,2.6,27.4,37,4,0,0.0276,0,4458.92,5.02,-1.93,0.0908,0.2442,0,0.1613,2.04,0.0,0.0,mature,train,26
partner_358,LATAM,Tech,Certified,1,5,declining,4,4.2,33.2,50,1,0,0.6295,1,19233.67,1.28,1.75,0.2045,0.0045,0,0.52,-0.83,0.0,-70.28,new_partner,train,26
partner_359,NA,Manufacturing,Strategic,1,3,stable,3,4.0,38.9,45,0,0,0.3237,0,99350.53,1.28,1.75,0.2045,0.0045,0,0.52,-0.83,0.0,128.99,new_partner,train,26
partner_360,NA,Retail,Registered,26,10,declining,2,1.6,90.5,0,4,0,0.0005,0,7685.06,13.57,71.45,0.2844,-0.1095,0,0.4043,11.13,0.0,0.0,mature,train,26
partner_361,APAC,Manufacturing,Certified,33,7,stable,6,5.3,26.4,19,1,0,0.0079,0,8009.99,-27.07,-48.68,0.3592,-0.2158,0,0.0769,-29.25,0.0,0.0,mature,train,26
partner_362,EMEA,Tech,Registered,51,5,improving,6,3.2,35.1,63,3,0,0.3673,1,21153.52,3.63,82.63,0.3447,-0.4252,0,0.9062,0.65,0.0,0.0,mature,train,26
partner_363,EMEA,Manufacturing,Registered,41,8,improving,1,3.7,39.3,51,4,0,0.0035,0,5881.44,-7.4,-6.08,0.1064,0.0987,0,0.3462,-9.58,0.0,0.0,mature,train,26
partner_364,EMEA,Retail,Strategic,11,8,declining,0,3.8,70.9,11,4,0,0.0038,0,108200.52,-7.03,-30.21,0.2151,0.2754,0,0.7143,-9.47,0.0,0.0,mature,train,26
partner_365,LATAM,Tech,Certified,44,6,declining,5,4.4,53.4,81,0,0,0.3758,0,39901.63,-10.35,1.24,0.1773,0.6253,1,0.8235,-13.33,-9.47,0.0,mature,train,26
partner_366,NA,Tech,Certified,25,8,improving,2,1.1,68.1,8,3,0,0.0011,0,6150.23,-13.7,-34.11,0.2754,0.0269,0,0.0333,-16.68,0.0,0.0,mature,train,26
partner_367,LATAM,Retail,Registered,44,6,declining,3,2.1,64.5,28,2,0,0.0116,0,7243.14,-6.46,-3.97,0.0846,0.0109,0,0.52,-8.9,0.0,0.0,mature,train,26
partner_368,LATAM,Retail,Registered,7,8,declining,3,5.2,42.7,34,0,0,0.0378,0,2752.05,1.28,1.75,0.2045,0.0045,0,0.52,-0.83,0.0,-72.83,new_partner,train,26
partner_369,NA,Retail,Registered,1,5,improving,7,4.9,50.2,44,2,1,0.7711,1,8381.28,1.28,1.75,0.2045,0.0045,0,0.52,-0.83,0.0,-26.08,new_partner,train,26
partner_370,APAC,Tech,Certified,1,4,stable,7,5.4,18.0,51,2,1,0.8974,1,28762.71,1.28,1.75,0.2045,0.0045,0,0.52,-0.83,0.0,-42.74,new_partner,train,26
partner_371,LATAM,Retail,Registered,54,6,declining,5,3.9,36.7,61,0,1,0.6092,0,7369.39,-16.13,-33.47,0.2045,0.0566,0,0.56,-18.57,0.0,0.0,mature,train,26
partner_372,EMEA,Services,Registered,1,5,stable,4,6.2,61.7,56,1,0,0.0648,0,20562.5,1.28,1.75,0.2045,0.0045,0,0.52,-0.83,0.0,218.38,new_partner,train,26
partner_373,NA,Tech,Registered,51,5,stable,1,2.4,47.0,14,0,0,0.0185,0,5773.45,8.63,43.39,0.3042,0.1116,0,0.2821,5.65,0.0,0.0,mature,train,26
partner_374,NA,Services,Registered,39,7,improving,4,2.8,80.4,29,4,0,0.0013,0,9379.7,5.11,63.12,0.3494,-0.1732,0,0.5909,3.98,0.0,0.0,mature,train,26
partner_375,EMEA,Services,Registered,5,6,stable,2,4.2,53.4,58,3,0,0.0359,0,15838.06,1.28,1.75,0.2045,0.0045,0,0.52,-0.83,0.0,104.61,new_partner,train,26
partner_376,EMEA,Retail,Registered,47,8,improving,0,1.4,61.4,29,2,0,0.0014,0,16164.23,0.25,0.71,0.066,-0.0849,0,0.907,-2.19,0.0,0.0,mature,train,26
partner_377,APAC,Manufacturing,Strategic,5,5,declining,7,2.0,88.3,24,2,0,0.0238,0,95253.26,1.28,1.75,0.2045,0.0045,0,0.52,-0.83,0.0,207.21,new_partner,train,26
partner_378,NA,Services,Certified,5,7,stable,1,2.4,68.7,16,2,0,0.0047,0,37441.95,1.28,1.75,0.2045,0.0045,0,0.52,-0.83,0.0,21.4,new_partner,train,26
partner_379,NA,Manufacturing,Registered,30,5,declining,4,5.3,36.1,87,1,1,0.5227,1,7430.49,8.49,26.56,0.1929,-0.0891,0,0.3333,6.31,0.0,0.0,mature,train,26
partner_380,LATAM,Tech,Certified,13,9,improving,4,2.8,48.4,69,0,0,0.005,0,20544.38,-10.32,-25.5,0.2234,-0.4549,0,0.3529,-13.3,0.0,0.0,mature,train,26
partner_381,NA,Tech,Certified,13,7,improving,8,1.6,64.3,37,3,1,0.0231,0,19960.03,-5.19,-4.62,0.0933,-0.3431,0,0.3333,-8.17,0.0,0.0,mature,train,26
partner_382,APAC,Retail,Registered,8,7,improving,2,0.9,75.5,58,3,0,0.0188,0,13770.87,1.28,1.75,0.2045,0.0045,0,0.52,-0.83,0.0,62.6,new_partner,train,26
partner_383,LATAM,Tech,Registered,32,7,stable,3,2.7,49.8,34,0,0,0.0019,0,9928.31,-13.91,-3.5,0.1006,-0.1457,0,0.6452,-16.89,0.0,0.0,mature,train,26
partner_384,NA,Services,Registered,1,5,stable,2,1.3,31.8,37,2,0,0.0191,0,3802.62,1.28,1.75,0.2045,0.0045,0,0.52,-0.83,0.0,-79.81,new_partner,train,26
partner_385,NA,Services,Registered,11,8,stable,5,5.1,33.9,25,2,0,0.0284,0,10853.95,14.79,8.4,0.2253,0.7145,1,0.75,13.66,0.18,0.0,mature,train,26
partner_386,APAC,Retail,Certified,29,4,declining,6,5.6,44.7,16,1,1,0.0913,1,61317.87,14.08,69.55,0.3766,-0.2838,0,0.9375,11.64,0.0,0.0,mature,train,26
partner_387,LATAM,Manufacturing,Strategic,25,7,improving,4,4.2,54.1,38,1,0,0.0115,0,52175.34,-20.63,-6.88,0.1882,0.7631,1,0.5,-22.81,-3.84,0.0,mature,train,26
partner_388,APAC,Tech,Registered,37,8,stable,2,2.6,77.8,23,1,0,0.0003,0,4577.7,-7.71,-15.86,0.1133,0.0982,0,0.1154,-10.69,0.0,0.0,mature,train,26
partner_389,EMEA,Services,Certified,9,8,improving,3,3.9,34.9,38,3,0,0.0032,0,46944.75,12.1,6.66,0.2079,0.7905,1,0.8824,10.97,-0.04,0.0,mature,train,26
partner_390,APAC,Retail,Registered,34,7,stable,1,5.1,60.2,61,0,0,0.027,0,6511.65,-6.26,-24.5,0.2621,-0.3552,0,0.3871,-8.7,0.0,0.0,mature,train,26
partner_391,LATAM,Services,Certified,41,5,stable,5,3.7,51.8,62,0,1,0.429,0,29880.32,6.44,50.05,0.2494,-0.0166,0,0.5714,5.31,0.0,0.0,mature,train,26
partner_392,EMEA,Services,Certified,19,5,declining,4,3.3,2.6,36,0,1,0.7335,0,34653.53,0.5,-4.19,0.0835,-0.1523,0,0.7059,-0.63,0.0,0.0,mature,train,26
partner_393,NA,Retail,Registered,11,3,declining,8,6.7,22.9,58,0,0,0.9191,1,10828.39,-2.99,-10.2,0.1016,0.5788,1,0.766,-5.43,-4.48,0.0,mature,train,26
partner_394,LATAM,Retail,Registered,29,10,improving,1,1.6,100.0,37,1,0,0.0001,0,6874.47,-14.79,-4.52,0.1002,0.2329,0,0.48,-17.23,0.0,0.0,mature,train,26
partner_395,EMEA,Services,Certified,30,8,stable,2,3.7,44.8,41,1,0,0.0526,0,31903.69,0.58,2.87,0.2007,0.7201,1,0.6471,-0.55,-4.87,0.0,mature,train,26
partner_396,NA,Retail,Strategic,2,6,stable,1,2.6,40.6,75,1,0,0.0795,1,84402.06,1.28,1.75,0.2045,0.0045,0,0.52,-0.83,0.0,143.05,new_partner,train,26
partner_397,APAC,Tech,Registered,29,7,stable,4,2.9,54.8,84,0,0,0.0542,0,5106.46,-13.82,-33.32,0.2642,-0.1106,0,0.1923,-16.8,0.0,0.0,mature,train,26
partner_398,EMEA,Services,Registered,5,7,declining,4,4.1,48.8,25,4,0,0.1339,1,4982.95,1.28,1.75,0.2045,0.0045,0,0.52,-0.83,0.0,-61.74,new_partner,train,26
partner_399,NA,Manufacturing,Registered,29,9,improving,0,1.1,69.8,36,1,0,0.0003,0,7161.98,-1.56,32.26,0.1739,-0.3652,0,0.303,-3.74,0.0,0.0,mature,train,26
partner_400,NA,Tech,Certified,51,5,declining,8,1.8,50.1,30,2,0,0.8362,1,13057.32,-6.32,20.57,0.1406,-0.5216,0,0.0667,-9.3,0.0,0.0,mature,train,26
partner_401,NA,Tech,Certified,28,10,improving,0,0.8,62.3,35,6,0,0.0013,0,77101.11,12.88,56.53,0.313,-0.2695,0,1.0,9.9,0.0,0.0,mature,train,26
partner_402,APAC,Retail,Certified,41,1,declining,6,5.1,9.6,85,0,1,0.9636,1,18860.47,29.33,-5.12,0.2335,0.827,1,0.25,26.89,0.85,0.0,mature,train,26
partner_403,LATAM,Services,Certified,14,6,stable,3,5.8,66.5,0,2,1,0.0384,0,38908.04,-2.06,16.21,0.1041,0.1953,0,0.6667,-3.19,0.0,0.0,mature,train,26
partner_404,EMEA,Tech,Strategic,50,7,stable,3,2.6,63.5,53,0,0,0.0519,0,35198.26,-0.95,-19.19,0.2066,0.3376,0,0.2,-3.93,0.0,0.0,mature,train,26
partner_405,APAC,Retail,Certified,44,10,stable,1,2.0,82.6,1,8,1,0.0001,0,12607.56,-18.32,-41.72,0.3454,-0.183,0,0.0625,-20.76,0.0,0.0,mature,train,26
partner_406,APAC,Retail,Registered,50,7,improving,4,6.2,81.6,27,2,0,0.0179,0,15670.73,-12.11,9.93,0.2059,0.8362,1,0.9032,-14.55,-2.24,0.0,mature,train,26
partner_407,EMEA,Services,Certified,40,8,stable,2,0.9,75.6,12,3,0,0.0002,0,27399.35,-9.57,-7.02,0.1017,0.1207,0,0.4706,-10.7,0.0,0.0,mature,train,26
partner_408,APAC,Retail,Registered,34,7,stable,2,4.2,87.5,53,2,0,0.0289,0,3740.08,15.47,-0.22,0.226,0.8301,1,0.0968,13.03,-2.24,0.0,mature,train,26
partner_409,EMEA,Services,Registered,27,6,improving,5,3.0,48.2,34,1,1,0.0684,0,5776.15,-16.06,-38.13,0.29,0.3096,0,0.2857,-17.19,0.0,0.0,mature,train,26
partner_410,APAC,Manufacturing,Strategic,50,4,declining,6,5.7,35.1,38,0,1,0.6932,1,127461.44,5.24,12.92,0.1038,-0.2132,0,0.8333,3.06,0.0,0.0,mature,train,26
partner_411,LATAM,Services,Certified,46,7,stable,1,6.3,72.0,12,2,1,0.0136,0,34028.24,-13.46,-42.67,0.3175,-0.1064,0,0.619,-14.59,0.0,0.0,mature,train,26
partner_412,LATAM,Services,Strategic,21,5,declining,5,5.8,28.4,52,0,1,0.6451,1,24089.87,-5.6,-17.03,0.1314,0.1495,0,0.1429,-6.73,0.0,0.0,mature,train,26
partner_413,EMEA,Services,Registered,1,10,improving,0,2.5,62.4,29,1,0,0.0027,0,7460.57,1.28,1.75,0.2045,0.0045,0,0.52,-0.83,0.0,-34.29,new_partner,train,26
partner_414,APAC,Services,Certified,1,4,declining,4,2.7,32.8,72,0,0,0.1404,0,13219.27,1.28,1.75,0.2045,0.0045,0,0.52,-0.83,0.0,-70.88,new_partner,train,26
partner_415,EMEA,Retail,Registered,10,3,declining,11,5.4,14.6,82,0,1,0.9926,1,9568.79,-12.68,-24.75,0.1904,-0.3508,0,0.6047,-15.12,0.0,0.0,mature,train,26
partner_416,EMEA,Services,Registered,1,6,improving,3,2.9,83.0,54,1,0,0.0215,0,7357.19,1.28,1.75,0.2045,0.0045,0,0.52,-0.83,0.0,-50.44,new_partner,train,26
partner_417,EMEA,Tech,Registered,9,6,declining,6,3.6,47.6,89,1,1,0.7665,1,11538.86,-6.24,-23.05,0.1997,-0.0107,0,0.625,-9.22,0.0,0.0,mature,train,26
partner_418,LATAM,Tech,Certified,3,4,stable,3,1.0,39.1,67,2,0,0.033,0,27774.39,1.28,1.75,0.2045,0.0045,0,0.52,-0.83,0.0,-45.27,new_partner,train,26
partner_419,EMEA,Services,Registered,53,8,declining,1,1.4,61.3,48,7,0,0.0107,0,5750.32,2.03,-10.31,0.1065,0.2636,0,0.2619,0.9,0.0,0.0,mature,train,26
partner_420,APAC,Services,Strategic,2,5,declining,5,4.2,11.6,101,0,1,0.7144,1,20235.81,1.28,1.75,0.2045,0.0045,0,0.52,-0.83,0.0,-90.58,new_partner,train,26
partner_421,LATAM,Manufacturing,Registered,33,9,improving,0,3.0,73.2,22,9,0,0.0022,0,5693.58,11.05,39.04,0.1649,0.0913,0,0.1739,8.87,0.0,0.0,mature,train,26
partner_422,EMEA,Tech,Registered,17,5,declining,6,2.4,43.4,45,3,1,0.2125,0,9778.16,18.59,17.81,0.2294,0.8111,1,0.4062,15.61,14.88,0.0,mature,train,26
partner_423,EMEA,Tech,Certified,7,4,declining,8,5.7,19.1,60,1,0,0.9402,1,25824.32,1.28,1.75,0.2045,0.0045,0,0.52,-0.83,0.0,-43.65,new_partner,train,26
partner_424,EMEA,Tech,Registered,37,8,declining,1,0.6,51.1,41,5,1,0.0316,0,5332.4,32.13,6.57,0.2089,0.8555,1,0.1562,29.15,1.85,0.0,mature,train,26
partner_425,LATAM,Tech,Strategic,53,2,declining,5,4.4,26.4,94,0,1,0.8864,1,154855.14,6.75,30.86,0.1697,0.0999,0,1.0,3.77,0.0,0.0,mature,train,26
partner_426,APAC,Tech,Certified,42,9,improving,2,0.5,75.4,6,5,0,0.0004,0,33002.36,1.13,-8.49,0.0948,0.1314,0,0.8125,-1.85,0.0,0.0,mature,train,26
partner_427,EMEA,Retail,Registered,53,4,improving,3,7.0,42.0,67,2,0,0.1588,1,11760.26,3.62,5.3,0.104,-0.1856,0,0.7209,1.18,0.0,0.0,mature,train,26
partner_428,APAC,Retail,Certified,31,4,declining,2,4.7,63.7,44,3,1,0.0989,0,27424.79,4.65,23.84,0.1956,0.7413,1,0.625,2.21,20.72,0.0,mature,train,26
partner_429,EMEA,Services,Certified,36,5,declining,7,4.3,51.4,44,2,1,0.117,0,45682.62,4.57,22.22,0.1879,0.2627,0,0.8529,3.44,0.0,0.0,mature,train,26
partner_430,APAC,Tech,Certified,5,6,improving,5,4.4,66.4,52,4,0,0.4679,1,33946.63,1.28,1.75,0.2045,0.0045,0,0.52,-0.83,0.0,-12.4,new_partner,train,26
partner_431,APAC,Services,Certified,46,7,improving,1,6.6,58.8,19,1,0,0.0171,0,9690.02,-20.72,-42.85,0.2848,-0.4551,0,0.1176,-21.85,0.0,0.0,mature,train,26
partner_432,LATAM,Manufacturing,Certified,40,7,improving,1,2.1,74.3,38,3,0,0.0024,0,36085.68,-3.26,1.34,0.0845,-0.1417,0,1.0,-5.44,0.0,0.0,mature,train,26
partner_433,LATAM,Retail,Certified,11,6,stable,5,2.6,53.9,24,1,0,0.023,0,21041.74,2.15,5.9,0.1186,0.203,0,0.25,-0.29,0.0,0.0,mature,train,26
partner_434,APAC,Retail,Registered,17,6,declining,7,8.0,54.4,80,0,1,0.7556,1,17149.48,7.67,47.05,0.2863,0.1894,0,0.9677,5.23,0.0,0.0,mature,train,26
partner_435,EMEA,Retail,Certified,32,7,stable,3,2.0,59.9,48,3,0,0.0194,0,32329.83,-1.55,6.47,0.097,-0.307,0,0.6667,-3.99,0.0,0.0,mature,train,26
partner_436,EMEA,Services,Strategic,1,3,stable,7,7.4,38.0,69,0,1,0.8114,1,196031.01,1.28,1.75,0.2045,0.0045,0,0.52,-0.83,0.0,224.61,new_partner,train,26
partner_437,EMEA,Retail,Certified,44,5,declining,4,4.1,36.8,55,1,0,0.066,0,28107.14,-10.19,-39.58,0.2321,-0.14,0,0.5152,-12.63,0.0,0.0,mature,train,26
partner_438,NA,Tech,Certified,13,4,stable,6,6.4,39.2,73,0,0,0.7567,1,18846.92,1.6,0.63,0.0973,-0.175,0,0.3,-1.38,0.0,0.0,mature,train,26
partner_439,LATAM,Services,Registered,1,6,improving,7,3.0,11.1,73,0,1,0.2288,0,4463.03,1.28,1.75,0.2045,0.0045,0,0.52,-0.83,0.0,-74.18,new_partner,train,26
partner_440,LATAM,Services,Certified,16,7,stable,1,7.5,45.2,37,3,0,0.0504,0,55617.51,0.78,9.75,0.1465,-0.0597,0,0.8095,-0.35,0.0,0.0,mature,train,26
partner_441,APAC,Retail,Strategic,45,7,improving,1,2.3,68.0,25,2,0,0.0006,0,67197.32,1.61,17.66,0.1554,-0.1185,0,0.2857,-0.83,0.0,0.0,mature,train,26
partner_442,EMEA,Retail,Registered,12,7,stable,3,2.1,42.8,0,2,0,0.0006,0,11967.84,28.67,74.9,0.3054,-0.5389,0,0.7442,26.23,0.0,0.0,mature,train,26
partner_443,LATAM,Retail,Registered,28,7,improving,3,4.7,35.9,72,2,1,0.4453,0,25989.97,13.48,56.39,0.2286,-0.2265,0,1.0,11.04,0.0,0.0,mature,train,26
partner_444,EMEA,Retail,Certified,44,4,declining,2,3.9,19.9,37,0,0,0.2673,0,40853.9,2.23,2.35,0.1889,0.6636,1,0.8182,-0.21,3.28,0.0,mature,train,26
partner_445,EMEA,Retail,Registered,1,5,declining,10,5.8,35.2,97,0,1,0.8864,1,11492.83,1.28,1.75,0.2045,0.0045,0,0.52,-0.83,0.0,89.33,new_partner,train,26
partner_446,LATAM,Manufacturing,Certified,41,8,improving,4,1.0,62.0,25,1,0,0.0053,0,17943.77,5.33,-5.7,0.194,0.814,1,0.3333,3.15,-9.91,0.0,mature,train,26
partner_447,APAC,Services,Registered,13,8,improving,2,3.5,73.0,60,2,0,0.085,0,6996.12,9.55,35.18,0.1906,0.2243,0,0.4839,8.42,0.0,0.0,mature,train,26
partner_448,LATAM,Tech,Registered,37,8,improving,0,1.0,100.0,37,9,0,0.0002,0,12209.45,21.88,59.28,0.2545,-0.2412,0,0.8065,18.9,0.0,0.0,mature,train,26
partner_449,EMEA,Manufacturing,Certified,7,7,improving,0,1.0,79.5,38,7,0,0.0005,0,18813.49,1.28,1.75,0.2045,0.0045,0,0.52,-0.83,0.0,-54.85,new_partner,train,26
partner_450,LATAM,Retail,Certified,5,4,improving,2,3.6,25.1,63,0,0,0.4075,0,19617.87,1.28,1.75,0.2045,0.0045,0,0.52,-0.83,0.0,-62.96,new_partner,train,26
partner_451,EMEA,Services,Certified,42,9,improving,0,3.3,84.0,0,3,0,0.0001,0,13041.09,-14.67,-41.94,0.2932,0.1086,0,0.1471,-15.8,0.0,0.0,mature,train,26
partner_452,APAC,Manufacturing,Certified,43,5,improving,6,2.7,45.1,32,2,0,0.025,0,16660.09,23.07,-5.86,0.2339,0.824,1,0.3077,20.89,-9.71,0.0,mature,train,26
partner_453,LATAM,Services,Certified,53,7,declining,0,2.4,66.0,21,4,0,0.0053,0,42827.25,-9.81,5.12,0.2171,0.7727,1,0.7143,-10.94,-8.93,0.0,mature,train,26
partner_454,EMEA,Services,Certified,36,8,declining,3,3.9,95.8,34,2,0,0.0081,0,23600.76,0.74,-7.39,0.1105,-0.1039,0,0.3824,-0.39,0.0,0.0,mature,train,26
partner_455,EMEA,Tech,Certified,24,8,stable,5,4.9,57.2,10,1,0,0.0056,0,37306.05,8.03,42.48,0.2203,-0.2614,0,0.6452,5.05,0.0,0.0,mature,train,26
partner_456,EMEA,Retail,Certified,8,5,improving,6,3.0,46.9,46,0,0,0.1464,0,19282.38,1.28,1.75,0.2045,0.0045,0,0.52,-0.83,0.0,-50.98,new_partner,train,26
partner_457,APAC,Retail,Certified,14,6,stable,1,3.2,62.6,0,5,0,0.002,0,19006.72,18.08,2.05,0.205,0.7373,1,0.3125,15.64,-0.85,0.0,mature,train,26
partner_458,NA,Tech,Registered,34,9,stable,1,1.4,59.7,23,2,0,0.0004,0,4976.76,-34.94,-3.97,0.221,0.8688,1,0.1795,-37.92,2.44,0.0,mature,train,26
partner_459,LATAM,Services,Registered,17,7,declining,0,2.4,74.7,30,5,1,0.0029,0,14181.36,1.2,41.05,0.2486,-0.3685,0,0.9524,0.07,0.0,0.0,mature,train,26
partner_460,LATAM,Tech,Certified,25,8,declining,1,4.3,47.5,12,7,0,0.0076,0,24888.63,-9.16,-21.16,0.1841,0.6053,1,0.4706,-12.14,-4.23,0.0,mature,train,26
partner_461,NA,Services,Strategic,6,7,stable,2,0.5,55.3,31,1,1,0.005,0,34105.69,1.28,1.75,0.2045,0.0045,0,0.52,-0.83,0.0,-37.31,new_partner,train,26
partner_462,EMEA,Tech,Certified,22,6,declining,1,2.3,31.6,46,6,0,0.0153,0,56035.31,20.33,74.07,0.3626,-0.0967,0,0.9355,17.35,0.0,0.0,mature,train,26
partner_463,APAC,Retail,Registered,10,9,improving,3,2.6,86.2,52,4,0,0.0009,0,4710.99,-1.68,-7.59,0.2072,0.8112,1,0.1613,-4.12,-11.34,0.0,mature,train,26
partner_464,NA,Tech,Certified,3,7,improving,4,4.0,71.5,59,2,0,0.0099,0,43317.68,1.28,1.75,0.2045,0.0045,0,0.52,-0.83,0.0,45.93,new_partner,train,26
partner_465,NA,Manufacturing,Registered,4,7,stable,2,5.2,45.8,43,3,0,0.0391,0,8080.67,1.28,1.75,0.2045,0.0045,0,0.52,-0.83,0.0,-62.34,new_partner,train,26
partner_466,LATAM,Manufacturing,Certified,27,7,stable,3,0.8,30.0,36,0,1,0.1366,1,21446.39,0.9,33.34,0.2447,-0.1427,0,0.5556,-1.28,0.0,0.0,mature,train,26
partner_467,LATAM,Tech,Certified,18,9,improving,1,4.7,76.6,32,1,0,0.0025,0,13094.85,-12.69,-35.43,0.3614,-0.374,0,0.1176,-15.67,0.0,0.0,mature,train,26
partner_468,APAC,Retail,Certified,2,8,improving,2,3.4,67.7,62,7,0,0.0049,0,13103.58,1.28,1.75,0.2045,0.0045,0,0.52,-0.83,0.0,-57.75,new_partner,train,26
partner_469,EMEA,Manufacturing,Certified,26,7,declining,1,2.8,93.0,45,3,0,0.0073,0,21270.52,-5.96,-26.54,0.2771,-0.5504,0,0.4762,-8.14,0.0,0.0,mature,train,26
partner_470,NA,Retail,Registered,6,5,declining,5,2.2,63.2,58,1,0,0.1275,0,12855.19,1.28,1.75,0.2045,0.0045,0,0.52,-0.83,0.0,139.0,new_partner,train,26
partner_471,NA,Services,Registered,1,3,declining,6,4.3,39.9,86,0,1,0.9605,1,9077.76,1.28,1.75,0.2045,0.0045,0,0.52,-0.83,0.0,-31.8,new_partner,train,26
partner_472,NA,Retail,Strategic,4,8,improving,0,3.5,70.5,17,3,0,0.0003,0,184751.96,1.28,1.75,0.2045,0.0045,0,0.52,-0.83,0.0,300.0,new_partner,train,26
partner_473,EMEA,Retail,Certified,23,4,declining,2,4.8,32.3,41,0,1,0.6573,0,12823.38,-17.45,-9.32,0.1095,-0.2615,0,0.0606,-19.89,0.0,0.0,mature,train,26
partner_474,EMEA,Tech,Certified,52,7,improving,2,2.9,64.6,44,3,0,0.0099,0,43187.5,11.2,48.63,0.3225,0.1269,0,0.8065,8.22,0.0,0.0,mature,train,26
partner_475,EMEA,Tech,Registered,11,7,stable,8,2.9,47.3,56,1,1,0.0425,0,14275.31,4.14,58.85,0.3154,-0.1715,0,0.7812,1.16,0.0,0.0,mature,train,26
partner_476,NA,Tech,Registered,13,10,stable,0,2.9,70.3,9,10,0,0.0006,0,9262.69,13.56,19.79,0.1714,-0.0148,0,0.5641,10.58,0.0,0.0,mature,train,26
partner_477,NA,Tech,Registered,11,7,stable,6,3.0,38.2,47,5,0,0.0643,0,10473.46,5.62,25.61,0.1645,0.2064,0,0.6154,2.64,0.0,0.0,mature,train,26
partner_478,LATAM,Services,Registered,17,5,improving,4,3.5,78.9,8,2,0,0.0308,0,5764.59,4.2,38.54,0.2011,-0.0638,0,0.1905,3.07,0.0,0.0,mature,train,26
partner_479,LATAM,Tech,Registered,38,7,declining,4,3.8,48.8,35,2,0,0.0765,0,3447.63,-18.35,-42.29,0.3494,0.0803,0,0.0645,-21.33,0.0,0.0,mature,train,26
partner_480,NA,Tech,Strategic,15,10,declining,1,1.2,81.0,2,6,0,0.0013,0,61287.73,-0.55,-8.38,0.1217,0.0387,0,0.3333,-3.53,0.0,0.0,mature,train,26
partner_481,NA,Tech,Certified,35,6,stable,4,3.1,30.0,36,0,1,0.047,0,32892.06,17.67,32.38,0.231,0.3028,0,0.7,14.69,0.0,0.0,mature,train,26
partner_482,EMEA,Retail,Registered,49,2,declining,3,2.6,54.1,58,0,1,0.6279,1,5703.55,2.65,0.65,0.0863,-0.0356,0,0.1628,0.21,0.0,0.0,mature,train,26
partner_483,NA,Manufacturing,Registered,51,9,stable,2,1.7,83.6,8,3,1,0.0011,0,9381.72,5.0,20.31,0.1123,0.2633,0,0.697,2.82,0.0,0.0,mature,train,26
partner_484,NA,Retail,Registered,29,8,stable,4,0.5,61.6,67,3,0,0.0046,0,5663.37,0.77,-32.3,0.1979,0.215,0,0.2128,-1.67,0.0,0.0,mature,train,26
partner_485,EMEA,Manufacturing,Certified,38,8,stable,1,4.9,47.4,59,2,0,0.0252,0,20915.55,-22.32,-42.17,0.3023,-0.1053,0,0.4286,-24.5,0.0,0.0,mature,train,26
partner_486,NA,Retail,Registered,50,8,declining,1,1.5,73.5,9,5,0,0.0002,0,9043.38,12.08,58.03,0.3105,0.0452,0,0.6383,9.64,0.0,0.0,mature,train,26
partner_487,NA,Services,Certified,42,6,stable,5,3.6,46.9,14,1,1,0.0399,0,52706.63,9.8,37.75,0.225,-0.2158,0,0.8,8.67,0.0,0.0,mature,train,26
partner_488,EMEA,Tech,Certified,14,7,stable,7,3.6,60.7,30,4,1,0.0943,0,11298.98,4.02,-16.29,0.1702,-0.4564,0,0.0968,1.04,0.0,0.0,mature,train,26
partner_489,NA,Services,Registered,4,8,declining,0,0.8,83.3,10,5,0,0.0015,0,7346.22,1.28,1.75,0.2045,0.0045,0,0.52,-0.83,0.0,-17.09,new_partner,train,26
partner_490,NA,Tech,Certified,3,4,stable,1,2.4,42.9,36,2,1,0.3953,1,53172.47,1.28,1.75,0.2045,0.0045,0,0.52,-0.83,0.0,28.11,new_partner,train,26
partner_491,LATAM,Retail,Strategic,48,8,improving,1,3.0,49.2,79,3,0,0.0462,1,126781.22,5.63,9.12,0.2604,0.7962,1,0.6667,3.19,6.08,0.0,mature,train,26
partner_492,LATAM,Services,Registered,29,3,improving,6,7.3,39.4,22,0,1,0.615,1,9592.72,-20.43,-40.83,0.2965,0.2458,0,0.5238,-21.56,0.0,0.0,mature,train,26
partner_493,LATAM,Manufacturing,Registered,14,4,declining,5,5.3,59.7,47,1,0,0.2523,0,14965.29,1.8,61.66,0.321,-0.4702,0,0.8261,-0.38,0.0,0.0,mature,train,26
partner_494,NA,Services,Strategic,17,8,stable,3,5.2,68.2,34,2,0,0.0025,0,59065.2,-8.69,-36.56,0.2524,-0.3229,0,0.3,-9.82,0.0,0.0,mature,train,26
partner_495,LATAM,Tech,Strategic,13,7,stable,4,1.5,75.9,33,2,0,0.0039,0,154441.75,14.65,61.01,0.3394,-0.1504,0,0.8,11.67,0.0,0.0,mature,train,26
partner_496,NA,Manufacturing,Certified,43,10,improving,1,2.1,93.4,0,3,0,0.0,0,77839.06,17.38,79.73,0.3619,-0.0195,0,1.0,15.2,0.0,0.0,mature,train,26
partner_497,NA,Services,Certified,32,8,improving,2,2.6,73.9,30,2,0,0.0184,0,48314.61,-13.9,19.4,0.1729,-0.0061,0,0.75,-15.03,0.0,0.0,mature,train,26
partner_498,LATAM,Manufacturing,Registered,48,10,improving,0,3.7,86.3,15,7,0,0.0004,0,3571.79,0.38,-21.46,0.2405,-0.1653,0,0.0435,-1.8,0.0,0.0,mature,train,26
partner_499,NA,Tech,Certified,14,6,stable,7,6.0,42.7,71,0,1,0.67,1,13548.9,-9.14,-26.11,0.2209,-0.0652,0,0.1,-12.12,0.0,0.0,mature,train,26
partner_500,NA,Manufacturing,Registered,24,6,declining,3,3.3,46.0,50,2,0,0.0508,0,14434.17,20.52,68.97,0.3041,-0.0204,0,0.9394,18.34,0.0,0.0,mature,train,26
partner_501,LATAM,Manufacturing,Registered,4,4,stable,6,1.6,43.4,87,0,0,0.5844,0,16668.4,1.28,1.75,0.2045,0.0045,0,0.52,-0.83,0.0,14.45,new_partner,train,26
partner_502,APAC,Services,Certified,53,5,stable,6,2.3,66.2,7,1,1,0.0258,0,15784.27,-16.19,-40.13,0.2457,-0.2451,0,0.3529,-17.32,0.0,0.0,mature,train,26
partner_503,APAC,Tech,Strategic,26,9,stable,1,3.5,84.2,21,5,1,0.0034,0,110561.74,38.61,6.12,0.2243,0.8697,1,0.7273,35.63,1.8,0.0,mature,train,26
partner_504,NA,Tech,Certified,29,6,declining,1,3.4,56.9,96,3,1,0.5877,1,16536.61,3.1,44.66,0.2078,-0.0754,0,0.1333,0.12,0.0,0.0,mature,train,26
partner_505,NA,Services,Registered,20,5,stable,5,3.1,54.6,58,3,0,0.0902,0,9933.32,-3.23,-13.81,0.1236,0.2482,0,0.6364,-4.36,0.0,0.0,mature,train,26
partner_506,LATAM,Tech,Registered,12,5,declining,2,4.9,42.5,18,2,0,0.4225,0,37956.12,0.72,41.83,0.2868,0.2259,0,1.0,-2.26,0.0,0.0,mature,train,26
partner_507,NA,Manufacturing,Strategic,52,5,declining,3,6.1,39.6,54,0,0,0.3028,0,20023.25,-5.39,-16.41,0.1746,0.0277,0,0.0909,-7.57,0.0,0.0,mature,train,26
partner_508,APAC,Tech,Strategic,25,6,declining,3,2.6,39.8,23,1,1,0.0224,0,120997.0,0.23,60.23,0.3018,-0.3553,0,0.8182,-2.75,0.0,0.0,mature,train,26
partner_509,NA,Retail,Certified,36,6,stable,2,4.1,63.0,27,2,0,0.0145,0,41285.6,5.34,48.96,0.3128,-0.3423,0,0.6786,2.9,0.0,0.0,mature,train,26
partner_510,EMEA,Manufacturing,Certified,1,6,declining,4,6.9,0.0,94,0,0,0.6739,0,25310.08,1.28,1.75,0.2045,0.0045,0,0.52,-0.83,0.0,-30.14,new_partner,train,26
partner_511,EMEA,Retail,Registered,13,10,stable,0,2.4,95.8,10,11,0,0.0,0,8872.74,7.27,-12.17,0.1972,-0.1278,0,0.5116,4.83,0.0,0.0,mature,train,26
partner_512,APAC,Retail,Registered,43,4,stable,4,4.6,26.9,38,0,0,0.3453,0,6195.67,13.32,13.53,0.1417,-0.127,0,0.3226,10.88,0.0,0.0,mature,train,26
partner_513,EMEA,Manufacturing,Registered,2,10,stable,2,2.7,100.0,6,1,0,0.0003,0,7225.42,1.28,1.75,0.2045,0.0045,0,0.52,-0.83,0.0,-56.99,new_partner,train,26
partner_514,EMEA,Manufacturing,Registered,2,5,declining,5,5.3,44.6,50,2,1,0.3514,1,20849.24,1.28,1.75,0.2045,0.0045,0,0.52,-0.83,0.0,53.57,new_partner,train,26
partner_515,NA,Services,Registered,43,3,improving,10,5.8,22.1,68,0,1,0.9808,1,10494.91,6.19,12.31,0.0992,0.174,0,0.7045,5.06,0.0,0.0,mature,train,26
partner_516,EMEA,Retail,Certified,14,5,stable,4,3.9,31.5,57,0,0,0.0583,0,21013.69,3.02,-6.83,0.0682,-0.0388,0,0.2424,0.58,0.0,0.0,mature,train,26
partner_517,NA,Retail,Registered,12,7,improving,2,0.5,88.2,17,1,0,0.001,0,3961.27,-3.92,-38.74,0.3099,0.3535,0,0.0638,-6.36,0.0,0.0,mature,train,26
partner_518,LATAM,Services,Registered,29,5,stable,8,2.3,42.0,33,3,0,0.0589,0,9954.39,0.49,-25.08,0.2791,-0.1891,0,0.619,-0.64,0.0,0.0,mature,train,26
partner_519,EMEA,Retail,Certified,8,10,declining,0,0.9,100.0,0,0,0,0.0001,0,70483.11,1.28,1.75,0.2045,0.0045,0,0.52,-0.83,0.0,145.85,new_partner,train,26
partner_520,APAC,Retail,Registered,1,7,stable,5,1.6,43.5,33,3,0,0.005,0,6897.9,1.28,1.75,0.2045,0.0045,0,0.52,-0.83,0.0,-54.27,new_partner,train,26
partner_521,APAC,Retail,Registered,1,6,stable,3,3.4,73.2,50,1,0,0.0251,0,5340.7,1.28,1.75,0.2045,0.0045,0,0.52,-0.83,0.0,-80.79,new_partner,train,26
partner_522,NA,Tech,Certified,1,4,declining,3,5.5,44.0,56,0,0,0.4143,0,48173.4,1.28,1.75,0.2045,0.0045,0,0.52,-0.83,0.0,78.39,new_partner,train,26
partner_523,EMEA,Services,Registered,6,5,improving,6,3.6,35.8,36,0,1,0.451,1,4164.06,1.28,1.75,0.2045,0.0045,0,0.52,-0.83,0.0,-73.91,new_partner,train,26
partner_524,LATAM,Services,Certified,37,2,stable,4,1.2,55.4,77,0,1,0.5698,0,71454.28,1.73,7.87,0.1871,0.6362,1,1.0,0.6,-1.25,0.0,mature,train,26
partner_525,EMEA,Manufacturing,Strategic,14,9,improving,0,2.7,84.8,51,6,0,0.0011,0,103860.28,-1.77,-2.2,0.0874,-0.3301,0,0.7692,-3.95,0.0,0.0,mature,train,26
partner_526,NA,Retail,Registered,1,6,improving,0,4.0,51.2,40,0,0,0.0401,0,7930.33,1.28,1.75,0.2045,0.0045,0,0.52,-0.83,0.0,-47.93,new_partner,train,26
partner_527,APAC,Tech,Strategic,1,6,stable,4,4.5,44.3,45,0,0,0.1696,0,121703.18,1.28,1.75,0.2045,0.0045,0,0.52,-0.83,0.0,268.72,new_partner,train,26
partner_528,APAC,Tech,Strategic,24,7,stable,5,2.6,46.8,77,1,1,0.3409,0,69615.34,-5.75,-11.17,0.098,-0.3577,0,0.5455,-8.73,0.0,0.0,mature,train,26
partner_529,LATAM,Retail,Certified,45,9,improving,0,0.6,75.2,55,4,0,0.0009,0,22375.27,1.13,-16.3,0.0885,-0.371,0,0.3214,-1.31,0.0,0.0,mature,train,26
partner_530,NA,Retail,Certified,16,8,improving,2,4.1,49.7,0,3,1,0.0074,0,52545.96,5.73,-7.6,0.2154,0.7375,1,0.9643,3.29,-5.92,0.0,mature,train,26
partner_531,LATAM,Tech,Certified,1,7,improving,1,4.3,10.1,68,3,1,0.399,1,25821.73,1.28,1.75,0.2045,0.0045,0,0.52,-0.83,0.0,-65.53,new_partner,train,26
partner_532,LATAM,Retail,Certified,10,6,declining,9,3.3,14.9,86,1,0,0.5612,1,42340.63,5.47,-19.18,0.1923,0.0411,0,0.8214,3.03,0.0,0.0,mature,train,26
partner_533,NA,Manufacturing,Certified,25,6,stable,2,1.3,50.3,54,3,1,0.0877,0,11098.66,5.53,-0.49,0.0885,0.2588,0,0.0769,3.35,0.0,0.0,mature,train,26
partner_534,LATAM,Manufacturing,Registered,7,10,stable,0,3.0,50.8,18,5,0,0.0013,0,10384.48,1.28,1.75,0.2045,0.0045,0,0.52,-0.83,0.0,-4.58,new_partner,train,26
partner_535,EMEA,Retail,Strategic,53,3,declining,11,4.6,17.0,69,0,1,0.9946,1,146367.19,27.36,73.69,0.3814,-0.3147,0,0.9286,24.92,0.0,0.0,mature,train,26
partner_536,EMEA,Tech,Certified,41,4,stable,5,5.4,27.0,94,0,1,0.7084,0,22266.87,-5.22,-28.71,0.2037,0.0712,0,0.3871,-8.2,0.0,0.0,mature,train,26
partner_537,NA,Services,Certified,16,4,improving,4,4.6,31.0,70,0,1,0.7681,0,22987.5,-2.47,-31.85,0.267,-0.2069,0,0.45,-3.6,0.0,0.0,mature,train,26
partner_538,EMEA,Manufacturing,Registered,52,6,improving,3,6.7,44.0,52,2,1,0.0506,0,12125.89,7.0,4.45,0.0922,0.0267,0,0.8462,4.82,0.0,0.0,mature,train,26
partner_539,EMEA,Services,Registered,15,4,declining,3,5.2,41.9,114,0,1,0.7705,1,7416.23,-18.09,-29.13,0.1531,-0.2211,0,0.4048,-19.22,0.0,0.0,mature,train,26
partner_540,APAC,Tech,Certified,5,7,declining,3,6.5,58.8,19,0,0,0.0381,0,24202.28,1.28,1.75,0.2045,0.0045,0,0.52,-0.83,0.0,-36.49,new_partner,train,26
partner_541,APAC,Services,Certified,51,7,declining,4,4.8,60.3,56,1,1,0.4576,0,10155.8,-13.23,-42.38,0.3457,0.1536,0,0.1765,-14.36,0.0,0.0,mature,train,26
partner_542,NA,Retail,Registered,52,3,declining,6,4.2,31.0,69,0,1,0.5613,1,16795.76,28.51,8.48,0.2403,0.9145,1,0.9787,26.07,-3.41,0.0,mature,train,26
partner_543,APAC,Tech,Registered,15,5,declining,4,3.1,8.3,53,0,1,0.8112,1,20047.87,1.01,34.2,0.274,-0.0261,0,0.9615,-1.97,0.0,0.0,mature,train,26
partner_544,APAC,Retail,Registered,31,5,declining,4,2.4,36.7,5,1,1,0.0666,0,15721.11,21.14,16.13,0.2064,0.6949,1,0.9355,18.7,9.97,0.0,mature,train,26
partner_545,EMEA,Tech,Certified,7,7,declining,7,5.6,35.4,81,0,0,0.1767,1,24310.73,1.28,1.75,0.2045,0.0045,0,0.52,-0.83,0.0,-37.64,new_partner,train,26
partner_546,NA,Tech,Registered,34,6,declining,2,3.3,64.6,18,2,1,0.0347,0,15348.37,14.06,48.67,0.2297,-0.0054,0,0.8462,11.08,0.0,0.0,mature,train,26
partner_547,NA,Retail,Strategic,37,8,declining,4,1.4,36.2,34,2,0,0.0718,0,31598.83,-15.15,-33.92,0.2405,-0.2319,0,0.0909,-17.59,0.0,0.0,mature,train,26
partner_548,EMEA,Services,Registered,38,7,improving,3,4.5,51.7,24,3,0,0.0219,0,13236.25,13.6,27.97,0.1949,-0.1086,0,0.7857,12.47,0.0,0.0,mature,train,26
partner_549,LATAM,Tech,Registered,29,2,improving,10,6.8,29.7,51,1,0,0.739,0,4222.43,-14.85,-28.54,0.2781,-0.3058,0,0.0968,-17.83,0.0,0.0,mature,train,26
partner_550,NA,Retail,Registered,37,9,improving,0,0.5,61.5,28,2,0,0.0007,0,9225.27,-0.32,8.02,0.2196,0.8733,1,0.6596,-2.76,1.12,0.0,mature,train,26
partner_551,NA,Retail,Certified,29,7,stable,2,4.7,58.7,54,4,0,0.0043,0,28071.14,-11.64,4.73,0.1777,0.7798,1,0.3571,-14.08,-0.72,0.0,mature,train,26
partner_552,EMEA,Tech,Registered,44,4,declining,3,7.0,23.9,78,0,0,0.7147,0,6506.84,-1.49,-6.23,0.1226,-0.083,0,0.2188,-4.47,0.0,0.0,mature,train,26
partner_553,EMEA,Tech,Certified,7,7,stable,5,0.9,56.9,36,2,0,0.0185,0,13326.79,1.28,1.75,0.2045,0.0045,0,0.52,-0.83,0.0,-74.69,new_partner,train,26
partner_554,APAC,Tech,Strategic,25,8,improving,1,2.3,65.6,20,7,0,0.0026,0,46091.23,0.87,-15.32,0.2301,-0.2494,0,0.0909,-2.11,0.0,0.0,mature,train,26
partner_555,EMEA,Retail,Registered,21,9,improving,1,1.0,71.2,19,6,0,0.0007,0,3505.48,7.33,7.27,0.202,0.8279,1,0.0233,4.89,-2.31,0.0,mature,train,26
partner_556,EMEA,Services,Certified,27,8,improving,4,4.7,49.1,17,1,0,0.011,0,25630.29,-0.62,5.59,0.0872,-0.1237,0,0.4118,-1.75,0.0,0.0,mature,train,26
partner_557,EMEA,Services,Registered,5,6,declining,2,3.3,58.1,46,2,1,0.1501,0,14330.57,1.28,1.75,0.2045,0.0045,0,0.52,-0.83,0.0,87.39,new_partner,train,26
partner_558,NA,Tech,Registered,15,7,improving,4,3.3,68.2,27,1,0,0.0346,0,12514.89,83.39,9.12,0.2676,0.8159,1,0.7436,80.41,10.68,0.0,mature,train,26
partner_559,NA,Manufacturing,Registered,52,10,improving,0,0.5,100.0,16,8,0,0.0,0,2898.38,-17.28,-41.22,0.3321,-0.1203,0,0.0606,-19.46,0.0,0.0,mature,train,26
partner_560,NA,Services,Registered,3,8,declining,4,5.7,48.4,39,4,0,0.0228,0,11174.7,1.28,1.75,0.2045,0.0045,0,0.52,-0.83,0.0,34.98,new_partner,train,26
partner_561,EMEA,Services,Certified,33,10,stable,0,0.7,100.0,0,6,0,0.0,0,29615.82,-41.56,-4.64,0.2312,0.7463,1,0.5294,-42.69,-10.52,0.0,mature,train,26
partner_562,EMEA,Manufacturing,Certified,35,6,stable,3,2.5,41.3,50,5,0,0.0307,0,21833.38,3.88,10.04,0.1149,0.0057,0,0.5238,1.7,0.0,0.0,mature,train,26
partner_563,APAC,Services,Certified,24,6,declining,4,3.5,29.1,22,0,1,0.2314,0,33049.2,5.57,27.6,0.2341,0.2662,0,0.7647,4.44,0.0,0.0,mature,train,26
partner_564,LATAM,Services,Certified,1,3,declining,5,6.4,16.2,54,0,1,0.9926,1,21804.3,1.28,1.75,0.2045,0.0045,0,0.52,-0.83,0.0,-15.75,new_partner,train,26
partner_565,LATAM,Services,Certified,1,9,improving,1,0.6,72.8,35,4,0,0.0005,0,56695.82,1.28,1.75,0.2045,0.0045,0,0.52,-0.83,0.0,300.0,new_partner,train,26
partner_566,LATAM,Tech,Registered,12,5,stable,4,3.5,41.6,42,1,0,0.0343,0,4239.28,8.59,6.39,0.0983,0.1687,0,0.129,5.61,0.0,0.0,mature,train,26
partner_567,LATAM,Retail,Registered,2,10,improving,1,0.7,75.0,40,6,0,0.0,0,10604.11,1.28,1.75,0.2045,0.0045,0,0.52,-0.83,0.0,-27.38,new_partner,train,26
partner_568,EMEA,Retail,Registered,2,4,declining,12,2.8,8.4,1,0,1,0.7202,1,18635.77,1.28,1.75,0.2045,0.0045,0,0.52,-0.83,0.0,68.49,new_partner,train,26
partner_569,NA,Tech,Certified,6,4,improving,1,0.5,72.5,48,5,0,0.007,0,28106.52,1.28,1.75,0.2045,0.0045,0,0.52,-0.83,0.0,-31.3,new_partner,train,26
partner_570,NA,Tech,Strategic,8,5,stable,3,3.1,71.6,34,0,1,0.1931,0,210037.2,1.28,1.75,0.2045,0.0045,0,0.52,-0.83,0.0,300.0,new_partner,train,26
partner_571,NA,Tech,Registered,45,7,improving,2,4.8,45.6,12,4,0,0.0215,0,6114.81,-3.04,-23.42,0.1885,-0.1953,0,0.3333,-6.02,0.0,0.0,mature,train,26
partner_572,APAC,Manufacturing,Certified,34,8,stable,1,0.5,68.3,0,3,0,0.0025,0,19065.94,-3.14,3.87,0.0779,-0.0754,0,0.3846,-5.32,0.0,0.0,mature,train,26
partner_573,NA,Manufacturing,Certified,1,8,improving,2,3.3,66.9,13,2,1,0.0146,0,14846.58,1.28,1.75,0.2045,0.0045,0,0.52,-0.83,0.0,-69.93,new_partner,train,26
partner_574,LATAM,Services,Certified,33,3,improving,4,3.6,39.9,88,0,0,0.7224,1,54756.42,19.83,62.04,0.2952,0.0566,0,0.7619,18.7,0.0,0.0,mature,train,26
partner_575,APAC,Retail,Certified,4,4,declining,6,3.0,34.8,75,0,1,0.7398,1,42693.26,1.28,1.75,0.2045,0.0045,0,0.52,-0.83,0.0,52.54,new_partner,train,26
partner_576,NA,Retail,Certified,21,3,stable,3,5.1,34.5,88,0,1,0.9301,1,43011.55,-2.18,-3.44,0.0999,0.0245,0,0.75,-4.62,0.0,0.0,mature,train,26
partner_577,APAC,Services,Certified,1,7,stable,2,5.6,40.3,39,1,0,0.0525,0,15804.34,1.28,1.75,0.2045,0.0045,0,0.52,-0.83,0.0,-34.59,new_partner,train,26
partner_578,NA,Services,Strategic,2,5,declining,2,6.9,21.9,58,1,1,0.8065,1,128728.02,1.28,1.75,0.2045,0.0045,0,0.52,-0.83,0.0,13.63,new_partner,train,26
partner_579,APAC,Services,Registered,4,7,stable,5,3.9,72.1,7,1,1,0.0069,0,12494.05,1.28,1.75,0.2045,0.0045,0,0.52,-0.83,0.0,78.3,new_partner,train,26
partner_580,NA,Services,Strategic,22,5,declining,1,3.1,34.3,3,2,0,0.1249,0,63956.48,-3.18,-24.29,0.2132,-0.1396,0,0.4,-4.31,0.0,0.0,mature,train,26
partner_581,NA,Services,Registered,23,3,stable,6,5.7,30.1,61,0,1,0.5378,0,3399.89,-4.4,-36.09,0.3697,-0.6138,0,0.0455,-5.53,0.0,0.0,mature,train,26
partner_582,NA,Tech,Certified,17,6,declining,1,8.8,30.3,36,0,1,0.6108,1,51669.36,3.47,27.44,0.1506,0.0135,0,0.8667,0.49,0.0,0.0,mature,train,26
partner_583,EMEA,Tech,Registered,32,2,stable,10,6.1,8.1,69,0,1,0.9094,1,10207.48,0.71,-6.74,0.1051,-0.2841,0,0.5312,-2.27,0.0,0.0,mature,train,26
partner_584,NA,Retail,Registered,38,9,improving,0,3.7,86.9,18,4,0,0.0001,0,6556.03,-5.79,-29.93,0.1858,-0.4622,0,0.2553,-8.23,0.0,0.0,mature,train,26
partner_585,APAC,Manufacturing,Registered,39,5,declining,3,2.9,45.0,69,0,0,0.2434,0,5299.42,-17.19,-38.49,0.2888,-0.0264,0,0.0833,-19.37,0.0,0.0,mature,train,26
partner_586,LATAM,Services,Registered,30,10,stable,0,0.5,94.1,10,2,1,0.0007,0,6270.51,5.45,-9.19,0.2116,0.9152,1,0.2381,4.32,-3.91,0.0,mature,train,26
partner_587,EMEA,Tech,Registered,28,10,improving,0,3.6,100.0,0,4,0,0.0,0,4055.0,-3.44,-24.97,0.2556,-0.4461,0,0.0312,-6.42,0.0,0.0,mature,train,26
partner_588,NA,Manufacturing,Registered,25,4,declining,4,4.0,45.3,10,0,0,0.5573,1,6027.12,3.39,-3.71,0.0758,-0.0588,0,0.1818,1.21,0.0,0.0,mature,train,26
partner_589,EMEA,Retail,Registered,10,4,stable,6,4.6,12.5,54,0,0,0.305,0,8900.5,2.17,24.15,0.1971,0.0092,0,0.5581,-0.27,0.0,0.0,mature,train,26
partner_590,EMEA,Retail,Registered,25,5,improving,7,5.5,35.7,44,1,1,0.3708,0,7935.26,-12.68,36.88,0.2906,0.0855,0,0.4651,-15.12,0.0,0.0,mature,train,26
partner_591,APAC,Retail,Certified,1,6,declining,3,2.5,46.7,47,2,1,0.0181,0,21975.4,1.28,1.75,0.2045,0.0045,0,0.52,-0.83,0.0,-19.87,new_partner,train,26
partner_592,NA,Retail,Strategic,53,9,improving,1,1.8,76.0,20,5,0,0.0016,0,67700.09,-2.42,9.68,0.2476,0.7536,1,0.8182,-4.86,-4.33,0.0,mature,train,26
partner_593,NA,Services,Certified,18,8,improving,6,2.7,22.0,41,0,0,0.0064,0,68249.96,6.7,10.91,0.0839,-0.105,0,0.95,5.57,0.0,0.0,mature,train,26
partner_594,NA,Tech,Registered,40,4,improving,3,4.7,49.7,74,2,1,0.2678,0,24694.25,17.12,70.51,0.3772,-0.5097,0,1.0,14.14,0.0,0.0,mature,train,26
partner_595,EMEA,Services,Registered,52,6,declining,5,4.5,41.8,67,1,0,0.1622,0,7722.04,-12.75,19.41,0.2141,-0.0887,0,0.4524,-13.88,0.0,0.0,mature,train,26
partner_596,EMEA,Manufacturing,Strategic,25,7,stable,3,3.1,59.2,55,2,1,0.0089,0,68382.44,-5.08,-23.92,0.1751,0.2086,0,0.4615,-7.26,0.0,0.0,mature,train,26
partner_597,LATAM,Retail,Registered,46,7,stable,5,6.9,41.3,28,3,1,0.1078,0,6045.02,11.73,9.39,0.0995,-0.0971,0,0.32,9.29,0.0,0.0,mature,train,26
partner_598,LATAM,Retail,Registered,24,7,improving,3,2.8,77.9,19,9,0,0.0006,0,3796.02,11.97,5.09,0.2183,0.8055,1,0.16,9.53,3.92,0.0,mature,train,26
partner_599,APAC,Services,Strategic,4,2,declining,6,5.7,1.6,85,0,0,0.9475,1,62328.31,1.28,1.75,0.2045,0.0045,0,0.52,-0.83,0.0,-37.82,new_partner,train,26
partner_600,LATAM,Retail,Strategic,1,4,declining,10,6.9,34.3,87,0,0,0.9107,1,127402.88,1.28,1.75,0.2045,0.0045,0,0.52,-0.83,0.0,300.0,new_partner,train,26
partner_601,NA,Services,Registered,4,7,declining,4,3.1,26.1,28,2,1,0.484,0,14976.69,1.28,1.75,0.2045,0.0045,0,0.52,-0.83,0.0,259.5,new_partner,train,26
partner_602,LATAM,Retail,Certified,51,6,declining,3,2.4,52.8,65,5,0,0.0648,0,24084.77,31.32,-11.82,0.1825,0.6984,1,0.3929,28.88,-7.94,0.0,mature,train,26
partner_603,APAC,Manufacturing,Registered,24,4,declining,4,5.0,79.3,40,0,1,0.1723,0,6748.41,10.28,7.44,0.1174,-0.4171,0,0.5,8.1,0.0,0.0,mature,train,26
partner_604,LATAM,Services,Certified,15,7,stable,3,1.5,37.5,56,1,1,0.3681,0,19095.51,-4.11,-31.21,0.2338,-0.0808,0,0.2857,-5.24,0.0,0.0,mature,train,26
partner_605,APAC,Retail,Registered,22,2,improving,7,5.0,20.9,124,0,1,0.9722,1,9305.13,-32.99,-2.58,0.1794,0.7877,1,0.5484,-35.43,-1.82,0.0,mature,train,26
partner_606,LATAM,Retail,Registered,11,7,stable,3,6.3,41.8,4,2,0,0.0075,0,13646.83,19.92,97.67,0.3789,-0.3601,0,0.8,17.48,0.0,0.0,mature,train,26
partner_607,APAC,Services,Certified,47,4,stable,4,6.1,52.7,47,1,0,0.1426,0,18833.27,6.42,16.4,0.0871,-0.583,0,0.4706,5.29,0.0,0.0,mature,train,26
partner_608,EMEA,Retail,Registered,54,4,declining,7,6.4,29.5,56,0,0,0.5586,0,8874.68,37.06,1.35,0.2146,0.8554,1,0.5349,34.62,-4.14,0.0,mature,train,26
partner_609,LATAM,Tech,Certified,1,8,improving,1,4.1,61.7,31,3,0,0.0009,0,15801.38,1.28,1.75,0.2045,0.0045,0,0.52,-0.83,0.0,-68.24,new_partner,train,26
partner_610,NA,Tech,Registered,38,6,stable,8,4.6,73.3,32,0,0,0.0089,0,9112.83,-21.29,-32.89,0.2761,0.1033,0,0.5385,-24.27,0.0,0.0,mature,train,26
partner_611,NA,Retail,Strategic,16,4,declining,6,3.8,57.8,4,1,1,0.0455,0,34043.9,-4.44,-38.27,0.2786,0.1603,0,0.2727,-6.88,0.0,0.0,mature,train,26
partner_612,LATAM,Services,Certified,1,3,stable,9,8.2,7.6,58,1,0,0.9092,1,26506.71,1.28,1.75,0.2045,0.0045,0,0.52,-0.83,0.0,-3.73,new_partner,train,26
partner_613,APAC,Services,Registered,50,3,declining,9,4.2,35.7,78,0,1,0.7453,1,7924.01,2.21,7.75,0.0995,-0.4413,0,0.5161,1.08,0.0,0.0,mature,train,26
partner_614,APAC,Tech,Certified,1,7,declining,4,5.7,37.0,77,1,0,0.3734,0,9475.1,1.28,1.75,0.2045,0.0045,0,0.52,-0.83,0.0,-87.3,new_partner,train,26
partner_615,EMEA,Services,Registered,8,7,stable,1,2.8,35.7,49,1,1,0.068,0,2734.23,1.28,1.75,0.2045,0.0045,0,0.52,-0.83,0.0,-68.09,new_partner,train,26
partner_616,LATAM,Retail,Registered,1,4,stable,3,3.1,39.8,73,1,0,0.2662,0,3133.27,1.28,1.75,0.2045,0.0045,0,0.52,-0.83,0.0,-79.01,new_partner,train,26
partner_617,LATAM,Retail,Registered,24,7,stable,0,3.4,50.3,16,5,0,0.0126,0,16062.14,0.4,-5.11,0.1082,-0.278,0,0.96,-2.04,0.0,0.0,mature,train,26
partner_618,NA,Manufacturing,Strategic,31,5,improving,4,6.8,64.9,32,1,1,0.0738,0,77364.54,-10.61,17.11,0.2197,0.8826,1,0.6364,-12.79,18.75,0.0,mature,train,26
partner_619,EMEA,Services,Certified,15,2,declining,12,8.3,2.3,86,0,0,0.9884,1,12046.14,-5.93,-16.68,0.1871,-0.3703,0,0.0882,-7.06,0.0,0.0,mature,train,26
partner_620,EMEA,Retail,Strategic,1,8,stable,0,2.7,93.8,12,4,0,0.0005,0,64730.53,1.28,1.75,0.2045,0.0045,0,0.52,-0.83,0.0,79.82,new_partner,train,26
partner_621,LATAM,Retail,Strategic,3,9,stable,1,1.9,82.7,36,7,0,0.0,0,65043.5,1.28,1.75,0.2045,0.0045,0,0.52,-0.83,0.0,47.19,new_partner,train,26
partner_622,NA,Tech,Strategic,51,10,stable,5,3.9,59.8,0,4,0,0.0006,0,72003.86,-11.53,0.1,0.1004,0.0819,0,0.5556,-14.51,0.0,0.0,mature,train,26
partner_623,APAC,Services,Registered,43,2,declining,10,7.8,14.1,90,0,1,0.9874,1,13570.49,30.07,-6.58,0.2421,0.7766,1,0.8387,28.94,-8.18,0.0,mature,train,26
partner_624,NA,Retail,Strategic,51,8,declining,1,0.8,82.2,63,0,0,0.0064,0,57012.34,-1.72,-35.35,0.2163,-0.0754,0,0.6364,-4.16,0.0,0.0,mature,train,26
partner_625,APAC,Tech,Certified,27,6,stable,2,3.6,50.4,52,0,1,0.2545,0,49598.79,11.8,10.96,0.2006,0.812,1,0.9375,8.82,10.68,0.0,mature,train,26
partner_626,NA,Manufacturing,Registered,28,3,improving,3,2.3,41.6,64,0,1,0.4581,0,11928.86,27.24,51.42,0.2454,-0.4196,0,0.8788,25.06,0.0,0.0,mature,train,26
partner_627,LATAM,Tech,Certified,42,7,declining,3,3.3,66.6,28,2,0,0.0195,0,21566.47,-20.3,-40.86,0.363,-0.3309,0,0.4118,-23.28,0.0,0.0,mature,train,26
partner_628,EMEA,Retail,Registered,32,8,declining,3,1.4,67.3,19,2,0,0.0016,0,9850.61,1.56,-16.6,0.1006,-0.457,0,0.6279,-0.88,0.0,0.0,mature,train,26
partner_629,NA,Retail,Registered,22,6,stable,3,1.4,31.1,56,1,1,0.4674,1,8089.86,-3.86,9.7,0.252,0.8286,1,0.4894,-6.3,8.62,0.0,mature,train,26
partner_630,APAC,Tech,Registered,13,7,stable,3,1.6,53.2,27,2,0,0.0038,0,7743.72,-1.89,17.61,0.2367,0.8108,1,0.3846,-4.87,12.23,0.0,mature,train,26
partner_631,APAC,Tech,Registered,25,8,stable,0,1.7,43.0,30,4,0,0.0018,0,6412.24,11.63,-6.99,0.0888,-0.2444,0,0.3077,8.65,0.0,0.0,mature,train,26
partner_632,APAC,Services,Registered,1,6,improving,3,4.1,58.2,42,2,0,0.0078,0,5506.37,1.28,1.75,0.2045,0.0045,0,0.52,-0.83,0.0,-59.96,new_partner,train,26
partner_633,EMEA,Manufacturing,Strategic,8,6,stable,9,3.4,42.9,55,0,0,0.2753,0,99762.31,1.28,1.75,0.2045,0.0045,0,0.52,-0.83,0.0,155.15,new_partner,train,26
partner_634,NA,Manufacturing,Certified,39,3,declining,10,4.0,35.0,72,0,1,0.7926,1,19020.5,10.95,-13.23,0.1739,-0.298,0,0.4615,8.77,0.0,0.0,mature,train,26
partner_635,EMEA,Services,Certified,47,10,improving,0,1.6,77.5,15,11,0,0.0001,0,15742.13,-9.85,-16.98,0.2169,-0.0773,0,0.1765,-10.98,0.0,0.0,mature,train,26
partner_636,EMEA,Tech,Registered,2,5,stable,5,4.9,28.9,53,0,0,0.4372,0,11839.85,1.28,1.75,0.2045,0.0045,0,0.52,-0.83,0.0,69.77,new_partner,train,26
partner_637,LATAM,Tech,Registered,2,6,declining,0,6.4,53.4,35,0,1,0.0333,0,3060.44,1.28,1.75,0.2045,0.0045,0,0.52,-0.83,0.0,-82.72,new_partner,train,26
partner_638,LATAM,Services,Registered,1,9,improving,1,4.0,86.6,43,4,0,0.0027,0,9056.66,1.28,1.75,0.2045,0.0045,0,0.52,-0.83,0.0,-30.4,new_partner,train,26
partner_639,LATAM,Retail,Certified,42,7,declining,2,1.9,57.5,44,4,0,0.0316,0,52293.35,-18.79,4.32,0.2666,0.7903,1,0.9286,-21.23,-6.89,0.0,mature,train,26
partner_640,APAC,Manufacturing,Registered,15,5,declining,5,3.0,38.7,56,0,0,0.2843,1,9403.2,-11.98,-4.39,0.1191,0.1383,0,0.75,-14.16,0.0,0.0,mature,train,26
partner_641,LATAM,Services,Certified,15,6,stable,3,4.2,75.5,45,4,0,0.0259,0,16265.01,-10.49,-26.42,0.2108,0.573,1,0.1429,-11.62,-8.79,0.0,mature,train,26
partner_642,APAC,Retail,Certified,1,4,stable,8,3.0,44.3,55,1,0,0.1456,1,18421.94,1.28,1.75,0.2045,0.0045,0,0.52,-0.83,0.0,-55.98,new_partner,train,26
partner_643,EMEA,Tech,Certified,53,7,stable,7,4.3,37.8,52,0,1,0.0854,0,51109.36,15.63,49.9,0.2951,0.3448,0,0.871,12.65,0.0,0.0,mature,train,26
partner_644,EMEA,Retail,Strategic,22,5,stable,4,1.6,56.3,38,2,0,0.1015,0,39006.34,-2.57,-28.19,0.1853,-0.2913,0,0.0714,-5.01,0.0,0.0,mature,train,26
partner_645,LATAM,Retail,Registered,43,6,declining,2,2.3,42.7,49,2,0,0.0391,0,14971.28,-16.47,-11.51,0.1018,-0.5282,0,0.92,-18.91,0.0,0.0,mature,train,26
partner_646,APAC,Tech,Strategic,38,8,improving,1,3.8,65.3,25,2,0,0.0172,0,442503.54,19.11,108.38,0.3894,-0.5575,0,1.0,16.13,0.0,0.0,mature,train,26
partner_647,EMEA,Retail,Certified,5,3,improving,6,5.2,30.8,72,0,1,0.9181,1,55538.76,1.28,1.75,0.2045,0.0045,0,0.52,-0.83,0.0,122.13,new_partner,train,26
partner_648,NA,Services,Certified,43,3,declining,8,4.7,39.7,74,0,0,0.809,0,21232.98,-3.4,-4.62,0.0967,0.1672,0,0.4,-4.53,0.0,0.0,mature,train,26
partner_649,LATAM,Services,Certified,28,10,stable,0,1.0,100.0,20,2,1,0.0001,0,17487.62,-12.15,-44.85,0.364,0.3938,0,0.1905,-13.28,0.0,0.0,mature,train,26
partner_650,EMEA,Services,Certified,32,4,declining,5,6.8,25.1,29,1,0,0.5201,1,10494.24,-4.02,-26.1,0.2425,-0.1641,0,0.0294,-5.15,0.0,0.0,mature,train,26
partner_651,NA,Retail,Strategic,8,6,improving,3,2.6,78.2,32,0,0,0.0148,0,31956.25,1.28,1.75,0.2045,0.0045,0,0.52,-0.83,0.0,-20.4,new_partner,train,26
partner_652,APAC,Retail,Registered,46,7,declining,7,4.8,41.0,61,0,0,0.103,0,6459.42,-1.51,-1.4,0.0934,0.1251,0,0.3548,-3.95,0.0,0.0,mature,train,26
partner_653,LATAM,Retail,Certified,51,8,declining,5,4.9,54.1,24,3,0,0.0051,0,24633.5,2.42,12.14,0.0996,-0.063,0,0.5357,-0.02,0.0,0.0,mature,train,26
partner_654,EMEA,Retail,Certified,20,4,stable,5,7.7,50.2,73,0,0,0.7385,1,27380.26,2.77,6.06,0.0834,-0.2377,0,0.4545,0.33,0.0,0.0,mature,train,26
partner_655,APAC,Services,Registered,2,10,improving,1,0.5,78.3,11,8,0,0.0005,0,9166.32,1.28,1.75,0.2045,0.0045,0,0.52,-0.83,0.0,-28.33,new_partner,train,26
partner_656,NA,Tech,Strategic,46,3,declining,10,2.6,32.7,55,0,0,0.3997,0,109896.36,20.76,71.52,0.3417,-0.2806,0,0.7778,17.78,0.0,0.0,mature,train,26
partner_657,APAC,Retail,Registered,48,5,stable,4,1.8,46.2,52,1,0,0.2533,0,14439.84,48.75,10.35,0.2456,0.881,1,0.8387,46.31,4.8,0.0,mature,train,26
partner_658,EMEA,Services,Certified,26,5,improving,2,4.6,55.4,44,0,1,0.1857,1,41805.63,13.53,62.68,0.3347,-0.333,0,0.8235,12.4,0.0,0.0,mature,train,26
partner_659,NA,Tech,Registered,30,7,declining,5,5.8,69.5,6,6,1,0.0285,0,7572.35,-5.03,-15.59,0.1669,-0.1101,0,0.4103,-8.01,0.0,0.0,mature,train,26
partner_660,NA,Retail,Registered,9,5,declining,3,5.7,29.6,65,0,0,0.4624,1,5164.92,-13.76,-41.7,0.3097,0.4101,0,0.1489,-16.2,0.0,0.0,mature,train,26
partner_661,EMEA,Retail,Certified,1,9,stable,0,0.5,100.0,0,7,0,0.0002,0,27312.45,1.28,1.75,0.2045,0.0045,0,0.52,-0.83,0.0,-28.84,new_partner,train,26
partner_662,APAC,Manufacturing,Registered,51,6,stable,4,5.8,36.1,20,1,0,0.0494,0,5945.46,4.32,46.0,0.2212,-0.0832,0,0.25,2.14,0.0,0.0,mature,train,26
partner_663,EMEA,Services,Registered,25,5,stable,4,3.5,52.5,64,0,0,0.202,1,11628.55,7.19,-2.79,0.1882,0.536,1,0.6905,6.06,-9.93,0.0,mature,train,26
partner_664,EMEA,Retail,Registered,12,5,improving,2,2.6,50.6,21,1,0,0.1202,0,7040.68,-1.58,-31.65,0.3289,-0.1043,0,0.3721,-4.02,0.0,0.0,mature,train,26
partner_665,NA,Services,Registered,37,6,declining,5,3.9,60.0,46,0,0,0.0929,0,11361.92,4.22,7.77,0.1012,0.3515,0,0.8182,3.09,0.0,0.0,mature,train,26
partner_666,LATAM,Services,Certified,1,5,stable,8,2.8,41.1,47,4,0,0.031,0,25969.77,1.28,1.75,0.2045,0.0045,0,0.52,-0.83,0.0,43.23,new_partner,train,26
partner_667,APAC,Services,Strategic,1,10,stable,0,1.6,76.7,25,2,0,0.0002,0,125763.7,1.28,1.75,0.2045,0.0045,0,0.52,-0.83,0.0,71.36,new_partner,train,26
partner_668,APAC,Retail,Registered,11,7,declining,5,5.9,82.7,36,1,0,0.1533,1,11352.09,-8.69,-16.4,0.1242,0.3485,0,0.6774,-11.13,0.0,0.0,mature,train,26
partner_669,EMEA,Retail,Certified,23,7,improving,0,1.5,52.3,1,3,0,0.0035,0,21310.77,-7.19,-8.16,0.1063,-0.0454,0,0.2727,-9.63,0.0,0.0,mature,train,26
partner_670,NA,Services,Registered,18,10,improving,0,0.5,69.5,0,5,0,0.0004,0,4287.52,-11.34,-34.49,0.3389,-0.4052,0,0.1591,-12.47,0.0,0.0,mature,train,26
partner_671,EMEA,Tech,Certified,7,4,declining,5,4.9,78.6,26,0,0,0.0064,0,15891.75,1.28,1.75,0.2045,0.0045,0,0.52,-0.83,0.0,-56.26,new_partner,train,26
partner_672,NA,Manufacturing,Registered,17,9,improving,1,1.7,59.2,31,4,0,0.003,0,9176.73,5.78,-1.29,0.1041,0.2477,0,0.6667,3.6,0.0,0.0,mature,train,26
partner_673,APAC,Services,Registered,16,6,declining,5,2.7,47.9,37,0,0,0.039,0,6684.18,5.03,10.93,0.2014,0.9112,1,0.4194,3.9,1.76,0.0,mature,train,26
partner_674,LATAM,Retail,Registered,27,2,stable,7,5.9,29.3,33,0,0,0.3077,0,5658.47,4.16,-35.21,0.3226,-0.1128,0,0.24,1.72,0.0,0.0,mature,train,26
partner_675,NA,Services,Certified,29,4,stable,4,3.0,70.6,43,1,0,0.0294,0,10564.24,-2.8,-5.65,0.0753,0.035,0,0.05,-3.93,0.0,0.0,mature,train,26
partner_676,NA,Services,Certified,48,6,improving,6,3.0,28.5,29,5,0,0.0436,0,28995.16,-7.31,4.09,0.0886,-0.5086,0,0.5,-8.44,0.0,0.0,mature,train,26
partner_677,APAC,Manufacturing,Registered,43,7,improving,9,4.0,66.5,52,0,1,0.0421,0,7876.9,1.75,12.74,0.0988,0.1823,0,0.6667,-0.43,0.0,0.0,mature,train,26
partner_678,NA,Tech,Certified,13,3,improving,5,4.9,5.6,74,0,0,0.6063,0,48338.18,-23.83,2.31,0.2028,0.6766,1,0.8333,-26.81,11.15,0.0,mature,train,26
partner_679,EMEA,Services,Certified,49,7,stable,2,2.6,35.1,63,5,0,0.1151,0,12740.32,2.08,-3.96,0.0999,-0.0389,0,0.1176,0.95,0.0,0.0,mature,train,26
partner_680,NA,Tech,Registered,27,7,improving,1,0.5,41.3,50,3,0,0.0739,0,4908.59,-16.99,15.54,0.1994,0.7021,1,0.1538,-19.97,9.87,0.0,mature,train,26
partner_681,EMEA,Manufacturing,Certified,7,3,stable,0,3.9,43.6,27,1,1,0.1738,0,26390.07,1.28,1.75,0.2045,0.0045,0,0.52,-0.83,0.0,-32.25,new_partner,train,26
partner_682,EMEA,Services,Strategic,16,6,declining,9,6.8,31.4,9,1,0,0.1638,0,56478.26,9.42,45.08,0.1905,-0.1107,0,0.1111,8.29,0.0,0.0,mature,train,26
partner_683,EMEA,Manufacturing,Registered,40,9,declining,2,4.1,48.8,4,3,0,0.0384,0,5040.19,-10.21,10.18,0.0973,-0.0838,0,0.1923,-12.39,0.0,0.0,mature,train,26
partner_684,NA,Retail,Certified,44,7,improving,3,3.2,37.6,33,1,0,0.0125,0,32993.51,-2.44,-10.11,0.0924,0.3822,0,0.5,-4.88,0.0,0.0,mature,train,26
partner_685,LATAM,Retail,Registered,18,6,improving,4,4.0,44.4,4,0,0,0.0038,0,11463.74,-12.8,-9.72,0.1596,0.4047,0,0.76,-15.24,0.0,0.0,mature,train,26
partner_686,NA,Retail,Certified,6,2,declining,6,6.3,12.6,56,0,1,0.9137,1,23204.23,1.28,1.75,0.2045,0.0045,0,0.52,-0.83,0.0,-43.21,new_partner,train,26
partner_687,NA,Tech,Registered,8,7,stable,0,0.8,79.4,19,4,0,0.0004,0,4653.88,1.28,1.75,0.2045,0.0045,0,0.52,-0.83,0.0,-63.3,new_partner,train,26
partner_688,APAC,Tech,Certified,3,6,declining,2,5.0,50.6,23,1,0,0.007,0,30111.64,1.28,1.75,0.2045,0.0045,0,0.52,-0.83,0.0,21.71,new_partner,train,26
partner_689,LATAM,Manufacturing,Registered,37,10,declining,2,3.1,25.0,35,3,0,0.0051,0,9980.21,3.67,43.96,0.2079,-0.5089,0,0.6087,1.49,0.0,0.0,mature,train,26
partner_690,NA,Tech,Certified,26,9,improving,0,1.5,77.0,5,2,0,0.0001,0,17541.08,-4.83,-33.54,0.3517,-0.2023,0,0.2,-7.81,0.0,0.0,mature,train,26
partner_691,EMEA,Services,Strategic,23,10,stable,2,4.5,86.5,4,2,0,0.0001,0,229967.91,12.24,58.8,0.3447,0.1746,0,1.0,11.11,0.0,0.0,mature,train,26
partner_692,APAC,Services,Registered,35,7,stable,4,0.5,50.3,74,3,1,0.0952,0,5447.4,-8.54,5.24,0.1108,-0.1755,0,0.3548,-9.67,0.0,0.0,mature,train,26
partner_693,EMEA,Retail,Strategic,45,8,stable,5,1.2,44.8,30,4,0,0.0048,0,63063.28,15.99,3.06,0.1157,-0.2842,0,0.2143,13.55,0.0,0.0,mature,train,26
partner_694,NA,Manufacturing,Strategic,43,6,stable,4,4.2,69.8,38,2,0,0.0085,0,63851.45,3.7,-1.04,0.0791,-0.3586,0,0.4545,1.52,0.0,0.0,mature,train,26
partner_695,APAC,Manufacturing,Strategic,4,7,improving,2,4.6,33.3,57,2,1,0.3637,0,52107.22,1.28,1.75,0.2045,0.0045,0,0.52,-0.83,0.0,47.87,new_partner,train,26
partner_696,NA,Tech,Registered,31,9,improving,0,3.7,83.5,24,4,0,0.0002,0,3632.68,-12.54,-33.29,0.3249,-0.2588,0,0.0513,-15.52,0.0,0.0,mature,train,26
partner_697,LATAM,Retail,Certified,48,7,stable,6,0.5,50.5,36,2,1,0.0129,0,34150.7,-3.84,29.21,0.2353,-0.0095,0,0.75,-6.28,0.0,0.0,mature,train,26
partner_698,NA,Services,Registered,41,4,declining,5,5.3,62.8,69,1,1,0.7954,1,10967.97,15.38,5.35,0.2233,0.8073,1,0.7727,14.25,2.75,0.0,mature,train,26
partner_699,LATAM,Services,Registered,16,4,declining,2,2.6,48.8,45,0,1,0.0618,0,18051.81,19.67,77.81,0.3641,-0.1081,0,1.0,18.54,0.0,0.0,mature,train,26
partner_700,EMEA,Manufacturing,Strategic,19,8,improving,0,2.9,76.3,42,7,0,0.0027,0,138398.77,6.6,47.32,0.341,-0.1998,0,0.8462,4.42,0.0,0.0,mature,train,26
partner_701,EMEA,Services,Certified,48,6,stable,7,5.0,44.5,39,0,1,0.8432,1,30962.43,19.71,55.97,0.3277,0.1305,0,0.5882,18.58,0.0,0.0,mature,train,26
partner_702,NA,Services,Certified,1,5,stable,0,3.7,53.4,18,4,0,0.0075,0,15499.16,1.28,1.75,0.2045,0.0045,0,0.52,-0.83,0.0,-40.94,new_partner,train,26
partner_703,EMEA,Tech,Registered,27,10,stable,0,1.4,100.0,18,6,1,0.0002,0,26694.12,6.56,59.93,0.2466,-0.08,0,0.9375,3.58,0.0,0.0,mature,train,26
partner_704,APAC,Manufacturing,Certified,3,4,stable,4,5.9,0.0,60,1,0,0.7601,1,14668.09,1.28,1.75,0.2045,0.0045,0,0.52,-0.83,0.0,-53.35,new_partner,train,26
partner_705,EMEA,Tech,Certified,48,8,improving,1,1.1,93.1,6,7,0,0.0002,0,26533.04,-0.41,1.31,0.0937,-0.1178,0,0.5484,-3.39,0.0,0.0,mature,train,26
partner_706,NA,Services,Registered,1,9,improving,0,2.2,60.4,0,3,0,0.0001,0,12185.79,1.28,1.75,0.2045,0.0045,0,0.52,-0.83,0.0,20.71,new_partner,train,26
partner_707,LATAM,Retail,Strategic,1,9,declining,0,2.3,83.7,26,5,0,0.0002,0,180202.67,1.28,1.75,0.2045,0.0045,0,0.52,-0.83,0.0,300.0,new_partner,train,26
partner_708,LATAM,Tech,Registered,16,10,improving,1,4.4,100.0,11,8,0,0.0001,0,17689.43,3.71,38.02,0.2517,0.6166,1,0.9355,0.73,7.16,0.0,mature,train,26
partner_709,NA,Services,Registered,8,7,declining,2,5.2,56.8,38,0,0,0.0595,0,3980.38,1.28,1.75,0.2045,0.0045,0,0.52,-0.83,0.0,-61.61,new_partner,train,26
partner_710,NA,Retail,Certified,25,4,stable,8,6.8,15.7,118,0,1,0.9928,1,11199.52,-8.29,-40.38,0.3666,0.1241,0,0.0714,-10.73,0.0,0.0,mature,train,26
partner_711,APAC,Services,Strategic,14,8,declining,2,3.8,78.3,23,5,0,0.0089,0,73817.11,1.37,-11.36,0.1068,0.1591,0,0.5455,0.24,0.0,0.0,mature,train,26
partner_712,LATAM,Tech,Registered,17,6,declining,5,5.4,29.3,33,0,1,0.6983,1,5239.0,-8.52,-24.37,0.1833,-0.1808,0,0.2258,-11.5,0.0,0.0,mature,train,26
partner_713,APAC,Services,Registered,29,4,declining,7,5.2,17.3,21,0,0,0.742,0,3512.46,-0.41,-35.19,0.2148,-0.1953,0,0.0968,-1.54,0.0,0.0,mature,train,26
partner_714,APAC,Services,Registered,29,5,declining,4,2.5,50.4,26,1,0,0.07,0,5301.73,15.01,47.9,0.2062,0.0195,0,0.2903,13.88,0.0,0.0,mature,train,26
partner_715,LATAM,Tech,Strategic,51,7,improving,4,5.3,39.9,69,3,0,0.0453,0,27572.25,-7.59,-10.86,0.0989,0.1087,0,0.2,-10.57,0.0,0.0,mature,train,26
partner_716,EMEA,Services,Registered,24,8,improving,6,3.7,47.3,28,0,1,0.0137,0,7959.91,20.29,40.45,0.2225,0.0977,0,0.4762,19.16,0.0,0.0,mature,train,26
partner_717,NA,Tech,Certified,29,8,improving,5,3.1,72.0,54,2,0,0.0141,0,32118.3,13.93,-1.19,0.1,0.4705,0,0.6667,10.95,0.0,0.0,mature,train,26
partner_718,EMEA,Manufacturing,Strategic,36,0,stable,7,4.7,37.3,49,0,0,0.8836,1,142825.93,11.22,74.39,0.3257,-0.5403,0,0.9231,9.04,0.0,0.0,mature,train,26
partner_719,LATAM,Manufacturing,Registered,7,4,declining,2,4.3,42.2,21,2,1,0.2796,1,12816.5,1.28,1.75,0.2045,0.0045,0,0.52,-0.83,0.0,73.59,new_partner,train,26
partner_720,APAC,Services,Certified,35,8,improving,2,3.3,76.0,7,3,0,0.0007,0,21808.58,-0.83,-4.06,0.0919,0.4099,0,0.5294,-1.96,0.0,0.0,mature,train,26
partner_721,NA,Retail,Certified,46,6,stable,3,2.5,25.0,56,1,1,0.6976,1,22279.15,17.81,29.08,0.1886,0.5311,1,0.2143,15.37,8.0,0.0,mature,train,26
partner_722,NA,Retail,Certified,15,9,improving,0,0.5,52.7,14,4,0,0.0009,0,45667.44,-0.74,61.47,0.3632,-0.441,0,0.8929,-3.18,0.0,0.0,mature,train,26
partner_723,EMEA,Manufacturing,Registered,7,9,improving,1,5.6,52.8,6,5,0,0.0002,0,6099.8,1.28,1.75,0.2045,0.0045,0,0.52,-0.83,0.0,-51.97,new_partner,train,26
partner_724,APAC,Manufacturing,Registered,17,5,declining,7,6.4,29.4,79,0,1,0.7583,1,14508.82,20.76,66.52,0.3352,-0.0263,0,0.9167,18.58,0.0,0.0,mature,train,26
partner_725,EMEA,Tech,Registered,12,7,improving,4,3.7,43.4,51,1,0,0.0154,0,27584.19,14.17,96.07,0.33,-0.5464,0,0.9688,11.19,0.0,0.0,mature,train,26
partner_726,EMEA,Retail,Certified,30,5,improving,4,4.3,64.1,44,4,0,0.1112,1,13423.72,-23.36,7.21,0.1951,0.6168,1,0.0909,-25.8,3.56,0.0,mature,train,26
partner_727,EMEA,Tech,Certified,47,6,improving,0,2.3,61.9,38,2,0,0.0063,0,26169.67,8.03,3.39,0.0933,0.3418,0,0.5161,5.05,0.0,0.0,mature,train,26
partner_728,EMEA,Services,Registered,31,10,declining,0,1.2,100.0,0,2,0,0.0,0,13837.19,9.67,84.78,0.3792,-0.3624,0,0.8095,8.54,0.0,0.0,mature,train,26
partner_729,NA,Retail,Registered,4,6,declining,10,4.3,51.3,77,1,1,0.5684,1,8116.24,1.28,1.75,0.2045,0.0045,0,0.52,-0.83,0.0,-25.53,new_partner,train,26
partner_730,NA,Tech,Strategic,15,6,improving,3,4.6,44.8,32,3,0,0.0702,0,55783.96,13.1,82.77,0.3816,-0.1771,0,0.2222,10.12,0.0,0.0,mature,train,26
partner_731,NA,Services,Registered,36,6,declining,8,2.4,52.6,61,0,1,0.0563,0,10799.38,-15.9,-2.46,0.197,0.6999,1,0.7273,-17.03,-3.63,0.0,mature,train,26
partner_732,EMEA,Retail,Registered,16,6,improving,1,1.1,54.9,34,6,0,0.0236,0,17906.12,23.06,65.77,0.3142,-0.3087,0,0.9302,20.62,0.0,0.0,mature,train,26
partner_733,EMEA,Manufacturing,Certified,31,1,declining,6,3.1,40.2,42,0,0,0.4069,1,55738.37,25.34,5.89,0.1161,-0.1894,0,0.9048,23.16,0.0,0.0,mature,train,26
partner_734,NA,Retail,Registered,37,2,declining,5,6.8,17.7,107,0,0,0.9719,1,19534.9,36.84,-0.28,0.2021,0.8007,1,1.0,34.4,-5.79,0.0,mature,train,26
partner_735,EMEA,Services,Registered,16,10,stable,0,1.6,100.0,13,4,0,0.0003,0,8822.71,15.39,44.33,0.1981,0.407,0,0.5476,14.26,0.0,0.0,mature,train,26
partner_736,LATAM,Manufacturing,Registered,34,8,declining,2,2.6,58.4,48,3,1,0.1294,0,12439.65,-4.24,38.96,0.3295,0.2129,0,0.6957,-6.42,0.0,0.0,mature,train,26
partner_737,EMEA,Services,Registered,20,9,stable,0,0.6,83.3,0,7,0,0.0,0,4424.83,-20.56,-45.39,0.3243,-0.2278,0,0.119,-21.69,0.0,0.0,mature,train,26
partner_738,NA,Retail,Certified,4,2,stable,6,4.2,24.7,87,0,1,0.7011,0,34104.47,1.28,1.75,0.2045,0.0045,0,0.52,-0.83,0.0,-15.62,new_partner,train,26
partner_739,NA,Tech,Certified,18,7,stable,1,1.3,100.0,63,0,0,0.0122,0,18172.87,-14.15,-19.16,0.2445,-0.53,0,0.2667,-17.13,0.0,0.0,mature,train,26
partner_740,NA,Services,Certified,22,7,stable,1,4.9,43.2,36,4,0,0.0075,0,42923.76,3.15,2.08,0.0816,-0.4359,0,0.65,2.02,0.0,0.0,mature,train,26
partner_741,EMEA,Retail,Registered,1,9,improving,0,2.7,53.6,1,4,0,0.0003,0,9539.15,1.28,1.75,0.2045,0.0045,0,0.52,-0.83,0.0,-25.95,new_partner,train,26
partner_742,EMEA,Retail,Certified,48,8,stable,4,5.2,49.1,32,4,0,0.0567,0,34876.76,9.91,-7.99,0.1614,0.544,1,0.697,7.47,-3.9,0.0,mature,train,26
partner_743,APAC,Retail,Registered,27,8,stable,2,1.0,41.9,34,1,0,0.022,0,8722.89,-2.59,8.88,0.1135,-0.0562,0,0.5161,-5.03,0.0,0.0,mature,train,26
partner_744,EMEA,Services,Certified,1,3,stable,3,5.6,19.6,50,0,1,0.9161,1,18864.87,1.28,1.75,0.2045,0.0045,0,0.52,-0.83,0.0,-56.68,new_partner,train,26
partner_745,NA,Manufacturing,Registered,47,2,declining,8,4.6,4.6,69,1,1,0.9967,1,12851.9,-2.74,-10.21,0.1124,0.302,0,0.9091,-4.92,0.0,0.0,mature,train,26
partner_746,NA,Manufacturing,Certified,46,7,declining,4,8.3,45.3,25,0,0,0.2276,1,25477.77,18.49,53.3,0.2445,-0.5168,0,0.5385,16.31,0.0,0.0,mature,train,26
partner_747,NA,Manufacturing,Registered,1,8,declining,2,0.5,46.9,53,7,0,0.0341,0,11175.71,1.28,1.75,0.2045,0.0045,0,0.52,-0.83,0.0,-64.18,new_partner,train,26
partner_748,NA,Tech,Registered,6,10,stable,0,4.0,79.8,22,3,0,0.0001,0,12098.42,1.28,1.75,0.2045,0.0045,0,0.52,-0.83,0.0,13.42,new_partner,train,26
partner_749,LATAM,Tech,Registered,18,5,declining,4,4.0,34.5,49,1,0,0.5536,0,8109.85,26.15,61.19,0.2619,-0.029,0,0.4194,23.17,0.0,0.0,mature,train,26
partner_750,APAC,Tech,Registered,26,4,stable,5,3.7,30.6,33,1,0,0.0776,0,13102.66,11.96,6.71,0.1029,0.2659,0,0.8077,8.98,0.0,0.0,mature,train,26
partner_751,EMEA,Manufacturing,Registered,39,4,declining,4,5.2,58.4,58,0,0,0.1582,0,3586.29,-15.04,-22.81,0.1505,0.2448,0,0.0769,-17.22,0.0,0.0,mature,train,26
partner_752,NA,Retail,Certified,21,7,improving,1,1.2,57.4,30,4,0,0.0076,0,44857.98,6.53,15.74,0.1968,-0.2093,0,0.7857,4.09,0.0,0.0,mature,train,26
partner_753,EMEA,Services,Certified,32,7,improving,0,2.9,61.2,5,7,0,0.0006,0,51308.17,30.22,72.3,0.3034,-0.0699,0,0.9412,29.09,0.0,0.0,mature,train,26
partner_754,NA,Services,Registered,1,4,declining,7,5.2,62.1,53,1,0,0.5738,1,4386.4,1.28,1.75,0.2045,0.0045,0,0.52,-0.83,0.0,-73.38,new_partner,train,26
partner_755,LATAM,Tech,Strategic,35,6,stable,1,2.1,95.2,28,5,0,0.0005,0,87630.2,1.67,-5.8,0.1023,0.1039,0,0.4,-1.31,0.0,0.0,mature,train,26
partner_756,EMEA,Manufacturing,Certified,50,8,stable,0,2.6,77.0,35,5,0,0.0011,0,40762.98,4.94,35.5,0.2556,-0.1208,0,0.8571,2.76,0.0,0.0,mature,train,26
partner_757,NA,Retail,Strategic,27,8,stable,2,5.8,50.5,12,2,0,0.0031,0,48268.5,4.08,44.19,0.2233,-0.1831,0,0.5455,1.64,0.0,0.0,mature,train,26
partner_758,APAC,Services,Certified,23,3,improving,4,6.3,23.9,75,0,1,0.8513,1,29083.57,-6.37,-24.0,0.2157,-0.2875,0,0.7059,-7.5,0.0,0.0,mature,train,26
partner_759,EMEA,Services,Certified,14,4,declining,2,3.8,22.8,85,0,0,0.6028,1,34833.43,-5.29,-15.77,0.2248,0.4569,0,0.7353,-6.42,0.0,0.0,mature,train,26
partner_760,NA,Services,Certified,52,9,improving,2,3.9,64.9,35,3,0,0.0041,0,43672.16,-8.96,11.62,0.1642,-0.3506,0,0.7,-10.09,0.0,0.0,mature,train,26
partner_761,LATAM,Tech,Certified,1,9,stable,0,2.1,74.7,75,2,0,0.002,0,55880.13,1.28,1.75,0.2045,0.0045,0,0.52,-0.83,0.0,141.08,new_partner,train,26
partner_762,EMEA,Retail,Strategic,13,10,improving,1,1.2,72.9,18,1,0,0.0001,0,69771.19,-0.29,-17.7,0.2236,0.8933,1,0.3571,-2.73,-13.3,0.0,mature,train,26
partner_763,EMEA,Retail,Registered,5,7,stable,3,4.3,54.8,5,2,0,0.006,0,3960.58,1.28,1.75,0.2045,0.0045,0,0.52,-0.83,0.0,-74.46,new_partner,train,26
partner_764,EMEA,Retail,Registered,47,7,stable,1,1.7,52.1,18,2,1,0.0033,0,6498.23,-2.08,22.73,0.2018,0.7571,1,0.2558,-4.52,6.76,0.0,mature,train,26
partner_765,APAC,Retail,Registered,24,3,declining,7,5.3,39.7,51,0,1,0.9608,1,11701.54,16.39,22.85,0.2338,0.7239,1,0.7097,13.95,26.48,0.0,mature,train,26
partner_766,EMEA,Retail,Strategic,50,9,improving,1,3.2,80.6,31,1,0,0.0008,0,100257.55,-5.75,-1.61,0.0854,-0.1521,0,0.6429,-8.19,0.0,0.0,mature,train,26
partner_767,EMEA,Services,Registered,35,8,improving,6,5.6,38.7,45,5,0,0.0058,0,5027.73,-9.62,-36.83,0.353,-0.0322,0,0.1905,-10.75,0.0,0.0,mature,train,26
partner_768,EMEA,Retail,Certified,29,8,declining,1,3.2,47.5,23,6,0,0.0146,0,50113.21,-29.13,-4.4,0.1782,0.7861,1,0.9091,-31.57,-11.33,0.0,mature,train,26
partner_769,EMEA,Retail,Certified,27,3,stable,7,3.7,14.2,81,0,1,0.9733,1,21388.24,-25.4,2.72,0.1651,0.8665,1,0.303,-27.84,-1.19,0.0,mature,train,26
partner_770,LATAM,Services,Strategic,8,7,improving,0,0.6,83.4,64,4,0,0.0013,0,125858.62,1.28,1.75,0.2045,0.0045,0,0.52,-0.83,0.0,300.0,new_partner,train,26
partner_771,EMEA,Manufacturing,Registered,29,2,declining,9,7.4,52.6,43,0,1,0.8367,1,8769.64,40.11,-1.94,0.1562,0.6915,1,0.6538,37.93,6.12,0.0,mature,train,26
partner_772,NA,Services,Certified,36,6,improving,3,2.2,72.1,32,4,0,0.0036,0,16272.21,-9.28,-39.84,0.3683,-0.0894,0,0.25,-10.41,0.0,0.0,mature,train,26
partner_773,NA,Manufacturing,Strategic,52,9,stable,1,0.9,57.5,26,3,1,0.0021,0,20242.38,5.92,12.58,0.1017,-0.1601,0,0.1818,3.74,0.0,0.0,mature,train,26
partner_774,APAC,Services,Registered,28,8,improving,4,2.1,75.9,17,1,1,0.0265,0,9312.11,-2.49,12.51,0.1887,0.9374,1,0.6774,-3.62,13.3,0.0,mature,train,26
partner_775,EMEA,Manufacturing,Certified,51,8,improving,0,4.4,48.6,0,3,0,0.0063,0,33401.16,1.64,17.34,0.1859,0.0511,0,0.8095,-0.54,0.0,0.0,mature,train,26
partner_776,APAC,Tech,Registered,51,6,stable,1,3.5,51.7,64,1,0,0.03,0,8656.92,12.8,31.39,0.1694,0.3808,0,0.4231,9.82,0.0,0.0,mature,train,26
partner_777,LATAM,Manufacturing,Certified,27,8,improving,0,3.0,55.8,2,3,0,0.0019,0,10707.04,-16.75,-45.36,0.3867,-0.1692,0,0.1111,-18.93,0.0,0.0,mature,train,26
partner_778,EMEA,Tech,Certified,22,8,declining,6,3.7,46.3,38,4,1,0.2431,0,43900.23,20.14,-11.05,0.1966,0.7376,1,0.8387,17.16,-11.91,0.0,mature,train,26
partner_779,LATAM,Tech,Registered,5,6,stable,2,1.2,52.1,38,3,0,0.0076,0,11860.2,1.28,1.75,0.2045,0.0045,0,0.52,-0.83,0.0,11.12,new_partner,train,26
partner_780,APAC,Tech,Registered,12,7,stable,2,0.6,81.0,13,0,0,0.0017,0,11109.93,-12.97,7.81,0.1219,-0.2172,0,0.6538,-15.95,0.0,0.0,mature,train,26
partner_781,EMEA,Retail,Registered,47,10,improving,0,1.2,90.4,8,2,1,0.0007,0,5091.59,-4.31,15.68,0.1466,-0.0951,0,0.093,-6.75,0.0,0.0,mature,train,26
partner_782,APAC,Services,Registered,5,7,stable,8,3.7,55.5,40,2,0,0.0873,0,5232.18,1.28,1.75,0.2045,0.0045,0,0.52,-0.83,0.0,-62.64,new_partner,train,26
partner_783,NA,Retail,Certified,20,4,declining,6,3.0,43.4,49,0,0,0.07,0,30972.16,13.47,-6.08,0.1666,0.6266,1,0.4643,11.03,-10.51,0.0,mature,train,26
partner_784,LATAM,Retail,Registered,37,7,declining,1,5.3,41.7,18,0,1,0.2715,0,11122.02,17.33,52.97,0.2934,-0.0039,0,0.72,14.89,0.0,0.0,mature,train,26
partner_785,APAC,Retail,Registered,10,4,declining,8,3.6,0.0,76,1,1,0.951,1,12111.29,-1.02,12.54,0.2084,0.9376,1,0.7419,-3.46,7.3,0.0,mature,train,26
partner_786,NA,Services,Certified,53,10,stable,0,0.5,76.5,0,6,0,0.0,0,87456.84,4.17,46.27,0.3747,-0.4091,0,1.0,3.04,0.0,0.0,mature,train,26
partner_787,APAC,Tech,Certified,34,10,improving,0,2.2,86.5,22,6,0,0.0008,0,30289.06,-33.34,-1.6,0.2191,0.8305,1,0.5625,-36.32,4.98,0.0,mature,train,26
partner_788,NA,Manufacturing,Certified,1,4,declining,2,4.5,63.8,38,0,1,0.1273,1,33065.3,1.28,1.75,0.2045,0.0045,0,0.52,-0.83,0.0,33.14,new_partner,train,26
partner_789,LATAM,Services,Strategic,11,3,declining,6,7.9,16.4,92,0,1,0.9699,0,111430.76,26.99,0.76,0.2462,0.8013,1,0.8571,25.86,-2.83,0.0,mature,train,26
partner_790,LATAM,Retail,Registered,39,3,declining,6,2.5,44.8,68,0,1,0.3417,0,13852.95,-30.46,-1.89,0.2346,0.7085,1,0.84,-32.9,-8.42,0.0,mature,train,26
partner_791,EMEA,Services,Certified,47,7,improving,0,5.0,58.2,12,2,0,0.0019,0,41683.87,15.48,65.72,0.3277,-0.4504,0,0.7941,14.35,0.0,0.0,mature,train,26
partner_792,NA,Tech,Registered,50,6,stable,5,4.0,34.3,66,1,1,0.0147,0,18124.33,-4.73,28.94,0.2413,-0.0421,0,0.8718,-7.71,0.0,0.0,mature,train,26
partner_793,NA,Retail,Certified,46,7,stable,1,2.1,73.8,22,3,1,0.007,0,14938.84,11.45,23.33,0.1769,0.1424,0,0.1071,9.01,0.0,0.0,mature,train,26
partner_794,EMEA,Manufacturing,Strategic,1,9,stable,0,3.4,63.2,6,3,0,0.0015,0,34914.86,1.28,1.75,0.2045,0.0045,0,0.52,-0.83,0.0,-12.08,new_partner,train,26
partner_795,EMEA,Services,Certified,39,9,stable,1,4.4,87.5,3,3,0,0.0003,0,16524.43,0.54,7.26,0.1134,-0.4571,0,0.2353,-0.59,0.0,0.0,mature,train,26
partner_796,NA,Retail,Certified,3,5,declining,2,2.3,5.5,12,0,1,0.8071,1,51724.0,1.28,1.75,0.2045,0.0045,0,0.52,-0.83,0.0,38.85,new_partner,train,26
partner_797,EMEA,Manufacturing,Certified,1,7,improving,2,2.8,47.0,27,0,0,0.0119,0,9819.64,1.28,1.75,0.2045,0.0045,0,0.52,-0.83,0.0,-80.63,new_partner,train,26
partner_798,EMEA,Retail,Registered,37,6,improving,5,3.0,59.6,52,0,0,0.0636,0,13276.47,0.48,-1.74,0.0861,-0.0331,0,0.7907,-1.96,0.0,0.0,mature,train,26
partner_799,LATAM,Manufacturing,Certified,24,5,declining,4,5.4,47.6,27,0,0,0.0532,0,11133.79,-13.66,-26.85,0.162,0.084,0,0.2222,-15.84,0.0,0.0,mature,train,26
partner_800,LATAM,Manufacturing,Certified,34,7,stable,2,5.6,52.5,73,0,0,0.1601,0,23372.1,15.14,8.46,0.0944,0.2805,0,0.6667,12.96,0.0,0.0,mature,train,26
partner_801,LATAM,Manufacturing,Strategic,46,10,stable,0,0.5,100.0,0,3,0,0.0,0,55695.69,-8.6,-28.43,0.2034,0.5264,1,0.75,-10.78,-6.78,0.0,mature,train,26
partner_802,NA,Manufacturing,Registered,1,8,declining,1,3.0,58.7,22,2,0,0.0616,0,7587.89,1.28,1.75,0.2045,0.0045,0,0.52,-0.83,0.0,-54.03,new_partner,train,26
partner_803,APAC,Retail,Registered,27,4,stable,2,5.4,14.0,28,0,0,0.3387,0,10315.73,-12.18,-2.72,0.2258,0.853,1,0.6129,-14.62,-5.81,0.0,mature,train,26
partner_804,NA,Manufacturing,Certified,45,7,improving,1,2.6,58.3,49,0,0,0.0171,0,26579.19,-9.62,-35.57,0.2703,0.4022,0,0.6154,-11.8,0.0,0.0,mature,train,26
partner_805,EMEA,Manufacturing,Registered,22,9,stable,0,0.5,75.3,36,6,0,0.0015,0,16189.87,34.12,70.83,0.305,-0.0219,0,0.9231,31.94,0.0,0.0,mature,train,26
partner_806,EMEA,Manufacturing,Registered,27,7,stable,2,4.0,67.3,29,2,0,0.0406,0,18680.26,10.69,55.19,0.3368,0.0907,0,0.9615,8.51,0.0,0.0,mature,train,26
partner_807,LATAM,Retail,Registered,25,10,stable,0,3.4,77.4,0,4,0,0.0003,0,4405.19,0.47,-1.46,0.0826,0.2763,0,0.2,-1.97,0.0,0.0,mature,train,26
partner_808,EMEA,Tech,Certified,49,6,declining,4,5.9,35.5,27,0,0,0.0436,0,20078.58,-3.62,-18.74,0.1107,-0.0476,0,0.3548,-6.6,0.0,0.0,mature,train,26
partner_809,NA,Tech,Registered,1,7,improving,3,1.3,42.0,38,4,0,0.006,0,12619.54,1.28,1.75,0.2045,0.0045,0,0.52,-0.83,0.0,6.21,new_partner,train,26
partner_810,APAC,Retail,Registered,47,9,improving,2,3.3,83.5,9,4,0,0.0003,0,7668.99,33.5,-1.07,0.1802,0.7784,1,0.4516,31.06,-6.53,0.0,mature,train,26
partner_811,EMEA,Retail,Registered,44,8,stable,4,5.1,74.9,18,5,0,0.0035,0,12754.52,2.62,-2.7,0.0898,0.0264,0,0.7674,0.18,0.0,0.0,mature,train,26
partner_812,EMEA,Tech,Strategic,44,5,improving,4,7.4,67.9,40,1,0,0.0772,0,82345.97,8.85,-5.95,0.0934,0.0045,0,0.7,5.87,0.0,0.0,mature,train,26
partner_813,APAC,Manufacturing,Certified,20,8,improving,1,3.7,46.4,24,6,0,0.0181,0,44580.57,6.37,75.62,0.3587,-0.5423,0,1.0,4.19,0.0,0.0,mature,train,26
partner_814,NA,Retail,Registered,26,2,declining,3,6.4,35.7,26,0,0,0.1887,0,11604.72,-17.97,10.69,0.1965,0.8756,1,0.8298,-20.41,10.2,0.0,mature,train,26
partner_815,EMEA,Services,Registered,18,3,stable,1,1.6,50.5,7,1,0,0.0161,0,10570.61,-3.49,31.62,0.2586,-0.1013,0,0.6429,-4.62,0.0,0.0,mature,train,26
partner_816,APAC,Tech,Certified,11,8,stable,3,1.1,66.3,3,2,1,0.0022,0,32199.6,-6.17,2.59,0.0974,0.3905,0,0.6875,-9.15,0.0,0.0,mature,train,26
partner_817,APAC,Services,Registered,47,9,improving,1,3.9,100.0,9,4,0,0.0003,0,5417.76,5.64,-10.11,0.2149,0.8021,1,0.3226,4.51,-9.33,0.0,mature,train,26
partner_818,NA,Tech,Certified,26,9,improving,0,0.5,92.0,18,5,0,0.0002,0,47865.69,-7.66,-0.13,0.1217,-0.4243,0,0.7667,-10.64,0.0,0.0,mature,train,26
partner_819,LATAM,Tech,Registered,38,6,stable,15,5.2,21.6,63,0,1,0.8513,1,9784.67,51.08,18.67,0.256,0.8317,1,0.6129,48.1,20.13,0.0,mature,train,26
partner_820,EMEA,Manufacturing,Strategic,2,10,stable,0,3.7,80.6,34,6,0,0.0003,0,56253.52,1.28,1.75,0.2045,0.0045,0,0.52,-0.83,0.0,-15.69,new_partner,train,26
partner_821,EMEA,Services,Registered,42,8,improving,0,3.5,65.6,0,4,0,0.0008,0,4593.22,2.0,10.08,0.1104,0.2533,0,0.1429,0.87,0.0,0.0,mature,train,26
partner_822,NA,Tech,Certified,35,8,improving,1,4.0,65.2,37,3,1,0.0057,0,20479.62,3.77,1.87,0.0728,-0.1297,0,0.3667,0.79,0.0,0.0,mature,train,26
partner_823,EMEA,Tech,Registered,54,4,stable,4,4.4,18.0,38,0,0,0.0604,0,19887.15,-9.06,-8.11,0.0944,0.0569,0,0.8438,-12.04,0.0,0.0,mature,train,26
partner_824,LATAM,Manufacturing,Strategic,4,7,improving,0,2.5,66.3,73,1,0,0.0511,1,130578.05,1.28,1.75,0.2045,0.0045,0,0.52,-0.83,0.0,300.0,new_partner,train,26
partner_825,APAC,Manufacturing,Strategic,28,7,improving,1,6.3,29.4,31,3,0,0.0444,0,68343.66,11.72,25.22,0.1876,0.1034,0,0.3333,9.54,0.0,0.0,mature,train,26
partner_826,EMEA,Retail,Certified,26,7,declining,7,5.1,33.4,25,1,0,0.094,0,42952.93,4.84,6.37,0.0908,0.1545,0,0.8485,2.4,0.0,0.0,mature,train,26
partner_827,NA,Tech,Registered,28,6,stable,6,5.1,80.2,50,1,1,0.0306,0,15256.96,13.58,39.28,0.1861,-0.2467,0,0.8205,10.6,0.0,0.0,mature,train,26
partner_828,EMEA,Tech,Registered,1,5,improving,5,3.8,45.5,48,3,0,0.2226,0,6221.28,1.28,1.75,0.2045,0.0045,0,0.52,-0.83,0.0,-49.49,new_partner,train,26
partner_829,APAC,Services,Certified,24,5,declining,3,2.6,76.7,32,1,1,0.0118,0,60850.84,-7.63,2.15,0.1338,0.3459,0,1.0,-8.76,0.0,0.0,mature,train,26
partner_830,EMEA,Tech,Certified,14,8,improving,0,3.5,67.5,27,7,1,0.0048,0,39791.25,3.19,-4.68,0.1648,0.5066,1,0.7097,0.21,-5.82,0.0,mature,train,26
partner_831,LATAM,Tech,Registered,32,10,improving,0,0.5,76.6,17,3,0,0.0,0,6903.03,1.18,22.56,0.1784,-0.1606,0,0.3871,-1.8,0.0,0.0,mature,train,26
partner_832,NA,Services,Registered,10,6,improving,3,3.9,35.6,61,1,1,0.0551,0,6965.92,8.09,-1.24,0.1854,0.8328,1,0.3182,6.96,-1.53,0.0,mature,train,26
partner_833,NA,Tech,Registered,22,8,improving,1,3.9,100.0,28,4,0,0.0005,0,10905.08,8.6,40.1,0.2274,0.3374,0,0.6667,5.62,0.0,0.0,mature,train,26
partner_834,LATAM,Retail,Certified,32,5,declining,2,3.9,32.0,77,3,0,0.7974,1,10021.3,8.2,-5.02,0.1001,0.3515,0,0.0357,5.76,0.0,0.0,mature,train,26
partner_835,LATAM,Retail,Certified,1,10,improving,0,4.5,100.0,30,5,0,0.0001,0,50863.96,1.28,1.75,0.2045,0.0045,0,0.52,-0.83,0.0,20.19,new_partner,train,26
partner_836,NA,Retail,Certified,42,5,stable,7,2.0,52.7,25,1,0,0.0128,0,37374.27,15.87,49.65,0.2153,-0.5246,0,0.6071,13.43,0.0,0.0,mature,train,26
partner_837,LATAM,Retail,Certified,38,7,stable,0,2.3,76.9,21,2,0,0.0003,0,42968.95,9.73,40.18,0.2376,-0.1544,0,0.8571,7.29,0.0,0.0,mature,train,26
partner_838,APAC,Tech,Registered,1,6,stable,4,6.9,41.1,38,0,0,0.0433,0,10136.18,1.28,1.75,0.2045,0.0045,0,0.52,-0.83,0.0,13.49,new_partner,train,26
partner_839,NA,Services,Registered,1,5,stable,2,4.9,40.6,30,3,1,0.3397,0,5346.33,1.28,1.75,0.2045,0.0045,0,0.52,-0.83,0.0,-65.17,new_partner,train,26
partner_840,NA,Manufacturing,Registered,46,7,stable,4,3.2,62.8,46,3,0,0.0064,0,9119.35,5.51,-10.6,0.0827,-0.1733,0,0.6364,3.33,0.0,0.0,mature,train,26
partner_841,EMEA,Retail,Certified,13,6,stable,3,4.1,83.2,0,4,0,0.001,0,26406.41,1.49,10.7,0.1071,0.079,0,0.3939,-0.95,0.0,0.0,mature,train,26
partner_842,LATAM,Manufacturing,Registered,46,7,declining,2,3.9,51.1,78,2,1,0.2232,0,7268.74,5.46,35.29,0.2229,0.0272,0,0.3913,3.28,0.0,0.0,mature,train,26
partner_843,NA,Retail,Registered,25,6,stable,4,6.8,50.0,68,0,0,0.6394,1,6784.53,-11.62,-14.78,0.099,-0.361,0,0.2766,-14.06,0.0,0.0,mature,train,26
partner_844,NA,Services,Registered,16,5,declining,7,5.3,40.4,11,2,0,0.2466,0,34621.4,8.45,56.23,0.319,-0.0504,0,1.0,7.32,0.0,0.0,mature,train,26
partner_845,EMEA,Retail,Registered,12,4,stable,3,2.4,85.2,54,3,0,0.0132,0,5424.29,14.35,21.47,0.1901,0.7382,1,0.1395,11.91,3.88,0.0,mature,train,26
partner_846,APAC,Manufacturing,Certified,35,7,improving,4,3.0,71.1,36,5,0,0.0017,0,30754.59,41.54,-0.01,0.2213,0.6837,1,0.5385,39.36,-3.64,0.0,mature,train,26
partner_847,NA,Tech,Registered,3,9,declining,0,2.4,100.0,43,7,0,0.0,0,18248.88,1.28,1.75,0.2045,0.0045,0,0.52,-0.83,0.0,49.15,new_partner,train,26
partner_848,LATAM,Manufacturing,Registered,20,9,stable,0,2.0,73.8,41,6,0,0.0005,0,14710.41,11.34,2.82,0.2381,0.7837,1,0.7826,9.16,2.45,0.0,mature,train,26
partner_849,EMEA,Tech,Certified,17,4,declining,6,4.6,45.0,87,3,0,0.3919,1,6917.99,-14.13,-43.04,0.3335,-0.3867,0,0.0323,-17.11,0.0,0.0,mature,train,26
partner_850,APAC,Services,Registered,5,6,declining,4,5.3,57.1,48,0,0,0.12,0,4956.3,1.28,1.75,0.2045,0.0045,0,0.52,-0.83,0.0,-46.1,new_partner,train,26
partner_851,EMEA,Retail,Registered,17,5,declining,4,5.0,44.0,63,1,0,0.3676,1,6713.84,13.88,43.61,0.2579,0.076,0,0.3256,11.44,0.0,0.0,mature,train,26
partner_852,EMEA,Services,Registered,27,8,improving,1,1.5,76.2,16,3,0,0.0005,0,13142.97,7.73,40.57,0.2793,-0.4288,0,0.7619,6.6,0.0,0.0,mature,train,26
partner_853,APAC,Tech,Certified,36,9,stable,0,1.4,61.5,38,10,0,0.0024,0,22071.62,-1.83,-4.89,0.0972,-0.196,0,0.25,-4.81,0.0,0.0,mature,train,26
partner_854,APAC,Services,Registered,2,6,declining,4,3.6,41.7,3,2,0,0.0143,0,17669.94,1.28,1.75,0.2045,0.0045,0,0.52,-0.83,0.0,219.23,new_partner,train,26
partner_855,EMEA,Services,Certified,47,6,stable,1,3.8,39.2,17,0,0,0.0067,0,10832.07,0.78,23.79,0.2264,0.828,1,0.0588,-0.35,11.18,0.0,mature,train,26
partner_856,NA,Services,Strategic,47,8,declining,2,2.3,66.3,18,4,0,0.0008,0,97079.12,0.03,7.2,0.0999,-0.5166,0,0.7,-1.1,0.0,0.0,mature,train,26
partner_857,LATAM,Retail,Certified,37,9,stable,0,4.5,62.4,28,4,0,0.0104,0,34592.84,-30.29,-2.58,0.193,0.5195,1,0.7857,-32.73,4.39,0.0,mature,train,26
partner_858,APAC,Retail,Registered,50,8,declining,0,1.7,52.1,38,5,0,0.05,0,4725.0,-4.66,-27.05,0.2405,-0.0866,0,0.1935,-7.1,0.0,0.0,mature,train,26
partner_859,NA,Retail,Certified,21,10,stable,0,0.5,98.0,31,4,0,0.0001,0,54692.78,6.3,9.73,0.0835,0.1999,0,1.0,3.86,0.0,0.0,mature,train,26
partner_860,NA,Retail,Registered,44,8,improving,2,5.6,51.6,14,4,0,0.0023,0,13225.29,49.27,10.04,0.2928,0.8823,1,0.8936,46.83,1.43,0.0,mature,train,26
partner_861,LATAM,Manufacturing,Registered,39,6,improving,2,1.3,37.5,0,2,0,0.0103,0,7337.34,16.37,36.79,0.1768,-0.4536,0,0.4348,14.19,0.0,0.0,mature,train,26
partner_862,LATAM,Services,Certified,29,10,stable,2,3.9,65.9,12,3,0,0.0012,0,8438.77,-11.79,-39.46,0.3217,-0.3293,0,0.0476,-12.92,0.0,0.0,mature,train,26
partner_863,LATAM,Services,Registered,7,8,improving,0,3.5,100.0,14,6,0,0.0017,0,6720.58,1.28,1.75,0.2045,0.0045,0,0.52,-0.83,0.0,-28.49,new_partner,train,26
partner_864,NA,Tech,Registered,29,8,declining,0,0.9,83.5,30,5,0,0.0007,0,23291.84,-7.85,-10.04,0.1249,0.4057,0,0.9744,-10.83,0.0,0.0,mature,train,26
partner_865,EMEA,Manufacturing,Registered,49,8,stable,0,3.2,44.4,68,2,0,0.0093,0,5546.24,18.2,8.31,0.0955,0.0797,0,0.2692,16.02,0.0,0.0,mature,train,26
partner_866,APAC,Services,Registered,54,9,stable,0,1.6,83.4,47,3,0,0.0024,0,10056.58,13.29,59.62,0.3077,-0.375,0,0.7419,12.16,0.0,0.0,mature,train,26
partner_867,APAC,Services,Registered,22,1,declining,15,6.4,17.9,96,0,1,0.9991,1,6849.64,6.44,-30.18,0.222,0.3836,0,0.4516,5.31,0.0,0.0,mature,train,26
partner_868,LATAM,Retail,Certified,11,7,stable,1,2.6,56.5,32,0,1,0.0289,0,52947.88,4.26,-7.8,0.1072,-0.0424,0,0.9643,1.82,0.0,0.0,mature,train,26
partner_869,EMEA,Tech,Strategic,40,10,stable,1,2.6,78.2,26,7,0,0.0004,0,150763.34,18.13,40.09,0.2025,0.0393,0,1.0,15.15,0.0,0.0,mature,train,26
partner_870,EMEA,Services,Registered,1,5,stable,2,4.7,39.8,66,0,1,0.2126,0,8904.47,1.28,1.75,0.2045,0.0045,0,0.52,-0.83,0.0,-42.58,new_partner,train,26
partner_871,LATAM,Tech,Certified,5,5,stable,2,5.7,48.7,32,1,1,0.3413,1,60750.67,1.28,1.75,0.2045,0.0045,0,0.52,-0.83,0.0,179.35,new_partner,train,26
partner_872,EMEA,Tech,Registered,29,5,improving,2,2.3,85.7,18,5,0,0.005,0,15288.15,16.94,60.88,0.3285,-0.0876,0,0.8125,13.96,0.0,0.0,mature,train,26
partner_873,APAC,Services,Registered,54,9,declining,2,1.8,66.7,43,2,0,0.0022,0,3190.89,-0.81,-33.99,0.2196,0.0921,0,0.0323,-1.94,0.0,0.0,mature,train,26
partner_874,NA,Services,Registered,16,5,declining,3,3.2,50.1,20,0,0,0.0705,0,4228.43,7.32,42.2,0.2203,0.2931,0,0.1364,6.19,0.0,0.0,mature,train,26
partner_875,LATAM,Services,Registered,22,9,improving,0,1.3,97.3,20,7,0,0.0001,0,8055.97,7.74,0.66,0.0986,-0.2344,0,0.4286,6.61,0.0,0.0,mature,train,26
partner_876,APAC,Services,Registered,15,4,declining,9,2.6,20.4,58,0,0,0.7247,0,15613.7,16.09,93.14,0.3844,-0.7146,0,0.9355,14.96,0.0,0.0,mature,train,26
partner_877,NA,Retail,Registered,22,7,stable,5,5.9,26.5,60,0,0,0.1622,0,6915.42,13.3,7.09,0.1994,0.7087,1,0.3191,10.86,1.3,0.0,mature,train,26
partner_878,NA,Tech,Registered,1,8,stable,3,3.7,62.7,46,4,0,0.0109,0,10864.58,1.28,1.75,0.2045,0.0045,0,0.52,-0.83,0.0,25.88,new_partner,train,26
partner_879,LATAM,Tech,Certified,31,6,stable,5,4.1,74.4,64,3,1,0.21,1,9306.29,-36.7,-7.63,0.2028,0.8351,1,0.0588,-39.68,-3.89,0.0,mature,train,26
partner_880,NA,Manufacturing,Registered,31,8,improving,3,2.9,75.6,0,3,0,0.0012,0,8081.09,4.44,45.2,0.2881,-0.441,0,0.5152,2.26,0.0,0.0,mature,train,26
partner_881,NA,Tech,Registered,15,7,stable,1,2.1,69.7,59,4,0,0.0052,0,4259.09,0.19,-19.15,0.248,-0.0817,0,0.1026,-2.79,0.0,0.0,mature,train,26
partner_882,LATAM,Manufacturing,Registered,12,9,improving,0,0.9,55.8,50,3,0,0.0089,0,15155.31,-6.94,-38.18,0.2742,-0.1477,0,0.8696,-9.12,0.0,0.0,mature,train,26
partner_883,APAC,Tech,Certified,41,7,improving,2,2.7,42.2,49,0,0,0.0802,0,56634.51,9.36,35.69,0.1652,-0.167,0,1.0,6.38,0.0,0.0,mature,train,26
partner_884,NA,Manufacturing,Registered,7,5,declining,5,2.4,18.6,67,2,0,0.6569,1,7079.24,1.28,1.75,0.2045,0.0045,0,0.52,-0.83,0.0,-38.85,new_partner,train,26
partner_885,EMEA,Tech,Certified,1,6,declining,7,5.3,32.1,71,0,1,0.6266,1,27938.56,1.28,1.75,0.2045,0.0045,0,0.52,-0.83,0.0,-34.47,new_partner,train,26
partner_886,NA,Tech,Registered,1,3,stable,4,4.2,56.3,35,0,0,0.0378,0,5852.32,1.28,1.75,0.2045,0.0045,0,0.52,-0.83,0.0,-48.83,new_partner,train,26
partner_887,NA,Retail,Registered,48,8,improving,0,0.5,57.3,28,2,0,0.001,0,3750.21,-17.44,-32.89,0.279,-0.2353,0,0.0426,-19.88,0.0,0.0,mature,train,26
partner_888,EMEA,Retail,Strategic,18,4,improving,6,4.1,30.9,80,0,0,0.9719,1,123397.22,8.73,50.3,0.2973,-0.3749,0,0.8571,6.29,0.0,0.0,mature,train,26
partner_889,EMEA,Services,Registered,2,7,stable,5,4.2,70.5,0,2,0,0.0101,0,6069.24,1.28,1.75,0.2045,0.0045,0,0.52,-0.83,0.0,-57.81,new_partner,train,26
partner_890,LATAM,Tech,Registered,47,6,stable,1,5.4,74.0,48,2,1,0.0262,0,5426.42,7.06,4.94,0.0968,-0.2913,0,0.2581,4.08,0.0,0.0,mature,train,26
partner_891,NA,Retail,Registered,5,8,declining,1,0.8,42.0,30,1,0,0.0009,0,5043.27,1.28,1.75,0.2045,0.0045,0,0.52,-0.83,0.0,-69.62,new_partner,train,26
partner_892,APAC,Services,Strategic,16,9,improving,0,4.7,77.9,22,6,0,0.0007,0,110747.54,5.95,11.13,0.0817,0.1843,0,0.8182,4.82,0.0,0.0,mature,train,26
partner_893,EMEA,Manufacturing,Certified,1,7,declining,4,3.7,18.6,39,0,0,0.1266,0,19329.79,1.28,1.75,0.2045,0.0045,0,0.52,-0.83,0.0,-76.91,new_partner,train,26
partner_894,EMEA,Retail,Certified,36,10,improving,0,0.5,67.1,0,3,0,0.0001,0,30934.29,-11.09,3.71,0.2055,0.8008,1,0.6061,-13.53,3.93,0.0,mature,train,26
partner_895,LATAM,Tech,Strategic,37,10,improving,0,4.7,71.0,0,2,0,0.0002,0,92727.1,-7.31,-31.58,0.3162,-0.2158,0,0.6,-10.29,0.0,0.0,mature,train,26
partner_896,APAC,Retail,Registered,40,6,improving,4,2.1,24.0,13,1,1,0.0287,0,10482.56,4.26,3.45,0.1011,-0.0199,0,0.6452,1.82,0.0,0.0,mature,train,26
partner_897,EMEA,Manufacturing,Strategic,12,3,stable,1,7.1,30.4,75,0,0,0.4787,0,46849.56,20.91,77.98,0.3271,-0.5322,0,0.2308,18.73,0.0,0.0,mature,train,26
partner_898,EMEA,Retail,Registered,16,8,improving,1,1.3,73.8,9,3,0,0.0008,0,13764.34,-37.09,-2.3,0.2429,0.8339,1,0.8372,-39.53,3.49,0.0,mature,train,26
partner_899,EMEA,Retail,Certified,51,4,stable,6,4.6,16.5,49,0,1,0.7221,1,27473.64,4.69,45.12,0.2831,0.2565,0,0.4848,2.25,0.0,0.0,mature,train,26
partner_900,NA,Retail,Registered,44,7,improving,2,0.5,67.9,41,6,0,0.0026,0,12961.05,1.12,-2.6,0.1689,0.734,1,0.8723,-1.32,-6.9,0.0,mature,train,26
partner_901,NA,Manufacturing,Registered,1,10,improving,0,3.6,82.2,6,4,0,0.0001,0,9956.44,1.28,1.75,0.2045,0.0045,0,0.52,-0.83,0.0,-46.28,new_partner,train,26
partner_902,EMEA,Retail,Strategic,37,4,stable,9,7.8,17.5,98,0,1,0.9965,1,72889.12,30.94,1.18,0.2453,0.8175,1,0.4286,28.5,9.43,0.0,mature,train,26
partner_903,EMEA,Services,Registered,44,3,declining,1,3.3,18.5,30,0,0,0.1407,1,10816.9,13.86,48.1,0.3039,-0.0537,0,0.6667,12.73,0.0,0.0,mature,train,26
partner_904,NA,Retail,Strategic,29,3,improving,6,4.7,45.9,52,0,1,0.5042,1,41190.46,-0.58,-29.66,0.2106,0.1435,0,0.3636,-3.02,0.0,0.0,mature,train,26
partner_905,APAC,Manufacturing,Registered,34,8,stable,2,4.2,70.0,17,6,0,0.0024,0,6676.24,-9.22,-34.35,0.2915,-0.2268,0,0.4167,-11.4,0.0,0.0,mature,train,26
partner_906,LATAM,Tech,Certified,1,10,stable,0,1.2,67.8,27,4,0,0.0007,0,57820.35,1.28,1.75,0.2045,0.0045,0,0.52,-0.83,0.0,52.19,new_partner,train,26
partner_907,NA,Tech,Strategic,1,6,stable,1,5.0,88.9,27,2,0,0.0029,0,70234.56,1.28,1.75,0.2045,0.0045,0,0.52,-0.83,0.0,102.62,new_partner,train,26
partner_908,EMEA,Retail,Registered,1,8,stable,2,3.2,63.6,52,1,0,0.0173,0,6594.21,1.28,1.75,0.2045,0.0045,0,0.52,-0.83,0.0,-51.18,new_partner,train,26
partner_909,EMEA,Services,Strategic,6,8,improving,1,1.3,80.8,21,3,0,0.0003,0,98674.31,1.28,1.75,0.2045,0.0045,0,0.52,-0.83,0.0,243.17,new_partner,train,26
partner_910,EMEA,Services,Certified,54,8,stable,0,0.5,79.6,0,1,0,0.0038,0,80892.92,8.25,67.22,0.361,-0.1179,0,1.0,7.12,0.0,0.0,mature,train,26
partner_911,LATAM,Retail,Certified,33,7,declining,1,0.5,58.5,15,6,0,0.0009,0,18659.06,-4.81,-33.56,0.2938,-0.2999,0,0.1786,-7.25,0.0,0.0,mature,train,26
partner_912,APAC,Retail,Registered,42,9,stable,1,2.9,72.4,0,3,0,0.0006,0,8005.18,7.91,54.27,0.2644,-0.2215,0,0.4839,5.47,0.0,0.0,mature,train,26
partner_913,APAC,Services,Certified,14,6,declining,7,5.1,45.1,66,0,0,0.6227,0,27209.38,3.68,-5.16,0.0934,-0.13,0,0.5882,2.55,0.0,0.0,mature,train,26
partner_914,APAC,Tech,Certified,51,4,improving,7,5.6,29.6,64,0,1,0.6421,1,25629.0,9.36,35.42,0.2177,-0.0973,0,0.375,6.38,0.0,0.0,mature,train,26
partner_915,APAC,Retail,Registered,8,6,stable,2,3.7,34.3,68,0,0,0.5539,0,5650.29,1.28,1.75,0.2045,0.0045,0,0.52,-0.83,0.0,-55.0,new_partner,train,26
partner_916,APAC,Retail,Registered,49,7,stable,3,0.7,69.3,32,2,1,0.0029,0,9923.66,22.09,4.92,0.1883,0.7206,1,0.5806,19.65,-1.36,0.0,mature,train,26
partner_917,EMEA,Manufacturing,Registered,1,8,improving,3,2.6,61.6,5,1,0,0.012,0,4085.54,1.28,1.75,0.2045,0.0045,0,0.52,-0.83,0.0,-88.17,new_partner,train,26
partner_918,EMEA,Manufacturing,Strategic,1,3,declining,4,8.6,25.1,74,0,1,0.8379,0,156522.77,1.28,1.75,0.2045,0.0045,0,0.52,-0.83,0.0,300.0,new_partner,train,26
partner_919,NA,Manufacturing,Registered,1,9,improving,3,1.6,62.3,41,4,0,0.0114,0,14802.19,1.28,1.75,0.2045,0.0045,0,0.52,-0.83,0.0,14.43,new_partner,train,26
partner_920,NA,Services,Certified,42,7,improving,2,3.7,48.0,40,0,0,0.0205,0,15495.23,-3.9,-25.05,0.1603,-0.2562,0,0.1,-5.03,0.0,0.0,mature,train,26
partner_921,EMEA,Tech,Strategic,11,7,stable,3,0.5,66.3,43,0,0,0.0061,0,33976.35,-15.25,-37.12,0.3323,-0.1802,0,0.1,-18.23,0.0,0.0,mature,train,26
partner_922,APAC,Tech,Registered,23,5,declining,10,3.9,68.2,20,0,1,0.1122,0,14386.61,9.74,57.66,0.2534,-0.0896,0,0.8846,6.76,0.0,0.0,mature,train,26
partner_923,LATAM,Tech,Registered,24,4,stable,8,4.3,38.5,62,0,1,0.8703,1,6156.87,-3.63,10.12,0.0852,-0.2976,0,0.3226,-6.61,0.0,0.0,mature,train,26
partner_924,NA,Tech,Certified,42,7,stable,2,3.3,84.4,27,2,0,0.001,0,24927.11,-0.6,42.36,0.2147,-0.1353,0,0.4667,-3.58,0.0,0.0,mature,train,26
partner_925,EMEA,Retail,Registered,17,7,stable,1,2.9,50.8,13,2,0,0.003,0,10982.19,7.71,11.01,0.1007,-0.2677,0,0.6512,5.27,0.0,0.0,mature,train,26
partner_926,EMEA,Retail,Certified,1,4,declining,5,1.7,37.5,57,0,0,0.0819,0,14534.61,1.28,1.75,0.2045,0.0045,0,0.52,-0.83,0.0,-66.14,new_partner,train,26
partner_927,EMEA,Tech,Certified,19,5,stable,0,2.7,39.8,33,1,0,0.0069,0,56846.9,10.84,57.3,0.3589,0.0852,0,0.9677,7.86,0.0,0.0,mature,train,26
partner_928,APAC,Manufacturing,Certified,13,6,declining,1,2.9,45.9,39,0,0,0.0058,0,37603.05,-1.0,28.83,0.2754,0.0296,0,0.9231,-3.18,0.0,0.0,mature,train,26
partner_929,NA,Retail,Registered,39,4,stable,8,4.0,20.2,80,0,0,0.7422,0,9604.86,-17.79,-38.22,0.2617,0.2221,0,0.6809,-20.23,0.0,0.0,mature,train,26
partner_930,LATAM,Tech,Certified,40,8,declining,0,1.9,72.5,42,2,0,0.0029,0,37727.11,11.19,44.32,0.2301,-0.1472,0,0.7647,8.21,0.0,0.0,mature,train,26
partner_931,EMEA,Manufacturing,Certified,2,6,declining,5,6.0,55.0,28,1,1,0.3103,0,16381.52,1.28,1.75,0.2045,0.0045,0,0.52,-0.83,0.0,-68.42,new_partner,train,26
partner_932,NA,Manufacturing,Registered,42,5,declining,4,3.0,40.3,39,1,0,0.1587,1,5819.64,-3.27,33.47,0.2498,0.7494,1,0.1212,-5.45,39.81,0.0,mature,train,26
partner_933,NA,Services,Certified,1,5,stable,2,4.3,48.4,84,2,0,0.0685,0,15769.11,1.28,1.75,0.2045,0.0045,0,0.52,-0.83,0.0,-35.32,new_partner,train,26
partner_934,LATAM,Services,Strategic,32,1,stable,4,5.3,23.7,99,0,1,0.9835,1,41255.95,-10.83,-27.13,0.2469,-0.1811,0,0.5714,-11.96,0.0,0.0,mature,train,26
partner_935,LATAM,Manufacturing,Certified,19,7,improving,4,1.8,56.9,58,1,0,0.0171,0,21178.71,15.25,13.94,0.1056,-0.2685,0,0.4444,13.07,0.0,0.0,mature,train,26
partner_936,EMEA,Retail,Registered,14,5,stable,12,5.1,32.0,77,0,0,0.7847,1,14216.11,-4.82,-3.54,0.1077,-0.4064,0,0.8605,-7.26,0.0,0.0,mature,train,26
partner_937,APAC,Tech,Registered,25,8,improving,0,2.9,65.1,4,2,1,0.0038,0,5345.11,-6.89,-1.72,0.0866,-0.0321,0,0.2308,-9.87,0.0,0.0,mature,train,26
partner_938,EMEA,Manufacturing,Registered,15,8,improving,1,4.9,70.0,18,8,0,0.0151,0,12022.33,8.17,65.1,0.3301,-0.1894,0,0.8077,5.99,0.0,0.0,mature,train,26
partner_939,APAC,Retail,Registered,43,10,stable,0,0.5,100.0,0,11,0,0.0,0,3729.27,-14.54,-33.92,0.2926,-0.3242,0,0.0645,-16.98,0.0,0.0,mature,train,26
partner_940,EMEA,Retail,Registered,53,4,declining,4,4.9,27.3,61,0,1,0.9009,1,6644.05,-11.26,-25.63,0.2104,-0.1822,0,0.3023,-13.7,0.0,0.0,mature,train,26
partner_941,EMEA,Retail,Strategic,44,10,stable,0,3.2,71.2,0,2,0,0.0008,0,76218.32,5.19,27.99,0.1782,-0.3027,0,0.5,2.75,0.0,0.0,mature,train,26
partner_942,APAC,Tech,Registered,22,9,stable,4,5.4,53.3,59,1,0,0.0987,0,3338.14,5.07,-32.51,0.275,0.2973,0,0.0385,2.09,0.0,0.0,mature,train,26
partner_943,EMEA,Tech,Certified,26,6,improving,5,3.2,46.6,0,2,0,0.0182,0,24941.14,29.85,-4.81,0.2446,0.9178,1,0.4516,26.87,-1.53,0.0,mature,train,26
partner_944,NA,Retail,Registered,22,5,stable,4,4.4,15.2,73,0,1,0.6366,1,7428.72,-17.71,1.52,0.2082,0.8065,1,0.383,-20.15,-3.18,0.0,mature,train,26
partner_945,NA,Services,Registered,43,6,stable,4,5.1,49.6,56,1,0,0.049,0,12230.18,13.38,60.15,0.3066,-0.0842,0,0.9318,12.25,0.0,0.0,mature,train,26
partner_946,EMEA,Services,Registered,29,8,declining,2,3.5,72.7,75,5,0,0.0124,0,5129.89,-4.23,-23.92,0.1592,0.0703,0,0.2143,-5.36,0.0,0.0,mature,train,26
partner_947,LATAM,Retail,Registered,24,9,improving,1,3.6,100.0,13,4,0,0.0003,0,6469.92,2.58,-9.98,0.1646,-0.2115,0,0.4,0.14,0.0,0.0,mature,train,26
partner_948,APAC,Services,Certified,20,6,improving,0,5.3,46.9,29,1,1,0.2621,0,7452.37,-8.87,-29.04,0.1792,0.049,0,0.0588,-10.0,0.0,0.0,mature,train,26
partner_949,APAC,Retail,Strategic,18,7,improving,4,4.1,70.7,38,3,0,0.0033,0,107702.89,6.2,3.61,0.0978,-0.4529,0,0.5714,3.76,0.0,0.0,mature,train,26
partner_950,NA,Services,Strategic,29,10,improving,1,2.1,81.7,27,2,0,0.0008,0,83430.15,23.16,45.21,0.2323,-0.2033,0,0.6,22.03,0.0,0.0,mature,train,26
partner_951,NA,Services,Registered,36,6,stable,5,3.0,64.6,46,0,0,0.0273,0,9322.19,1.96,-7.93,0.0819,-0.0782,0,0.5455,0.83,0.0,0.0,mature,train,26
partner_952,EMEA,Retail,Certified,22,6,declining,6,3.5,40.4,21,1,1,0.1453,1,25658.27,12.31,-0.59,0.1812,0.7722,1,0.3636,9.87,0.38,0.0,mature,train,26
partner_953,EMEA,Services,Registered,43,4,declining,3,4.6,51.7,71,1,1,0.7064,1,6907.13,11.55,-2.27,0.1071,0.3422,0,0.3571,10.42,0.0,0.0,mature,train,26
partner_954,EMEA,Services,Strategic,44,7,stable,0,4.2,91.8,24,1,0,0.0011,0,73377.57,-5.62,1.75,0.1115,0.313,0,0.4444,-6.75,0.0,0.0,mature,train,26
partner_955,APAC,Services,Certified,21,5,stable,8,5.5,51.2,45,0,0,0.245,0,42780.9,-1.77,-35.5,0.2629,0.5069,1,0.9412,-2.9,-8.96,0.0,mature,train,26
partner_956,APAC,Services,Registered,49,7,improving,2,3.3,83.9,0,2,0,0.0003,0,4230.84,-18.7,-39.78,0.2651,0.0195,0,0.1613,-19.83,0.0,0.0,mature,train,26
partner_957,LATAM,Manufacturing,Registered,7,7,improving,1,0.8,76.6,70,1,0,0.0327,0,6479.01,1.28,1.75,0.2045,0.0045,0,0.52,-0.83,0.0,-1.5,new_partner,train,26
partner_958,NA,Retail,Registered,51,4,declining,7,7.0,37.8,82,0,0,0.7589,1,7806.26,-8.87,-7.02,0.1142,0.0719,0,0.4468,-11.31,0.0,0.0,mature,train,26
partner_959,NA,Services,Registered,14,7,stable,3,2.6,44.5,55,1,1,0.1944,1,8277.28,25.82,31.65,0.2066,-0.2895,0,0.4545,24.69,0.0,0.0,mature,train,26
partner_960,NA,Manufacturing,Strategic,29,4,declining,6,3.8,10.2,49,0,0,0.723,1,73993.76,-5.32,-4.12,0.0925,-0.1689,0,0.5455,-7.5,0.0,0.0,mature,train,26
partner_961,NA,Manufacturing,Certified,13,9,improving,1,4.6,72.5,40,4,0,0.0015,0,18036.75,-6.84,-24.3,0.1536,0.0052,0,0.3846,-9.02,0.0,0.0,mature,train,26
partner_962,NA,Tech,Strategic,22,10,improving,0,1.8,98.1,0,10,0,0.0,0,35702.91,-16.64,-37.49,0.2817,-0.2873,0,0.1111,-19.62,0.0,0.0,mature,train,26
partner_963,EMEA,Manufacturing,Registered,16,10,improving,0,0.9,89.6,23,5,0,0.0003,0,3516.72,3.96,-10.81,0.167,-0.5516,0,0.0385,1.78,0.0,0.0,mature,train,26
partner_964,EMEA,Retail,Certified,37,7,improving,1,1.5,73.5,39,0,0,0.0045,0,32214.9,51.83,-0.93,0.2131,0.7405,1,0.6364,49.39,-0.24,0.0,mature,train,26
partner_965,APAC,Manufacturing,Registered,1,8,improving,1,2.4,51.5,6,5,0,0.0035,0,31104.89,1.28,1.75,0.2045,0.0045,0,0.52,-0.83,0.0,252.5,new_partner,train,26
partner_966,NA,Retail,Certified,45,7,improving,2,2.2,96.9,31,2,0,0.0073,0,23896.96,5.39,22.8,0.1845,0.2294,0,0.2857,2.95,0.0,0.0,mature,train,26
partner_967,APAC,Manufacturing,Registered,49,6,improving,4,1.9,51.1,41,0,0,0.3837,1,14443.63,-2.31,22.79,0.1833,0.3302,0,0.8333,-4.49,0.0,0.0,mature,train,26
partner_968,EMEA,Services,Registered,29,7,stable,6,2.2,37.6,22,1,0,0.006,0,9099.84,-4.7,1.88,0.099,0.4558,0,0.5952,-5.83,0.0,0.0,mature,train,26
partner_969,NA,Tech,Certified,28,10,stable,0,0.5,74.1,0,9,0,0.0,0,22421.8,-31.92,-5.15,0.228,0.8195,1,0.4,-34.9,-15.96,0.0,mature,train,26
partner_970,EMEA,Tech,Registered,37,9,stable,0,3.1,48.8,0,7,0,0.0,0,9199.92,40.22,96.54,0.3799,-0.4401,0,0.375,37.24,0.0,0.0,mature,train,26
partner_971,EMEA,Tech,Registered,8,8,declining,1,3.9,79.0,48,1,0,0.0015,0,29494.36,1.28,1.75,0.2045,0.0045,0,0.52,-0.83,0.0,94.64,new_partner,train,26
partner_972,EMEA,Services,Certified,40,7,declining,3,5.2,52.7,65,2,0,0.0445,0,33743.27,15.06,86.14,0.3437,-0.5118,0,0.6765,13.93,0.0,0.0,mature,train,26
partner_973,EMEA,Manufacturing,Registered,9,1,declining,7,6.0,12.5,51,0,1,0.88,1,3892.3,5.82,11.8,0.1227,-0.5208,0,0.1154,3.64,0.0,0.0,mature,train,26
partner_974,APAC,Tech,Strategic,36,7,improving,2,3.0,43.3,64,1,1,0.2615,0,57104.19,-3.81,49.95,0.2539,-0.1186,0,0.1818,-6.79,0.0,0.0,mature,train,26
partner_975,NA,Retail,Certified,14,5,declining,5,4.7,54.9,34,3,0,0.1828,0,33716.2,1.83,10.4,0.1128,0.5203,1,0.5357,-0.61,13.48,0.0,mature,train,26
partner_976,LATAM,Retail,Certified,40,3,declining,8,4.5,32.2,71,0,1,0.9252,1,10767.41,-5.36,4.16,0.2252,0.8782,1,0.0714,-7.8,0.54,0.0,mature,train,26
partner_977,NA,Tech,Certified,42,6,declining,4,2.0,23.6,20,3,0,0.074,0,30010.44,-16.19,-10.62,0.1603,0.2207,0,0.6333,-19.17,0.0,0.0,mature,train,26
partner_978,NA,Services,Certified,9,8,improving,1,2.5,50.1,17,4,0,0.0041,0,52763.26,8.39,82.56,0.3232,-0.5649,0,0.85,7.26,0.0,0.0,mature,train,26
partner_979,NA,Manufacturing,Certified,32,10,stable,0,1.6,99.5,13,6,0,0.0,0,33800.93,-1.09,13.86,0.0997,-0.3698,0,0.9231,-3.27,0.0,0.0,mature,train,26
partner_980,EMEA,Retail,Strategic,25,6,declining,5,2.6,41.4,25,2,0,0.0538,0,54418.73,5.46,-6.71,0.2684,0.9109,1,0.1429,3.02,-3.83,0.0,mature,train,26
partner_981,APAC,Services,Certified,14,7,stable,5,2.0,62.5,26,1,0,0.0061,0,33273.9,-1.78,-15.82,0.2257,-0.2055,0,0.8235,-2.91,0.0,0.0,mature,train,26
partner_982,APAC,Tech,Registered,31,7,stable,1,2.6,51.4,26,5,0,0.0089,0,11399.56,7.94,11.69,0.1227,-0.2083,0,0.7308,4.96,0.0,0.0,mature,train,26
partner_983,LATAM,Services,Registered,54,10,declining,1,3.4,89.9,0,7,0,0.0013,0,10866.07,-1.23,-7.6,0.1082,-0.2948,0,0.7143,-2.36,0.0,0.0,mature,train,26
partner_984,NA,Retail,Certified,1,5,stable,5,4.2,44.0,60,1,0,0.2902,0,18915.96,1.28,1.75,0.2045,0.0045,0,0.52,-0.83,0.0,-66.86,new_partner,train,26
partner_985,EMEA,Manufacturing,Registered,52,7,stable,0,6.2,91.6,34,3,0,0.0012,0,8964.67,29.71,25.88,0.1972,0.669,1,0.6923,27.53,21.76,0.0,mature,train,26
partner_986,APAC,Services,Registered,46,7,improving,0,1.9,83.1,26,5,0,0.0021,0,14565.96,7.26,27.05,0.1591,0.2665,0,0.9032,6.13,0.0,0.0,mature,train,26
partner_987,NA,Retail,Registered,27,7,stable,2,4.5,65.4,57,3,1,0.0128,0,8420.6,18.8,1.02,0.2157,0.8789,1,0.5957,16.36,-3.35,0.0,mature,train,26
partner_988,EMEA,Manufacturing,Certified,32,6,declining,2,0.7,53.2,21,3,1,0.0027,0,20794.83,20.87,31.77,0.1491,0.07,0,0.381,18.69,0.0,0.0,mature,train,26
partner_989,NA,Services,Registered,18,5,declining,4,4.3,74.3,74,5,0,0.0932,0,8802.68,2.41,12.42,0.1645,-0.3437,0,0.4773,1.28,0.0,0.0,mature,train,26
partner_990,LATAM,Retail,Certified,4,10,improving,1,0.5,100.0,0,7,0,0.0,0,33544.11,1.28,1.75,0.2045,0.0045,0,0.52,-0.83,0.0,-6.38,new_partner,train,26
partner_991,LATAM,Retail,Certified,30,6,declining,2,4.3,28.3,47,0,0,0.0927,0,14496.89,5.43,-11.94,0.1067,-0.0971,0,0.1429,2.99,0.0,0.0,mature,train,26
partner_992,LATAM,Manufacturing,Certified,44,7,declining,1,6.4,17.5,39,0,1,0.1699,1,25878.74,25.36,20.14,0.2708,0.9285,1,0.7778,23.18,12.89,0.0,mature,train,26
partner_993,LATAM,Tech,Registered,10,8,stable,0,1.2,83.4,17,2,0,0.0002,0,8435.09,1.97,6.44,0.2475,0.8825,1,0.4839,-1.01,-4.02,0.0,mature,train,26
partner_994,EMEA,Retail,Certified,38,8,stable,2,1.0,86.4,26,7,0,0.001,0,62227.85,0.52,8.09,0.1255,-0.0827,0,0.9697,-1.92,0.0,0.0,mature,train,26
partner_995,APAC,Tech,Certified,40,3,improving,0,1.7,42.6,36,4,1,0.1454,0,31956.27,5.22,17.12,0.1549,-0.0554,0,0.625,2.24,0.0,0.0,mature,train,26
partner_996,NA,Services,Registered,40,6,stable,5,3.7,42.0,25,3,0,0.0133,0,10213.37,-3.71,-26.68,0.2201,0.0521,0,0.6818,-4.84,0.0,0.0,mature,train,26
partner_997,LATAM,Retail,Certified,16,7,improving,5,3.9,46.9,34,2,0,0.0144,0,22287.26,2.05,2.38,0.0975,0.5084,1,0.2857,-0.39,1.05,0.0,mature,train,26
partner_998,EMEA,Tech,Registered,19,4,declining,3,4.8,53.3,13,1,0,0.0394,0,5109.91,-4.13,-17.67,0.2309,-0.39,0,0.0938,-7.11,0.0,0.0,mature,train,26
partner_999,APAC,Services,Strategic,21,7,stable,1,1.8,23.4,60,1,0,0.1252,0,62732.7,-14.2,-2.09,0.2271,0.7118,1,0.3636,-15.33,0.82,0.0,mature,train,26
partner_1000,EMEA,Tech,Registered,46,4,stable,4,6.3,49.5,15,5,0,0.1197,0,7560.47,6.7,7.32,0.0835,0.1042,0,0.3125,3.72,0.0,0.0,mature,train,26
partner_1,LATAM,Retail,Certified,35,9,stable,6,4.7,56.7,51,4,0,0.0353,0,25666.53,4.35,0.22,0.0901,-0.3818,0,0.5714,1.55,0.0,0.0,mature,validation,29
partner_2,NA,Tech,Registered,48,8,declining,1,4.6,52.1,38,3,0,0.0039,0,7786.48,-4.94,-5.73,0.1011,-0.0314,0,0.4359,-7.72,0.0,0.0,mature,validation,29
partner_3,APAC,Retail,Strategic,37,8,stable,2,1.6,82.7,14,1,0,0.0034,0,154344.28,0.39,23.72,0.2094,-0.069,0,0.8571,-2.41,0.0,0.0,mature,validation,29
partner_4,LATAM,Retail,Certified,34,6,stable,1,3.3,64.3,28,0,0,0.008,0,24347.32,-9.57,18.09,0.269,0.8836,1,0.4286,-12.37,23.53,0.0,mature,validation,29
partner_5,EMEA,Manufacturing,Registered,27,8,stable,2,2.7,53.1,60,2,0,0.0364,0,5514.67,-6.17,-12.42,0.1137,-0.7005,0,0.2692,-7.69,0.0,0.0,mature,validation,29
partner_6,APAC,Tech,Strategic,14,10,declining,0,0.7,55.7,41,5,0,0.0086,0,69514.23,9.64,11.59,0.0915,0.5333,1,0.5455,6.86,8.98,0.0,mature,validation,29
partner_7,LATAM,Services,Registered,16,5,declining,2,5.4,66.6,39,1,1,0.1609,1,5483.11,1.14,-31.53,0.2522,0.0184,0,0.1429,-0.38,0.0,0.0,mature,validation,29
partner_8,LATAM,Tech,Registered,43,7,declining,3,2.6,59.4,32,2,0,0.0425,0,6325.11,-8.21,9.42,0.0926,-0.0534,0,0.3548,-10.99,0.0,0.0,mature,validation,29
partner_9,EMEA,Manufacturing,Registered,4,8,declining,0,0.5,82.0,0,7,0,0.0002,0,8440.74,1.28,1.75,0.2045,0.0045,0,0.52,-0.83,0.0,-54.98,new_partner,validation,29
partner_10,NA,Tech,Certified,4,6,stable,4,4.4,58.7,64,2,1,0.0496,0,29848.7,1.28,1.75,0.2045,0.0045,0,0.52,-0.83,0.0,3.81,new_partner,validation,29
partner_11,NA,Manufacturing,Registered,23,8,stable,0,2.7,53.7,74,2,0,0.0233,0,8741.07,10.78,-10.66,0.2531,0.7725,1,0.5758,9.26,-14.16,0.0,mature,validation,29
partner_12,APAC,Manufacturing,Registered,44,4,declining,4,4.8,28.0,33,3,0,0.2794,0,7698.51,5.55,0.63,0.1089,-0.1293,0,0.5833,4.03,0.0,0.0,mature,validation,29
partner_13,LATAM,Tech,Registered,38,6,declining,5,3.7,45.9,75,2,1,0.4553,1,8630.3,39.15,14.49,0.1965,0.6934,1,0.4839,36.37,19.18,0.0,mature,validation,29
partner_14,APAC,Services,Registered,34,10,stable,1,0.5,59.1,36,4,1,0.003,0,8963.94,0.44,-11.85,0.1981,0.608,1,0.6129,-1.08,-13.42,0.0,mature,validation,29
partner_15,NA,Tech,Registered,30,4,stable,4,2.5,46.8,43,2,1,0.2263,0,8327.07,-20.51,-18.23,0.2318,0.6731,1,0.4615,-23.29,-23.72,0.0,mature,validation,29
partner_16,EMEA,Retail,Certified,6,9,improving,0,0.5,68.8,0,9,0,0.0004,0,36548.97,1.28,1.75,0.2045,0.0045,0,0.52,-0.83,0.0,0.29,new_partner,validation,29
partner_17,NA,Manufacturing,Registered,19,7,declining,5,2.9,19.8,104,1,1,0.7947,1,9989.5,-2.3,3.75,0.0942,-0.4523,0,0.7576,-3.82,0.0,0.0,mature,validation,29
partner_18,EMEA,Services,Registered,4,3,improving,5,4.1,8.1,77,0,1,0.8828,1,8325.54,1.28,1.75,0.2045,0.0045,0,0.52,-0.83,0.0,-6.05,new_partner,validation,29
partner_19,APAC,Retail,Certified,43,5,improving,10,6.0,35.4,80,0,1,0.8583,1,23120.07,-3.54,6.86,0.1034,-0.0601,0,0.5,-6.34,0.0,0.0,mature,validation,29
partner_20,LATAM,Tech,Registered,43,7,improving,5,1.5,70.2,36,2,1,0.0232,0,11067.5,22.2,8.54,0.0944,-0.3433,0,0.7419,19.42,0.0,0.0,mature,validation,29
partner_21,LATAM,Services,Certified,14,5,improving,7,6.0,51.5,59,0,1,0.1067,0,17720.16,5.55,-22.68,0.1913,0.4029,0,0.2381,4.03,0.0,0.0,mature,validation,29
partner_22,NA,Manufacturing,Registered,16,7,stable,7,2.5,41.7,29,1,0,0.3328,0,6814.84,59.55,5.46,0.2702,0.8551,1,0.2424,58.03,2.25,0.0,mature,validation,29
partner_23,APAC,Services,Registered,18,7,stable,0,1.6,96.5,35,3,0,0.0019,0,8440.19,-5.97,36.31,0.2641,-0.025,0,0.5484,-7.49,0.0,0.0,mature,validation,29
partner_24,APAC,Tech,Registered,51,7,declining,0,3.2,51.0,28,3,0,0.0885,0,3695.25,-11.46,-28.54,0.2195,0.0555,0,0.0769,-14.24,0.0,0.0,mature,validation,29
partner_25,LATAM,Manufacturing,Registered,28,8,improving,2,2.0,82.5,4,4,0,0.0023,0,5449.39,-19.05,-46.01,0.4036,-0.393,0,0.1739,-20.57,0.0,0.0,mature,validation,29
partner_26,EMEA,Tech,Registered,44,8,improving,1,3.4,63.6,6,3,1,0.0001,0,5018.87,-1.44,-17.98,0.1482,-0.1155,0,0.125,-4.22,0.0,0.0,mature,validation,29
partner_27,NA,Services,Certified,26,4,stable,2,4.9,20.9,111,0,1,0.9056,1,42982.44,13.98,52.79,0.3732,-0.2766,0,0.65,12.46,0.0,0.0,mature,validation,29
partner_28,EMEA,Tech,Registered,40,6,declining,3,3.6,61.7,39,0,1,0.1027,0,11299.72,-3.96,24.82,0.1998,-0.153,0,0.625,-6.74,0.0,0.0,mature,validation,29
partner_29,EMEA,Manufacturing,Certified,30,4,stable,2,0.9,46.3,62,0,1,0.0881,0,21995.91,2.36,-1.59,0.1011,-0.1736,0,0.5714,0.84,0.0,0.0,mature,validation,29
partner_30,LATAM,Tech,Certified,16,5,stable,2,4.5,58.7,21,0,1,0.5481,0,27378.25,-13.13,-37.24,0.3067,-0.2461,0,0.6471,-15.91,0.0,0.0,mature,validation,29
partner_31,LATAM,Manufacturing,Registered,50,7,stable,8,7.3,18.3,50,2,0,0.4502,1,8099.89,7.01,59.06,0.3461,-0.1985,0,0.5217,5.49,0.0,0.0,mature,validation,29
partner_32,APAC,Manufacturing,Certified,41,4,declining,4,3.3,62.5,20,0,0,0.0151,0,34732.03,9.12,51.33,0.3067,0.2346,0,0.6923,7.6,0.0,0.0,mature,validation,29
partner_33,NA,Tech,Registered,44,10,declining,1,1.7,100.0,5,4,0,0.0011,0,5586.21,7.48,-17.18,0.2614,-0.1893,0,0.2051,4.7,0.0,0.0,mature,validation,29
partner_34,NA,Services,Registered,54,5,stable,6,2.5,45.4,25,3,0,0.0411,0,9923.3,14.77,28.81,0.1874,-0.2252,0,0.6364,13.25,0.0,0.0,mature,validation,29
partner_35,NA,Tech,Registered,14,4,improving,4,6.6,40.0,79,0,1,0.4958,1,6501.56,0.66,-2.1,0.0683,-0.2578,0,0.359,-2.12,0.0,0.0,mature,validation,29
partner_36,EMEA,Manufacturing,Certified,5,10,stable,4,3.8,78.1,0,1,0,0.0,0,67119.88,1.28,1.75,0.2045,0.0045,0,0.52,-0.83,0.0,74.64,new_partner,validation,29
partner_37,EMEA,Tech,Strategic,33,7,improving,6,3.2,40.6,30,0,1,0.0568,1,74291.83,-9.75,10.69,0.1757,0.0885,0,0.5,-12.53,0.0,0.0,mature,validation,29
partner_38,NA,Tech,Registered,18,4,declining,4,3.5,34.3,73,0,1,0.7147,1,5671.92,9.93,-1.97,0.1138,0.5718,1,0.2308,7.15,0.69,0.0,mature,validation,29
partner_39,EMEA,Tech,Certified,25,8,improving,0,3.0,72.6,48,1,0,0.0002,0,112933.35,7.54,16.92,0.1883,0.323,0,1.0,4.76,0.0,0.0,mature,validation,29
partner_40,LATAM,Retail,Certified,13,6,stable,4,3.7,19.5,42,1,0,0.0919,0,22842.37,-12.91,-22.46,0.213,-0.2222,0,0.3571,-15.71,0.0,0.0,mature,validation,29
partner_41,NA,Retail,Registered,23,5,declining,4,3.2,36.5,55,0,1,0.8713,0,14281.03,-30.48,-11.38,0.1994,0.7092,1,0.9149,-33.28,-13.08,0.0,mature,validation,29
partner_42,APAC,Manufacturing,Certified,22,7,stable,3,1.0,72.5,38,4,0,0.0026,0,12918.66,-0.35,-32.34,0.2727,0.1511,0,0.1538,-1.87,0.0,0.0,mature,validation,29
partner_43,LATAM,Manufacturing,Certified,20,10,improving,0,2.2,95.9,48,1,0,0.0003,0,26294.04,-0.89,8.97,0.2085,0.8537,1,0.8889,-2.41,-4.89,0.0,mature,validation,29
partner_44,NA,Manufacturing,Strategic,43,10,improving,3,1.7,72.1,24,1,1,0.0076,0,139346.33,21.0,82.99,0.4215,-0.1547,0,0.9091,19.48,0.0,0.0,mature,validation,29
partner_45,APAC,Retail,Strategic,34,9,declining,4,3.4,73.0,37,4,0,0.0122,0,28954.11,5.47,-8.33,0.1845,-0.228,0,0.1429,2.67,0.0,0.0,mature,validation,29
partner_46,APAC,Tech,Registered,27,8,improving,1,4.3,55.1,17,2,1,0.0191,0,9950.25,-11.74,-29.48,0.2657,-0.11,0,0.5769,-14.52,0.0,0.0,mature,validation,29
partner_47,NA,Retail,Registered,6,8,declining,1,0.5,51.4,6,4,0,0.0017,0,2392.57,1.28,1.75,0.2045,0.0045,0,0.52,-0.83,0.0,-80.54,new_partner,validation,29
partner_48,EMEA,Services,Certified,33,3,improving,2,1.9,58.0,47,1,1,0.1015,0,22825.87,18.52,1.8,0.2233,0.8131,1,0.3529,17.0,-2.37,0.0,mature,validation,29
partner_49,LATAM,Services,Registered,10,8,improving,1,3.9,100.0,28,4,0,0.0002,0,10995.87,19.93,44.73,0.2049,0.1739,0,0.7143,18.41,0.0,0.0,mature,validation,29
partner_50,EMEA,Retail,Registered,18,5,improving,5,2.5,66.3,40,3,0,0.0053,0,6265.47,15.15,4.49,0.1912,0.7972,1,0.2093,12.35,10.33,0.0,mature,validation,29
partner_51,EMEA,Manufacturing,Strategic,24,7,stable,0,4.6,55.2,50,1,1,0.0628,0,73826.96,-33.28,-9.1,0.2308,0.5858,1,0.5385,-34.8,-17.27,0.0,mature,validation,29
partner_52,EMEA,Retail,Registered,8,10,stable,1,5.8,88.5,0,4,0,0.0007,0,3702.44,1.28,1.75,0.2045,0.0045,0,0.52,-0.83,0.0,-63.85,new_partner,validation,29
partner_53,LATAM,Retail,Registered,22,10,declining,1,2.9,75.1,3,4,0,0.0003,0,5840.5,-13.58,-28.66,0.2277,-0.0816,0,0.32,-16.38,0.0,0.0,mature,validation,29
partner_54,LATAM,Retail,Certified,15,9,improving,1,1.4,64.3,43,3,0,0.0035,0,33715.99,-7.15,0.42,0.1131,0.0474,0,0.7143,-9.95,0.0,0.0,mature,validation,29
partner_55,LATAM,Retail,Registered,49,5,stable,6,3.9,53.0,34,1,1,0.2488,0,3210.82,-3.21,-20.18,0.24,-0.1087,0,0.12,-6.01,0.0,0.0,mature,validation,29
partner_56,LATAM,Manufacturing,Registered,49,6,stable,1,3.4,47.3,19,0,1,0.0449,0,4612.23,-0.88,2.51,0.097,-0.172,0,0.1304,-2.4,0.0,0.0,mature,validation,29
partner_57,NA,Services,Strategic,1,6,stable,5,4.1,56.2,52,0,0,0.0334,0,96119.88,1.28,1.75,0.2045,0.0045,0,0.52,-0.83,0.0,112.93,new_partner,validation,29
partner_58,NA,Retail,Registered,34,5,declining,2,4.5,42.1,41,3,0,0.4821,0,10119.99,-12.27,-9.98,0.1882,0.5349,1,0.7021,-15.07,-7.47,0.0,mature,validation,29
partner_59,EMEA,Tech,Registered,37,3,stable,9,6.3,37.0,59,0,1,0.8965,1,12241.34,-2.91,-5.58,0.0732,0.0029,0,0.6875,-5.69,0.0,0.0,mature,validation,29
partner_60,EMEA,Manufacturing,Registered,21,3,declining,4,2.3,41.1,98,0,1,0.9418,1,8274.14,-8.43,-28.98,0.3506,-0.289,0,0.5385,-9.95,0.0,0.0,mature,validation,29
partner_61,LATAM,Services,Strategic,27,10,declining,0,4.6,69.4,66,1,0,0.007,0,32769.92,-2.96,7.87,0.0983,-0.6078,0,0.2857,-4.48,0.0,0.0,mature,validation,29
partner_62,NA,Manufacturing,Registered,45,7,stable,1,3.8,60.5,57,2,0,0.0645,0,1896.9,-13.86,-35.17,0.3554,0.1461,0,0.0303,-15.38,0.0,0.0,mature,validation,29
partner_63,NA,Retail,Certified,21,3,stable,4,4.0,35.3,69,0,1,0.5393,0,44792.57,1.67,-9.48,0.2279,0.8329,1,0.7857,-1.13,-12.57,0.0,mature,validation,29
partner_64,LATAM,Manufacturing,Registered,3,5,improving,1,5.1,55.3,75,0,1,0.1635,1,17576.31,1.28,1.75,0.2045,0.0045,0,0.52,-0.83,0.0,29.38,new_partner,validation,29
partner_65,LATAM,Tech,Registered,21,9,stable,1,0.6,69.4,23,5,0,0.0002,0,9398.42,14.77,8.05,0.2147,0.5631,1,0.5484,11.99,-4.0,0.0,mature,validation,29
partner_66,NA,Services,Strategic,14,8,improving,1,0.9,69.3,19,1,0,0.003,0,43207.77,-1.77,-10.41,0.1104,0.2694,0,0.2,-3.29,0.0,0.0,mature,validation,29
partner_67,NA,Tech,Certified,22,7,declining,0,4.3,52.9,16,2,0,0.0804,0,25486.7,-25.43,17.04,0.223,0.6545,1,0.4667,-28.21,6.55,0.0,mature,validation,29
partner_68,NA,Manufacturing,Strategic,13,10,improving,1,2.2,72.4,2,6,0,0.0,0,31970.46,-7.9,-36.92,0.324,-0.1181,0,0.2727,-9.42,0.0,0.0,mature,validation,29
partner_69,EMEA,Retail,Registered,8,10,stable,0,4.6,44.3,39,6,0,0.0061,0,8516.59,1.28,1.75,0.2045,0.0045,0,0.52,-0.83,0.0,-10.58,new_partner,validation,29
partner_70,NA,Tech,Certified,57,8,declining,1,2.4,56.2,9,3,0,0.0013,0,22238.98,-9.02,-16.12,0.159,-0.102,0,0.4,-11.8,0.0,0.0,mature,validation,29
partner_71,EMEA,Services,Strategic,7,5,improving,1,4.8,51.9,40,2,0,0.095,0,117807.98,1.28,1.75,0.2045,0.0045,0,0.52,-0.83,0.0,268.68,new_partner,validation,29
partner_72,NA,Manufacturing,Registered,40,6,stable,2,4.0,55.6,31,1,1,0.0047,0,9360.88,2.6,35.14,0.2338,0.1754,0,0.697,1.08,0.0,0.0,mature,validation,29
partner_73,APAC,Tech,Registered,41,5,improving,2,4.6,61.0,19,3,0,0.0255,0,4670.24,-9.46,-18.66,0.2599,0.0543,0,0.1538,-12.24,0.0,0.0,mature,validation,29
partner_74,EMEA,Services,Strategic,35,10,improving,0,3.1,95.1,12,1,0,0.0001,0,58918.46,-16.73,-41.71,0.3218,0.3206,0,0.2222,-18.25,0.0,0.0,mature,validation,29
partner_75,EMEA,Services,Registered,52,3,stable,8,5.8,31.2,65,0,0,0.7272,1,3666.78,-13.83,-30.97,0.3421,-0.6055,0,0.0714,-15.35,0.0,0.0,mature,validation,29
partner_76,EMEA,Tech,Certified,1,5,improving,3,3.1,47.2,53,5,1,0.1624,1,28448.13,1.28,1.75,0.2045,0.0045,0,0.52,-0.83,0.0,-33.66,new_partner,validation,29
partner_77,EMEA,Tech,Strategic,17,6,improving,2,1.3,60.8,40,1,1,0.0316,0,129287.79,-6.78,0.06,0.0891,0.1062,0,0.9,-9.56,0.0,0.0,mature,validation,29
partner_78,LATAM,Tech,Registered,10,10,improving,0,3.3,91.2,19,3,0,0.0002,0,23326.72,14.81,64.1,0.3787,0.2357,0,0.9677,12.03,0.0,0.0,mature,validation,29
partner_79,NA,Manufacturing,Registered,33,4,declining,9,1.0,45.3,26,0,1,0.1773,1,5995.55,-5.53,3.49,0.0983,-0.2714,0,0.1515,-7.05,0.0,0.0,mature,validation,29
partner_80,LATAM,Tech,Registered,36,10,declining,0,0.5,68.8,0,2,0,0.0012,0,14952.16,11.65,44.65,0.2784,-0.048,0,0.9032,8.87,0.0,0.0,mature,validation,29
partner_81,LATAM,Retail,Registered,52,7,stable,1,1.7,71.6,0,1,0,0.0093,0,6746.54,9.87,4.25,0.1833,0.7326,1,0.44,7.07,10.8,0.0,mature,validation,29
partner_82,NA,Services,Registered,22,7,declining,7,5.8,35.8,74,1,0,0.797,1,5143.45,9.3,10.03,0.1017,-0.3881,0,0.2273,7.78,0.0,0.0,mature,validation,29
partner_83,APAC,Services,Certified,13,5,stable,3,3.0,46.5,30,2,0,0.0082,0,14317.63,-10.56,-29.6,0.2564,-0.1861,0,0.2941,-12.08,0.0,0.0,mature,validation,29
partner_84,EMEA,Services,Registered,53,6,stable,3,7.1,49.0,55,1,1,0.4815,1,8105.65,-11.15,3.7,0.0976,0.2305,0,0.4762,-12.67,0.0,0.0,mature,validation,29
partner_85,EMEA,Services,Certified,39,6,stable,1,1.1,45.7,45,5,0,0.1891,1,61327.69,10.1,6.99,0.1732,0.6745,1,0.9706,8.58,13.1,0.0,mature,validation,29
partner_86,EMEA,Manufacturing,Registered,44,5,stable,5,2.4,57.4,65,1,0,0.0532,0,10174.41,-6.53,-0.2,0.0781,-0.0436,0,0.7692,-8.05,0.0,0.0,mature,validation,29
partner_87,LATAM,Services,Registered,25,7,declining,3,0.5,58.6,80,2,0,0.0228,0,13437.2,-23.86,-45.97,0.3449,-0.4039,0,0.8571,-25.38,0.0,0.0,mature,validation,29
partner_88,NA,Services,Registered,25,4,declining,4,2.8,38.5,54,2,0,0.5278,0,7232.01,-11.73,-39.79,0.3869,-0.4831,0,0.3636,-13.25,0.0,0.0,mature,validation,29
partner_89,EMEA,Tech,Certified,22,3,declining,10,4.2,30.1,50,0,0,0.368,1,39110.18,9.82,8.89,0.1105,-0.3078,0,0.6452,7.04,0.0,0.0,mature,validation,29
partner_90,NA,Tech,Registered,43,5,improving,3,6.7,23.3,69,2,1,0.6463,0,12095.72,-3.89,53.87,0.3995,0.0182,0,0.6923,-6.67,0.0,0.0,mature,validation,29
partner_91,EMEA,Retail,Registered,12,10,declining,1,4.4,49.7,77,3,0,0.0735,0,6901.93,9.63,5.38,0.2166,0.881,1,0.3488,6.83,16.2,0.0,mature,validation,29
partner_92,LATAM,Manufacturing,Strategic,56,10,stable,0,1.7,100.0,0,5,0,0.0001,0,38771.34,-5.81,-35.23,0.4107,-0.4178,0,0.25,-7.33,0.0,0.0,mature,validation,29
partner_93,NA,Retail,Certified,10,7,stable,5,2.8,56.2,20,7,1,0.0488,0,16662.39,-2.68,8.95,0.206,0.6305,1,0.1429,-5.48,0.05,0.0,mature,validation,29
partner_94,NA,Retail,Registered,26,8,declining,3,4.1,41.8,0,5,0,0.0006,0,8885.91,22.11,54.89,0.3816,0.284,0,0.5957,19.31,0.0,0.0,mature,validation,29
partner_95,NA,Manufacturing,Strategic,18,5,improving,4,5.3,70.8,0,3,1,0.1048,0,149366.28,18.49,75.34,0.3832,-0.2992,0,1.0,16.97,0.0,0.0,mature,validation,29
partner_96,LATAM,Tech,Registered,37,6,declining,8,3.7,22.0,86,0,1,0.6318,1,10756.32,42.09,1.42,0.1978,0.7931,1,0.6774,39.31,-1.5,0.0,mature,validation,29
partner_97,NA,Retail,Registered,39,10,improving,2,1.4,83.5,16,1,1,0.0038,0,11335.01,-25.57,1.52,0.241,0.8642,1,0.7872,-28.37,-8.15,0.0,mature,validation,29
partner_98,EMEA,Services,Registered,53,9,stable,0,0.5,100.0,0,3,0,0.0,0,16566.19,7.59,6.0,0.2639,0.8847,1,0.881,6.07,0.08,0.0,mature,validation,29
partner_99,EMEA,Services,Registered,45,10,improving,0,0.5,64.6,27,7,0,0.0017,0,22755.15,-35.79,-8.8,0.2019,0.8614,1,1.0,-37.31,-15.22,0.0,mature,validation,29
partner_100,APAC,Retail,Registered,14,5,stable,5,6.4,56.4,107,0,0,0.7024,0,5786.79,-6.29,-0.53,0.0865,-0.0928,0,0.2903,-9.09,0.0,0.0,mature,validation,29
partner_101,APAC,Retail,Certified,11,10,stable,0,0.5,100.0,0,2,0,0.0,0,26451.97,-5.96,-29.15,0.182,-0.2162,0,0.5625,-8.76,0.0,0.0,mature,validation,29
partner_102,LATAM,Tech,Registered,51,7,stable,4,3.1,78.1,78,3,0,0.0188,0,13401.01,4.79,81.41,0.4018,-0.5891,0,0.8387,2.01,0.0,0.0,mature,validation,29
partner_103,EMEA,Services,Certified,28,7,improving,0,4.6,79.4,5,3,1,0.0053,0,19083.72,0.27,-28.59,0.338,-0.4199,0,0.2941,-1.25,0.0,0.0,mature,validation,29
partner_104,APAC,Services,Strategic,5,4,stable,3,2.8,45.0,71,3,0,0.2825,1,127042.31,1.28,1.75,0.2045,0.0045,0,0.52,-0.83,0.0,300.0,new_partner,validation,29
partner_105,LATAM,Retail,Certified,47,4,stable,4,6.5,7.2,45,0,0,0.3039,0,31506.86,19.8,0.04,0.227,0.7634,1,0.6071,17.0,0.76,0.0,mature,validation,29
partner_106,LATAM,Services,Certified,37,8,improving,0,0.5,62.4,5,4,1,0.0006,0,70521.36,8.27,49.04,0.259,0.278,0,0.9524,6.75,0.0,0.0,mature,validation,29
partner_107,NA,Retail,Certified,1,5,improving,1,3.9,54.1,14,4,0,0.0483,0,30722.72,1.28,1.75,0.2045,0.0045,0,0.52,-0.83,0.0,52.84,new_partner,validation,29
partner_108,EMEA,Tech,Strategic,45,6,improving,1,2.7,72.0,31,1,0,0.0149,0,79116.89,4.25,5.34,0.1464,-0.0136,0,0.6,1.47,0.0,0.0,mature,validation,29
partner_109,EMEA,Services,Registered,35,4,stable,3,2.0,59.7,73,0,1,0.2395,0,12917.94,3.09,31.65,0.191,-0.2131,0,0.7381,1.57,0.0,0.0,mature,validation,29
partner_110,APAC,Retail,Registered,35,7,stable,4,1.2,46.8,22,2,0,0.0687,0,4003.12,-7.88,-15.91,0.1699,-0.1339,0,0.129,-10.68,0.0,0.0,mature,validation,29
partner_111,NA,Retail,Certified,50,8,improving,2,3.1,82.9,51,6,0,0.0048,0,25284.48,15.42,-1.31,0.2093,0.7917,1,0.3214,12.62,-7.39,0.0,mature,validation,29
partner_112,EMEA,Tech,Certified,28,6,stable,3,2.4,37.9,31,1,1,0.0631,0,17376.96,2.4,-30.27,0.386,-0.3349,0,0.2258,-0.38,0.0,0.0,mature,validation,29
partner_113,NA,Manufacturing,Registered,26,4,declining,5,5.4,22.3,58,1,0,0.4592,0,6409.61,1.18,-3.55,0.1139,-0.083,0,0.2121,-0.34,0.0,0.0,mature,validation,29
partner_114,NA,Services,Certified,35,7,improving,0,0.9,56.7,6,1,1,0.0025,0,65846.06,-16.53,13.85,0.2073,0.8277,1,0.9,-18.05,15.19,0.0,mature,validation,29
partner_115,EMEA,Services,Registered,11,6,stable,1,1.1,59.7,76,0,1,0.122,1,9833.59,3.41,2.16,0.0713,-0.1229,0,0.619,1.89,0.0,0.0,mature,validation,29
partner_116,APAC,Retail,Strategic,8,8,improving,1,3.2,72.5,24,1,1,0.0012,0,158880.89,1.28,1.75,0.2045,0.0045,0,0.52,-0.83,0.0,300.0,new_partner,validation,29
partner_117,LATAM,Retail,Registered,48,3,stable,7,5.1,57.1,63,0,1,0.2755,1,5738.04,-20.64,-44.27,0.3884,-0.3518,0,0.28,-23.44,0.0,0.0,mature,validation,29
partner_118,LATAM,Services,Registered,12,7,declining,1,1.1,36.6,39,1,0,0.0444,0,10203.88,4.05,27.18,0.2109,-0.2246,0,0.619,2.53,0.0,0.0,mature,validation,29
partner_119,NA,Retail,Registered,29,4,stable,5,5.2,55.4,38,0,1,0.3156,1,4990.16,-14.72,-31.36,0.2236,-0.0445,0,0.1489,-17.52,0.0,0.0,mature,validation,29
partner_120,LATAM,Services,Registered,15,9,improving,0,2.5,55.1,1,2,0,0.0017,0,6787.74,42.96,22.29,0.2635,0.7361,1,0.3333,41.44,18.21,0.0,mature,validation,29
partner_121,NA,Manufacturing,Registered,13,8,declining,2,1.8,86.0,50,3,0,0.0123,0,16368.95,-6.31,0.89,0.1074,-0.2869,0,1.0,-7.83,0.0,0.0,mature,validation,29
partner_122,LATAM,Retail,Registered,34,4,improving,6,3.6,46.9,17,2,1,0.1355,0,7158.66,-6.49,-30.26,0.2864,0.0487,0,0.56,-9.29,0.0,0.0,mature,validation,29
partner_123,EMEA,Services,Registered,46,8,declining,6,5.7,56.9,35,1,1,0.0646,0,4938.32,0.64,-28.04,0.2887,0.0462,0,0.2143,-0.88,0.0,0.0,mature,validation,29
partner_124,NA,Retail,Registered,25,6,improving,0,4.0,49.9,57,4,0,0.0889,0,8271.0,-31.19,4.46,0.2255,0.8244,1,0.5319,-33.99,1.27,0.0,mature,validation,29
partner_125,EMEA,Tech,Registered,8,7,improving,1,4.6,63.8,0,3,0,0.0077,0,13949.71,1.28,1.75,0.2045,0.0045,0,0.52,-0.83,0.0,-22.17,new_partner,validation,29
partner_126,NA,Manufacturing,Registered,14,8,improving,0,2.9,82.1,23,5,0,0.0008,0,8005.66,-1.1,-7.65,0.0988,-0.348,0,0.4848,-2.62,0.0,0.0,mature,validation,29
partner_127,NA,Tech,Registered,9,9,declining,0,2.5,100.0,2,8,0,0.0009,0,20197.88,-2.07,22.29,0.2433,0.7856,1,0.9231,-4.85,20.27,0.0,mature,validation,29
partner_128,EMEA,Manufacturing,Registered,51,9,declining,1,1.0,59.9,19,3,1,0.0076,0,13050.5,1.28,-11.13,0.1085,-0.2686,0,0.8462,-0.24,0.0,0.0,mature,validation,29
partner_129,EMEA,Manufacturing,Registered,18,3,stable,6,5.7,21.0,65,0,1,0.9105,1,9844.03,10.74,3.91,0.1158,-0.1122,0,0.7308,9.22,0.0,0.0,mature,validation,29
partner_130,NA,Services,Registered,21,4,stable,8,6.1,30.1,10,1,1,0.1516,1,9664.16,12.1,22.76,0.1976,0.066,0,0.5682,10.58,0.0,0.0,mature,validation,29
partner_131,EMEA,Services,Registered,4,3,improving,10,5.6,2.7,82,1,1,0.9958,1,17083.77,1.28,1.75,0.2045,0.0045,0,0.52,-0.83,0.0,125.51,new_partner,validation,29
partner_132,APAC,Tech,Certified,25,5,improving,2,6.7,27.0,25,0,1,0.2421,0,19353.12,45.14,20.74,0.164,0.4716,0,0.125,42.36,0.0,0.0,mature,validation,29
partner_133,NA,Retail,Strategic,53,6,improving,5,6.4,22.8,50,0,1,0.5836,0,46935.28,11.0,3.01,0.108,0.2673,0,0.4545,8.2,0.0,0.0,mature,validation,29
partner_134,NA,Manufacturing,Strategic,23,7,improving,2,1.0,60.2,29,2,0,0.0087,0,56994.53,-21.22,-39.36,0.3561,-0.3403,0,0.3636,-22.74,0.0,0.0,mature,validation,29
partner_135,NA,Services,Certified,37,8,improving,0,1.8,90.6,33,6,1,0.0015,0,19567.53,4.3,-9.61,0.1003,0.1587,0,0.35,2.78,0.0,0.0,mature,validation,29
partner_136,EMEA,Tech,Certified,10,10,stable,2,1.8,100.0,8,6,0,0.0,0,44209.3,12.14,43.75,0.2325,-0.1252,0,0.8065,9.36,0.0,0.0,mature,validation,29
partner_137,APAC,Tech,Registered,8,7,improving,0,0.5,53.0,45,2,1,0.0698,0,7147.89,1.28,1.75,0.2045,0.0045,0,0.52,-0.83,0.0,-61.54,new_partner,validation,29
partner_138,NA,Tech,Certified,42,6,declining,6,4.1,55.0,2,1,0,0.3581,0,66894.17,2.45,21.33,0.2102,0.2605,0,0.9333,-0.33,0.0,0.0,mature,validation,29
partner_139,LATAM,Retail,Certified,3,5,stable,8,3.5,22.1,70,0,1,0.6278,1,71487.73,1.28,1.75,0.2045,0.0045,0,0.52,-0.83,0.0,156.26,new_partner,validation,29
partner_140,EMEA,Manufacturing,Certified,26,5,stable,8,5.0,32.2,61,0,1,0.8898,1,11262.8,-1.78,-19.76,0.2171,0.0034,0,0.0952,-3.3,0.0,0.0,mature,validation,29
partner_141,NA,Tech,Strategic,18,7,stable,4,2.3,57.2,31,4,1,0.0307,0,141233.3,22.15,93.81,0.4209,-0.3211,0,0.8889,19.37,0.0,0.0,mature,validation,29
partner_142,NA,Services,Registered,1,6,stable,0,4.2,99.2,32,1,0,0.0171,0,8464.32,1.28,1.75,0.2045,0.0045,0,0.52,-0.83,0.0,18.42,new_partner,validation,29
partner_143,APAC,Services,Certified,30,10,improving,1,0.8,87.5,29,5,0,0.0005,0,27595.28,9.12,-4.02,0.0941,0.0603,0,0.6471,7.6,0.0,0.0,mature,validation,29
partner_144,NA,Services,Certified,55,5,declining,6,5.2,22.9,32,2,1,0.9426,0,18313.6,10.02,29.64,0.2156,-0.2571,0,0.3,8.5,0.0,0.0,mature,validation,29
partner_145,NA,Tech,Registered,4,8,improving,0,0.5,81.8,52,2,0,0.0041,0,9745.29,1.28,1.75,0.2045,0.0045,0,0.52,-0.83,0.0,27.09,new_partner,validation,29
partner_146,EMEA,Tech,Strategic,47,9,declining,5,3.9,58.7,76,1,1,0.1974,0,59502.67,-0.41,4.64,0.1084,0.1318,0,0.3,-3.19,0.0,0.0,mature,validation,29
partner_147,NA,Manufacturing,Registered,31,5,stable,4,1.2,74.3,41,1,1,0.0797,0,3298.7,-22.56,-34.02,0.2849,0.1872,0,0.0909,-24.08,0.0,0.0,mature,validation,29
partner_148,NA,Services,Strategic,41,8,improving,1,4.1,57.7,0,4,1,0.0006,0,63717.53,-3.01,-27.05,0.3567,-0.1687,0,0.5,-4.53,0.0,0.0,mature,validation,29
partner_149,NA,Tech,Certified,5,6,declining,1,2.3,57.1,82,3,1,0.3618,1,30633.93,1.28,1.75,0.2045,0.0045,0,0.52,-0.83,0.0,8.78,new_partner,validation,29
partner_150,EMEA,Services,Registered,50,5,stable,7,4.2,42.5,57,0,0,0.0673,0,12052.03,-9.37,9.2,0.2158,0.8718,1,0.7143,-10.89,13.95,0.0,mature,validation,29
partner_151,APAC,Retail,Certified,1,5,improving,3,4.5,74.4,50,1,0,0.0258,0,19288.44,1.28,1.75,0.2045,0.0045,0,0.52,-0.83,0.0,-73.44,new_partner,validation,29
partner_152,APAC,Services,Registered,52,9,improving,0,1.0,85.7,20,5,1,0.002,0,10051.91,9.55,30.19,0.1791,0.2313,0,0.7097,8.03,0.0,0.0,mature,validation,29
partner_153,EMEA,Retail,Certified,38,7,improving,0,0.5,100.0,29,6,0,0.0002,0,23169.96,-12.79,-33.6,0.278,0.4539,0,0.3333,-15.59,0.0,0.0,mature,validation,29
partner_154,NA,Retail,Certified,19,5,stable,3,4.8,29.2,73,0,1,0.8818,1,39738.06,-8.55,-19.87,0.2273,-0.0965,0,0.6429,-11.35,0.0,0.0,mature,validation,29
partner_155,EMEA,Tech,Certified,1,4,declining,4,2.1,29.5,61,0,1,0.5775,0,9063.03,1.28,1.75,0.2045,0.0045,0,0.52,-0.83,0.0,-81.27,new_partner,validation,29
partner_156,LATAM,Retail,Strategic,35,7,declining,3,5.1,52.4,9,3,0,0.0067,0,77101.69,19.56,56.43,0.3719,-0.1554,0,0.4444,16.76,0.0,0.0,mature,validation,29
partner_157,EMEA,Retail,Registered,5,8,stable,2,2.1,87.0,43,3,0,0.0008,0,21075.66,1.28,1.75,0.2045,0.0045,0,0.52,-0.83,0.0,268.44,new_partner,validation,29
partner_158,LATAM,Retail,Registered,35,6,stable,5,2.8,48.7,47,0,1,0.1005,0,14886.97,-3.95,11.2,0.0966,0.006,0,0.88,-6.75,0.0,0.0,mature,validation,29
partner_159,LATAM,Tech,Registered,44,7,stable,1,3.3,58.5,22,2,1,0.0388,0,9771.6,37.49,11.79,0.2818,0.8766,1,0.6129,34.71,1.43,0.0,mature,validation,29
partner_160,LATAM,Services,Registered,15,9,stable,0,3.2,73.5,21,3,0,0.001,0,11591.41,10.2,41.66,0.3029,0.1526,0,0.8095,8.68,0.0,0.0,mature,validation,29
partner_161,EMEA,Retail,Registered,13,9,stable,0,1.3,75.6,16,2,0,0.0,0,5124.84,-5.58,-20.91,0.225,0.006,0,0.093,-8.38,0.0,0.0,mature,validation,29
partner_162,APAC,Manufacturing,Registered,12,5,stable,9,1.6,19.0,62,1,1,0.6933,0,6215.09,25.72,19.08,0.1985,0.6683,1,0.3333,24.2,20.74,0.0,mature,validation,29
partner_163,EMEA,Services,Registered,13,7,improving,3,3.3,49.3,50,1,1,0.0321,0,3605.64,-2.66,-2.78,0.2434,0.8813,1,0.0476,-4.18,-12.88,0.0,mature,validation,29
partner_164,EMEA,Retail,Registered,6,7,stable,0,3.8,63.1,17,4,0,0.0064,0,6281.63,1.28,1.75,0.2045,0.0045,0,0.52,-0.83,0.0,-44.4,new_partner,validation,29
partner_165,NA,Retail,Strategic,14,10,stable,2,2.6,73.2,24,5,0,0.0003,0,56200.64,-7.03,-21.8,0.2312,-0.0467,0,0.7273,-9.83,0.0,0.0,mature,validation,29
partner_166,NA,Services,Registered,38,8,declining,1,3.1,59.7,15,1,0,0.0124,0,7021.52,6.83,-16.74,0.2003,-0.2343,0,0.3409,5.31,0.0,0.0,mature,validation,29
partner_167,APAC,Services,Strategic,17,10,declining,4,4.7,46.1,51,2,1,0.0849,0,106455.4,6.19,14.91,0.1519,0.0462,0,0.7273,4.67,0.0,0.0,mature,validation,29
partner_168,APAC,Tech,Registered,45,8,stable,4,6.5,21.6,59,0,0,0.1148,0,22114.25,14.56,69.12,0.3448,-0.2219,0,1.0,11.78,0.0,0.0,mature,validation,29
partner_169,NA,Services,Registered,47,3,improving,8,1.4,31.9,83,0,1,0.9446,1,4342.64,-5.03,-33.32,0.3443,-0.4092,0,0.1818,-6.55,0.0,0.0,mature,validation,29
partner_170,APAC,Retail,Certified,44,9,improving,0,0.5,52.9,15,3,0,0.0019,0,39125.86,-16.74,-10.62,0.0953,-0.1339,0,0.75,-19.54,0.0,0.0,mature,validation,29
partner_171,EMEA,Tech,Registered,31,9,improving,1,2.7,86.0,29,3,0,0.0008,0,4464.77,-27.55,-45.23,0.3811,-0.2648,0,0.0625,-30.33,0.0,0.0,mature,validation,29
partner_172,NA,Manufacturing,Registered,18,8,stable,4,3.8,62.2,47,1,0,0.0785,0,11392.76,14.24,-7.47,0.0978,0.0082,0,0.8485,12.72,0.0,0.0,mature,validation,29
partner_173,EMEA,Retail,Certified,53,7,stable,1,0.9,71.8,51,1,1,0.0101,0,9445.02,-12.42,-37.42,0.3657,-0.275,0,0.0303,-15.22,0.0,0.0,mature,validation,29
partner_174,APAC,Services,Registered,11,8,stable,1,2.2,43.0,51,1,0,0.0039,0,8913.0,-14.21,-30.6,0.3248,-0.7415,0,0.5806,-15.73,0.0,0.0,mature,validation,29
partner_175,EMEA,Tech,Registered,26,3,stable,4,7.0,69.2,51,1,1,0.3403,1,10149.72,-8.56,-2.25,0.0953,0.0463,0,0.4375,-11.34,0.0,0.0,mature,validation,29
partner_176,EMEA,Services,Certified,26,1,stable,11,5.9,44.1,61,0,1,0.9779,1,31097.17,3.28,-1.18,0.1809,0.7564,1,0.5588,1.76,-6.34,0.0,mature,validation,29
partner_177,NA,Tech,Registered,43,7,improving,0,3.1,65.8,39,8,0,0.0142,0,1945.93,-12.85,-41.39,0.3415,-0.0913,0,0.0256,-15.63,0.0,0.0,mature,validation,29
partner_178,APAC,Tech,Certified,31,7,improving,3,5.6,70.4,39,4,0,0.0006,0,32366.3,-4.58,4.21,0.093,-0.0666,0,0.6875,-7.36,0.0,0.0,mature,validation,29
partner_179,APAC,Retail,Registered,46,5,stable,1,3.5,57.6,15,1,1,0.0295,0,19755.92,-11.89,-27.69,0.2658,-0.3418,0,1.0,-14.69,0.0,0.0,mature,validation,29
partner_180,LATAM,Retail,Strategic,53,6,stable,3,5.8,53.9,73,1,1,0.4034,0,228450.61,12.89,58.57,0.2889,-0.0737,0,1.0,10.09,0.0,0.0,mature,validation,29
partner_181,APAC,Services,Certified,22,7,stable,2,3.5,80.3,29,2,0,0.0123,0,36640.22,13.34,-10.06,0.1105,0.2806,0,0.8824,11.82,0.0,0.0,mature,validation,29
partner_182,APAC,Retail,Strategic,50,6,declining,3,2.9,30.4,35,4,0,0.712,1,77592.88,26.35,68.82,0.4057,-0.0411,0,0.4286,23.55,0.0,0.0,mature,validation,29
partner_183,NA,Retail,Certified,9,6,stable,5,3.7,30.3,56,0,1,0.3704,0,44842.15,-0.72,-5.15,0.1058,0.51,1,0.8214,-3.52,-6.52,0.0,mature,validation,29
partner_184,NA,Retail,Registered,53,8,stable,2,5.3,61.2,58,2,1,0.0109,0,7170.74,-2.66,-14.06,0.1044,-0.016,0,0.3191,-5.46,0.0,0.0,mature,validation,29
partner_185,LATAM,Retail,Certified,10,7,improving,2,2.7,78.1,59,6,0,0.0043,0,32658.37,0.87,25.84,0.2542,-0.1686,0,0.6429,-1.93,0.0,0.0,mature,validation,29
partner_186,LATAM,Services,Registered,49,7,improving,1,1.0,72.4,23,7,0,0.0019,0,14814.98,18.59,67.27,0.41,0.0457,0,0.9048,17.07,0.0,0.0,mature,validation,29
partner_187,NA,Tech,Certified,22,5,improving,7,5.7,20.3,44,0,1,0.2461,0,17260.21,3.47,-11.85,0.1968,0.2663,0,0.2333,0.69,0.0,0.0,mature,validation,29
partner_188,EMEA,Services,Certified,55,8,improving,4,0.5,66.9,48,4,0,0.0021,0,46893.63,-12.87,-1.3,0.1973,0.3546,0,0.8529,-14.39,0.0,0.0,mature,validation,29
partner_189,LATAM,Retail,Registered,7,9,stable,2,5.3,90.9,4,2,0,0.0035,0,9411.49,1.28,1.75,0.2045,0.0045,0,0.52,-0.83,0.0,-2.28,new_partner,validation,29
partner_190,EMEA,Manufacturing,Strategic,26,5,declining,4,4.5,0.7,77,0,1,0.8684,1,89097.83,2.22,-15.76,0.1952,0.0439,0,0.6154,0.7,0.0,0.0,mature,validation,29
partner_191,APAC,Tech,Registered,52,8,stable,2,2.9,77.6,4,4,0,0.0003,0,18125.59,-5.1,26.68,0.2201,-0.1218,0,0.9231,-7.88,0.0,0.0,mature,validation,29
partner_192,EMEA,Tech,Certified,2,2,declining,7,5.2,59.2,35,0,0,0.3602,0,41149.91,1.28,1.75,0.2045,0.0045,0,0.52,-0.83,0.0,3.11,new_partner,validation,29
partner_193,EMEA,Services,Certified,15,7,declining,4,5.3,72.6,67,2,0,0.1573,0,32565.9,22.96,42.1,0.2523,-0.0727,0,0.5882,21.44,0.0,0.0,mature,validation,29
partner_194,APAC,Services,Registered,4,5,stable,4,5.3,30.1,22,0,1,0.8921,1,4164.1,1.28,1.75,0.2045,0.0045,0,0.52,-0.83,0.0,-79.22,new_partner,validation,29
partner_195,EMEA,Services,Certified,18,7,stable,1,3.5,68.7,65,1,1,0.0079,0,15742.33,-1.67,-7.57,0.0987,0.2954,0,0.2059,-3.19,0.0,0.0,mature,validation,29
partner_196,EMEA,Retail,Certified,22,4,stable,5,3.9,26.9,98,0,0,0.2976,1,28693.61,-11.79,-1.23,0.0932,0.133,0,0.5152,-14.59,0.0,0.0,mature,validation,29
partner_197,NA,Retail,Registered,35,4,declining,3,3.4,48.0,61,0,0,0.2636,0,4016.61,-22.23,-43.53,0.3339,0.1874,0,0.0851,-25.03,0.0,0.0,mature,validation,29
partner_198,APAC,Manufacturing,Certified,14,7,stable,6,5.0,47.8,60,1,1,0.1331,0,36460.04,5.38,38.06,0.223,0.0794,0,0.7692,3.86,0.0,0.0,mature,validation,29
partner_199,EMEA,Retail,Registered,9,3,stable,3,4.8,42.9,22,0,0,0.9063,1,13795.26,2.04,15.78,0.1748,0.3831,0,0.8372,-0.76,0.0,0.0,mature,validation,29
partner_200,NA,Manufacturing,Certified,9,6,declining,2,6.6,35.0,38,2,0,0.1398,0,14788.05,3.71,-28.92,0.2566,-0.0151,0,0.3077,2.19,0.0,0.0,mature,validation,29
partner_201,LATAM,Manufacturing,Registered,54,5,declining,4,3.3,32.0,63,0,1,0.6,0,6475.05,29.41,-7.73,0.2414,0.7724,1,0.3043,27.89,-14.79,0.0,mature,validation,29
partner_202,APAC,Manufacturing,Strategic,55,8,stable,3,2.0,76.3,49,4,1,0.0285,0,137176.76,5.92,26.15,0.2618,0.3514,0,1.0,4.4,0.0,0.0,mature,validation,29
partner_203,NA,Services,Strategic,12,10,stable,0,1.5,82.0,12,4,0,0.0001,0,141136.57,-2.78,-4.1,0.079,-0.0617,0,1.0,-4.3,0.0,0.0,mature,validation,29
partner_204,EMEA,Manufacturing,Registered,11,7,stable,3,3.8,19.7,52,0,0,0.1284,0,8168.92,1.34,6.72,0.0757,-0.4082,0,0.5,-0.18,0.0,0.0,mature,validation,29
partner_205,EMEA,Retail,Registered,3,8,improving,1,0.5,100.0,20,2,0,0.0021,0,23966.51,1.28,1.75,0.2045,0.0045,0,0.52,-0.83,0.0,218.99,new_partner,validation,29
partner_206,EMEA,Retail,Certified,55,9,declining,5,2.9,46.2,17,1,0,0.0022,0,36923.98,3.97,31.33,0.2658,-0.1753,0,0.7576,1.17,0.0,0.0,mature,validation,29
partner_207,EMEA,Manufacturing,Certified,40,10,declining,0,2.7,79.2,18,4,0,0.0004,0,23163.22,0.4,-17.93,0.2501,0.0345,0,0.619,-1.12,0.0,0.0,mature,validation,29
partner_208,LATAM,Tech,Registered,44,4,stable,5,2.8,29.3,36,0,1,0.385,0,5213.73,9.28,18.82,0.0866,0.1667,0,0.2258,6.5,0.0,0.0,mature,validation,29
partner_209,EMEA,Retail,Registered,16,10,declining,0,0.5,89.8,0,4,0,0.0001,0,5745.83,-1.89,-0.24,0.0965,-0.1354,0,0.186,-4.69,0.0,0.0,mature,validation,29
partner_210,NA,Tech,Registered,37,6,stable,6,3.6,26.3,85,1,0,0.8785,1,20432.72,-1.65,9.97,0.1125,-0.0712,0,0.9487,-4.43,0.0,0.0,mature,validation,29
partner_211,LATAM,Services,Strategic,3,9,declining,0,0.8,100.0,0,0,0,0.0004,0,44244.19,1.28,1.75,0.2045,0.0045,0,0.52,-0.83,0.0,27.37,new_partner,validation,29
partner_212,NA,Services,Registered,39,5,declining,4,4.7,51.2,38,6,1,0.3502,1,10272.2,11.48,7.9,0.0929,0.0875,0,0.6818,9.96,0.0,0.0,mature,validation,29
partner_213,EMEA,Manufacturing,Strategic,33,6,improving,3,3.2,31.0,65,0,0,0.0957,0,50013.72,-5.06,-4.63,0.2406,0.82,1,0.3077,-6.58,1.86,0.0,mature,validation,29
partner_214,APAC,Tech,Registered,19,6,improving,0,4.6,31.6,33,3,0,0.0247,0,8958.53,7.26,6.35,0.097,-0.1704,0,0.4615,4.48,0.0,0.0,mature,validation,29
partner_215,LATAM,Retail,Strategic,41,8,stable,2,1.2,83.1,34,2,1,0.0008,0,63875.02,-28.21,12.32,0.2436,0.8282,1,0.2222,-31.01,14.98,0.0,mature,validation,29
partner_216,LATAM,Tech,Registered,37,7,declining,6,4.3,44.1,30,3,0,0.0461,0,8979.85,5.61,-6.33,0.0894,0.197,0,0.5161,2.83,0.0,0.0,mature,validation,29
partner_217,EMEA,Tech,Registered,25,9,stable,0,1.7,86.6,40,3,0,0.0013,0,6670.33,1.11,-5.22,0.0993,-0.1425,0,0.25,-1.67,0.0,0.0,mature,validation,29
partner_218,EMEA,Manufacturing,Strategic,10,8,declining,4,3.6,38.9,17,1,1,0.0236,0,42980.44,2.0,-7.59,0.0902,0.1283,0,0.1538,0.48,0.0,0.0,mature,validation,29
partner_219,APAC,Manufacturing,Strategic,1,9,stable,3,0.5,68.9,41,2,0,0.0019,0,108913.24,1.28,1.75,0.2045,0.0045,0,0.52,-0.83,0.0,187.02,new_partner,validation,29
partner_220,NA,Retail,Registered,54,4,declining,2,2.8,40.2,57,1,0,0.1579,0,5012.51,-1.36,-7.25,0.1095,-0.0258,0,0.1702,-4.16,0.0,0.0,mature,validation,29
partner_221,NA,Retail,Registered,16,3,improving,9,5.3,38.1,54,0,1,0.3792,1,16554.04,-25.36,11.09,0.2388,0.8887,1,0.9574,-28.16,12.73,0.0,mature,validation,29
partner_222,NA,Retail,Registered,17,4,improving,2,1.9,37.5,52,0,1,0.172,0,6493.61,6.13,7.65,0.0899,0.0275,0,0.2553,3.33,0.0,0.0,mature,validation,29
partner_223,LATAM,Services,Registered,39,6,stable,6,0.5,33.7,80,1,1,0.3905,0,7014.67,-18.32,-4.91,0.1921,0.8069,1,0.381,-19.84,-9.34,0.0,mature,validation,29
partner_224,APAC,Manufacturing,Registered,14,10,improving,1,0.5,100.0,0,4,1,0.0002,0,5208.83,3.49,-22.58,0.2594,-0.2498,0,0.1667,1.97,0.0,0.0,mature,validation,29
partner_225,EMEA,Retail,Strategic,21,4,declining,9,6.0,32.2,34,0,1,0.8802,1,116067.11,-19.16,10.87,0.1596,0.75,1,0.7857,-21.96,5.51,0.0,mature,validation,29
partner_226,APAC,Services,Registered,41,5,improving,3,4.7,33.4,34,1,1,0.1778,1,3877.52,1.79,3.45,0.1111,0.0712,0,0.129,0.27,0.0,0.0,mature,validation,29
partner_227,EMEA,Tech,Certified,34,5,stable,2,2.6,43.7,62,1,1,0.3554,0,18554.36,-25.75,-1.34,0.2295,0.91,1,0.3226,-28.53,-6.86,0.0,mature,validation,29
partner_228,NA,Tech,Registered,38,7,stable,5,2.6,69.6,59,2,0,0.0078,0,5801.66,7.74,28.95,0.1657,0.2661,0,0.2564,4.96,0.0,0.0,mature,validation,29
partner_229,LATAM,Services,Registered,1,5,declining,6,4.9,51.3,51,0,1,0.6241,0,11036.12,1.28,1.75,0.2045,0.0045,0,0.52,-0.83,0.0,1.96,new_partner,validation,29
partner_230,EMEA,Retail,Certified,26,10,improving,0,4.2,80.1,0,2,0,0.0001,0,20859.25,35.12,11.25,0.2041,0.5804,1,0.2121,32.32,5.18,0.0,mature,validation,29
partner_231,EMEA,Retail,Registered,27,10,improving,0,3.0,95.4,5,6,0,0.0,0,10976.42,0.72,4.88,0.2135,0.779,1,0.6512,-2.08,-4.21,0.0,mature,validation,29
partner_232,NA,Manufacturing,Certified,36,10,improving,0,3.2,93.8,32,3,1,0.0001,0,27085.08,16.75,12.04,0.1574,0.6013,1,0.6923,15.23,7.57,0.0,mature,validation,29
partner_233,APAC,Retail,Registered,8,6,stable,6,3.2,57.9,54,1,1,0.0109,0,15268.43,1.28,1.75,0.2045,0.0045,0,0.52,-0.83,0.0,51.03,new_partner,validation,29
partner_234,NA,Manufacturing,Strategic,9,6,stable,8,3.8,59.9,56,1,0,0.095,1,112296.87,6.36,16.04,0.0817,-0.6621,0,0.8182,4.84,0.0,0.0,mature,validation,29
partner_235,APAC,Retail,Certified,44,9,improving,2,3.1,35.6,0,1,0,0.0004,0,89063.12,13.13,88.14,0.4014,-0.4697,0,1.0,10.33,0.0,0.0,mature,validation,29
partner_236,APAC,Retail,Strategic,39,9,improving,0,1.9,47.4,0,3,0,0.0009,0,145587.52,-26.92,-2.37,0.1759,0.7682,1,0.7143,-29.72,0.66,0.0,mature,validation,29
partner_237,NA,Retail,Registered,47,3,stable,5,2.3,30.8,49,1,1,0.3647,0,5210.02,-13.87,-39.11,0.3733,-0.4612,0,0.1915,-16.67,0.0,0.0,mature,validation,29
partner_238,LATAM,Tech,Registered,15,8,stable,3,6.0,46.3,67,3,0,0.0482,0,6053.62,8.35,6.54,0.1204,0.1484,0,0.2903,5.57,0.0,0.0,mature,validation,29
partner_239,EMEA,Retail,Registered,57,6,declining,2,3.3,56.1,11,2,0,0.0032,0,7868.7,13.88,3.19,0.2277,0.7962,1,0.4186,11.08,10.97,0.0,mature,validation,29
partner_240,EMEA,Retail,Certified,15,7,stable,4,5.6,28.0,55,0,0,0.1171,0,30715.9,2.58,-0.53,0.1025,-0.0641,0,0.6061,-0.22,0.0,0.0,mature,validation,29
partner_241,APAC,Services,Registered,37,7,declining,2,4.6,56.2,45,3,0,0.0058,0,21409.97,7.25,46.01,0.2559,-0.3892,0,1.0,5.73,0.0,0.0,mature,validation,29
partner_242,LATAM,Tech,Registered,9,7,stable,3,4.2,21.5,39,0,1,0.4357,0,10856.66,40.19,38.07,0.213,-0.1331,0,0.7097,37.41,0.0,0.0,mature,validation,29
partner_243,EMEA,Tech,Registered,53,6,declining,6,2.2,5.4,38,1,1,0.4414,0,10166.36,-13.91,0.57,0.18,0.8048,1,0.4688,-16.69,-6.0,0.0,mature,validation,29
partner_244,NA,Retail,Registered,19,4,declining,5,5.5,21.8,52,1,0,0.7499,1,10130.12,15.82,3.32,0.1118,0.3005,0,0.7234,13.02,0.0,0.0,mature,validation,29
partner_245,LATAM,Tech,Registered,46,6,declining,5,5.9,25.5,53,0,1,0.6771,1,13427.54,10.78,56.79,0.3606,-0.2646,0,0.871,8.0,0.0,0.0,mature,validation,29
partner_246,APAC,Retail,Registered,19,6,declining,2,4.0,49.9,57,1,0,0.1437,0,12585.99,26.19,14.57,0.2092,0.8344,1,0.7742,23.39,4.32,0.0,mature,validation,29
partner_247,LATAM,Manufacturing,Registered,45,6,improving,0,6.1,77.3,22,0,1,0.0144,0,8636.44,-1.79,60.02,0.3631,0.0648,0,0.5652,-3.31,0.0,0.0,mature,validation,29
partner_248,NA,Retail,Certified,26,3,declining,6,3.2,52.9,66,2,1,0.7146,1,29747.55,-13.75,23.84,0.2056,0.8031,1,0.3929,-16.55,8.22,0.0,mature,validation,29
partner_249,NA,Services,Registered,3,7,improving,6,2.8,27.7,29,1,0,0.1801,0,3242.68,1.28,1.75,0.2045,0.0045,0,0.52,-0.83,0.0,-77.36,new_partner,validation,29
partner_250,NA,Services,Registered,11,5,improving,1,3.8,77.6,39,1,0,0.0206,0,5735.43,12.5,53.56,0.3116,-0.2756,0,0.2727,10.98,0.0,0.0,mature,validation,29
partner_251,LATAM,Retail,Certified,39,7,stable,8,3.4,41.8,66,0,0,0.0666,0,25146.17,14.36,15.47,0.1693,-0.2126,0,0.5,11.56,0.0,0.0,mature,validation,29
partner_252,APAC,Retail,Certified,11,4,improving,5,3.3,54.0,39,2,0,0.0304,1,32520.88,-2.93,3.71,0.101,-0.123,0,0.6875,-5.73,0.0,0.0,mature,validation,29
partner_253,NA,Retail,Registered,15,6,declining,2,5.4,52.2,36,1,1,0.2616,0,14334.06,4.59,8.15,0.0928,0.0047,0,0.9362,1.79,0.0,0.0,mature,validation,29
partner_254,EMEA,Manufacturing,Certified,31,5,stable,3,2.9,36.5,44,2,0,0.2156,0,16286.19,15.55,-3.29,0.1036,0.0564,0,0.1905,14.03,0.0,0.0,mature,validation,29
partner_255,EMEA,Retail,Strategic,14,9,declining,1,1.0,87.7,33,6,0,0.0007,0,97321.25,-0.69,-8.14,0.1165,-0.4824,0,0.5714,-3.49,0.0,0.0,mature,validation,29
partner_256,LATAM,Services,Certified,7,4,stable,2,5.3,11.3,61,2,0,0.8435,1,22109.33,1.28,1.75,0.2045,0.0045,0,0.52,-0.83,0.0,-62.29,new_partner,validation,29
partner_257,APAC,Services,Strategic,36,10,improving,0,0.5,98.4,0,4,0,0.0,0,97632.48,6.52,27.35,0.185,-0.0088,0,0.6364,5.0,0.0,0.0,mature,validation,29
partner_258,EMEA,Services,Certified,39,6,improving,2,3.8,51.9,31,2,1,0.008,0,30645.95,25.36,51.66,0.2742,-0.1131,0,0.5294,23.84,0.0,0.0,mature,validation,29
partner_259,EMEA,Tech,Registered,42,6,declining,4,3.7,54.5,31,2,0,0.2534,1,20217.52,4.85,8.79,0.1853,0.7038,1,0.875,2.07,5.63,0.0,mature,validation,29
partner_260,NA,Services,Registered,54,6,improving,3,4.5,62.3,52,2,0,0.0589,1,12466.83,-1.67,33.42,0.2712,-0.0795,0,0.8636,-3.19,0.0,0.0,mature,validation,29
partner_261,EMEA,Retail,Certified,7,8,improving,2,4.3,54.4,0,4,1,0.0113,0,37250.2,1.28,1.75,0.2045,0.0045,0,0.52,-0.83,0.0,8.78,new_partner,validation,29
partner_262,APAC,Tech,Strategic,24,8,stable,4,3.1,76.6,43,2,1,0.0616,0,65170.58,-4.41,-27.16,0.2592,-0.0932,0,0.2727,-7.19,0.0,0.0,mature,validation,29
partner_263,NA,Tech,Registered,13,8,declining,5,4.6,25.6,71,0,0,0.3424,1,9806.78,0.28,49.0,0.2821,0.1345,0,0.5897,-2.5,0.0,0.0,mature,validation,29
partner_264,EMEA,Services,Registered,52,6,declining,7,3.2,44.2,48,1,0,0.0775,0,17453.8,27.02,45.08,0.2733,0.1088,0,0.9286,25.5,0.0,0.0,mature,validation,29
partner_265,APAC,Manufacturing,Certified,31,3,stable,8,4.9,29.1,66,0,1,0.8077,0,33956.68,13.02,30.61,0.1827,0.0904,0,0.6154,11.5,0.0,0.0,mature,validation,29
partner_266,EMEA,Services,Registered,5,7,improving,0,4.0,56.1,0,4,0,0.0003,0,6450.52,1.28,1.75,0.2045,0.0045,0,0.52,-0.83,0.0,-56.66,new_partner,validation,29
partner_267,EMEA,Retail,Certified,40,7,declining,6,4.6,40.8,40,1,0,0.0292,0,14770.39,14.71,-2.76,0.0991,0.1534,0,0.1515,11.91,0.0,0.0,mature,validation,29
partner_268,EMEA,Services,Certified,2,4,improving,1,5.8,53.5,74,0,0,0.0528,0,37679.24,1.28,1.75,0.2045,0.0045,0,0.52,-0.83,0.0,-5.49,new_partner,validation,29
partner_269,EMEA,Tech,Certified,15,8,declining,1,1.4,77.5,16,4,1,0.0029,0,53409.81,1.21,-14.61,0.1113,-0.3412,0,0.871,-1.57,0.0,0.0,mature,validation,29
partner_270,EMEA,Tech,Strategic,41,10,improving,0,4.2,72.2,65,3,0,0.0066,0,64779.85,-12.79,-7.34,0.1213,-0.259,0,0.4,-15.57,0.0,0.0,mature,validation,29
partner_271,EMEA,Services,Certified,29,8,improving,1,2.4,60.7,36,4,0,0.0024,0,26415.94,-8.37,17.24,0.1957,0.8321,1,0.4412,-9.89,19.29,0.0,mature,validation,29
partner_272,EMEA,Tech,Certified,44,6,improving,4,4.2,54.6,32,2,1,0.0188,0,18117.66,-42.79,7.59,0.2688,0.8509,1,0.2903,-45.57,-0.96,0.0,mature,validation,29
partner_273,EMEA,Tech,Certified,33,6,stable,6,1.6,29.9,59,1,1,0.1334,0,18099.48,11.07,-7.4,0.0852,-0.1227,0,0.2581,8.29,0.0,0.0,mature,validation,29
partner_274,NA,Manufacturing,Certified,48,6,stable,5,6.5,44.6,56,0,1,0.5967,0,32175.83,7.27,0.79,0.1111,-0.0939,0,0.7692,5.75,0.0,0.0,mature,validation,29
partner_275,LATAM,Retail,Strategic,32,4,stable,2,4.6,38.8,35,0,1,0.5635,0,58801.5,-3.46,6.95,0.2204,0.943,1,0.1111,-6.26,2.21,0.0,mature,validation,29
partner_276,NA,Tech,Registered,3,6,declining,3,6.5,36.8,35,0,0,0.539,1,6638.52,1.28,1.75,0.2045,0.0045,0,0.52,-0.83,0.0,-73.15,new_partner,validation,29
partner_277,NA,Retail,Certified,4,7,improving,3,4.5,48.9,69,3,1,0.1893,0,41278.78,1.28,1.75,0.2045,0.0045,0,0.52,-0.83,0.0,32.63,new_partner,validation,29
partner_278,NA,Retail,Registered,45,9,stable,2,0.5,35.4,61,1,0,0.0129,0,7348.19,8.62,57.49,0.349,0.1484,0,0.3404,5.82,0.0,0.0,mature,validation,29
partner_279,APAC,Services,Strategic,2,5,improving,3,6.8,56.4,47,0,1,0.2543,1,62875.62,1.28,1.75,0.2045,0.0045,0,0.52,-0.83,0.0,75.16,new_partner,validation,29
partner_280,APAC,Manufacturing,Certified,21,8,improving,5,4.1,61.1,29,0,0,0.0063,0,27699.11,17.26,10.49,0.2423,0.9073,1,0.4615,15.74,3.54,0.0,mature,validation,29
partner_281,EMEA,Tech,Registered,1,3,declining,3,5.6,18.8,25,0,0,0.4527,0,7407.0,1.28,1.75,0.2045,0.0045,0,0.52,-0.83,0.0,-75.24,new_partner,validation,29
partner_282,EMEA,Tech,Registered,17,6,stable,3,4.7,59.6,88,1,1,0.5167,0,9928.78,-0.07,4.3,0.0946,-0.3517,0,0.4062,-2.85,0.0,0.0,mature,validation,29
partner_283,EMEA,Tech,Registered,34,8,stable,2,2.4,69.8,46,3,0,0.0075,0,12051.49,16.78,23.19,0.2464,0.8677,1,0.6562,14.0,12.99,0.0,mature,validation,29
partner_284,EMEA,Manufacturing,Certified,10,7,stable,3,2.8,36.8,63,1,1,0.1802,0,71801.89,17.32,35.34,0.239,-0.0627,0,1.0,15.8,0.0,0.0,mature,validation,29
partner_285,NA,Services,Registered,27,7,declining,2,3.7,51.9,16,3,0,0.037,0,4005.51,-6.86,-43.35,0.3503,0.5258,1,0.1136,-8.38,-11.14,0.0,mature,validation,29
partner_286,NA,Services,Registered,57,3,stable,4,2.9,43.1,37,2,1,0.2064,0,12786.94,23.67,17.27,0.2458,0.8417,1,0.9318,22.15,9.51,0.0,mature,validation,29
partner_287,EMEA,Tech,Strategic,4,7,improving,3,3.7,63.8,23,1,1,0.0413,0,108712.05,1.28,1.75,0.2045,0.0045,0,0.52,-0.83,0.0,237.47,new_partner,validation,29
partner_288,NA,Tech,Certified,3,6,declining,7,5.7,62.3,0,2,1,0.0258,0,75166.65,1.28,1.75,0.2045,0.0045,0,0.52,-0.83,0.0,226.94,new_partner,validation,29
partner_289,NA,Tech,Registered,15,6,declining,0,1.5,48.9,20,4,0,0.0903,0,3790.79,-10.11,-28.29,0.2861,-0.3162,0,0.0769,-12.89,0.0,0.0,mature,validation,29
partner_290,EMEA,Manufacturing,Registered,47,5,improving,3,3.8,53.5,54,0,1,0.1089,0,5175.78,7.96,-0.78,0.0879,-0.3464,0,0.2308,6.44,0.0,0.0,mature,validation,29
partner_291,APAC,Tech,Strategic,23,5,stable,2,5.6,47.8,49,2,1,0.0311,0,116109.02,19.88,38.24,0.275,0.1015,0,0.7273,17.1,0.0,0.0,mature,validation,29
partner_292,EMEA,Manufacturing,Certified,37,4,stable,3,2.5,40.1,31,1,1,0.0888,0,16292.04,-5.91,-21.25,0.1904,0.1037,0,0.2381,-7.43,0.0,0.0,mature,validation,29
partner_293,APAC,Manufacturing,Certified,1,5,stable,2,2.5,40.8,81,0,1,0.1943,0,37757.73,1.28,1.75,0.2045,0.0045,0,0.52,-0.83,0.0,34.77,new_partner,validation,29
partner_294,EMEA,Tech,Registered,42,10,improving,1,0.5,86.8,0,3,0,0.0001,0,10929.1,6.58,47.01,0.2524,-0.1016,0,0.5625,3.8,0.0,0.0,mature,validation,29
partner_295,APAC,Tech,Registered,3,4,improving,4,3.5,52.8,65,2,0,0.1192,0,11314.99,1.28,1.75,0.2045,0.0045,0,0.52,-0.83,0.0,-5.64,new_partner,validation,29
partner_296,APAC,Tech,Registered,41,9,declining,2,6.3,33.8,59,0,0,0.1039,0,9657.15,-3.59,-11.79,0.122,0.4393,0,0.5385,-6.37,0.0,0.0,mature,validation,29
partner_297,APAC,Retail,Certified,8,8,improving,0,0.7,72.4,31,3,1,0.0,0,47435.06,1.28,1.75,0.2045,0.0045,0,0.52,-0.83,0.0,37.35,new_partner,validation,29
partner_298,APAC,Retail,Registered,49,5,improving,2,4.5,45.9,62,1,1,0.2925,0,3319.11,14.68,-12.66,0.1902,0.6342,1,0.0323,11.88,-10.38,0.0,mature,validation,29
partner_299,LATAM,Manufacturing,Registered,17,6,declining,7,4.0,44.5,29,1,0,0.0386,0,3493.99,-7.99,-30.92,0.2368,-0.1448,0,0.087,-9.51,0.0,0.0,mature,validation,29
partner_300,LATAM,Tech,Certified,10,4,declining,4,5.6,45.3,22,5,0,0.2023,1,28274.68,-0.7,22.68,0.2446,0.1215,0,0.7059,-3.48,0.0,0.0,mature,validation,29
partner_301,LATAM,Retail,Strategic,19,4,improving,5,6.8,8.3,27,0,1,0.4373,0,95666.13,-8.59,14.71,0.2122,-0.2997,0,0.5556,-11.39,0.0,0.0,mature,validation,29
partner_302,EMEA,Manufacturing,Certified,1,4,stable,6,4.4,41.2,71,1,1,0.814,1,25534.56,1.28,1.75,0.2045,0.0045,0,0.52,-0.83,0.0,-21.51,new_partner,validation,29
partner_303,NA,Services,Registered,9,6,stable,3,4.0,45.2,0,2,1,0.031,0,6692.06,-7.16,-29.52,0.2533,-0.0143,0,0.2955,-8.68,0.0,0.0,mature,validation,29
partner_304,NA,Retail,Registered,34,6,stable,4,6.3,42.0,55,0,1,0.2516,0,7940.7,24.14,84.56,0.338,-0.2205,0,0.4468,21.34,0.0,0.0,mature,validation,29
partner_305,APAC,Services,Registered,17,9,declining,0,0.5,60.3,24,6,0,0.0024,0,15025.42,21.42,81.0,0.3497,-0.4823,0,0.871,19.9,0.0,0.0,mature,validation,29
partner_306,NA,Services,Registered,20,9,stable,0,1.9,67.8,2,4,1,0.0003,0,8509.87,34.47,84.72,0.3938,-0.2692,0,0.4318,32.95,0.0,0.0,mature,validation,29
partner_307,NA,Manufacturing,Certified,46,8,stable,0,0.5,97.0,19,3,0,0.0008,0,13638.76,18.42,2.85,0.095,0.2055,0,0.1538,16.9,0.0,0.0,mature,validation,29
partner_308,LATAM,Manufacturing,Registered,7,7,declining,2,2.3,62.2,44,4,0,0.0968,0,6237.89,1.28,1.75,0.2045,0.0045,0,0.52,-0.83,0.0,-68.23,new_partner,validation,29
partner_309,EMEA,Retail,Certified,22,7,improving,4,4.3,52.6,31,5,1,0.0383,0,51725.51,35.11,8.68,0.2134,0.7415,1,0.9091,32.31,7.41,0.0,mature,validation,29
partner_310,EMEA,Services,Strategic,10,10,stable,0,0.5,98.4,18,1,0,0.0002,0,60159.22,-2.54,-2.37,0.0989,0.1315,0,0.3333,-4.06,0.0,0.0,mature,validation,29
partner_311,NA,Tech,Strategic,28,5,stable,4,7.1,42.8,32,3,0,0.4015,0,77046.24,-0.53,-9.28,0.0886,-0.1449,0,0.6667,-3.31,0.0,0.0,mature,validation,29
partner_312,NA,Services,Registered,19,3,improving,1,4.9,34.2,40,0,1,0.099,0,12743.76,16.0,55.41,0.35,-0.2087,0,0.9091,14.48,0.0,0.0,mature,validation,29
partner_313,EMEA,Manufacturing,Registered,2,8,stable,4,2.8,47.0,24,1,1,0.018,0,6929.73,1.28,1.75,0.2045,0.0045,0,0.52,-0.83,0.0,-61.02,new_partner,validation,29
partner_314,NA,Retail,Registered,4,4,improving,6,4.9,47.6,61,0,1,0.4415,1,11865.29,1.28,1.75,0.2045,0.0045,0,0.52,-0.83,0.0,75.66,new_partner,validation,29
partner_315,NA,Retail,Registered,49,8,improving,2,1.2,75.4,35,1,1,0.007,0,10542.47,-6.99,5.35,0.0951,-0.245,0,0.7447,-9.79,0.0,0.0,mature,validation,29
partner_316,NA,Manufacturing,Registered,3,5,improving,2,1.5,43.9,25,0,0,0.0268,0,7378.05,1.28,1.75,0.2045,0.0045,0,0.52,-0.83,0.0,-70.64,new_partner,validation,29
partner_317,NA,Manufacturing,Registered,45,3,improving,9,5.0,19.9,79,0,0,0.6102,0,7465.19,-14.04,-13.86,0.1815,-0.1387,0,0.3636,-15.56,0.0,0.0,mature,validation,29
partner_318,LATAM,Retail,Certified,53,6,improving,1,7.2,35.6,16,0,1,0.1696,0,10300.31,-9.22,-35.69,0.3494,-0.3724,0,0.0714,-12.02,0.0,0.0,mature,validation,29
partner_319,EMEA,Manufacturing,Registered,27,6,improving,5,1.8,84.9,68,0,1,0.1925,0,8643.52,-3.65,6.88,0.0893,0.3465,0,0.6538,-5.17,0.0,0.0,mature,validation,29
partner_320,APAC,Services,Strategic,18,10,stable,1,4.0,71.0,0,5,0,0.0001,0,64957.47,-9.49,-14.52,0.0962,0.0396,0,0.4545,-11.01,0.0,0.0,mature,validation,29
partner_321,APAC,Tech,Registered,45,5,improving,5,4.9,50.5,86,1,1,0.5408,0,9525.22,2.69,-6.03,0.0941,-0.3088,0,0.5,-0.09,0.0,0.0,mature,validation,29
partner_322,NA,Tech,Registered,56,6,improving,3,3.9,57.5,53,2,0,0.0868,0,14383.32,8.06,-0.74,0.1056,-0.2145,0,0.7949,5.28,0.0,0.0,mature,validation,29
partner_323,NA,Retail,Registered,6,9,improving,1,2.6,82.6,45,3,0,0.0009,0,9015.37,1.28,1.75,0.2045,0.0045,0,0.52,-0.83,0.0,-25.36,new_partner,validation,29
partner_324,NA,Services,Registered,55,10,stable,1,2.3,100.0,0,3,0,0.0001,0,12661.56,19.16,21.72,0.2125,-0.2706,0,0.8864,17.64,0.0,0.0,mature,validation,29
partner_325,APAC,Tech,Registered,54,7,stable,2,5.1,58.6,34,1,0,0.0353,0,5734.93,-0.15,11.14,0.0906,0.2162,0,0.2692,-2.93,0.0,0.0,mature,validation,29
partner_326,LATAM,Services,Strategic,8,9,declining,2,2.3,68.2,32,1,0,0.0026,0,34128.15,1.28,1.75,0.2045,0.0045,0,0.52,-0.83,0.0,-37.18,new_partner,validation,29
partner_327,APAC,Tech,Registered,3,9,improving,1,3.5,62.8,37,4,1,0.0105,0,14323.75,1.28,1.75,0.2045,0.0045,0,0.52,-0.83,0.0,69.94,new_partner,validation,29
partner_328,NA,Manufacturing,Registered,41,4,improving,4,5.4,60.3,56,1,0,0.0456,0,8416.86,-21.05,-45.44,0.3859,-0.2689,0,0.5152,-22.57,0.0,0.0,mature,validation,29
partner_329,LATAM,Retail,Certified,4,7,stable,1,4.7,72.5,53,0,0,0.0301,0,25350.1,1.28,1.75,0.2045,0.0045,0,0.52,-0.83,0.0,-10.65,new_partner,validation,29
partner_330,EMEA,Retail,Registered,34,10,improving,2,1.1,100.0,22,4,0,0.0,0,14754.2,-20.75,10.52,0.2014,0.7602,1,0.8837,-23.55,3.76,0.0,mature,validation,29
partner_331,LATAM,Services,Certified,3,6,declining,4,2.8,79.2,43,1,1,0.2136,1,19315.85,1.28,1.75,0.2045,0.0045,0,0.52,-0.83,0.0,-46.56,new_partner,validation,29
partner_332,EMEA,Tech,Registered,40,5,improving,6,3.9,19.3,82,0,1,0.4773,0,9012.23,-1.89,-11.58,0.1135,0.2181,0,0.3438,-4.67,0.0,0.0,mature,validation,29
partner_333,LATAM,Tech,Certified,13,3,stable,8,8.3,15.4,71,0,1,0.9323,0,17310.01,-2.07,-34.63,0.2691,-0.2596,0,0.2353,-4.85,0.0,0.0,mature,validation,29
partner_334,APAC,Services,Registered,5,2,declining,6,5.6,17.4,88,0,1,0.8734,1,3283.46,1.28,1.75,0.2045,0.0045,0,0.52,-0.83,0.0,-84.15,new_partner,validation,29
partner_335,EMEA,Services,Registered,3,9,improving,0,0.5,74.8,20,2,0,0.0031,0,22620.55,1.28,1.75,0.2045,0.0045,0,0.52,-0.83,0.0,277.67,new_partner,validation,29
partner_336,LATAM,Services,Certified,10,5,improving,4,3.0,56.9,18,1,0,0.0855,0,8405.19,-5.58,-42.98,0.3286,-0.167,0,0.0952,-7.1,0.0,0.0,mature,validation,29
partner_337,EMEA,Retail,Strategic,31,9,improving,1,1.5,72.8,38,2,0,0.0003,0,176347.25,26.21,18.74,0.2331,0.9044,1,1.0,23.41,6.89,0.0,mature,validation,29
partner_338,LATAM,Manufacturing,Registered,4,8,stable,1,5.1,58.9,42,5,1,0.0252,0,42041.46,1.28,1.75,0.2045,0.0045,0,0.52,-0.83,0.0,300.0,new_partner,validation,29
partner_339,EMEA,Services,Certified,46,10,stable,0,0.6,100.0,0,7,0,0.0,0,20769.66,-3.39,-0.4,0.0988,0.266,0,0.3235,-4.91,0.0,0.0,mature,validation,29
partner_340,APAC,Tech,Registered,35,8,stable,5,4.1,55.3,37,1,1,0.0359,0,13525.03,8.06,38.82,0.1972,-0.145,0,0.8077,5.28,0.0,0.0,mature,validation,29
partner_341,EMEA,Retail,Registered,17,7,stable,1,1.3,69.6,52,6,0,0.0578,0,8109.27,16.25,12.08,0.2325,0.8373,1,0.4419,13.45,9.63,0.0,mature,validation,29
partner_342,APAC,Services,Registered,57,8,declining,4,5.0,64.3,49,0,0,0.0673,0,11760.12,17.61,17.84,0.1106,-0.3743,0,0.7742,16.09,0.0,0.0,mature,validation,29
partner_343,APAC,Tech,Certified,38,8,improving,2,5.1,60.8,64,1,1,0.0091,0,20342.92,8.82,-2.96,0.0855,-0.0731,0,0.1875,6.04,0.0,0.0,mature,validation,29
partner_344,NA,Manufacturing,Registered,38,9,improving,0,4.1,52.2,41,3,1,0.0053,0,10585.78,-5.33,-5.54,0.0839,0.2889,0,0.7879,-6.85,0.0,0.0,mature,validation,29
partner_345,LATAM,Services,Certified,10,10,stable,0,0.5,82.3,6,7,0,0.0001,0,65812.94,-18.49,-1.8,0.2132,0.9037,1,0.9048,-20.01,3.25,0.0,mature,validation,29
partner_346,LATAM,Manufacturing,Registered,41,5,improving,5,3.9,51.8,23,1,1,0.3057,0,7924.85,-17.16,-44.06,0.4145,-0.2541,0,0.4783,-18.68,0.0,0.0,mature,validation,29
partner_347,APAC,Tech,Strategic,32,4,stable,5,2.9,77.7,56,0,1,0.5277,0,67398.0,3.65,-16.59,0.0996,0.0667,0,0.3636,0.87,0.0,0.0,mature,validation,29
partner_348,EMEA,Tech,Certified,57,3,declining,7,6.3,51.5,92,0,1,0.9445,0,17313.09,-2.12,-9.97,0.109,0.145,0,0.1935,-4.9,0.0,0.0,mature,validation,29
partner_349,NA,Tech,Registered,27,6,improving,4,4.0,97.7,33,0,1,0.0074,0,9193.01,0.27,21.07,0.1622,-0.0972,0,0.5128,-2.51,0.0,0.0,mature,validation,29
partner_350,EMEA,Retail,Registered,39,7,stable,1,5.5,47.8,38,0,1,0.0996,0,7074.65,-8.49,-35.29,0.3237,0.2274,0,0.3953,-11.29,0.0,0.0,mature,validation,29
partner_351,LATAM,Services,Registered,19,6,improving,2,3.8,64.4,82,0,1,0.0598,0,4736.26,-14.53,-40.32,0.2896,0.1835,0,0.0952,-16.05,0.0,0.0,mature,validation,29
partner_352,EMEA,Services,Strategic,2,3,declining,6,5.1,56.2,26,0,1,0.2192,0,99752.79,1.28,1.75,0.2045,0.0045,0,0.52,-0.83,0.0,291.42,new_partner,validation,29
partner_353,NA,Retail,Registered,7,2,stable,5,5.3,25.1,78,0,1,0.854,1,7586.8,1.28,1.75,0.2045,0.0045,0,0.52,-0.83,0.0,-43.08,new_partner,validation,29
partner_354,NA,Tech,Certified,50,3,stable,8,6.2,24.6,75,0,1,0.9519,1,16868.43,-4.77,-23.72,0.2877,-0.6538,0,0.1667,-7.55,0.0,0.0,mature,validation,29
partner_355,NA,Services,Registered,42,5,improving,2,2.4,60.7,52,1,0,0.0512,0,8792.99,-8.24,-3.97,0.1032,-0.1818,0,0.4773,-9.76,0.0,0.0,mature,validation,29
partner_356,NA,Retail,Certified,21,7,declining,1,1.1,63.1,0,0,0,0.0151,0,10672.09,-6.63,-32.71,0.3389,0.3311,0,0.0714,-9.43,0.0,0.0,mature,validation,29
partner_357,LATAM,Tech,Registered,40,8,stable,0,2.2,45.1,17,0,0,0.0135,0,4482.41,7.72,5.48,0.0875,0.2639,0,0.1613,4.94,0.0,0.0,mature,validation,29
partner_358,LATAM,Tech,Certified,1,4,declining,4,5.4,17.8,14,0,0,0.5515,0,18498.26,1.28,1.75,0.2045,0.0045,0,0.52,-0.83,0.0,-65.11,new_partner,validation,29
partner_359,NA,Manufacturing,Strategic,2,2,improving,10,7.1,2.3,43,0,1,0.9772,1,98802.8,1.28,1.75,0.2045,0.0045,0,0.52,-0.83,0.0,116.05,new_partner,validation,29
partner_360,NA,Retail,Registered,29,8,stable,1,2.1,77.5,37,1,1,0.0093,0,8113.83,4.45,33.77,0.3047,-0.1607,0,0.5106,1.65,0.0,0.0,mature,validation,29
partner_361,APAC,Manufacturing,Certified,36,9,stable,0,1.9,100.0,0,4,0,0.0,0,7609.99,3.59,-39.08,0.3921,-0.2725,0,0.0769,2.07,0.0,0.0,mature,validation,29
partner_362,EMEA,Tech,Registered,54,7,stable,6,4.9,30.1,66,0,0,0.5399,1,23144.09,24.94,78.4,0.4004,-0.3617,0,0.9062,22.16,0.0,0.0,mature,validation,29
partner_363,EMEA,Manufacturing,Registered,44,9,improving,1,1.6,89.9,27,7,0,0.0005,0,5903.31,10.85,2.65,0.1043,-0.0467,0,0.3846,9.33,0.0,0.0,mature,validation,29
partner_364,EMEA,Retail,Strategic,14,6,stable,7,3.9,54.0,25,1,0,0.0815,0,104621.57,-3.11,-29.87,0.2348,0.2766,0,0.7143,-5.91,0.0,0.0,mature,validation,29
partner_365,LATAM,Tech,Certified,47,7,improving,6,4.6,60.8,42,2,0,0.0883,0,41795.08,60.36,6.46,0.2131,0.7797,1,0.8235,57.58,-0.67,0.0,mature,validation,29
partner_366,NA,Tech,Certified,28,5,stable,4,6.6,61.7,11,2,1,0.0531,0,5927.42,-3.14,-24.34,0.2938,-0.0342,0,0.0333,-5.92,0.0,0.0,mature,validation,29
partner_367,LATAM,Retail,Registered,47,6,improving,1,4.7,63.1,40,2,1,0.1291,0,7313.99,13.17,15.18,0.0867,-0.2028,0,0.6,10.37,0.0,0.0,mature,validation,29
partner_368,LATAM,Retail,Registered,10,7,stable,2,4.7,84.2,39,0,0,0.0036,0,2677.87,-12.72,-17.24,0.1989,-0.1364,0,0.04,-15.52,0.0,0.0,mature,validation,29
partner_369,NA,Retail,Registered,1,6,stable,7,7.3,52.8,47,0,1,0.1555,0,8353.72,1.28,1.75,0.2045,0.0045,0,0.52,-0.83,0.0,-76.07,new_partner,validation,29
partner_370,APAC,Tech,Certified,3,5,declining,7,4.7,2.4,40,0,1,0.7848,1,28054.82,1.28,1.75,0.2045,0.0045,0,0.52,-0.83,0.0,-44.8,new_partner,validation,29
partner_371,LATAM,Retail,Registered,57,7,improving,4,5.8,64.3,28,0,1,0.0371,0,7142.64,-0.3,-23.44,0.2226,0.0444,0,0.52,-3.1,0.0,0.0,mature,validation,29
partner_372,EMEA,Services,Registered,4,9,improving,2,5.2,47.8,83,3,1,0.0172,0,22235.46,1.28,1.75,0.2045,0.0045,0,0.52,-0.83,0.0,255.15,new_partner,validation,29
partner_373,NA,Tech,Registered,54,4,stable,7,5.3,48.7,58,3,0,0.215,0,6197.1,18.54,52.38,0.3412,0.2083,0,0.3333,15.76,0.0,0.0,mature,validation,29
partner_374,NA,Services,Registered,42,9,improving,1,0.6,100.0,3,4,0,0.0001,0,9974.56,6.37,51.15,0.3612,-0.1463,0,0.6591,4.85,0.0,0.0,mature,validation,29
partner_375,EMEA,Services,Registered,8,7,declining,5,3.3,47.4,74,0,0,0.2274,0,15934.15,1.28,1.75,0.2045,0.0045,0,0.52,-0.83,0.0,95.02,new_partner,validation,29
partner_376,EMEA,Retail,Registered,50,10,improving,1,5.0,57.0,55,2,1,0.0164,0,16218.43,4.75,-4.03,0.0793,0.1549,0,0.907,1.95,0.0,0.0,mature,validation,29
partner_377,APAC,Manufacturing,Strategic,8,7,declining,2,4.2,58.3,66,2,0,0.2187,0,98462.73,1.28,1.75,0.2045,0.0045,0,0.52,-0.83,0.0,214.42,new_partner,validation,29
partner_378,NA,Services,Certified,8,8,stable,1,3.5,70.1,28,1,1,0.0047,0,37292.57,1.28,1.75,0.2045,0.0045,0,0.52,-0.83,0.0,20.8,new_partner,validation,29
partner_379,NA,Manufacturing,Registered,33,5,declining,0,4.4,45.4,45,2,0,0.5807,1,7719.21,9.25,25.53,0.2097,-0.073,0,0.4242,7.73,0.0,0.0,mature,validation,29
partner_380,LATAM,Tech,Certified,16,9,stable,3,5.2,55.5,47,1,0,0.0026,0,20036.6,4.88,-7.53,0.2302,-0.5279,0,0.3529,2.1,0.0,0.0,mature,validation,29
partner_381,NA,Tech,Certified,16,6,improving,4,4.8,38.1,33,2,1,0.117,0,19918.61,0.15,-2.91,0.0969,0.0265,0,0.3333,-2.63,0.0,0.0,mature,validation,29
partner_382,APAC,Retail,Registered,11,5,stable,5,2.8,43.9,57,2,0,0.2793,0,13684.26,6.5,-0.08,0.2144,0.8476,1,0.8065,3.7,2.38,0.0,mature,validation,29
partner_383,LATAM,Tech,Registered,35,8,improving,3,4.4,49.9,35,1,0,0.0234,0,9958.43,7.88,7.57,0.0993,-0.2084,0,0.6452,5.1,0.0,0.0,mature,validation,29
partner_384,NA,Services,Registered,1,8,declining,0,2.3,96.1,34,4,0,0.0009,0,3636.36,1.28,1.75,0.2045,0.0045,0,0.52,-0.83,0.0,-82.25,new_partner,validation,29
partner_385,NA,Services,Registered,14,6,stable,2,4.1,47.2,50,2,1,0.0054,0,10956.84,-10.74,8.8,0.2151,0.7088,1,0.75,-12.26,-1.16,0.0,mature,validation,29
partner_386,APAC,Retail,Certified,32,6,declining,8,6.3,46.6,24,2,1,0.0602,0,67910.39,30.29,96.42,0.4388,-0.2392,0,0.9375,27.49,0.0,0.0,mature,validation,29
partner_387,LATAM,Manufacturing,Strategic,28,6,improving,0,4.3,92.3,26,5,0,0.0007,0,50989.54,-11.12,-20.79,0.1958,0.6843,1,0.5,-12.64,-13.15,0.0,mature,validation,29
partner_388,APAC,Tech,Registered,40,6,stable,4,1.8,51.4,76,0,0,0.2521,0,4532.59,0.19,-23.31,0.1128,-0.1401,0,0.1154,-2.59,0.0,0.0,mature,validation,29
partner_389,EMEA,Services,Certified,12,7,stable,0,3.3,90.3,9,4,0,0.003,0,47539.56,12.75,2.42,0.2056,0.8173,1,0.8824,11.23,-4.03,0.0,mature,validation,29
partner_390,APAC,Retail,Registered,37,9,improving,2,5.6,47.4,27,4,0,0.0018,0,6272.09,-7.32,-27.86,0.2825,-0.3251,0,0.3226,-10.12,0.0,0.0,mature,validation,29
partner_391,LATAM,Services,Certified,44,5,stable,7,3.7,45.7,82,0,1,0.3183,0,31439.44,10.43,51.87,0.2711,-0.2039,0,0.5714,8.91,0.0,0.0,mature,validation,29
partner_392,EMEA,Services,Certified,22,6,stable,7,7.4,58.2,84,0,1,0.6026,0,34799.3,6.53,1.24,0.0829,-0.1363,0,0.6765,5.01,0.0,0.0,mature,validation,29
partner_393,NA,Retail,Registered,14,1,improving,11,7.1,28.4,10,0,0,0.3796,0,10812.0,9.12,-1.47,0.0993,0.4152,0,0.766,6.32,0.0,0.0,mature,validation,29
partner_394,LATAM,Retail,Registered,32,4,stable,4,5.2,64.5,67,0,1,0.8819,1,6840.97,6.02,-10.9,0.1016,0.1718,0,0.48,3.22,0.0,0.0,mature,validation,29
partner_395,EMEA,Services,Certified,33,5,stable,5,5.6,27.6,2,1,0,0.0494,0,33564.02,57.61,14.0,0.2387,0.8148,1,0.6471,56.09,10.5,0.0,mature,validation,29
partner_396,NA,Retail,Strategic,5,7,declining,7,1.7,62.4,41,3,1,0.0689,0,82964.8,1.28,1.75,0.2045,0.0045,0,0.52,-0.83,0.0,116.37,new_partner,validation,29
partner_397,APAC,Tech,Registered,32,7,improving,1,4.7,67.3,7,2,0,0.0025,0,4919.15,-0.41,-24.83,0.2842,-0.2604,0,0.1923,-3.19,0.0,0.0,mature,validation,29
partner_398,EMEA,Services,Registered,8,8,improving,6,4.2,53.1,28,1,0,0.0342,0,4811.16,1.28,1.75,0.2045,0.0045,0,0.52,-0.83,0.0,-63.84,new_partner,validation,29
partner_399,NA,Manufacturing,Registered,32,8,stable,2,2.0,57.6,30,3,0,0.0064,0,7428.45,12.86,37.62,0.1928,-0.2713,0,0.3333,11.34,0.0,0.0,mature,validation,29
partner_400,NA,Tech,Certified,54,4,stable,2,6.5,53.9,58,2,0,0.3248,0,13601.39,22.66,42.53,0.1756,-0.5462,0,0.1,19.88,0.0,0.0,mature,validation,29
partner_401,NA,Tech,Certified,31,9,improving,1,0.5,59.1,49,0,0,0.0031,0,81887.65,8.15,44.64,0.3337,-0.2499,0,1.0,5.37,0.0,0.0,mature,validation,29
partner_402,APAC,Retail,Certified,44,5,improving,4,3.8,31.0,30,0,1,0.4719,1,19261.56,22.85,-1.89,0.2391,0.8772,1,0.25,20.05,3.43,0.0,mature,validation,29
partner_403,LATAM,Services,Certified,17,6,stable,2,6.7,54.4,77,0,1,0.1145,0,39047.14,4.25,-4.19,0.1001,0.2108,0,0.6667,2.73,0.0,0.0,mature,validation,29
partner_404,EMEA,Tech,Strategic,53,3,stable,6,6.7,45.6,59,0,0,0.5699,0,34033.15,-14.96,-23.08,0.2275,0.3029,0,0.2,-17.74,0.0,0.0,mature,validation,29
partner_405,APAC,Retail,Certified,47,8,improving,0,1.0,87.1,9,3,1,0.0025,0,11947.7,-13.91,-46.11,0.3835,-0.1598,0,0.0625,-16.71,0.0,0.0,mature,validation,29
partner_406,APAC,Retail,Registered,53,10,stable,1,0.5,77.3,44,8,0,0.0001,0,16054.77,35.93,9.09,0.2058,0.8303,1,0.9032,33.13,-1.63,0.0,mature,validation,29
partner_407,EMEA,Services,Certified,43,8,stable,3,3.6,33.3,61,0,0,0.0208,0,27389.76,5.66,0.98,0.1051,0.1113,0,0.4706,4.14,0.0,0.0,mature,validation,29
partner_408,APAC,Retail,Registered,37,6,stable,1,4.1,43.3,6,4,0,0.0481,0,3841.22,27.55,1.08,0.2337,0.8328,1,0.0968,24.75,0.02,0.0,mature,validation,29
partner_409,EMEA,Services,Registered,30,6,stable,2,4.0,59.6,53,0,1,0.0188,0,5513.66,-10.84,-35.6,0.3218,0.0876,0,0.2619,-12.36,0.0,0.0,mature,validation,29
partner_410,APAC,Manufacturing,Strategic,53,5,stable,3,4.5,43.1,39,1,1,0.6791,0,126684.12,-12.86,-5.87,0.1011,-0.2427,0,0.8333,-14.38,0.0,0.0,mature,validation,29
partner_411,LATAM,Services,Certified,49,9,stable,0,2.4,73.6,11,1,1,0.0017,0,32698.4,3.15,-20.91,0.3378,-0.3138,0,0.619,1.63,0.0,0.0,mature,validation,29
partner_412,LATAM,Services,Strategic,24,8,improving,2,3.3,55.4,39,1,1,0.0784,0,23640.87,-1.52,-19.8,0.1398,0.1419,0,0.1429,-3.04,0.0,0.0,mature,validation,29
partner_413,EMEA,Services,Registered,4,8,stable,3,2.3,76.3,38,1,0,0.003,0,7471.25,1.28,1.75,0.2045,0.0045,0,0.52,-0.83,0.0,-33.12,new_partner,validation,29
partner_414,APAC,Services,Certified,1,4,improving,7,3.2,20.1,34,0,0,0.2806,0,12734.57,1.28,1.75,0.2045,0.0045,0,0.52,-0.83,0.0,-71.78,new_partner,validation,29
partner_415,EMEA,Retail,Registered,13,3,stable,4,5.3,22.4,60,0,1,0.817,1,9307.96,-5.9,-13.36,0.2058,-0.3302,0,0.5814,-8.7,0.0,0.0,mature,validation,29
partner_416,EMEA,Services,Registered,3,5,declining,9,4.3,54.8,42,1,0,0.2502,0,7049.4,1.28,1.75,0.2045,0.0045,0,0.52,-0.83,0.0,-59.67,new_partner,validation,29
partner_417,EMEA,Tech,Registered,12,5,improving,2,3.0,47.9,58,2,1,0.1321,1,11208.09,-8.14,-21.79,0.2142,0.0088,0,0.5938,-10.92,0.0,0.0,mature,validation,29
partner_418,LATAM,Tech,Certified,6,4,improving,3,5.6,50.0,60,0,1,0.2221,0,27081.02,1.28,1.75,0.2045,0.0045,0,0.52,-0.83,0.0,-52.34,new_partner,validation,29
partner_419,EMEA,Services,Registered,56,9,stable,0,3.7,92.5,32,8,0,0.0001,0,5782.88,4.28,12.14,0.1027,0.212,0,0.2857,2.76,0.0,0.0,mature,validation,29
partner_420,APAC,Services,Strategic,5,5,stable,7,4.7,29.3,59,3,1,0.6366,1,19337.76,1.28,1.75,0.2045,0.0045,0,0.52,-0.83,0.0,-64.97,new_partner,validation,29
partner_421,LATAM,Manufacturing,Registered,36,7,stable,2,3.2,21.2,35,2,0,0.0383,0,5867.83,1.34,25.36,0.1841,0.0959,0,0.2174,-0.18,0.0,0.0,mature,validation,29
partner_422,EMEA,Tech,Registered,20,9,stable,0,3.4,84.3,18,8,1,0.0004,0,10363.06,54.79,18.36,0.2774,0.8522,1,0.5312,52.01,14.0,0.0,mature,validation,29
partner_423,EMEA,Tech,Certified,10,4,stable,2,4.7,23.8,32,1,0,0.2275,0,24592.41,-16.79,-40.02,0.3125,-0.1172,0,0.4516,-19.57,0.0,0.0,mature,validation,29
partner_424,EMEA,Tech,Registered,40,8,improving,0,3.7,83.0,12,2,1,0.0012,0,5451.05,8.12,-0.77,0.2224,0.8678,1,0.1562,5.34,-4.95,0.0,mature,validation,29
partner_425,LATAM,Tech,Strategic,56,5,improving,3,0.8,70.9,34,0,1,0.0077,0,159224.93,3.2,19.95,0.1873,0.2996,0,0.8,0.42,0.0,0.0,mature,validation,29
partner_426,APAC,Tech,Certified,45,8,declining,1,2.6,40.4,54,1,0,0.058,0,32798.38,-5.49,3.15,0.0951,0.168,0,0.75,-8.27,0.0,0.0,mature,validation,29
partner_427,EMEA,Retail,Registered,56,8,improving,3,2.4,59.5,62,7,0,0.0322,0,11846.54,-1.88,11.86,0.1076,-0.0195,0,0.6977,-4.68,0.0,0.0,mature,validation,29
partner_428,APAC,Retail,Certified,34,2,stable,7,8.3,31.4,75,0,1,0.9818,1,27426.99,-3.16,1.86,0.1892,0.6806,1,0.625,-5.96,-3.3,0.0,mature,validation,29
partner_429,EMEA,Services,Certified,39,4,improving,6,5.6,45.0,58,0,1,0.1475,0,47639.39,13.61,48.98,0.2148,0.0488,0,0.9118,12.09,0.0,0.0,mature,validation,29
partner_430,APAC,Tech,Certified,8,6,stable,2,2.1,56.3,11,1,0,0.004,0,33774.87,1.28,1.75,0.2045,0.0045,0,0.52,-0.83,0.0,-15.35,new_partner,validation,29
partner_431,APAC,Services,Certified,49,7,stable,3,2.0,27.1,28,0,0,0.0082,0,9286.41,1.78,-33.71,0.3115,-0.4556,0,0.1176,0.26,0.0,0.0,mature,validation,29
partner_432,LATAM,Manufacturing,Certified,43,9,stable,6,0.8,69.0,0,4,0,0.0015,0,36274.07,7.17,1.96,0.0813,0.0031,0,1.0,5.65,0.0,0.0,mature,validation,29
partner_433,LATAM,Retail,Certified,14,5,stable,3,4.9,43.9,67,0,1,0.3135,1,21014.75,-8.98,-4.66,0.1241,0.2948,0,0.25,-11.78,0.0,0.0,mature,validation,29
partner_434,APAC,Retail,Registered,20,4,improving,6,5.0,55.6,99,1,1,0.3149,0,18500.62,22.84,62.76,0.3344,0.018,0,0.9677,20.04,0.0,0.0,mature,validation,29
partner_435,EMEA,Retail,Certified,35,10,stable,4,2.9,72.2,26,1,0,0.0007,0,31996.4,-11.36,-13.75,0.1001,-0.3423,0,0.6364,-14.16,0.0,0.0,mature,validation,29
partner_436,EMEA,Services,Strategic,1,6,stable,0,2.0,53.5,38,0,1,0.0023,0,211220.29,1.28,1.75,0.2045,0.0045,0,0.52,-0.83,0.0,300.0,new_partner,validation,29
partner_437,EMEA,Retail,Certified,47,9,improving,1,2.8,39.7,35,2,1,0.0078,0,27068.1,-6.01,-32.86,0.2565,-0.0946,0,0.3939,-8.81,0.0,0.0,mature,validation,29
partner_438,NA,Tech,Certified,16,5,declining,7,9.7,0.0,49,0,0,0.6404,1,18825.0,-1.65,5.3,0.098,-0.1051,0,0.3,-4.43,0.0,0.0,mature,validation,29
partner_439,LATAM,Services,Registered,4,4,improving,5,4.2,60.4,53,0,0,0.0452,0,4254.51,1.28,1.75,0.2045,0.0045,0,0.52,-0.83,0.0,-77.98,new_partner,validation,29
partner_440,LATAM,Services,Certified,19,6,stable,2,6.3,40.4,62,1,0,0.6066,1,56637.25,5.48,19.69,0.1483,0.0636,0,0.7619,3.96,0.0,0.0,mature,validation,29
partner_441,APAC,Retail,Strategic,48,6,stable,1,2.5,44.5,32,2,0,0.013,0,68195.69,0.75,5.89,0.1546,0.0111,0,0.2857,-2.05,0.0,0.0,mature,validation,29
partner_442,EMEA,Retail,Registered,15,8,improving,4,4.4,46.6,29,2,0,0.0059,0,12778.12,5.02,50.51,0.334,-0.2801,0,0.7442,2.22,0.0,0.0,mature,validation,29
partner_443,LATAM,Retail,Registered,31,8,improving,4,4.6,58.9,33,0,1,0.0284,0,27471.13,13.5,41.24,0.2615,-0.1089,0,1.0,10.7,0.0,0.0,mature,validation,29
partner_444,EMEA,Retail,Certified,47,5,improving,5,4.4,45.4,35,2,0,0.2282,0,41991.52,33.92,4.15,0.1927,0.7336,1,0.8182,31.12,4.79,0.0,mature,validation,29
partner_445,EMEA,Retail,Registered,1,4,improving,12,6.2,56.2,77,0,1,0.7193,0,12386.92,1.28,1.75,0.2045,0.0045,0,0.52,-0.83,0.0,-52.74,new_partner,validation,29
partner_446,LATAM,Manufacturing,Certified,44,7,declining,7,6.4,40.5,88,0,0,0.4376,1,18322.71,17.22,6.53,0.1943,0.8354,1,0.3333,15.7,4.41,0.0,mature,validation,29
partner_447,APAC,Services,Registered,16,10,improving,0,2.2,84.2,0,0,0,0.0002,0,7115.52,-6.45,13.05,0.186,0.1511,0,0.4839,-7.97,0.0,0.0,mature,validation,29
partner_448,LATAM,Tech,Registered,40,10,stable,0,1.2,87.3,0,8,0,0.0001,0,12739.44,-1.19,38.27,0.2638,-0.2845,0,0.7742,-3.97,0.0,0.0,mature,validation,29
partner_449,EMEA,Manufacturing,Certified,10,5,stable,3,5.0,63.2,19,2,1,0.084,0,19089.33,24.71,-0.0,0.2318,0.6706,1,0.3333,23.19,-8.45,0.0,mature,validation,29
partner_450,LATAM,Retail,Certified,8,2,improving,1,6.9,69.2,43,2,1,0.2413,0,19084.51,1.28,1.75,0.2045,0.0045,0,0.52,-0.83,0.0,-64.23,new_partner,validation,29
partner_451,EMEA,Services,Certified,45,9,stable,2,0.5,86.0,17,5,0,0.0033,0,12458.11,-9.33,-30.95,0.3237,0.0416,0,0.1176,-10.85,0.0,0.0,mature,validation,29
partner_452,APAC,Manufacturing,Certified,46,7,stable,0,1.7,85.6,41,3,1,0.0128,0,16570.24,-21.38,3.25,0.225,0.8255,1,0.3077,-22.9,6.62,0.0,mature,validation,29
partner_453,LATAM,Services,Certified,56,8,declining,1,5.5,67.9,36,2,0,0.1119,0,42697.47,2.22,4.86,0.2104,0.7828,1,0.7143,0.7,-4.76,0.0,mature,validation,29
partner_454,EMEA,Services,Certified,39,9,improving,0,1.4,53.4,15,4,0,0.0004,0,23409.71,-5.34,-11.41,0.1108,-0.1041,0,0.3824,-6.86,0.0,0.0,mature,validation,29
partner_455,EMEA,Tech,Certified,27,7,stable,4,5.4,44.9,63,5,0,0.1839,0,39231.49,17.88,25.51,0.25,0.1779,0,0.6774,15.1,0.0,0.0,mature,validation,29
partner_456,EMEA,Retail,Certified,11,8,stable,0,1.7,82.6,6,3,0,0.0008,0,19267.23,0.98,5.04,0.0927,0.1764,0,0.1818,-1.82,0.0,0.0,mature,validation,29
partner_457,APAC,Retail,Certified,17,7,improving,0,1.7,70.5,39,4,0,0.0011,0,19288.49,2.38,8.13,0.2122,0.7739,1,0.375,-0.42,4.75,0.0,mature,validation,29
partner_458,NA,Tech,Registered,37,3,declining,5,6.3,39.3,95,2,0,0.9662,1,4879.49,-2.06,-3.86,0.2244,0.8695,1,0.1282,-4.84,-0.93,0.0,mature,validation,29
partner_459,LATAM,Services,Registered,20,5,declining,5,5.1,38.0,15,1,1,0.4308,1,15032.52,15.43,72.42,0.2869,-0.5985,0,0.9524,13.91,0.0,0.0,mature,validation,29
partner_460,LATAM,Tech,Certified,28,5,declining,2,2.3,71.9,5,2,0,0.0775,0,24260.08,1.37,-25.78,0.1954,0.6101,1,0.4706,-1.41,-12.49,0.0,mature,validation,29
partner_461,NA,Services,Strategic,9,6,declining,4,4.7,75.7,46,2,1,0.0367,0,32559.33,-9.62,-33.43,0.3677,-0.3457,0,0.1,-11.14,0.0,0.0,mature,validation,29
partner_462,EMEA,Tech,Certified,25,6,improving,2,2.0,61.2,43,4,0,0.0003,0,59836.52,0.53,65.68,0.375,-0.127,0,0.9355,-2.25,0.0,0.0,mature,validation,29
partner_463,APAC,Retail,Registered,13,6,stable,4,4.4,51.5,40,1,0,0.0205,0,4854.54,37.29,4.52,0.2113,0.8223,1,0.1935,34.49,4.01,0.0,mature,validation,29
partner_464,NA,Tech,Certified,6,9,declining,3,3.9,72.0,0,3,0,0.0028,0,45439.59,1.28,1.75,0.2045,0.0045,0,0.52,-0.83,0.0,42.57,new_partner,validation,29
partner_465,NA,Manufacturing,Registered,7,8,improving,0,2.5,84.3,0,2,0,0.001,0,7839.03,1.28,1.75,0.2045,0.0045,0,0.52,-0.83,0.0,-69.83,new_partner,validation,29
partner_466,LATAM,Manufacturing,Certified,30,6,stable,3,3.0,26.6,33,1,1,0.3642,0,22506.04,10.19,44.27,0.2686,-0.1281,0,0.5556,8.67,0.0,0.0,mature,validation,29
partner_467,LATAM,Tech,Certified,21,7,stable,3,1.1,66.9,46,2,0,0.0464,0,12399.39,-17.83,-42.82,0.3994,-0.3978,0,0.1176,-20.61,0.0,0.0,mature,validation,29
partner_468,APAC,Retail,Certified,5,10,improving,0,0.8,91.3,4,5,0,0.0002,0,13552.61,1.28,1.75,0.2045,0.0045,0,0.52,-0.83,0.0,-63.08,new_partner,validation,29
partner_469,EMEA,Manufacturing,Certified,29,8,stable,0,3.3,79.4,22,5,0,0.0008,0,20327.24,-15.9,-36.51,0.3086,-0.5218,0,0.4286,-17.42,0.0,0.0,mature,validation,29
partner_470,NA,Retail,Registered,9,7,improving,0,3.7,51.5,34,3,0,0.001,0,13262.89,-1.87,25.58,0.247,0.183,0,0.8936,-4.67,0.0,0.0,mature,validation,29
partner_471,NA,Services,Registered,1,5,stable,3,3.1,32.4,68,0,1,0.2984,1,8974.31,1.28,1.75,0.2045,0.0045,0,0.52,-0.83,0.0,-30.03,new_partner,validation,29
partner_472,NA,Retail,Strategic,7,6,improving,2,4.6,19.4,5,4,0,0.02,0,190877.85,1.28,1.75,0.2045,0.0045,0,0.52,-0.83,0.0,300.0,new_partner,validation,29
partner_473,EMEA,Retail,Certified,26,7,stable,5,4.9,35.2,51,0,1,0.165,0,12866.29,12.13,4.26,0.1138,0.1308,0,0.0606,9.33,0.0,0.0,mature,validation,29
partner_474,EMEA,Tech,Certified,55,6,stable,5,4.5,27.8,66,1,1,0.1316,0,45898.79,6.25,51.08,0.3385,-0.0169,0,0.8387,3.47,0.0,0.0,mature,validation,29
partner_475,EMEA,Tech,Registered,14,7,declining,5,3.2,30.4,40,0,0,0.1386,1,15603.53,30.83,82.29,0.3766,-0.3325,0,0.7812,28.05,0.0,0.0,mature,validation,29
partner_476,NA,Tech,Registered,16,6,stable,1,6.2,63.7,24,2,1,0.3659,0,9536.16,5.8,15.13,0.1799,-0.0388,0,0.5385,3.02,0.0,0.0,mature,validation,29
partner_477,NA,Tech,Registered,14,5,declining,4,4.6,35.5,43,0,0,0.1962,0,10743.96,4.32,18.33,0.1777,0.2732,0,0.6154,1.54,0.0,0.0,mature,validation,29
partner_478,LATAM,Services,Registered,20,7,stable,5,7.0,60.0,33,0,1,0.0726,0,6097.43,21.53,51.77,0.2491,-0.2674,0,0.1905,20.01,0.0,0.0,mature,validation,29
partner_479,LATAM,Tech,Registered,41,4,improving,5,3.2,77.1,23,1,0,0.004,0,3287.54,-9.27,-31.73,0.3777,-0.0197,0,0.0645,-12.05,0.0,0.0,mature,validation,29
partner_480,NA,Tech,Strategic,18,3,declining,3,1.5,51.0,40,2,0,0.3458,0,61630.16,9.95,1.05,0.1161,0.0953,0,0.3333,7.17,0.0,0.0,mature,validation,29
partner_481,NA,Tech,Certified,38,5,declining,1,2.4,63.3,35,1,1,0.0926,0,34185.3,-0.7,26.03,0.2405,0.3916,0,0.7,-3.48,0.0,0.0,mature,validation,29
partner_482,EMEA,Retail,Registered,52,5,improving,3,6.0,20.4,65,1,1,0.785,0,5692.63,-3.07,1.77,0.0869,-0.1614,0,0.1628,-5.87,0.0,0.0,mature,validation,29
partner_483,NA,Manufacturing,Registered,54,5,stable,6,1.9,59.2,20,2,1,0.0685,0,9261.15,-19.05,-24.72,0.118,-0.1633,0,0.6667,-20.57,0.0,0.0,mature,validation,29
partner_484,NA,Retail,Registered,32,7,improving,0,5.1,46.4,28,3,0,0.0233,0,5544.33,5.17,-17.68,0.2024,0.1263,0,0.2128,2.37,0.0,0.0,mature,validation,29
partner_485,EMEA,Manufacturing,Certified,41,2,stable,8,3.6,14.6,79,3,0,0.8623,1,20011.31,-3.32,-38.25,0.329,-0.0621,0,0.381,-4.84,0.0,0.0,mature,validation,29
partner_486,NA,Retail,Registered,53,10,improving,1,3.2,52.3,47,2,0,0.0019,0,9728.64,14.17,53.48,0.3478,0.2061,0,0.6809,11.37,0.0,0.0,mature,validation,29
partner_487,NA,Services,Certified,45,8,improving,4,3.6,60.0,30,1,1,0.0168,0,54773.79,1.78,48.68,0.2388,-0.2733,0,0.8,0.26,0.0,0.0,mature,validation,29
partner_488,EMEA,Tech,Certified,17,4,stable,2,3.9,44.0,54,1,1,0.4577,0,11039.22,-6.62,-15.71,0.18,-0.4917,0,0.0968,-9.4,0.0,0.0,mature,validation,29
partner_489,NA,Services,Registered,7,7,improving,1,1.5,79.8,0,6,0,0.0014,0,7283.38,1.28,1.75,0.2045,0.0045,0,0.52,-0.83,0.0,-39.81,new_partner,validation,29
partner_490,NA,Tech,Certified,6,4,improving,5,2.9,27.6,55,2,1,0.3255,0,54656.43,1.28,1.75,0.2045,0.0045,0,0.52,-0.83,0.0,38.48,new_partner,validation,29
partner_491,LATAM,Retail,Strategic,51,7,improving,0,6.6,57.3,69,2,0,0.0834,0,128341.72,21.87,1.81,0.2526,0.7822,1,0.7778,19.07,-2.54,0.0,mature,validation,29
partner_492,LATAM,Services,Registered,32,6,stable,0,5.6,28.2,82,0,1,0.4173,0,9165.33,-2.89,-39.98,0.3261,0.2348,0,0.5238,-4.41,0.0,0.0,mature,validation,29
partner_493,LATAM,Manufacturing,Registered,17,5,stable,3,2.2,43.6,52,0,0,0.186,1,15892.02,8.63,45.76,0.3361,-0.4757,0,0.8696,7.11,0.0,0.0,mature,validation,29
partner_494,NA,Services,Strategic,20,3,declining,8,3.2,29.3,69,0,0,0.9707,1,56500.81,-14.56,-38.48,0.2857,-0.321,0,0.3,-16.08,0.0,0.0,mature,validation,29
partner_495,LATAM,Tech,Strategic,16,7,declining,0,3.6,42.3,10,5,0,0.006,0,165473.06,6.55,82.73,0.3619,-0.2629,0,1.0,3.77,0.0,0.0,mature,validation,29
partner_496,NA,Manufacturing,Certified,46,9,stable,0,2.3,65.5,0,6,0,0.0002,0,83963.0,10.42,54.49,0.3873,0.0869,0,1.0,8.9,0.0,0.0,mature,validation,29
partner_497,NA,Services,Certified,35,7,stable,2,1.3,58.5,37,4,1,0.0818,0,49428.94,9.26,12.96,0.1771,-0.0678,0,0.75,7.74,0.0,0.0,mature,validation,29
partner_498,LATAM,Manufacturing,Registered,51,10,improving,0,4.9,100.0,5,5,0,0.0001,0,3458.1,-6.25,-31.38,0.2559,-0.0343,0,0.0435,-7.77,0.0,0.0,mature,validation,29
partner_499,NA,Tech,Certified,17,3,stable,4,1.4,7.9,83,0,1,0.8911,1,13092.68,-8.54,-26.08,0.2415,-0.0971,0,0.0667,-11.32,0.0,0.0,mature,validation,29
partner_500,NA,Manufacturing,Registered,27,5,declining,4,4.2,25.4,56,0,1,0.3442,0,15575.78,16.69,55.25,0.3494,-0.0177,0,0.9697,15.17,0.0,0.0,mature,validation,29
partner_501,LATAM,Manufacturing,Registered,7,5,improving,2,5.5,21.4,75,0,1,0.799,1,16773.7,1.28,1.75,0.2045,0.0045,0,0.52,-0.83,0.0,-4.7,new_partner,validation,29
partner_502,APAC,Services,Certified,56,6,stable,3,2.9,69.7,0,2,0,0.0101,0,15236.87,1.24,-29.87,0.2649,-0.1397,0,0.3529,-0.28,0.0,0.0,mature,validation,29
partner_503,APAC,Tech,Strategic,29,9,improving,0,3.2,88.7,16,4,1,0.0005,0,111337.02,-12.69,0.02,0.228,0.8771,1,0.6364,-15.47,-5.99,0.0,mature,validation,29
partner_504,NA,Tech,Certified,32,6,improving,2,4.3,38.3,25,3,1,0.0156,0,17167.83,5.06,40.03,0.2199,-0.1079,0,0.2,2.28,0.0,0.0,mature,validation,29
partner_505,NA,Services,Registered,23,7,stable,1,3.7,66.5,10,2,0,0.0127,0,9675.79,-12.87,-23.78,0.1468,0.2784,0,0.5909,-14.39,0.0,0.0,mature,validation,29
partner_506,LATAM,Tech,Registered,15,3,declining,8,4.9,54.6,68,0,0,0.8462,1,40419.01,16.33,51.06,0.3162,0.0469,0,1.0,13.55,0.0,0.0,mature,validation,29
partner_507,NA,Manufacturing,Strategic,55,5,stable,5,6.5,28.1,99,0,1,0.9347,1,19597.84,-3.12,-8.56,0.1822,0.0169,0,0.0909,-4.64,0.0,0.0,mature,validation,29
partner_508,APAC,Tech,Strategic,28,10,improving,0,1.3,75.1,8,7,1,0.0,0,127462.11,5.75,34.22,0.314,-0.1545,0,0.9091,2.97,0.0,0.0,mature,validation,29
partner_509,NA,Retail,Certified,39,9,improving,1,0.9,75.9,49,3,0,0.0059,0,43954.89,12.71,53.81,0.3332,-0.3615,0,0.75,9.91,0.0,0.0,mature,validation,29
partner_510,EMEA,Manufacturing,Certified,2,6,improving,1,5.3,56.2,33,2,0,0.0107,0,25043.69,1.28,1.75,0.2045,0.0045,0,0.52,-0.83,0.0,-52.07,new_partner,validation,29
partner_511,EMEA,Retail,Registered,16,7,declining,7,7.6,32.9,99,1,1,0.9961,1,8614.4,-15.1,-21.41,0.213,-0.1564,0,0.5116,-17.9,0.0,0.0,mature,validation,29
partner_512,APAC,Retail,Registered,46,5,stable,7,4.9,52.9,24,0,1,0.204,0,6374.54,4.4,18.85,0.1586,-0.0993,0,0.3548,1.6,0.0,0.0,mature,validation,29
partner_513,EMEA,Manufacturing,Registered,5,6,declining,5,3.9,54.2,38,5,0,0.0182,0,7528.49,1.28,1.75,0.2045,0.0045,0,0.52,-0.83,0.0,-53.74,new_partner,validation,29
partner_514,EMEA,Manufacturing,Registered,5,8,improving,3,3.5,59.3,51,2,1,0.0152,0,21627.32,1.28,1.75,0.2045,0.0045,0,0.52,-0.83,0.0,48.04,new_partner,validation,29
partner_515,NA,Services,Registered,46,4,declining,5,2.4,57.5,49,2,1,0.133,0,10525.76,-0.57,1.05,0.0972,0.2379,0,0.7045,-2.09,0.0,0.0,mature,validation,29
partner_516,EMEA,Retail,Certified,17,6,stable,2,3.4,39.6,75,0,1,0.1976,0,21203.79,9.09,9.19,0.0747,-0.2363,0,0.2424,6.29,0.0,0.0,mature,validation,29
partner_517,NA,Retail,Registered,15,7,improving,4,4.3,46.5,0,3,0,0.0054,0,3785.77,-11.24,-33.97,0.3379,0.1007,0,0.0638,-14.04,0.0,0.0,mature,validation,29
partner_518,LATAM,Services,Registered,32,5,stable,5,5.3,42.0,55,1,1,0.1632,0,9586.09,-10.85,-31.49,0.2983,-0.1596,0,0.5714,-12.37,0.0,0.0,mature,validation,29
partner_519,EMEA,Retail,Certified,11,9,declining,0,4.3,100.0,5,8,0,0.0002,0,72923.97,2.9,20.64,0.1986,-0.5207,0,1.0,0.1,0.0,0.0,mature,validation,29
partner_520,APAC,Retail,Registered,2,4,declining,5,6.0,3.5,55,0,0,0.9315,1,7117.78,1.28,1.75,0.2045,0.0045,0,0.52,-0.83,0.0,-32.88,new_partner,validation,29
partner_521,APAC,Retail,Registered,1,6,improving,2,3.0,67.7,6,2,1,0.0672,0,5081.76,1.28,1.75,0.2045,0.0045,0,0.52,-0.83,0.0,-94.73,new_partner,validation,29
partner_522,NA,Tech,Certified,4,7,stable,2,4.1,64.6,25,2,0,0.0038,0,51748.61,1.28,1.75,0.2045,0.0045,0,0.52,-0.83,0.0,122.25,new_partner,validation,29
partner_523,EMEA,Services,Registered,9,7,improving,0,3.5,46.1,34,1,1,0.0018,0,3976.63,0.29,-38.49,0.347,-0.1936,0,0.0952,-1.23,0.0,0.0,mature,validation,29
partner_524,LATAM,Services,Certified,40,6,declining,7,2.8,22.5,67,0,1,0.4502,0,72625.05,21.38,-4.19,0.1868,0.5624,1,1.0,19.86,-9.98,0.0,mature,validation,29
partner_525,EMEA,Manufacturing,Strategic,17,5,improving,1,4.6,79.2,51,2,0,0.0048,0,103438.49,-2.15,-6.47,0.0891,-0.3415,0,0.7692,-3.67,0.0,0.0,mature,validation,29
partner_526,NA,Retail,Registered,4,8,improving,0,4.1,71.0,36,6,0,0.0058,0,7788.26,1.28,1.75,0.2045,0.0045,0,0.52,-0.83,0.0,-48.25,new_partner,validation,29
partner_527,APAC,Tech,Strategic,1,4,stable,4,9.2,22.8,64,0,0,0.6128,1,121832.9,1.28,1.75,0.2045,0.0045,0,0.52,-0.83,0.0,300.0,new_partner,validation,29
partner_528,APAC,Tech,Strategic,27,6,stable,4,3.2,55.8,68,0,1,0.1077,0,68959.71,-0.23,-8.72,0.1036,-0.291,0,0.4545,-3.01,0.0,0.0,mature,validation,29
partner_529,LATAM,Retail,Certified,48,7,stable,0,3.8,90.3,49,2,0,0.0009,0,22444.45,7.41,2.92,0.0909,-0.2448,0,0.3214,4.61,0.0,0.0,mature,validation,29
partner_530,NA,Retail,Certified,19,9,stable,0,1.1,87.8,0,10,1,0.0001,0,52137.54,5.93,-3.23,0.211,0.758,1,0.9643,3.13,0.14,0.0,mature,validation,29
partner_531,LATAM,Tech,Certified,3,5,improving,5,3.1,19.6,66,0,1,0.2477,1,24597.9,1.28,1.75,0.2045,0.0045,0,0.52,-0.83,0.0,-65.81,new_partner,validation,29
partner_532,LATAM,Retail,Certified,13,5,stable,3,8.1,52.1,68,1,0,0.063,0,41343.75,-4.6,-12.49,0.2017,-0.1845,0,0.8214,-7.4,0.0,0.0,mature,validation,29
partner_533,NA,Manufacturing,Certified,28,5,declining,3,1.8,19.5,51,0,1,0.4884,1,11103.33,1.06,2.53,0.0863,0.2156,0,0.0769,-0.46,0.0,0.0,mature,validation,29
partner_534,LATAM,Manufacturing,Registered,10,7,stable,4,3.7,58.4,30,2,0,0.0078,0,10155.33,-1.71,-21.17,0.1783,-0.3733,0,0.6087,-3.23,0.0,0.0,mature,validation,29
partner_535,EMEA,Retail,Strategic,56,6,improving,3,7.7,22.8,38,0,1,0.6738,1,160636.01,15.6,86.36,0.4278,-0.5802,0,0.9286,12.8,0.0,0.0,mature,validation,29
partner_536,EMEA,Tech,Certified,44,3,stable,8,2.8,39.5,22,0,1,0.4537,1,21639.24,-3.91,-21.64,0.2172,0.0434,0,0.3871,-6.69,0.0,0.0,mature,validation,29
partner_537,NA,Services,Certified,19,4,stable,6,4.9,16.0,85,0,1,0.9617,1,22106.98,-8.64,-24.88,0.2897,-0.3217,0,0.45,-10.16,0.0,0.0,mature,validation,29
partner_538,EMEA,Manufacturing,Registered,55,5,improving,7,6.7,14.3,80,0,1,0.899,0,12251.23,5.39,26.21,0.0921,-0.2485,0,0.8077,3.87,0.0,0.0,mature,validation,29
partner_539,EMEA,Services,Registered,18,4,stable,2,3.3,39.6,58,0,1,0.3807,1,7254.04,6.32,-19.77,0.1631,-0.1972,0,0.4048,4.8,0.0,0.0,mature,validation,29
partner_540,APAC,Tech,Certified,8,8,stable,3,4.6,51.6,59,5,0,0.0065,0,24125.33,1.28,1.75,0.2045,0.0045,0,0.52,-0.83,0.0,-38.92,new_partner,validation,29
partner_541,APAC,Services,Certified,54,4,stable,5,3.6,50.6,77,0,1,0.3254,0,9630.0,-13.19,-44.98,0.383,0.1596,0,0.1765,-14.71,0.0,0.0,mature,validation,29
partner_542,NA,Retail,Registered,55,5,improving,5,6.9,29.9,21,1,1,0.12,0,16561.04,-38.16,-8.0,0.2369,0.7975,1,0.9787,-40.96,-19.24,0.0,mature,validation,29
partner_543,APAC,Tech,Registered,18,5,declining,3,6.8,14.8,62,0,1,0.9237,1,21051.13,11.97,31.97,0.2904,-0.1922,0,0.9615,9.19,0.0,0.0,mature,validation,29
partner_544,APAC,Retail,Registered,34,4,declining,5,3.7,54.3,45,2,1,0.0487,0,16180.78,26.65,8.87,0.2128,0.7547,1,0.9355,23.85,3.31,0.0,mature,validation,29
partner_545,EMEA,Tech,Certified,10,7,improving,5,0.5,64.9,60,0,1,0.0441,0,23480.01,-10.21,-27.42,0.2177,-0.0843,0,0.4194,-12.99,0.0,0.0,mature,validation,29
partner_546,NA,Tech,Registered,37,7,stable,3,3.9,55.1,34,2,1,0.0256,0,16303.18,19.74,45.61,0.2748,-0.072,0,0.8462,16.96,0.0,0.0,mature,validation,29
partner_547,NA,Retail,Strategic,40,6,improving,0,5.6,56.8,60,1,1,0.099,0,30284.73,-7.78,-39.41,0.2715,-0.1414,0,0.0909,-10.58,0.0,0.0,mature,validation,29
partner_548,EMEA,Services,Registered,41,8,declining,1,4.8,45.8,12,4,1,0.0203,0,13807.44,11.12,24.38,0.2167,0.0542,0,0.7619,9.6,0.0,0.0,mature,validation,29
partner_549,LATAM,Tech,Registered,32,10,improving,0,2.4,100.0,37,3,0,0.0,0,4053.62,-7.71,-37.18,0.303,-0.2043,0,0.0968,-10.49,0.0,0.0,mature,validation,29
partner_550,NA,Retail,Registered,40,7,stable,2,3.7,53.4,23,5,0,0.0086,0,9461.02,29.33,6.88,0.2278,0.8929,1,0.6596,26.53,-1.88,0.0,mature,validation,29
partner_551,NA,Retail,Certified,32,7,improving,1,2.6,62.8,28,3,0,0.005,0,28510.42,26.08,13.53,0.1847,0.8158,1,0.3571,23.28,5.0,0.0,mature,validation,29
partner_552,EMEA,Tech,Registered,47,6,stable,3,2.2,30.3,0,4,0,0.0052,0,6531.08,4.49,11.07,0.1168,-0.1048,0,0.2188,1.71,0.0,0.0,mature,validation,29
partner_553,EMEA,Tech,Certified,10,5,stable,5,4.4,69.6,46,1,0,0.2039,0,12615.36,-15.55,-41.1,0.3825,-0.6609,0,0.129,-18.33,0.0,0.0,mature,validation,29
partner_554,APAC,Tech,Strategic,28,6,declining,3,3.4,45.6,40,0,1,0.1954,0,44672.28,-9.0,-24.93,0.2448,-0.2462,0,0.0909,-11.78,0.0,0.0,mature,validation,29
partner_555,EMEA,Retail,Registered,24,7,declining,0,4.3,80.5,32,1,0,0.0011,0,3737.34,59.65,19.47,0.2741,0.8708,1,0.0465,56.85,13.96,0.0,mature,validation,29
partner_556,EMEA,Services,Certified,30,7,declining,5,3.3,31.6,38,1,0,0.1415,1,25749.38,0.16,7.07,0.0859,-0.1429,0,0.4118,-1.36,0.0,0.0,mature,validation,29
partner_557,EMEA,Services,Registered,8,10,improving,0,1.8,72.3,0,3,1,0.0012,0,14869.66,1.28,1.75,0.2045,0.0045,0,0.52,-0.83,0.0,97.4,new_partner,validation,29
partner_558,NA,Tech,Registered,18,4,declining,4,5.2,22.3,73,0,1,0.9151,1,12173.68,-48.47,-8.88,0.275,0.8191,1,0.7179,-51.25,-11.26,0.0,mature,validation,29
partner_559,NA,Manufacturing,Registered,55,8,stable,1,1.5,56.3,0,5,0,0.0322,0,2737.18,-20.2,-48.21,0.3779,-0.0277,0,0.0606,-21.72,0.0,0.0,mature,validation,29
partner_560,NA,Services,Registered,6,10,stable,1,0.5,82.5,24,3,0,0.0001,0,11228.29,1.28,1.75,0.2045,0.0045,0,0.52,-0.83,0.0,1.28,new_partner,validation,29
partner_561,EMEA,Services,Certified,36,8,improving,0,2.2,88.8,38,0,0,0.0014,0,29280.58,4.76,-6.99,0.2273,0.727,1,0.5,3.24,-13.89,0.0,mature,validation,29
partner_562,EMEA,Manufacturing,Certified,38,6,declining,3,1.8,47.6,86,0,0,0.479,0,21777.35,-5.99,-0.27,0.1122,0.022,0,0.5238,-7.51,0.0,0.0,mature,validation,29
partner_563,APAC,Services,Certified,27,3,declining,5,5.3,12.3,38,0,1,0.8216,1,34755.6,12.39,46.62,0.2595,0.014,0,0.8235,10.87,0.0,0.0,mature,validation,29
partner_564,LATAM,Services,Certified,1,6,stable,5,6.3,31.3,79,0,1,0.4402,0,21941.46,1.28,1.75,0.2045,0.0045,0,0.52,-0.83,0.0,-18.69,new_partner,validation,29
partner_565,LATAM,Services,Certified,1,8,declining,4,5.3,33.1,21,4,1,0.1258,0,61031.5,1.28,1.75,0.2045,0.0045,0,0.52,-0.83,0.0,300.0,new_partner,validation,29
partner_566,LATAM,Tech,Registered,15,5,declining,4,7.4,45.1,69,1,1,0.5294,1,4230.67,-6.87,-9.8,0.0937,0.1191,0,0.129,-9.65,0.0,0.0,mature,validation,29
partner_567,LATAM,Retail,Registered,5,9,improving,1,4.3,51.2,27,4,0,0.0186,0,10192.12,1.28,1.75,0.2045,0.0045,0,0.52,-0.83,0.0,-40.36,new_partner,validation,29
partner_568,EMEA,Retail,Registered,5,6,improving,3,2.2,74.1,28,6,1,0.0008,0,18691.89,1.28,1.75,0.2045,0.0045,0,0.52,-0.83,0.0,67.0,new_partner,validation,29
partner_569,NA,Tech,Certified,9,8,declining,1,3.5,69.6,25,0,0,0.0103,0,28367.73,28.73,8.8,0.2323,0.8249,1,0.5333,25.95,5.2,0.0,mature,validation,29
partner_570,NA,Tech,Strategic,11,4,stable,1,4.3,61.7,34,3,1,0.0524,1,226342.42,15.24,61.41,0.3632,-0.1319,0,1.0,12.46,0.0,0.0,mature,validation,29
partner_571,NA,Tech,Registered,48,7,declining,5,3.6,46.5,27,1,0,0.0741,1,5977.89,-1.55,-16.18,0.196,-0.224,0,0.2821,-4.33,0.0,0.0,mature,validation,29
partner_572,APAC,Manufacturing,Certified,37,7,declining,5,3.8,45.4,37,1,0,0.214,1,18979.33,-4.95,-8.81,0.079,-0.0882,0,0.3846,-6.47,0.0,0.0,mature,validation,29
partner_573,NA,Manufacturing,Certified,1,5,stable,7,5.8,46.8,44,2,1,0.5704,1,14644.96,1.28,1.75,0.2045,0.0045,0,0.52,-0.83,0.0,-74.86,new_partner,validation,29
partner_574,LATAM,Services,Certified,36,3,declining,11,5.9,23.4,59,0,0,0.8923,1,59233.49,16.68,69.09,0.3501,-0.0702,0,0.8095,15.16,0.0,0.0,mature,validation,29
partner_575,APAC,Retail,Certified,7,5,improving,2,4.9,64.1,25,1,1,0.0348,0,44805.7,1.28,1.75,0.2045,0.0045,0,0.52,-0.83,0.0,50.62,new_partner,validation,29
partner_576,NA,Retail,Certified,24,6,stable,7,3.4,39.6,73,1,1,0.504,1,43109.04,-0.19,12.32,0.0974,-0.0463,0,0.7143,-2.99,0.0,0.0,mature,validation,29
partner_577,APAC,Services,Certified,2,8,improving,3,3.7,34.9,43,0,0,0.0273,0,15923.84,1.28,1.75,0.2045,0.0045,0,0.52,-0.83,0.0,-38.01,new_partner,validation,29
partner_578,NA,Services,Strategic,5,5,declining,8,2.7,41.3,47,0,1,0.4836,0,127996.83,1.28,1.75,0.2045,0.0045,0,0.52,-0.83,0.0,300.0,new_partner,validation,29
partner_579,APAC,Services,Registered,7,5,declining,11,6.1,49.4,50,1,1,0.8381,1,13229.05,1.28,1.75,0.2045,0.0045,0,0.52,-0.83,0.0,74.72,new_partner,validation,29
partner_580,NA,Services,Strategic,25,8,declining,1,3.6,40.2,25,0,1,0.1165,0,61966.3,-6.9,-21.64,0.2299,-0.1786,0,0.4,-8.42,0.0,0.0,mature,validation,29
partner_581,NA,Services,Registered,26,4,declining,11,3.2,15.5,117,0,1,0.9359,1,3217.38,-15.83,-42.73,0.4083,-0.6152,0,0.0227,-17.35,0.0,0.0,mature,validation,29
partner_582,NA,Tech,Certified,20,6,stable,5,4.4,38.6,38,0,1,0.041,0,52132.07,-10.38,5.47,0.1503,0.1158,0,0.8667,-13.16,0.0,0.0,mature,validation,29
partner_583,EMEA,Tech,Registered,35,6,improving,4,5.1,47.1,55,2,1,0.0827,0,10221.84,0.71,2.44,0.1041,-0.3479,0,0.5,-2.07,0.0,0.0,mature,validation,29
partner_584,NA,Retail,Registered,41,8,stable,4,1.0,50.8,36,5,0,0.0297,0,6438.87,6.15,-15.69,0.1881,-0.438,0,0.234,3.35,0.0,0.0,mature,validation,29
partner_585,APAC,Manufacturing,Registered,42,7,declining,2,2.8,49.1,33,2,1,0.3514,1,5092.65,8.17,-30.62,0.3104,-0.0045,0,0.0833,6.65,0.0,0.0,mature,validation,29
partner_586,LATAM,Services,Registered,33,10,declining,1,2.0,74.0,6,4,1,0.0022,0,6237.21,10.72,-4.52,0.204,0.9059,1,0.2381,9.2,0.84,0.0,mature,validation,29
partner_587,EMEA,Tech,Registered,31,8,stable,1,3.2,93.8,8,2,0,0.0009,0,3904.9,-9.87,-30.98,0.2771,-0.4061,0,0.0312,-12.65,0.0,0.0,mature,validation,29
partner_588,NA,Manufacturing,Registered,28,5,stable,8,1.5,39.5,36,1,1,0.2044,1,6082.88,5.12,16.08,0.0864,-0.3969,0,0.1818,3.6,0.0,0.0,mature,validation,29
partner_589,EMEA,Retail,Registered,13,5,declining,7,4.4,23.7,44,3,1,0.2228,0,9213.32,8.12,31.53,0.2079,0.0045,0,0.5581,5.32,0.0,0.0,mature,validation,29
partner_590,EMEA,Retail,Registered,28,4,stable,4,5.3,28.0,53,0,1,0.8936,1,8306.97,11.15,43.84,0.299,-0.145,0,0.4651,8.35,0.0,0.0,mature,validation,29
partner_591,APAC,Retail,Certified,1,5,stable,4,6.4,12.7,59,1,1,0.4596,0,22512.1,1.28,1.75,0.2045,0.0045,0,0.52,-0.83,0.0,-11.82,new_partner,validation,29
partner_592,NA,Retail,Strategic,56,9,declining,0,3.9,46.8,0,2,0,0.001,0,70553.14,45.23,15.34,0.2725,0.6892,1,0.8182,42.43,7.14,0.0,mature,validation,29
partner_593,NA,Services,Certified,21,6,improving,2,5.9,31.7,26,0,0,0.0462,0,68800.86,5.12,8.97,0.086,0.0507,0,0.95,3.6,0.0,0.0,mature,validation,29
partner_594,NA,Tech,Registered,43,7,improving,2,4.3,61.1,32,0,1,0.0212,0,26876.3,13.67,80.79,0.4121,-0.6481,0,1.0,10.89,0.0,0.0,mature,validation,29
partner_595,EMEA,Services,Registered,55,4,stable,0,2.1,34.7,63,1,0,0.1915,0,8029.29,16.67,31.02,0.2272,-0.0503,0,0.4524,15.15,0.0,0.0,mature,validation,29
partner_596,EMEA,Manufacturing,Strategic,28,6,improving,1,4.9,60.8,12,2,1,0.1581,1,66580.59,-8.72,-16.2,0.1897,0.2331,0,0.4615,-10.24,0.0,0.0,mature,validation,29
partner_597,LATAM,Retail,Registered,49,5,declining,0,4.5,35.7,62,0,0,0.1349,0,6046.6,-7.38,11.11,0.0957,-0.2098,0,0.36,-10.18,0.0,0.0,mature,validation,29
partner_598,LATAM,Retail,Registered,27,10,improving,0,1.2,46.2,31,6,0,0.0089,0,3841.25,18.24,6.3,0.2141,0.8155,1,0.16,15.44,3.09,0.0,mature,validation,29
partner_599,APAC,Services,Strategic,7,6,improving,6,3.8,35.7,18,0,0,0.1149,0,62308.03,1.28,1.75,0.2045,0.0045,0,0.52,-0.83,0.0,102.18,new_partner,validation,29
partner_600,LATAM,Retail,Strategic,1,4,stable,6,1.4,14.8,71,0,0,0.6262,0,125925.32,1.28,1.75,0.2045,0.0045,0,0.52,-0.83,0.0,209.77,new_partner,validation,29
partner_601,NA,Services,Registered,7,7,stable,5,4.6,77.2,18,4,1,0.0021,0,16356.56,1.28,1.75,0.2045,0.0045,0,0.52,-0.83,0.0,145.75,new_partner,validation,29
partner_602,LATAM,Retail,Certified,54,7,stable,2,2.8,53.5,42,2,0,0.0065,0,24285.48,10.14,-11.23,0.1888,0.7723,1,0.3929,7.34,-5.15,0.0,mature,validation,29
partner_603,APAC,Manufacturing,Registered,27,5,improving,3,3.6,59.4,65,1,1,0.0268,0,6739.59,-8.5,3.57,0.1156,-0.3686,0,0.5,-10.02,0.0,0.0,mature,validation,29
partner_604,LATAM,Services,Certified,18,7,improving,0,2.0,51.9,54,4,0,0.0368,0,18416.92,-10.22,-29.9,0.2557,-0.0218,0,0.2857,-11.74,0.0,0.0,mature,validation,29
partner_605,APAC,Retail,Registered,25,4,improving,0,3.4,52.5,36,1,1,0.0689,0,9140.98,-4.8,-13.72,0.1827,0.778,1,0.5484,-7.6,-13.46,0.0,mature,validation,29
partner_606,LATAM,Retail,Registered,14,4,stable,4,4.8,39.1,61,0,0,0.0875,0,14731.54,6.06,58.93,0.4002,-0.2836,0,0.84,3.26,0.0,0.0,mature,validation,29
partner_607,APAC,Services,Certified,50,10,improving,1,2.6,100.0,51,3,0,0.0021,0,18808.12,-9.88,-8.44,0.0883,-0.5868,0,0.4706,-11.4,0.0,0.0,mature,validation,29
partner_608,EMEA,Retail,Registered,57,5,improving,5,3.8,26.9,45,0,1,0.1082,0,9064.8,-4.64,22.27,0.226,0.8515,1,0.5349,-7.44,22.64,0.0,mature,validation,29
partner_609,LATAM,Tech,Certified,4,10,stable,1,0.8,23.4,22,2,0,0.0041,0,16163.97,1.28,1.75,0.2045,0.0045,0,0.52,-0.83,0.0,-54.76,new_partner,validation,29
partner_610,NA,Tech,Registered,41,4,stable,2,3.1,58.9,54,1,1,0.1387,0,8795.84,4.87,-23.3,0.2922,-0.0075,0,0.4872,2.09,0.0,0.0,mature,validation,29
partner_611,NA,Retail,Strategic,19,7,stable,2,2.6,36.1,0,0,1,0.0066,0,32577.99,-11.4,-37.77,0.3076,0.1319,0,0.2727,-14.2,0.0,0.0,mature,validation,29
partner_612,LATAM,Services,Certified,2,6,stable,7,3.7,52.0,26,0,0,0.0441,0,26370.75,1.28,1.75,0.2045,0.0045,0,0.52,-0.83,0.0,3.31,new_partner,validation,29
partner_613,APAC,Services,Registered,53,5,stable,5,5.4,40.7,73,0,1,0.1537,0,7844.95,-14.72,-6.06,0.1079,-0.1879,0,0.5161,-16.24,0.0,0.0,mature,validation,29
partner_614,APAC,Tech,Certified,3,6,stable,4,3.5,36.3,53,1,1,0.2996,0,8992.92,1.28,1.75,0.2045,0.0045,0,0.52,-0.83,0.0,-88.43,new_partner,validation,29
partner_615,EMEA,Services,Registered,11,4,improving,10,6.6,41.7,42,0,1,0.6726,1,2715.81,4.35,-13.9,0.123,-0.4523,0,0.0238,2.83,0.0,0.0,mature,validation,29
partner_616,LATAM,Retail,Registered,1,7,stable,2,3.3,52.9,29,4,0,0.0142,0,3022.07,1.28,1.75,0.2045,0.0045,0,0.52,-0.83,0.0,-95.11,new_partner,validation,29
partner_617,LATAM,Retail,Registered,27,7,improving,2,0.5,61.5,28,1,0,0.0025,0,16239.72,16.62,10.37,0.1113,-0.2556,0,0.96,13.82,0.0,0.0,mature,validation,29
partner_618,NA,Manufacturing,Strategic,34,4,declining,2,4.1,40.2,41,0,1,0.1689,1,76296.14,-8.59,-1.75,0.2181,0.8337,1,0.6364,-10.11,-6.37,0.0,mature,validation,29
partner_619,EMEA,Services,Certified,18,9,declining,1,3.0,42.9,9,1,0,0.0015,0,11724.08,-5.51,-23.56,0.2007,-0.2587,0,0.0882,-7.03,0.0,0.0,mature,validation,29
partner_620,EMEA,Retail,Strategic,4,7,declining,6,8.4,83.3,62,2,0,0.0565,0,65125.3,1.28,1.75,0.2045,0.0045,0,0.52,-0.83,0.0,71.68,new_partner,validation,29
partner_621,LATAM,Retail,Strategic,6,6,declining,2,2.8,76.0,24,0,1,0.0456,0,65150.31,1.28,1.75,0.2045,0.0045,0,0.52,-0.83,0.0,63.07,new_partner,validation,29
partner_622,NA,Tech,Strategic,54,8,declining,2,1.1,35.2,32,0,0,0.0054,0,72169.74,6.16,0.78,0.0954,0.0871,0,0.5556,3.38,0.0,0.0,mature,validation,29
partner_623,APAC,Services,Registered,46,4,stable,7,5.3,28.9,30,0,1,0.357,0,13703.07,-11.29,10.0,0.2506,0.8168,1,0.8387,-12.81,6.67,0.0,mature,validation,29
partner_624,NA,Retail,Strategic,54,6,declining,6,4.5,23.6,48,0,1,0.4885,0,55035.46,-10.15,-21.93,0.2387,-0.0536,0,0.6364,-12.95,0.0,0.0,mature,validation,29
partner_625,APAC,Tech,Certified,30,3,stable,6,4.2,0.2,96,0,1,0.9524,1,50466.31,15.94,-4.63,0.2089,0.8654,1,0.9375,13.16,-5.36,0.0,mature,validation,29
partner_626,NA,Manufacturing,Registered,31,7,improving,6,4.3,3.0,62,2,1,0.3894,0,12567.72,3.37,42.69,0.2748,-0.3638,0,0.8788,1.85,0.0,0.0,mature,validation,29
partner_627,LATAM,Tech,Certified,45,7,declining,6,5.4,35.0,55,0,1,0.1537,0,20369.49,-11.04,-50.06,0.4051,-0.2483,0,0.4118,-13.82,0.0,0.0,mature,validation,29
partner_628,EMEA,Retail,Registered,35,9,stable,0,1.4,84.5,0,7,0,0.0001,0,9946.29,18.38,9.05,0.1014,-0.3627,0,0.6279,15.58,0.0,0.0,mature,validation,29
partner_629,NA,Retail,Registered,25,4,declining,7,4.6,53.5,62,0,1,0.6764,1,7951.04,-27.74,-5.16,0.2498,0.8359,1,0.4681,-30.54,-10.1,0.0,mature,validation,29
partner_630,APAC,Tech,Registered,16,4,stable,1,3.1,68.8,52,2,0,0.0844,0,7916.14,25.84,27.35,0.2313,0.7388,1,0.3846,23.06,18.69,0.0,mature,validation,29
partner_631,APAC,Tech,Registered,28,9,stable,1,1.3,81.3,0,4,0,0.0002,0,6376.3,-3.97,-8.92,0.0921,0.0288,0,0.3077,-6.75,0.0,0.0,mature,validation,29
partner_632,APAC,Services,Registered,3,7,stable,3,1.4,68.2,42,2,0,0.005,0,5532.9,1.28,1.75,0.2045,0.0045,0,0.52,-0.83,0.0,-45.28,new_partner,validation,29
partner_633,EMEA,Manufacturing,Strategic,11,7,stable,3,6.4,58.1,65,0,0,0.0374,0,97046.14,-1.25,-31.86,0.2366,0.2359,0,0.6923,-2.77,0.0,0.0,mature,validation,29
partner_634,NA,Manufacturing,Certified,42,6,improving,7,7.7,54.7,46,2,0,0.0364,0,18479.68,-15.98,-17.47,0.1925,-0.3451,0,0.4615,-17.5,0.0,0.0,mature,validation,29
partner_635,EMEA,Services,Certified,50,8,declining,2,1.2,86.7,28,4,0,0.0589,0,15306.51,-2.74,-23.82,0.2288,0.0101,0,0.1765,-4.26,0.0,0.0,mature,validation,29
partner_636,EMEA,Tech,Registered,5,6,improving,5,3.1,28.3,33,2,1,0.2734,0,12477.46,1.28,1.75,0.2045,0.0045,0,0.52,-0.83,0.0,49.79,new_partner,validation,29
partner_637,LATAM,Tech,Registered,5,5,stable,4,2.6,36.1,57,0,1,0.3869,0,2973.08,1.28,1.75,0.2045,0.0045,0,0.52,-0.83,0.0,-84.13,new_partner,validation,29
partner_638,LATAM,Services,Registered,4,8,improving,3,4.2,54.9,62,2,0,0.0221,0,8998.98,1.28,1.75,0.2045,0.0045,0,0.52,-0.83,0.0,-25.89,new_partner,validation,29
partner_639,LATAM,Retail,Certified,45,8,stable,1,1.3,57.1,57,4,0,0.002,0,52881.86,16.75,33.99,0.257,0.6671,1,0.9286,13.95,22.81,0.0,mature,validation,29
partner_640,APAC,Manufacturing,Registered,18,7,improving,5,4.8,48.8,32,1,1,0.4538,0,9480.46,20.17,2.13,0.1149,0.1525,0,0.75,18.65,0.0,0.0,mature,validation,29
partner_641,LATAM,Services,Certified,18,7,stable,4,3.7,86.3,25,4,0,0.0144,0,15768.21,-6.07,-24.4,0.2271,0.5608,1,0.1429,-7.59,-4.14,0.0,mature,validation,29
partner_642,APAC,Retail,Certified,1,5,declining,5,4.5,50.1,85,0,0,0.1659,0,18492.65,1.28,1.75,0.2045,0.0045,0,0.52,-0.83,0.0,-43.99,new_partner,validation,29
partner_643,EMEA,Tech,Certified,56,5,declining,3,6.8,54.6,70,0,1,0.8232,1,54470.35,10.68,49.75,0.3215,0.3015,0,0.9032,7.9,0.0,0.0,mature,validation,29
partner_644,EMEA,Retail,Strategic,25,3,declining,7,4.8,26.5,78,0,1,0.9313,1,38155.87,6.5,-22.88,0.1917,-0.2278,0,0.0714,3.7,0.0,0.0,mature,validation,29
partner_645,LATAM,Retail,Registered,46,6,improving,2,3.6,52.4,4,2,1,0.041,0,15086.98,13.18,11.33,0.0986,-0.5291,0,0.92,10.38,0.0,0.0,mature,validation,29
partner_646,APAC,Tech,Strategic,41,6,improving,2,1.9,60.8,61,0,0,0.2076,0,481725.39,9.43,67.47,0.4214,-0.4141,0,1.0,6.65,0.0,0.0,mature,validation,29
partner_647,EMEA,Retail,Certified,8,3,improving,6,0.8,47.1,48,2,1,0.2632,0,59589.94,1.28,1.75,0.2045,0.0045,0,0.52,-0.83,0.0,134.62,new_partner,validation,29
partner_648,NA,Services,Certified,46,5,improving,4,5.8,50.7,55,2,0,0.1118,0,21337.63,12.6,5.49,0.0935,0.1298,0,0.4,11.08,0.0,0.0,mature,validation,29
partner_649,LATAM,Services,Certified,31,8,declining,2,1.9,99.8,15,4,1,0.0276,0,16609.52,-11.73,-34.65,0.3968,0.0387,0,0.1905,-13.25,0.0,0.0,mature,validation,29
partner_650,EMEA,Services,Certified,35,8,improving,4,5.0,66.8,69,1,0,0.0393,0,10193.66,0.43,-21.12,0.2533,-0.2004,0,0.0294,-1.09,0.0,0.0,mature,validation,29
partner_651,NA,Retail,Strategic,11,7,declining,4,2.8,45.8,17,2,0,0.0314,0,30700.93,-8.28,-32.07,0.3057,-0.0871,0,0.1818,-11.08,0.0,0.0,mature,validation,29
partner_652,APAC,Retail,Registered,49,6,stable,0,2.6,55.1,68,1,1,0.0269,0,6470.47,6.21,10.68,0.092,-0.1404,0,0.3871,3.41,0.0,0.0,mature,validation,29
partner_653,LATAM,Retail,Certified,54,5,stable,5,5.3,45.4,62,1,0,0.2989,0,24851.43,3.27,10.94,0.102,-0.112,0,0.4643,0.47,0.0,0.0,mature,validation,29
partner_654,EMEA,Retail,Certified,23,8,stable,5,3.3,56.7,46,1,0,0.006,0,27448.12,-1.0,-6.89,0.0817,-0.2849,0,0.4848,-3.8,0.0,0.0,mature,validation,29
partner_655,APAC,Services,Registered,5,7,declining,1,1.2,68.1,23,2,0,0.0064,0,9245.62,1.28,1.75,0.2045,0.0045,0,0.52,-0.83,0.0,-22.06,new_partner,validation,29
partner_656,NA,Tech,Strategic,49,5,improving,6,2.9,52.8,39,0,0,0.0212,1,117682.9,5.58,79.38,0.3649,-0.3267,0,0.7778,2.8,0.0,0.0,mature,validation,29
partner_657,APAC,Retail,Registered,51,3,declining,3,3.6,16.1,59,0,1,0.9625,1,14650.89,-10.61,5.72,0.26,0.914,1,0.8387,-13.41,-1.68,0.0,mature,validation,29
partner_658,EMEA,Services,Certified,29,4,declining,5,5.2,51.4,69,1,1,0.8962,1,44937.46,10.47,64.55,0.363,-0.3868,0,0.7941,8.95,0.0,0.0,mature,validation,29
partner_659,NA,Tech,Registered,33,6,declining,3,5.3,72.7,53,0,1,0.0272,0,7424.02,0.63,-9.18,0.1728,-0.3052,0,0.4103,-2.15,0.0,0.0,mature,validation,29
partner_660,NA,Retail,Registered,12,5,improving,7,3.1,38.6,46,0,0,0.1075,0,4915.5,-12.8,-39.68,0.3445,0.4061,0,0.1277,-15.6,0.0,0.0,mature,validation,29
partner_661,EMEA,Retail,Certified,3,10,declining,0,1.9,82.8,28,6,1,0.0036,0,27266.42,1.28,1.75,0.2045,0.0045,0,0.52,-0.83,0.0,-20.41,new_partner,validation,29
partner_662,APAC,Manufacturing,Registered,54,6,improving,1,4.5,48.0,73,1,0,0.1129,0,6165.02,2.78,35.67,0.231,0.062,0,0.25,1.26,0.0,0.0,mature,validation,29
partner_663,EMEA,Services,Registered,28,6,stable,6,2.1,52.1,58,2,0,0.0681,0,11953.49,24.42,2.46,0.204,0.6238,1,0.6905,22.9,-1.54,0.0,mature,validation,29
partner_664,EMEA,Retail,Registered,15,6,stable,1,4.2,35.6,54,4,1,0.2188,1,6710.73,-17.6,-41.14,0.3592,-0.0016,0,0.3256,-20.4,0.0,0.0,mature,validation,29
partner_665,NA,Services,Registered,40,5,declining,6,5.9,53.0,60,2,0,0.0359,0,11254.04,-9.35,-15.05,0.1025,0.2428,0,0.8182,-10.87,0.0,0.0,mature,validation,29
partner_666,LATAM,Services,Certified,1,6,declining,1,4.0,34.3,17,1,0,0.0062,0,27323.87,1.28,1.75,0.2045,0.0045,0,0.52,-0.83,0.0,43.81,new_partner,validation,29
partner_667,APAC,Services,Strategic,4,7,stable,1,2.3,63.6,26,3,0,0.0024,0,136182.39,1.28,1.75,0.2045,0.0045,0,0.52,-0.83,0.0,95.56,new_partner,validation,29
partner_668,APAC,Retail,Registered,14,7,stable,3,2.5,76.8,22,2,0,0.0075,0,11354.62,8.96,8.08,0.119,0.3068,0,0.6774,6.16,0.0,0.0,mature,validation,29
partner_669,EMEA,Retail,Certified,26,10,stable,0,2.2,78.5,43,5,0,0.0043,0,21305.05,4.26,7.47,0.1054,0.068,0,0.303,1.46,0.0,0.0,mature,validation,29
partner_670,NA,Services,Registered,21,9,improving,0,0.5,92.0,14,7,0,0.0,0,4089.78,-8.49,-32.96,0.3671,-0.4321,0,0.1364,-10.01,0.0,0.0,mature,validation,29
partner_671,EMEA,Tech,Certified,10,6,improving,1,2.2,56.6,56,3,0,0.0087,0,15826.85,-1.01,3.39,0.2751,0.8671,1,0.1613,-3.79,18.22,0.0,mature,validation,29
partner_672,NA,Manufacturing,Registered,20,7,stable,2,3.4,30.5,64,1,1,0.113,0,9167.22,-3.84,-2.71,0.102,0.2373,0,0.6061,-5.36,0.0,0.0,mature,validation,29
partner_673,APAC,Services,Registered,19,5,stable,6,3.7,54.0,55,3,1,0.4019,0,6866.05,25.99,3.87,0.2095,0.9215,1,0.4516,24.47,-1.95,0.0,mature,validation,29
partner_674,LATAM,Retail,Registered,30,5,stable,7,5.1,61.8,27,1,1,0.0183,0,5420.61,-11.38,-31.69,0.346,-0.1311,0,0.24,-14.18,0.0,0.0,mature,validation,29
partner_675,NA,Services,Certified,32,5,stable,8,3.1,58.9,3,1,0,0.0265,0,10507.14,-7.22,-4.76,0.0737,0.0292,0,0.05,-8.74,0.0,0.0,mature,validation,29
partner_676,NA,Services,Certified,51,6,declining,6,5.1,33.7,66,0,1,0.3569,0,29067.28,5.96,4.58,0.104,-0.3952,0,0.5,4.44,0.0,0.0,mature,validation,29
partner_677,APAC,Manufacturing,Registered,46,7,improving,1,2.1,58.9,26,2,1,0.0081,0,7854.76,-12.31,-2.51,0.1023,0.1997,0,0.6667,-13.83,0.0,0.0,mature,validation,29
partner_678,NA,Tech,Certified,16,6,improving,1,2.1,63.9,55,4,0,0.0047,0,47185.45,-13.72,-21.37,0.2111,0.6223,1,0.7667,-16.5,-16.15,0.0,mature,validation,29
partner_679,EMEA,Services,Certified,52,5,stable,2,5.3,23.5,66,1,0,0.5103,1,12707.77,-1.11,-3.44,0.096,-0.0508,0,0.1471,-2.63,0.0,0.0,mature,validation,29
partner_680,NA,Tech,Registered,30,2,declining,5,5.7,43.0,76,0,1,0.6763,1,4897.17,-4.52,9.32,0.1915,0.7243,1,0.1795,-7.3,3.46,0.0,mature,validation,29
partner_681,EMEA,Manufacturing,Certified,10,3,declining,6,3.9,32.8,64,0,1,0.9244,1,26332.48,4.3,-0.81,0.099,-0.239,0,0.7619,2.78,0.0,0.0,mature,validation,29
partner_682,EMEA,Services,Strategic,19,7,improving,3,0.5,63.4,2,2,0,0.0008,0,57705.48,-7.66,6.68,0.1882,-0.316,0,0.1111,-9.18,0.0,0.0,mature,validation,29
partner_683,EMEA,Manufacturing,Registered,43,4,declining,8,5.9,79.2,75,2,1,0.5718,1,5057.75,4.82,7.7,0.0941,-0.1001,0,0.1923,3.3,0.0,0.0,mature,validation,29
partner_684,NA,Retail,Certified,47,6,improving,2,4.5,53.7,12,1,0,0.0564,0,32995.36,3.22,7.98,0.0884,0.2853,0,0.5,0.42,0.0,0.0,mature,validation,29
partner_685,LATAM,Retail,Registered,21,6,declining,2,5.5,52.4,31,2,0,0.0823,0,11352.8,3.34,4.75,0.1557,0.4046,0,0.72,0.54,0.0,0.0,mature,validation,29
partner_686,NA,Retail,Certified,9,5,declining,6,6.4,39.2,49,0,1,0.3168,0,23162.95,-14.46,5.65,0.2154,0.6503,1,0.2143,-17.26,12.71,0.0,mature,validation,29
partner_687,NA,Tech,Registered,11,7,declining,1,3.0,32.8,32,0,1,0.3882,0,4887.53,20.71,39.54,0.2393,0.2219,0,0.1538,17.93,0.0,0.0,mature,validation,29
partner_688,APAC,Tech,Certified,6,4,declining,3,3.5,54.6,43,0,0,0.1582,0,32035.53,1.28,1.75,0.2045,0.0045,0,0.52,-0.83,0.0,12.18,new_partner,validation,29
partner_689,LATAM,Manufacturing,Registered,40,9,improving,1,0.5,43.8,5,4,0,0.0007,0,10398.28,7.98,28.46,0.2327,-0.3399,0,0.6522,6.46,0.0,0.0,mature,validation,29
partner_690,NA,Tech,Certified,29,8,declining,4,3.3,72.4,50,4,0,0.1823,0,16643.76,-18.11,-41.72,0.3871,-0.2222,0,0.1333,-20.89,0.0,0.0,mature,validation,29
partner_691,EMEA,Services,Strategic,26,7,declining,2,2.7,46.5,11,0,0,0.0147,0,247153.94,12.36,58.89,0.3708,0.0258,0,1.0,10.84,0.0,0.0,mature,validation,29
partner_692,APAC,Services,Registered,38,5,declining,3,3.1,31.6,44,1,1,0.6643,0,5467.08,6.78,13.17,0.1102,-0.2047,0,0.3226,5.26,0.0,0.0,mature,validation,29
partner_693,EMEA,Retail,Strategic,48,8,stable,0,0.5,80.5,0,6,0,0.0003,0,63314.38,-2.72,1.93,0.1113,-0.2983,0,0.2143,-5.52,0.0,0.0,mature,validation,29
partner_694,NA,Manufacturing,Strategic,46,9,improving,0,0.5,59.2,0,3,0,0.0005,0,63151.23,-12.72,-11.28,0.0833,-0.1943,0,0.4545,-14.24,0.0,0.0,mature,validation,29
partner_695,APAC,Manufacturing,Strategic,7,4,declining,5,2.7,34.6,27,0,1,0.5066,0,52969.2,1.28,1.75,0.2045,0.0045,0,0.52,-0.83,0.0,58.42,new_partner,validation,29
partner_696,NA,Tech,Registered,34,8,stable,0,3.4,62.0,31,0,1,0.1529,0,3470.7,-10.32,-34.75,0.3519,-0.2177,0,0.0513,-13.1,0.0,0.0,mature,validation,29
partner_697,LATAM,Retail,Certified,51,4,declining,10,7.0,7.8,71,0,1,0.5866,1,35764.32,15.14,38.14,0.2544,-0.117,0,0.7857,12.34,0.0,0.0,mature,validation,29
partner_698,NA,Services,Registered,44,6,improving,6,2.5,50.6,24,2,1,0.0704,0,11133.62,17.38,16.6,0.2138,0.7768,1,0.7727,15.86,16.28,0.0,mature,validation,29
partner_699,LATAM,Services,Registered,19,3,declining,1,6.8,51.2,0,0,1,0.166,0,19630.23,14.09,64.76,0.4028,-0.2125,0,1.0,12.57,0.0,0.0,mature,validation,29
partner_700,EMEA,Manufacturing,Strategic,22,8,improving,1,2.0,90.2,0,2,0,0.0003,0,151615.16,28.62,105.24,0.4006,-0.5165,0,0.8462,27.1,0.0,0.0,mature,validation,29
partner_701,EMEA,Services,Certified,51,5,declining,3,6.4,36.2,28,2,1,0.3759,1,33230.4,7.08,51.69,0.3556,0.1797,0,0.6176,5.56,0.0,0.0,mature,validation,29
partner_702,NA,Services,Certified,1,5,stable,3,4.2,55.6,29,2,0,0.0824,0,15485.03,1.28,1.75,0.2045,0.0045,0,0.52,-0.83,0.0,-50.88,new_partner,validation,29
partner_703,EMEA,Tech,Registered,30,9,improving,0,2.2,81.2,20,8,0,0.0002,0,27559.88,-5.93,33.4,0.247,0.0483,0,0.9375,-8.71,0.0,0.0,mature,validation,29
partner_704,APAC,Manufacturing,Certified,6,5,declining,7,5.5,12.3,36,0,0,0.6863,0,14777.72,1.28,1.75,0.2045,0.0045,0,0.52,-0.83,0.0,-65.12,new_partner,validation,29
partner_705,EMEA,Tech,Certified,51,6,declining,5,2.5,38.7,13,3,0,0.0629,0,26560.9,-1.17,-8.04,0.0922,-0.2533,0,0.5484,-3.95,0.0,0.0,mature,validation,29
partner_706,NA,Services,Registered,2,7,improving,0,0.5,74.4,0,2,0,0.003,0,12228.16,1.28,1.75,0.2045,0.0045,0,0.52,-0.83,0.0,18.56,new_partner,validation,29
partner_707,LATAM,Retail,Strategic,1,9,declining,1,3.2,53.3,30,3,0,0.0232,0,193243.59,1.28,1.75,0.2045,0.0045,0,0.52,-0.83,0.0,300.0,new_partner,validation,29
partner_708,LATAM,Tech,Registered,19,8,declining,1,2.7,63.7,0,0,0,0.0084,0,18861.45,18.37,58.04,0.2921,0.2264,0,0.9355,15.59,0.0,0.0,mature,validation,29
partner_709,NA,Services,Registered,11,8,improving,2,6.9,47.6,0,5,0,0.0013,0,3803.73,-22.05,-40.19,0.255,-0.0807,0,0.0909,-23.57,0.0,0.0,mature,validation,29
partner_710,NA,Retail,Certified,28,2,stable,8,6.9,32.9,83,0,1,0.9492,1,10621.18,-16.77,-40.79,0.4017,0.0261,0,0.0357,-19.57,0.0,0.0,mature,validation,29
partner_711,APAC,Services,Strategic,17,7,declining,1,2.0,68.6,66,2,0,0.0133,0,74338.35,10.23,1.98,0.1087,0.311,0,0.5455,8.71,0.0,0.0,mature,validation,29
partner_712,LATAM,Tech,Registered,20,6,declining,6,3.6,75.3,44,2,1,0.0715,0,5105.07,-4.2,-16.83,0.1951,-0.2154,0,0.1935,-6.98,0.0,0.0,mature,validation,29
partner_713,APAC,Services,Registered,32,3,declining,5,5.0,44.1,65,0,1,0.9354,1,3396.12,-6.04,-27.38,0.2353,-0.2099,0,0.0968,-7.56,0.0,0.0,mature,validation,29
partner_714,APAC,Services,Registered,32,10,improving,1,2.9,48.7,76,2,0,0.0291,0,5510.87,1.17,41.9,0.224,-0.0041,0,0.3548,-0.35,0.0,0.0,mature,validation,29
partner_715,LATAM,Tech,Strategic,54,8,improving,5,0.8,52.4,19,2,0,0.0006,0,27415.4,8.12,-11.87,0.1017,0.1606,0,0.2,5.34,0.0,0.0,mature,validation,29
partner_716,EMEA,Services,Registered,27,8,stable,1,4.6,64.0,25,1,1,0.0004,0,8170.87,-8.51,10.4,0.2273,-0.2733,0,0.5,-10.03,0.0,0.0,mature,validation,29
partner_717,NA,Tech,Certified,32,10,stable,2,2.6,46.6,24,2,1,0.0056,0,32177.61,-3.53,-6.08,0.0955,0.3827,0,0.6667,-6.31,0.0,0.0,mature,validation,29
partner_718,EMEA,Manufacturing,Strategic,39,4,stable,4,7.1,19.8,108,0,1,0.9636,1,154472.15,16.15,86.71,0.3656,-0.6875,0,0.9231,14.63,0.0,0.0,mature,validation,29
partner_719,LATAM,Manufacturing,Registered,10,7,improving,4,2.3,54.2,46,3,1,0.0323,0,12762.66,-27.92,11.6,0.1953,0.6789,1,0.6957,-29.44,4.13,0.0,mature,validation,29
partner_720,APAC,Services,Certified,38,9,declining,2,2.4,76.2,43,2,0,0.0024,0,21488.97,-13.51,-20.68,0.1046,0.0373,0,0.5294,-15.03,0.0,0.0,mature,validation,29
partner_721,NA,Retail,Certified,49,6,improving,1,4.8,63.2,52,2,1,0.0961,0,23177.23,6.36,34.88,0.2089,0.3905,0,0.25,3.56,0.0,0.0,mature,validation,29
partner_722,NA,Retail,Certified,18,8,improving,0,0.5,65.9,15,3,0,0.0038,0,49571.12,19.63,81.37,0.3972,-0.5726,0,0.8929,16.83,0.0,0.0,mature,validation,29
partner_723,EMEA,Manufacturing,Registered,10,8,declining,4,4.5,35.0,26,4,0,0.0673,0,5894.33,-1.7,-25.05,0.2678,-0.0998,0,0.3462,-3.22,0.0,0.0,mature,validation,29
partner_724,APAC,Manufacturing,Registered,20,7,improving,3,6.2,63.1,27,1,1,0.0892,0,15168.32,-9.62,47.05,0.3313,0.2378,0,0.9167,-11.14,0.0,0.0,mature,validation,29
partner_725,EMEA,Tech,Registered,15,6,stable,1,6.4,35.7,42,0,0,0.0443,0,29942.52,13.63,72.72,0.375,-0.5639,0,0.9688,10.85,0.0,0.0,mature,validation,29
partner_726,EMEA,Retail,Certified,33,8,improving,2,1.6,67.3,32,5,1,0.0144,0,13362.78,-0.8,4.94,0.1871,0.6477,1,0.0909,-3.6,1.01,0.0,mature,validation,29
partner_727,EMEA,Tech,Certified,50,8,stable,3,2.8,70.5,18,4,0,0.001,0,26181.72,-5.44,-5.32,0.0979,0.3924,0,0.5161,-8.22,0.0,0.0,mature,validation,29
partner_728,EMEA,Services,Registered,34,7,declining,1,1.4,82.2,34,1,0,0.0045,0,15176.37,16.46,99.0,0.4227,-0.4926,0,0.8333,14.94,0.0,0.0,mature,validation,29
partner_729,NA,Retail,Registered,7,6,improving,3,1.7,39.7,51,2,1,0.2116,0,8055.68,1.28,1.75,0.2045,0.0045,0,0.52,-0.83,0.0,-28.36,new_partner,validation,29
partner_730,NA,Tech,Strategic,18,8,stable,0,2.7,52.0,30,5,0,0.0055,0,61547.1,21.98,80.16,0.432,-0.1605,0,0.2222,19.2,0.0,0.0,mature,validation,29
partner_731,NA,Services,Registered,39,6,improving,0,2.1,45.5,34,1,1,0.0164,0,10622.05,-16.7,0.49,0.1996,0.7158,1,0.7273,-18.22,-1.61,0.0,mature,validation,29
partner_732,EMEA,Retail,Registered,19,7,improving,0,3.2,85.2,0,4,0,0.0005,0,18798.01,-5.16,30.41,0.3193,-0.2504,0,0.9535,-7.96,0.0,0.0,mature,validation,29
partner_733,EMEA,Manufacturing,Certified,34,4,declining,9,6.3,29.3,41,0,1,0.8109,1,55965.07,-4.32,13.06,0.1124,-0.2132,0,0.9048,-5.84,0.0,0.0,mature,validation,29
partner_734,NA,Retail,Registered,40,7,improving,1,5.1,58.7,56,0,0,0.002,0,19789.21,-4.92,4.34,0.2142,0.8372,1,1.0,-7.72,-0.98,0.0,mature,validation,29
partner_735,EMEA,Services,Registered,19,7,declining,4,3.8,44.1,0,5,0,0.0509,0,9151.54,2.87,20.49,0.2108,0.3885,0,0.5952,1.35,0.0,0.0,mature,validation,29
partner_736,LATAM,Manufacturing,Registered,37,8,improving,2,2.9,63.1,43,3,1,0.004,0,13378.64,23.02,74.64,0.3607,0.1424,0,0.7391,21.5,0.0,0.0,mature,validation,29
partner_737,EMEA,Services,Registered,23,6,declining,10,4.5,44.9,62,0,0,0.9517,1,4217.9,-4.67,-34.93,0.3561,-0.3135,0,0.119,-6.19,0.0,0.0,mature,validation,29
partner_738,NA,Retail,Certified,7,5,stable,5,5.2,30.8,48,0,1,0.4535,1,34012.99,1.28,1.75,0.2045,0.0045,0,0.52,-0.83,0.0,-21.37,new_partner,validation,29
partner_739,NA,Tech,Certified,21,6,stable,3,6.3,30.7,49,3,0,0.1266,0,17543.62,-5.69,-28.1,0.2639,-0.471,0,0.2667,-8.47,0.0,0.0,mature,validation,29
partner_740,NA,Services,Certified,25,6,declining,4,5.7,56.9,42,3,0,0.0849,0,42972.37,-0.71,-7.27,0.0804,-0.265,0,0.6,-2.23,0.0,0.0,mature,validation,29
partner_741,EMEA,Retail,Registered,1,9,declining,4,3.0,63.2,11,4,0,0.0031,0,9584.9,1.28,1.75,0.2045,0.0045,0,0.52,-0.83,0.0,-72.74,new_partner,validation,29
partner_742,EMEA,Retail,Certified,51,8,declining,2,5.5,46.7,31,1,0,0.0282,0,35684.87,37.68,7.75,0.1843,0.6705,1,0.697,34.88,16.56,0.0,mature,validation,29
partner_743,APAC,Retail,Registered,30,8,stable,4,3.2,32.1,43,2,0,0.2219,0,8791.96,7.17,6.94,0.1127,-0.1297,0,0.5161,4.37,0.0,0.0,mature,validation,29
partner_744,EMEA,Services,Certified,2,8,improving,3,3.4,70.0,26,7,1,0.0176,0,18023.6,1.28,1.75,0.2045,0.0045,0,0.52,-0.83,0.0,-64.49,new_partner,validation,29
partner_745,NA,Manufacturing,Registered,50,4,improving,4,4.3,37.7,31,0,1,0.2807,0,12869.96,8.38,2.39,0.1094,0.2916,0,0.9091,6.86,0.0,0.0,mature,validation,29
partner_746,NA,Manufacturing,Certified,49,4,declining,6,5.6,35.1,66,0,1,0.6474,0,26577.58,2.63,36.73,0.2554,-0.4899,0,0.6154,1.11,0.0,0.0,mature,validation,29
partner_747,NA,Manufacturing,Registered,1,7,improving,1,2.4,51.1,42,3,0,0.0722,0,11004.71,1.28,1.75,0.2045,0.0045,0,0.52,-0.83,0.0,-54.58,new_partner,validation,29
partner_748,NA,Tech,Registered,9,5,stable,2,2.2,62.0,70,0,0,0.3105,0,12814.98,-3.7,76.77,0.3734,-0.1404,0,0.7436,-6.48,0.0,0.0,mature,validation,29
partner_749,LATAM,Tech,Registered,21,5,declining,11,2.5,41.9,50,1,0,0.5858,1,8545.93,0.14,43.13,0.2812,-0.0176,0,0.4516,-2.64,0.0,0.0,mature,validation,29
partner_750,APAC,Tech,Registered,29,9,stable,4,5.4,60.8,45,0,0,0.0911,0,13129.57,-1.04,-1.52,0.0977,0.2844,0,0.7692,-3.82,0.0,0.0,mature,validation,29
partner_751,EMEA,Manufacturing,Registered,42,3,declining,3,3.4,34.6,77,0,0,0.7933,1,3507.05,-0.55,-12.29,0.1626,0.2246,0,0.0769,-2.07,0.0,0.0,mature,validation,29
partner_752,NA,Retail,Certified,24,8,stable,4,2.5,45.1,53,4,0,0.0095,0,46215.41,1.99,26.94,0.2093,-0.1665,0,0.8571,-0.81,0.0,0.0,mature,validation,29
partner_753,EMEA,Services,Certified,35,7,declining,1,4.4,74.8,3,4,1,0.0086,0,54481.18,2.23,42.9,0.3279,0.2375,0,0.9412,0.71,0.0,0.0,mature,validation,29
partner_754,NA,Services,Registered,1,7,stable,3,4.9,53.3,24,9,0,0.045,0,4235.31,1.28,1.75,0.2045,0.0045,0,0.52,-0.83,0.0,-74.73,new_partner,validation,29
partner_755,LATAM,Tech,Strategic,38,6,declining,1,1.4,58.5,0,5,0,0.007,0,87691.11,4.32,-5.95,0.099,0.0659,0,0.4,1.54,0.0,0.0,mature,validation,29
partner_756,EMEA,Manufacturing,Certified,53,7,stable,1,0.5,82.6,7,5,0,0.0004,0,42527.91,3.45,29.47,0.2662,-0.1635,0,0.8571,1.93,0.0,0.0,mature,validation,29
partner_757,NA,Retail,Strategic,30,7,stable,1,2.2,37.9,66,4,0,0.0098,0,51390.44,25.19,46.27,0.2723,0.083,0,0.5455,22.39,0.0,0.0,mature,validation,29
partner_758,APAC,Services,Certified,26,6,stable,5,4.6,17.0,28,0,1,0.2517,1,28207.81,-8.38,-17.52,0.2308,-0.3097,0,0.7059,-9.9,0.0,0.0,mature,validation,29
partner_759,EMEA,Services,Certified,17,8,declining,7,5.0,44.3,54,0,1,0.0345,0,35124.04,34.0,-4.92,0.2181,0.5393,1,0.7059,32.48,4.51,0.0,mature,validation,29
partner_760,NA,Services,Certified,55,5,declining,3,2.9,42.7,63,0,1,0.8846,1,45113.72,20.47,30.74,0.1847,-0.3661,0,0.7,18.95,0.0,0.0,mature,validation,29
partner_761,LATAM,Tech,Certified,1,9,stable,1,0.5,85.1,9,10,1,0.0002,0,54519.91,1.28,1.75,0.2045,0.0045,0,0.52,-0.83,0.0,11.02,new_partner,validation,29
partner_762,EMEA,Retail,Strategic,16,6,stable,5,2.1,57.1,29,2,1,0.0708,0,68601.31,4.53,-10.93,0.2222,0.8876,1,0.3571,1.73,-2.79,0.0,mature,validation,29
partner_763,EMEA,Retail,Registered,8,6,stable,6,2.6,23.3,63,2,1,0.2168,0,3806.86,1.28,1.75,0.2045,0.0045,0,0.52,-0.83,0.0,-75.65,new_partner,validation,29
partner_764,EMEA,Retail,Registered,50,9,stable,1,5.7,54.0,43,5,1,0.0042,0,6554.82,5.78,2.91,0.1922,0.705,1,0.3023,2.98,-9.16,0.0,mature,validation,29
partner_765,APAC,Retail,Registered,27,4,improving,10,4.9,17.7,101,1,1,0.9134,1,11643.78,0.82,-3.42,0.2256,0.7335,1,0.7097,-1.98,-6.89,0.0,mature,validation,29
partner_766,EMEA,Retail,Strategic,53,5,declining,4,4.2,30.5,0,0,0,0.1188,0,99677.08,-1.96,-7.84,0.0834,-0.2407,0,0.6429,-4.76,0.0,0.0,mature,validation,29
partner_767,EMEA,Services,Registered,38,9,stable,1,4.3,65.0,36,1,0,0.0097,0,4769.36,-19.08,-39.51,0.3889,-0.0676,0,0.1667,-20.6,0.0,0.0,mature,validation,29
partner_768,EMEA,Retail,Certified,32,7,stable,2,2.3,71.1,0,1,0,0.0033,0,49883.51,8.45,-4.74,0.1794,0.6722,1,0.8788,5.65,-9.68,0.0,mature,validation,29
partner_769,EMEA,Retail,Certified,30,6,improving,5,4.3,60.3,46,0,1,0.077,0,21286.34,-1.55,0.57,0.1588,0.863,1,0.2727,-4.35,-2.28,0.0,mature,validation,29
partner_770,LATAM,Services,Strategic,11,8,stable,1,3.3,71.4,24,8,0,0.0007,0,124736.33,-10.63,-6.76,0.1022,0.0543,0,1.0,-12.15,0.0,0.0,mature,validation,29
partner_771,EMEA,Manufacturing,Registered,32,6,improving,4,4.7,42.9,18,0,1,0.0392,0,8639.92,-27.55,-7.52,0.1571,0.6708,1,0.6154,-29.07,1.0,0.0,mature,validation,29
partner_772,NA,Services,Certified,39,5,stable,3,3.4,70.5,26,0,1,0.0298,0,15431.72,-12.95,-38.91,0.4037,-0.2292,0,0.15,-14.47,0.0,0.0,mature,validation,29
partner_773,NA,Manufacturing,Strategic,55,9,stable,1,4.9,55.1,28,3,1,0.0592,0,20035.5,-18.35,-12.33,0.1027,-0.2186,0,0.1818,-19.87,0.0,0.0,mature,validation,29
partner_774,APAC,Services,Registered,31,6,improving,4,5.2,55.8,46,2,1,0.0883,0,9160.22,-26.06,-1.31,0.1928,0.8805,1,0.6452,-27.58,-2.48,0.0,mature,validation,29
partner_775,EMEA,Manufacturing,Certified,54,6,improving,0,1.7,65.1,0,5,0,0.0015,0,34835.69,16.3,34.35,0.214,-0.177,0,0.8095,14.78,0.0,0.0,mature,validation,29
partner_776,APAC,Tech,Registered,54,6,declining,3,5.8,34.1,40,0,1,0.4813,0,8881.01,-1.69,22.6,0.1765,0.3655,0,0.4231,-4.47,0.0,0.0,mature,validation,29
partner_777,LATAM,Manufacturing,Certified,30,9,declining,1,3.3,59.8,37,2,1,0.0302,0,10175.36,-0.52,-42.58,0.417,-0.104,0,0.1111,-2.04,0.0,0.0,mature,validation,29
partner_778,EMEA,Tech,Certified,25,4,stable,2,7.9,28.9,57,1,1,0.6517,1,43709.76,-7.72,-7.6,0.1963,0.7771,1,0.7742,-10.5,-5.05,0.0,mature,validation,29
partner_779,LATAM,Tech,Registered,8,6,stable,1,5.0,62.5,92,1,0,0.1576,0,12843.37,1.28,1.75,0.2045,0.0045,0,0.52,-0.83,0.0,15.75,new_partner,validation,29
partner_780,APAC,Tech,Registered,15,8,stable,2,4.2,56.4,42,3,1,0.0174,0,11182.83,10.15,6.18,0.1194,-0.127,0,0.6538,7.37,0.0,0.0,mature,validation,29
partner_781,EMEA,Retail,Registered,50,9,declining,1,2.2,74.2,43,3,1,0.0264,0,5231.6,13.31,19.57,0.1574,-0.0605,0,0.1163,10.51,0.0,0.0,mature,validation,29
partner_782,APAC,Services,Registered,8,6,declining,4,2.8,31.9,46,0,1,0.3041,0,5018.65,1.28,1.75,0.2045,0.0045,0,0.52,-0.83,0.0,-65.05,new_partner,validation,29
partner_783,NA,Retail,Certified,23,6,stable,5,5.1,53.1,78,1,0,0.1284,0,31991.61,24.76,18.22,0.1927,0.5875,1,0.4643,21.96,20.37,0.0,mature,validation,29
partner_784,LATAM,Retail,Registered,40,8,stable,2,0.7,34.6,16,3,0,0.0007,0,11597.27,-7.52,39.12,0.2972,0.2383,0,0.76,-10.32,0.0,0.0,mature,validation,29
partner_785,APAC,Retail,Registered,13,4,stable,8,7.6,37.8,61,0,1,0.6819,1,12172.04,14.15,8.99,0.1998,0.9131,1,0.7419,11.35,1.81,0.0,mature,validation,29
partner_786,NA,Services,Certified,56,8,declining,0,0.5,87.3,20,3,0,0.0026,0,95457.84,24.91,78.25,0.4123,-0.5085,0,1.0,23.39,0.0,0.0,mature,validation,29
partner_787,APAC,Tech,Certified,37,9,stable,0,0.5,62.1,25,2,0,0.0005,0,29683.21,-6.77,5.26,0.2214,0.8485,1,0.5,-9.55,12.84,0.0,mature,validation,29
partner_788,NA,Manufacturing,Certified,1,9,improving,1,4.2,83.2,45,5,0,0.0006,0,33904.92,1.28,1.75,0.2045,0.0045,0,0.52,-0.83,0.0,-8.98,new_partner,validation,29
partner_789,LATAM,Services,Strategic,14,4,improving,5,5.6,45.9,66,0,1,0.8135,1,110155.96,-7.45,-8.97,0.2428,0.7945,1,0.8571,-8.97,-8.27,0.0,mature,validation,29
partner_790,LATAM,Retail,Registered,42,9,improving,0,2.1,70.8,31,3,1,0.0001,0,13854.32,9.14,5.77,0.2226,0.7167,1,0.8,6.34,1.26,0.0,mature,validation,29
partner_791,EMEA,Services,Certified,50,7,stable,1,1.8,87.2,0,1,0,0.0009,0,45547.44,22.59,73.24,0.3862,-0.5476,0,0.8235,21.07,0.0,0.0,mature,validation,29
partner_792,NA,Tech,Registered,53,9,stable,0,3.2,30.4,42,4,1,0.0569,0,18925.24,12.62,32.36,0.2576,0.1432,0,0.8974,9.84,0.0,0.0,mature,validation,29
partner_793,NA,Retail,Certified,49,6,improving,4,4.7,50.6,2,3,1,0.0102,0,15363.52,1.38,34.69,0.1879,0.3407,0,0.1071,-1.42,0.0,0.0,mature,validation,29
partner_794,EMEA,Manufacturing,Strategic,4,6,stable,5,3.3,0.8,48,1,0,0.1979,1,35115.5,1.28,1.75,0.2045,0.0045,0,0.52,-0.83,0.0,-18.95,new_partner,validation,29
partner_795,EMEA,Services,Certified,42,8,improving,0,1.1,98.8,58,10,0,0.0005,0,16544.41,-0.67,-3.4,0.1086,-0.4067,0,0.2353,-2.19,0.0,0.0,mature,validation,29
partner_796,NA,Retail,Certified,6,4,stable,5,4.9,11.6,63,0,1,0.7898,1,51947.78,1.28,1.75,0.2045,0.0045,0,0.52,-0.83,0.0,23.31,new_partner,validation,29
partner_797,EMEA,Manufacturing,Certified,4,7,stable,4,3.9,14.3,39,1,0,0.0449,0,9551.99,1.28,1.75,0.2045,0.0045,0,0.52,-0.83,0.0,-84.0,new_partner,validation,29
partner_798,EMEA,Retail,Registered,40,5,improving,0,4.4,61.8,45,0,0,0.0091,0,13388.1,9.4,8.85,0.0889,-0.1267,0,0.7907,6.6,0.0,0.0,mature,validation,29
partner_799,LATAM,Manufacturing,Certified,27,4,stable,6,5.5,50.2,57,0,0,0.237,0,10797.65,-7.83,-22.05,0.1843,0.1801,0,0.2222,-9.35,0.0,0.0,mature,validation,29
partner_800,LATAM,Manufacturing,Certified,37,8,improving,2,2.8,57.2,7,2,0,0.0025,0,23410.23,-6.11,3.82,0.0899,0.245,0,0.6667,-7.63,0.0,0.0,mature,validation,29
partner_801,LATAM,Manufacturing,Strategic,49,10,stable,3,0.5,73.0,0,1,1,0.0778,0,53858.95,-9.29,-27.92,0.2254,0.3346,0,0.75,-10.81,0.0,0.0,mature,validation,29
partner_802,NA,Manufacturing,Registered,3,8,improving,2,5.2,83.0,36,3,0,0.003,0,7540.81,1.28,1.75,0.2045,0.0045,0,0.52,-0.83,0.0,-65.26,new_partner,validation,29
partner_803,APAC,Retail,Registered,30,8,improving,5,2.5,35.6,39,1,0,0.0178,0,10464.77,35.82,7.36,0.2272,0.8195,1,0.6129,33.02,6.32,0.0,mature,validation,29
partner_804,NA,Manufacturing,Certified,48,7,declining,3,6.6,33.0,40,0,0,0.1181,0,25401.63,-9.95,-40.66,0.3028,0.4172,0,0.5385,-11.47,0.0,0.0,mature,validation,29
partner_805,EMEA,Manufacturing,Registered,25,6,improving,3,3.1,57.7,68,1,1,0.1721,0,17322.01,3.59,58.49,0.3395,-0.2068,0,0.9231,2.07,0.0,0.0,mature,validation,29
partner_806,EMEA,Manufacturing,Registered,30,6,stable,5,3.6,63.0,61,3,0,0.0651,0,20093.49,15.85,47.14,0.369,0.2461,0,0.9615,14.33,0.0,0.0,mature,validation,29
partner_807,LATAM,Retail,Registered,28,7,declining,0,3.4,92.6,36,5,0,0.0038,0,4426.29,7.49,13.92,0.0863,0.0923,0,0.2,4.69,0.0,0.0,mature,validation,29
partner_808,EMEA,Tech,Certified,52,7,declining,5,4.4,18.4,48,1,0,0.0768,0,19538.38,-13.91,-24.93,0.1361,-0.0973,0,0.3548,-16.69,0.0,0.0,mature,validation,29
partner_809,NA,Tech,Registered,2,6,declining,4,3.9,29.5,39,1,1,0.8482,1,13186.36,1.28,1.75,0.2045,0.0045,0,0.52,-0.83,0.0,74.56,new_partner,validation,29
partner_810,APAC,Retail,Registered,50,5,declining,5,3.6,25.9,68,2,1,0.4452,1,7765.48,-3.97,1.8,0.1963,0.8098,1,0.4516,-6.77,-1.55,0.0,mature,validation,29
partner_811,EMEA,Retail,Registered,47,4,improving,4,6.1,68.7,53,2,0,0.214,0,12938.04,14.18,26.69,0.0995,-0.2138,0,0.7674,11.38,0.0,0.0,mature,validation,29
partner_812,EMEA,Tech,Strategic,47,9,stable,0,3.2,82.6,40,3,0,0.0022,0,82411.45,1.64,0.68,0.0917,-0.0328,0,0.7,-1.14,0.0,0.0,mature,validation,29
partner_813,APAC,Manufacturing,Certified,23,5,improving,3,3.4,69.7,30,1,1,0.3341,0,48036.51,13.83,59.85,0.3832,-0.4926,0,1.0,12.31,0.0,0.0,mature,validation,29
partner_814,NA,Retail,Registered,29,8,stable,1,2.6,82.8,41,4,0,0.0,0,11530.05,-2.73,-2.31,0.1887,0.8694,1,0.8085,-5.53,-3.85,0.0,mature,validation,29
partner_815,EMEA,Services,Registered,21,8,declining,2,5.1,75.5,65,1,0,0.0447,0,11043.72,9.26,27.01,0.2703,-0.114,0,0.6429,7.74,0.0,0.0,mature,validation,29
partner_816,APAC,Tech,Certified,14,5,declining,3,3.6,53.6,48,2,1,0.3706,1,32353.56,13.0,0.62,0.0935,0.4242,0,0.625,10.22,0.0,0.0,mature,validation,29
partner_817,APAC,Services,Registered,50,10,improving,1,1.8,55.6,68,9,0,0.001,0,5314.21,-7.65,-15.6,0.2164,0.7696,1,0.2903,-9.17,-14.3,0.0,mature,validation,29
partner_818,NA,Tech,Certified,29,6,improving,3,1.0,35.5,50,2,0,0.0452,0,48344.94,8.72,8.95,0.1223,-0.4175,0,0.8,5.94,0.0,0.0,mature,validation,29
partner_819,LATAM,Tech,Registered,41,5,stable,5,6.1,19.7,76,0,1,0.6185,1,9678.83,-33.16,4.49,0.248,0.8313,1,0.5806,-35.94,4.65,0.0,mature,validation,29
partner_820,EMEA,Manufacturing,Strategic,5,8,declining,0,2.3,51.6,27,5,0,0.0065,0,54314.46,1.28,1.75,0.2045,0.0045,0,0.52,-0.83,0.0,-1.81,new_partner,validation,29
partner_821,EMEA,Services,Registered,45,8,improving,0,0.8,65.3,6,7,0,0.0021,0,4607.12,0.85,7.04,0.1129,0.2042,0,0.1429,-0.67,0.0,0.0,mature,validation,29
partner_822,NA,Tech,Certified,38,9,improving,0,1.8,73.4,0,7,1,0.001,0,20555.12,0.4,8.96,0.07,-0.1386,0,0.3667,-2.38,0.0,0.0,mature,validation,29
partner_823,EMEA,Tech,Registered,57,1,declining,11,8.5,20.8,67,0,1,0.9876,1,19876.08,2.77,5.09,0.091,0.0487,0,0.8438,-0.01,0.0,0.0,mature,validation,29
partner_824,LATAM,Manufacturing,Strategic,7,6,stable,2,4.1,66.6,17,3,0,0.0266,0,140287.46,1.28,1.75,0.2045,0.0045,0,0.52,-0.83,0.0,300.0,new_partner,validation,29
partner_825,APAC,Manufacturing,Strategic,31,9,improving,0,6.0,85.1,8,3,1,0.0027,0,71362.77,14.02,30.59,0.2167,0.2773,0,0.3333,12.5,0.0,0.0,mature,validation,29
partner_826,EMEA,Retail,Certified,29,8,stable,1,3.0,63.1,7,4,0,0.001,0,42726.57,-11.16,-7.32,0.0888,0.1661,0,0.8485,-13.96,0.0,0.0,mature,validation,29
partner_827,NA,Tech,Registered,31,4,stable,0,0.9,56.2,44,1,1,0.0158,0,15741.69,-0.29,33.74,0.1977,-0.3216,0,0.8205,-3.07,0.0,0.0,mature,validation,29
partner_828,EMEA,Tech,Registered,3,3,stable,2,5.9,66.7,71,2,0,0.0165,0,6243.09,1.28,1.75,0.2045,0.0045,0,0.52,-0.83,0.0,-50.77,new_partner,validation,29
partner_829,APAC,Services,Certified,27,8,declining,3,0.5,60.3,2,3,1,0.003,0,60960.98,7.39,-6.73,0.1293,0.3321,0,1.0,5.87,0.0,0.0,mature,validation,29
partner_830,EMEA,Tech,Certified,17,7,improving,0,3.9,73.5,32,6,1,0.0019,0,41537.83,48.45,20.19,0.1991,0.568,1,0.7419,45.67,23.2,0.0,mature,validation,29
partner_831,LATAM,Tech,Registered,35,10,improving,0,2.5,100.0,10,3,0,0.0002,0,7115.52,6.37,31.75,0.2024,0.0497,0,0.3871,3.59,0.0,0.0,mature,validation,29
partner_832,NA,Services,Registered,13,9,declining,4,5.7,54.3,42,4,1,0.0805,0,6918.12,1.78,-10.23,0.1794,0.7905,1,0.3182,0.26,-10.99,0.0,mature,validation,29
partner_833,NA,Tech,Registered,25,10,declining,0,1.2,100.0,0,8,0,0.0,0,11671.16,26.4,52.34,0.2951,0.1718,0,0.6667,23.62,0.0,0.0,mature,validation,29
partner_834,LATAM,Retail,Certified,35,5,stable,8,5.2,13.3,101,0,1,0.9789,1,10013.28,-2.65,6.65,0.0951,0.2696,0,0.0357,-5.45,0.0,0.0,mature,validation,29
partner_835,LATAM,Retail,Certified,3,9,improving,0,3.2,100.0,0,3,0,0.0001,0,50366.8,1.28,1.75,0.2045,0.0045,0,0.52,-0.83,0.0,42.2,new_partner,validation,29
partner_836,NA,Retail,Certified,45,4,declining,4,3.2,52.4,50,0,0,0.175,0,38959.09,2.76,29.55,0.2365,-0.6076,0,0.6071,-0.04,0.0,0.0,mature,validation,29
partner_837,LATAM,Retail,Certified,41,7,improving,1,3.2,46.4,36,4,0,0.0282,0,45142.79,7.32,45.48,0.2601,-0.1008,0,0.8571,4.52,0.0,0.0,mature,validation,29
partner_838,APAC,Tech,Registered,3,10,stable,1,0.5,95.9,2,7,0,0.0,0,10739.79,1.28,1.75,0.2045,0.0045,0,0.52,-0.83,0.0,31.8,new_partner,validation,29
partner_839,NA,Services,Registered,3,9,stable,0,2.4,43.3,37,4,1,0.0134,0,5154.2,1.28,1.75,0.2045,0.0045,0,0.52,-0.83,0.0,-67.83,new_partner,validation,29
partner_840,NA,Manufacturing,Registered,49,4,declining,6,3.8,30.8,55,0,0,0.6815,1,9247.38,17.37,9.53,0.0892,-0.0151,0,0.6364,15.85,0.0,0.0,mature,validation,29
partner_841,EMEA,Retail,Certified,16,5,stable,7,3.9,29.1,52,2,0,0.5166,1,27114.15,13.4,29.76,0.1277,-0.0325,0,0.4242,10.6,0.0,0.0,mature,validation,29
partner_842,LATAM,Manufacturing,Registered,49,6,declining,4,4.6,28.0,52,2,1,0.3308,0,7666.45,15.14,40.0,0.2541,0.0717,0,0.4348,13.62,0.0,0.0,mature,validation,29
partner_843,NA,Retail,Registered,28,7,improving,3,6.3,28.2,47,1,0,0.0905,0,6787.77,10.3,-1.49,0.0969,-0.3643,0,0.2766,7.5,0.0,0.0,mature,validation,29
partner_844,NA,Services,Registered,19,7,improving,1,2.8,74.5,72,1,0,0.0252,0,37385.45,22.52,71.1,0.3575,-0.1834,0,1.0,21.0,0.0,0.0,mature,validation,29
partner_845,EMEA,Retail,Registered,15,5,declining,3,3.9,12.9,62,0,0,0.6762,1,5642.34,23.95,1.36,0.2118,0.7191,1,0.1395,21.15,-9.4,0.0,mature,validation,29
partner_846,APAC,Manufacturing,Certified,38,7,declining,6,0.5,71.1,38,6,1,0.1747,0,31424.87,11.32,-2.21,0.2359,0.7782,1,0.5385,9.8,-3.38,0.0,mature,validation,29
partner_847,NA,Tech,Registered,6,7,stable,1,7.0,49.4,84,0,1,0.8683,1,18267.76,1.28,1.75,0.2045,0.0045,0,0.52,-0.83,0.0,37.78,new_partner,validation,29
partner_848,LATAM,Manufacturing,Registered,23,8,declining,3,1.2,79.1,0,6,0,0.0086,0,15287.63,44.45,7.14,0.256,0.8574,1,0.8261,42.93,6.74,0.0,mature,validation,29
partner_849,EMEA,Tech,Certified,20,3,declining,3,5.8,35.8,41,0,1,0.9361,1,6566.74,-12.1,-43.55,0.3706,-0.3248,0,0.0323,-14.88,0.0,0.0,mature,validation,29
partner_850,APAC,Services,Registered,8,3,stable,3,4.6,69.2,46,0,0,0.016,0,4962.63,1.28,1.75,0.2045,0.0045,0,0.52,-0.83,0.0,-47.3,new_partner,validation,29
partner_851,EMEA,Retail,Registered,20,7,improving,3,4.9,35.0,14,3,1,0.014,0,7032.44,1.54,44.58,0.2759,0.0026,0,0.3721,-1.26,0.0,0.0,mature,validation,29
partner_852,EMEA,Services,Registered,30,7,declining,2,1.6,83.9,47,1,0,0.022,0,14411.9,37.14,73.79,0.3587,-0.1808,0,0.7857,35.62,0.0,0.0,mature,validation,29
partner_853,APAC,Tech,Certified,39,7,stable,2,3.4,100.0,41,5,0,0.0004,0,22166.78,8.26,5.6,0.0991,-0.2657,0,0.25,5.48,0.0,0.0,mature,validation,29
partner_854,APAC,Services,Registered,5,3,stable,10,7.4,29.7,93,0,1,0.9789,1,18564.31,1.28,1.75,0.2045,0.0045,0,0.52,-0.83,0.0,164.04,new_partner,validation,29
partner_855,EMEA,Services,Certified,50,6,declining,5,4.0,51.3,31,0,0,0.0178,0,10753.87,-13.11,-8.4,0.2188,0.7483,1,0.0588,-14.63,-18.28,0.0,mature,validation,29
partner_856,NA,Services,Strategic,50,7,declining,0,1.8,47.3,45,0,0,0.0133,0,97073.07,-2.28,-2.52,0.0963,-0.4265,0,0.8,-3.8,0.0,0.0,mature,validation,29
partner_857,LATAM,Retail,Certified,40,5,stable,3,2.1,43.5,78,0,1,0.8686,1,34110.85,-0.25,2.84,0.1914,0.5288,1,0.75,-3.05,6.25,0.0,mature,validation,29
partner_858,APAC,Retail,Registered,53,7,improving,2,5.1,67.0,34,4,0,0.0192,0,4566.21,-3.05,-29.4,0.2588,0.0493,0,0.1613,-5.85,0.0,0.0,mature,validation,29
partner_859,NA,Retail,Certified,24,9,stable,0,0.8,50.4,28,4,0,0.0037,0,54814.58,-4.57,1.5,0.0826,0.2452,0,1.0,-7.37,0.0,0.0,mature,validation,29
partner_860,NA,Retail,Registered,47,8,declining,1,2.6,72.0,30,3,0,0.0017,0,13141.2,-38.18,22.58,0.2822,0.8816,1,0.8723,-40.98,8.46,0.0,mature,validation,29
partner_861,LATAM,Manufacturing,Registered,42,7,stable,1,6.9,77.2,60,4,0,0.1181,1,7481.18,-9.5,15.24,0.1783,-0.4005,0,0.3913,-11.02,0.0,0.0,mature,validation,29
partner_862,LATAM,Services,Certified,32,10,stable,0,2.9,71.5,0,9,0,0.0004,0,7965.3,-27.09,-44.69,0.3694,-0.3379,0,0.0476,-28.61,0.0,0.0,mature,validation,29
partner_863,LATAM,Services,Registered,10,8,stable,0,4.1,65.8,0,4,0,0.0052,0,6731.42,14.61,0.25,0.0842,0.0336,0,0.2857,13.09,0.0,0.0,mature,validation,29
partner_864,NA,Tech,Registered,32,8,improving,1,4.5,89.7,10,4,0,0.0004,0,23371.13,12.3,3.33,0.1223,0.4542,0,0.9744,9.52,0.0,0.0,mature,validation,29
partner_865,EMEA,Manufacturing,Registered,52,10,improving,0,0.5,62.9,16,0,0,0.0,0,5525.24,-6.67,-8.67,0.0932,0.1199,0,0.3077,-8.19,0.0,0.0,mature,validation,29
partner_866,APAC,Services,Registered,57,10,declining,3,5.4,71.9,43,3,0,0.0026,0,10955.5,22.7,87.8,0.3683,-0.3957,0,0.7419,21.18,0.0,0.0,mature,validation,29
partner_867,APAC,Services,Registered,25,5,improving,8,7.8,33.1,75,0,1,0.7517,1,6594.02,-14.61,-33.94,0.2481,0.4015,0,0.4194,-16.13,0.0,0.0,mature,validation,29
partner_868,LATAM,Retail,Certified,14,2,declining,8,4.6,64.0,51,0,1,0.6179,1,53331.89,7.88,0.29,0.1125,0.0942,0,0.9643,5.08,0.0,0.0,mature,validation,29
partner_869,EMEA,Tech,Strategic,43,8,stable,0,3.0,76.9,0,4,0,0.0015,0,157062.3,3.25,32.8,0.2207,0.0903,0,1.0,0.47,0.0,0.0,mature,validation,29
partner_870,EMEA,Services,Registered,4,5,declining,6,6.5,23.1,96,0,1,0.9144,1,8645.21,1.28,1.75,0.2045,0.0045,0,0.52,-0.83,0.0,-43.75,new_partner,validation,29
partner_871,LATAM,Tech,Certified,8,6,improving,3,2.3,61.2,34,1,1,0.011,0,64736.76,1.28,1.75,0.2045,0.0045,0,0.52,-0.83,0.0,181.5,new_partner,validation,29
partner_872,EMEA,Tech,Registered,32,6,declining,5,4.8,58.4,28,2,1,0.135,0,16441.23,14.44,71.35,0.3632,-0.1759,0,0.8125,11.66,0.0,0.0,mature,validation,29
partner_873,APAC,Services,Registered,57,2,stable,7,4.3,53.8,72,0,1,0.9072,1,3068.42,-12.97,-38.53,0.2496,0.0853,0,0.0323,-14.49,0.0,0.0,mature,validation,29
partner_874,NA,Services,Registered,19,6,declining,3,7.5,76.7,22,3,0,0.0334,0,4407.74,9.7,28.83,0.2395,0.3368,0,0.2045,8.18,0.0,0.0,mature,validation,29
partner_875,LATAM,Services,Registered,25,10,improving,0,0.5,98.9,0,8,0,0.0,0,8069.59,-1.23,0.49,0.0938,-0.2197,0,0.4286,-2.75,0.0,0.0,mature,validation,29
partner_876,APAC,Services,Registered,18,3,improving,4,4.9,43.7,64,1,0,0.196,0,17064.08,13.71,99.46,0.4212,-0.7541,0,0.9355,12.19,0.0,0.0,mature,validation,29
partner_877,NA,Retail,Registered,25,6,stable,8,2.3,26.3,37,0,1,0.1009,1,7111.02,34.58,4.3,0.2078,0.7507,1,0.2979,31.78,-1.35,0.0,mature,validation,29
partner_878,NA,Tech,Registered,1,8,improving,2,3.5,50.2,5,1,0,0.0031,0,11229.29,1.28,1.75,0.2045,0.0045,0,0.52,-0.83,0.0,-64.54,new_partner,validation,29
partner_879,LATAM,Tech,Certified,34,5,improving,1,5.1,10.0,29,1,1,0.26,0,9151.02,0.45,0.22,0.2023,0.8487,1,0.0588,-2.33,5.67,0.0,mature,validation,29
partner_880,NA,Manufacturing,Registered,34,9,improving,0,1.2,94.4,31,6,0,0.0017,0,8550.21,12.82,48.15,0.3071,-0.3961,0,0.5455,11.3,0.0,0.0,mature,validation,29
partner_881,NA,Tech,Registered,18,3,declining,9,4.9,12.9,99,0,1,0.9909,1,4108.33,-13.86,-28.2,0.2678,-0.0931,0,0.1026,-16.64,0.0,0.0,mature,validation,29
partner_882,LATAM,Manufacturing,Registered,15,9,improving,0,1.6,61.3,33,3,0,0.0034,0,14754.19,14.73,-15.26,0.2805,-0.3068,0,0.7826,13.21,0.0,0.0,mature,validation,29
partner_883,APAC,Tech,Certified,44,7,improving,1,2.3,88.6,58,0,0,0.0129,0,58456.77,6.14,21.76,0.1804,-0.0114,0,1.0,3.36,0.0,0.0,mature,validation,29
partner_884,NA,Manufacturing,Registered,10,4,stable,8,2.7,28.8,36,0,1,0.4657,1,6840.55,-19.64,-31.57,0.1984,0.0712,0,0.2727,-21.16,0.0,0.0,mature,validation,29
partner_885,EMEA,Tech,Certified,2,5,stable,4,6.2,34.5,61,0,1,0.6204,1,27742.71,1.28,1.75,0.2045,0.0045,0,0.52,-0.83,0.0,-29.83,new_partner,validation,29
partner_886,NA,Tech,Registered,2,5,declining,7,2.9,39.5,37,0,1,0.4508,0,6093.05,1.28,1.75,0.2045,0.0045,0,0.52,-0.83,0.0,-28.21,new_partner,validation,29
partner_887,NA,Retail,Registered,51,7,stable,2,1.4,51.7,66,2,0,0.0232,0,3601.79,-0.39,-30.05,0.3022,-0.2628,0,0.0426,-3.19,0.0,0.0,mature,validation,29
partner_888,EMEA,Retail,Strategic,21,5,stable,5,4.2,22.6,65,0,0,0.061,0,131001.07,9.05,56.99,0.3283,-0.2803,0,0.8571,6.25,0.0,0.0,mature,validation,29
partner_889,EMEA,Services,Registered,5,10,stable,1,2.8,83.3,27,3,0,0.0015,0,6076.53,1.28,1.75,0.2045,0.0045,0,0.52,-0.83,0.0,-59.52,new_partner,validation,29
partner_890,LATAM,Tech,Registered,50,8,stable,0,4.1,61.0,46,5,1,0.0611,0,5441.61,-0.73,-0.58,0.0969,-0.2586,0,0.2581,-3.51,0.0,0.0,mature,validation,29
partner_891,NA,Retail,Registered,8,7,stable,3,1.3,70.3,16,3,0,0.0061,0,4810.06,1.28,1.75,0.2045,0.0045,0,0.52,-0.83,0.0,-71.64,new_partner,validation,29
partner_892,APAC,Services,Strategic,19,7,declining,3,2.2,51.8,23,7,0,0.18,0,111764.16,3.09,3.27,0.0842,0.2639,0,0.8182,1.57,0.0,0.0,mature,validation,29
partner_893,EMEA,Manufacturing,Certified,1,3,improving,4,5.8,30.8,43,0,1,0.5786,0,18615.9,1.28,1.75,0.2045,0.0045,0,0.52,-0.83,0.0,-75.44,new_partner,validation,29
partner_894,EMEA,Retail,Certified,39,9,stable,0,4.1,81.6,63,4,1,0.1248,0,30559.64,-4.22,-0.56,0.2016,0.7811,1,0.5758,-7.02,2.64,0.0,mature,validation,29
partner_895,LATAM,Tech,Strategic,40,9,stable,0,3.3,100.0,5,10,0,0.0001,0,88784.2,-5.9,-35.99,0.3405,-0.1159,0,0.6,-8.68,0.0,0.0,mature,validation,29
partner_896,APAC,Retail,Registered,43,9,improving,5,4.2,48.5,33,2,1,0.1011,1,10488.33,-6.49,4.58,0.0961,-0.0039,0,0.6452,-9.29,0.0,0.0,mature,validation,29
partner_897,EMEA,Manufacturing,Strategic,15,3,declining,7,2.9,14.5,82,0,0,0.8718,1,49506.71,-1.57,39.51,0.34,-0.3962,0,0.2308,-3.09,0.0,0.0,mature,validation,29
partner_898,EMEA,Retail,Registered,19,7,stable,2,1.6,77.1,31,2,0,0.006,0,13587.95,6.58,8.11,0.2367,0.8246,1,0.814,3.78,11.43,0.0,mature,validation,29
partner_899,EMEA,Retail,Certified,54,2,stable,6,7.6,26.8,26,1,1,0.7806,0,29093.0,14.77,42.56,0.3052,0.0181,0,0.5455,11.97,0.0,0.0,mature,validation,29
partner_900,NA,Retail,Registered,47,8,stable,0,4.7,90.1,58,3,0,0.0235,0,12864.76,-18.27,3.5,0.1641,0.758,1,0.8511,-21.07,4.33,0.0,mature,validation,29
partner_901,NA,Manufacturing,Registered,2,5,declining,5,3.7,36.1,34,1,0,0.4582,1,9863.13,1.28,1.75,0.2045,0.0045,0,0.52,-0.83,0.0,-61.4,new_partner,validation,29
partner_902,EMEA,Retail,Strategic,40,4,improving,10,4.9,30.1,47,0,1,0.4142,0,71357.57,-33.0,-3.64,0.2477,0.8215,1,0.4286,-35.8,7.3,0.0,mature,validation,29
partner_903,EMEA,Services,Registered,47,6,improving,0,2.4,62.9,42,1,0,0.0036,0,11659.59,18.69,59.77,0.3472,-0.0628,0,0.6667,17.17,0.0,0.0,mature,validation,29
partner_904,NA,Retail,Strategic,32,4,stable,8,7.0,23.1,50,0,1,0.8547,1,40018.46,-5.03,-18.97,0.2238,0.0558,0,0.3636,-7.83,0.0,0.0,mature,validation,29
partner_905,APAC,Manufacturing,Registered,37,8,improving,2,1.0,96.8,16,3,0,0.0007,0,6401.28,-4.89,-32.47,0.3161,-0.2289,0,0.4167,-6.41,0.0,0.0,mature,validation,29
partner_906,LATAM,Tech,Certified,1,8,declining,1,5.4,95.4,26,5,0,0.0053,0,57801.57,1.28,1.75,0.2045,0.0045,0,0.52,-0.83,0.0,66.35,new_partner,validation,29
partner_907,NA,Tech,Strategic,1,8,improving,2,2.2,70.3,0,4,0,0.0005,0,70772.29,1.28,1.75,0.2045,0.0045,0,0.52,-0.83,0.0,132.71,new_partner,validation,29
partner_908,EMEA,Retail,Registered,2,9,stable,3,2.0,54.9,51,1,1,0.0765,0,6418.35,1.28,1.75,0.2045,0.0045,0,0.52,-0.83,0.0,-69.07,new_partner,validation,29
partner_909,EMEA,Services,Strategic,9,4,stable,8,2.1,40.1,78,0,1,0.8874,1,98675.82,-16.84,9.14,0.1879,0.8025,1,0.5556,-18.36,9.24,0.0,mature,validation,29
partner_910,EMEA,Services,Certified,57,8,declining,0,2.2,71.1,0,5,0,0.003,0,87478.49,14.6,70.75,0.3909,-0.3915,0,1.0,13.08,0.0,0.0,mature,validation,29
partner_911,LATAM,Retail,Certified,36,7,stable,0,2.2,89.6,32,3,0,0.0009,0,17917.11,-6.75,-27.13,0.3161,-0.4189,0,0.1786,-9.55,0.0,0.0,mature,validation,29
partner_912,APAC,Retail,Registered,45,7,declining,1,2.4,50.9,13,3,1,0.0233,0,8453.93,9.3,41.48,0.2867,-0.0485,0,0.4839,6.5,0.0,0.0,mature,validation,29
partner_913,APAC,Services,Certified,17,5,improving,5,4.5,26.5,46,0,0,0.1916,1,27347.22,4.51,4.99,0.0899,-0.1393,0,0.5882,2.99,0.0,0.0,mature,validation,29
partner_914,APAC,Tech,Certified,54,4,improving,4,6.5,45.3,60,0,1,0.6733,1,27192.43,21.64,57.21,0.2632,-0.3634,0,0.375,18.86,0.0,0.0,mature,validation,29
partner_915,APAC,Retail,Registered,11,0,declining,16,7.6,14.5,105,0,1,0.9996,1,5452.19,-5.59,-25.15,0.2703,-0.1102,0,0.2581,-8.39,0.0,0.0,mature,validation,29
partner_916,APAC,Retail,Registered,52,9,improving,0,2.7,71.0,30,2,1,0.0065,0,9864.35,-25.05,4.92,0.1814,0.741,1,0.5806,-27.85,-3.92,0.0,mature,validation,29
partner_917,EMEA,Manufacturing,Registered,1,9,stable,0,4.1,85.4,0,4,0,0.0003,0,3891.74,1.28,1.75,0.2045,0.0045,0,0.52,-0.83,0.0,-90.38,new_partner,validation,29
partner_918,EMEA,Manufacturing,Strategic,1,4,improving,12,4.2,44.2,72,0,1,0.6715,0,170806.13,1.28,1.75,0.2045,0.0045,0,0.52,-0.83,0.0,300.0,new_partner,validation,29
partner_919,NA,Manufacturing,Registered,4,4,declining,8,5.0,59.0,56,1,1,0.6682,1,15419.75,1.28,1.75,0.2045,0.0045,0,0.52,-0.83,0.0,18.94,new_partner,validation,29
partner_920,NA,Services,Certified,45,8,improving,0,4.5,60.5,24,2,0,0.0166,0,15094.57,-8.13,-23.96,0.1763,-0.2894,0,0.1,-9.65,0.0,0.0,mature,validation,29
partner_921,EMEA,Tech,Strategic,14,7,improving,1,4.8,66.0,8,1,0,0.0018,0,32138.06,-18.46,-43.57,0.375,-0.3442,0,0.1,-21.24,0.0,0.0,mature,validation,29
partner_922,APAC,Tech,Registered,26,6,stable,3,1.3,58.8,35,3,1,0.011,0,15098.26,2.58,41.54,0.2692,-0.0878,0,0.8846,-0.2,0.0,0.0,mature,validation,29
partner_923,LATAM,Tech,Registered,27,7,improving,4,2.5,30.4,55,2,1,0.0768,0,6223.7,8.65,21.53,0.0875,-0.4225,0,0.3226,5.87,0.0,0.0,mature,validation,29
partner_924,NA,Tech,Certified,45,9,improving,5,1.9,43.7,22,3,0,0.0173,0,25784.3,1.27,31.77,0.2352,-0.0824,0,0.5,-1.51,0.0,0.0,mature,validation,29
partner_925,EMEA,Retail,Registered,20,5,declining,2,4.9,63.1,55,1,1,0.0943,0,11004.36,-3.48,8.37,0.102,-0.2285,0,0.6744,-6.28,0.0,0.0,mature,validation,29
partner_926,EMEA,Retail,Certified,1,3,declining,1,5.2,61.3,34,0,0,0.3133,0,14132.83,1.28,1.75,0.2045,0.0045,0,0.52,-0.83,0.0,-70.24,new_partner,validation,29
partner_927,EMEA,Tech,Certified,22,7,declining,2,4.6,31.4,48,0,0,0.5652,0,61504.8,15.69,86.27,0.3882,-0.3031,0,0.9677,12.91,0.0,0.0,mature,validation,29
partner_928,APAC,Manufacturing,Certified,16,5,declining,2,0.5,62.0,4,3,1,0.1185,0,39622.09,17.34,34.82,0.2951,0.1775,0,0.9231,15.82,0.0,0.0,mature,validation,29
partner_929,NA,Retail,Registered,42,8,improving,6,6.7,17.6,60,1,1,0.3254,0,9289.91,8.78,-25.92,0.2764,0.1239,0,0.6383,5.98,0.0,0.0,mature,validation,29
partner_930,LATAM,Tech,Certified,43,4,declining,5,4.5,70.2,67,1,0,0.1463,0,39190.12,-0.78,31.19,0.2494,-0.2307,0,0.7647,-3.56,0.0,0.0,mature,validation,29
partner_931,EMEA,Manufacturing,Certified,5,7,improving,2,4.2,56.7,34,1,1,0.0258,0,15957.3,1.28,1.75,0.2045,0.0045,0,0.52,-0.83,0.0,-66.52,new_partner,validation,29
partner_932,NA,Manufacturing,Registered,45,5,declining,9,5.1,76.4,67,1,0,0.2144,0,5748.29,-14.09,-0.21,0.2428,0.741,1,0.1212,-15.61,-6.6,0.0,mature,validation,29
partner_933,NA,Services,Certified,4,9,improving,0,0.5,80.2,10,5,0,0.0,0,15652.93,1.28,1.75,0.2045,0.0045,0,0.52,-0.83,0.0,-42.32,new_partner,validation,29
partner_934,LATAM,Services,Strategic,35,2,stable,5,6.2,18.1,41,0,1,0.621,0,40064.32,3.78,-21.1,0.2585,-0.1643,0,0.5714,2.26,0.0,0.0,mature,validation,29
partner_935,LATAM,Manufacturing,Certified,22,8,improving,1,3.4,64.6,12,5,1,0.0018,0,21232.01,-6.72,5.94,0.1041,-0.2333,0,0.4444,-8.24,0.0,0.0,mature,validation,29
partner_936,EMEA,Retail,Registered,17,4,improving,8,5.5,40.6,60,0,1,0.6624,0,14250.16,4.51,2.01,0.107,-0.2013,0,0.8605,1.71,0.0,0.0,mature,validation,29
partner_937,APAC,Tech,Registered,28,8,stable,0,3.1,84.7,19,5,0,0.0006,0,5322.96,-2.26,0.94,0.086,-0.0145,0,0.2308,-5.04,0.0,0.0,mature,validation,29
partner_938,EMEA,Manufacturing,Registered,18,6,stable,2,3.2,71.9,22,3,0,0.0459,0,13309.82,35.36,91.29,0.4075,-0.2924,0,0.8846,33.84,0.0,0.0,mature,validation,29
partner_939,APAC,Retail,Registered,46,8,declining,2,0.5,70.0,0,3,0,0.0008,0,3580.61,-3.23,-34.32,0.3161,-0.2958,0,0.0645,-6.03,0.0,0.0,mature,validation,29
partner_940,EMEA,Retail,Registered,56,6,improving,1,4.4,52.2,0,0,1,0.042,0,6407.57,-11.75,-26.6,0.2365,-0.2023,0,0.2558,-14.55,0.0,0.0,mature,validation,29
partner_941,EMEA,Retail,Strategic,47,10,stable,0,3.9,100.0,42,3,0,0.0002,0,79165.82,11.18,27.61,0.2008,-0.1219,0,0.5,8.38,0.0,0.0,mature,validation,29
partner_942,APAC,Tech,Registered,25,7,declining,0,2.7,66.3,74,0,0,0.0226,0,3210.93,-12.21,-30.51,0.2978,0.1778,0,0.0385,-14.99,0.0,0.0,mature,validation,29
partner_943,EMEA,Tech,Certified,29,5,improving,2,5.1,21.5,44,0,1,0.2634,0,25368.7,13.22,1.27,0.2491,0.9262,1,0.4839,10.44,4.48,0.0,mature,validation,29
partner_944,NA,Retail,Registered,25,5,declining,6,6.2,39.5,33,0,1,0.7526,1,7381.04,-9.28,11.38,0.2003,0.8196,1,0.3617,-12.08,8.59,0.0,mature,validation,29
partner_945,NA,Services,Registered,46,2,declining,5,7.9,6.8,87,0,0,0.9719,1,13089.62,12.52,68.24,0.3487,-0.3229,0,0.9545,11.0,0.0,0.0,mature,validation,29
partner_946,EMEA,Services,Registered,32,7,declining,2,3.2,64.4,0,4,1,0.0073,0,5021.76,2.64,-16.66,0.1673,0.1028,0,0.2381,1.12,0.0,0.0,mature,validation,29
partner_947,LATAM,Retail,Registered,27,9,stable,3,1.1,38.4,52,2,0,0.0077,0,6381.81,1.17,-7.89,0.1643,-0.1931,0,0.4,-1.63,0.0,0.0,mature,validation,29
partner_948,APAC,Services,Certified,23,8,improving,1,3.7,77.9,40,2,1,0.0406,0,7185.62,-12.94,-33.85,0.2098,0.0097,0,0.0588,-14.46,0.0,0.0,mature,validation,29
partner_949,APAC,Retail,Strategic,21,10,declining,0,0.5,85.7,1,8,0,0.0,0,107354.67,-11.18,-3.7,0.0941,-0.4213,0,0.5714,-13.98,0.0,0.0,mature,validation,29
partner_950,NA,Services,Strategic,32,6,declining,2,3.5,76.4,61,2,0,0.059,0,86952.13,3.14,26.37,0.2549,-0.2401,0,0.6,1.62,0.0,0.0,mature,validation,29
partner_951,NA,Services,Registered,39,6,improving,5,4.3,57.6,24,1,0,0.0191,0,9292.6,-2.93,7.37,0.0788,-0.0001,0,0.5455,-4.45,0.0,0.0,mature,validation,29
partner_952,EMEA,Retail,Certified,25,5,stable,3,3.5,64.9,68,0,1,0.7933,1,26610.09,47.57,8.22,0.1997,0.8118,1,0.3636,44.77,9.19,0.0,mature,validation,29
partner_953,EMEA,Services,Registered,46,4,stable,4,5.1,33.5,65,0,1,0.5334,0,6905.48,-6.15,6.41,0.1045,0.2535,0,0.3571,-7.67,0.0,0.0,mature,validation,29
partner_954,EMEA,Services,Strategic,47,9,declining,0,3.0,97.4,0,2,0,0.0031,0,73319.27,1.88,3.0,0.1069,0.2847,0,0.4444,0.36,0.0,0.0,mature,validation,29
partner_955,APAC,Services,Certified,24,3,stable,4,6.1,34.5,95,1,1,0.8751,1,40896.98,-19.21,-37.13,0.2958,0.4565,0,0.9412,-20.73,0.0,0.0,mature,validation,29
partner_956,APAC,Services,Registered,52,8,stable,1,3.0,56.8,17,5,0,0.0049,0,4064.45,-3.98,-28.23,0.2893,-0.0447,0,0.1613,-5.5,0.0,0.0,mature,validation,29
partner_957,LATAM,Manufacturing,Registered,10,10,improving,0,1.6,65.7,0,1,0,0.0,0,6845.93,-0.14,50.0,0.3152,-0.2314,0,0.3478,-1.66,0.0,0.0,mature,validation,29
partner_958,NA,Retail,Registered,54,4,improving,12,3.8,8.7,85,0,1,0.7926,1,7782.65,0.17,-11.29,0.1115,-0.0037,0,0.4043,-2.63,0.0,0.0,mature,validation,29
partner_959,NA,Services,Registered,17,3,improving,5,4.9,37.7,83,0,1,0.9401,1,8539.56,-5.16,23.0,0.2181,0.0637,0,0.4545,-6.68,0.0,0.0,mature,validation,29
partner_960,NA,Manufacturing,Strategic,32,4,stable,7,4.3,34.9,34,0,0,0.1784,0,74543.15,10.02,-7.9,0.0945,0.0279,0,0.5455,8.5,0.0,0.0,mature,validation,29
partner_961,NA,Manufacturing,Certified,16,8,declining,4,3.2,67.3,62,3,0,0.1097,0,17392.29,-20.9,-31.44,0.1883,-0.0071,0,0.3846,-22.42,0.0,0.0,mature,validation,29
partner_962,NA,Tech,Strategic,25,8,stable,2,4.9,55.2,29,1,0,0.0438,0,34190.45,-3.39,-32.61,0.31,-0.3281,0,0.1111,-6.17,0.0,0.0,mature,validation,29
partner_963,EMEA,Manufacturing,Registered,19,8,declining,0,0.5,82.3,13,9,0,0.0004,0,3417.98,-17.99,-14.56,0.1856,-0.3477,0,0.0385,-19.51,0.0,0.0,mature,validation,29
partner_964,EMEA,Retail,Certified,40,9,improving,1,4.6,85.4,26,7,0,0.0025,0,32836.75,-2.65,18.13,0.2348,0.7728,1,0.6667,-5.45,15.4,0.0,mature,validation,29
partner_965,APAC,Manufacturing,Registered,4,8,stable,1,2.5,80.5,20,3,0,0.0008,0,33371.43,1.28,1.75,0.2045,0.0045,0,0.52,-0.83,0.0,252.93,new_partner,validation,29
partner_966,NA,Retail,Certified,48,3,stable,5,3.6,52.8,11,3,1,0.1299,0,24471.62,3.96,3.71,0.1895,0.2014,0,0.2857,1.16,0.0,0.0,mature,validation,29
partner_967,APAC,Manufacturing,Registered,52,5,stable,7,3.4,41.4,66,0,0,0.2726,0,14958.18,13.63,34.73,0.1987,0.3609,0,0.8333,12.11,0.0,0.0,mature,validation,29
partner_968,EMEA,Services,Registered,32,3,improving,4,6.0,42.2,75,0,0,0.9066,1,9083.54,-0.91,1.93,0.0968,0.5393,1,0.5714,-2.43,-0.29,0.0,mature,validation,29
partner_969,NA,Tech,Certified,31,8,declining,2,6.0,68.5,21,1,0,0.0817,0,22408.76,9.88,11.65,0.2169,0.825,1,0.4333,7.1,3.71,0.0,mature,validation,29
partner_970,EMEA,Tech,Registered,40,8,declining,1,0.5,57.7,33,1,1,0.0111,0,9822.34,-3.23,61.8,0.3899,-0.3511,0,0.375,-6.01,0.0,0.0,mature,validation,29
partner_971,EMEA,Tech,Registered,11,7,declining,1,0.5,59.5,23,5,0,0.0027,0,30274.95,14.79,0.44,0.2653,0.9036,1,1.0,12.01,0.5,0.0,mature,validation,29
partner_972,EMEA,Services,Certified,43,7,improving,2,3.7,39.4,45,1,0,0.1121,0,36336.4,10.38,55.67,0.3748,-0.4466,0,0.7353,8.86,0.0,0.0,mature,validation,29
partner_973,EMEA,Manufacturing,Registered,12,3,stable,3,5.1,30.0,64,0,1,0.1579,0,3907.62,-3.11,5.2,0.1262,-0.3333,0,0.1538,-4.63,0.0,0.0,mature,validation,29
partner_974,APAC,Tech,Strategic,39,5,declining,2,5.9,52.0,50,1,1,0.4516,1,60753.71,23.51,49.7,0.2899,-0.1204,0,0.1818,20.73,0.0,0.0,mature,validation,29
partner_975,NA,Retail,Certified,17,3,declining,7,6.0,53.5,51,1,0,0.6679,0,33796.28,2.17,4.44,0.114,0.4345,0,0.5357,-0.63,0.0,0.0,mature,validation,29
partner_976,LATAM,Retail,Certified,43,5,improving,8,2.9,21.7,82,0,1,0.6462,1,10675.72,-19.86,8.77,0.2199,0.8867,1,0.1071,-22.66,4.56,0.0,mature,validation,29
partner_977,NA,Tech,Certified,45,5,stable,4,4.9,34.2,25,2,0,0.0456,0,29230.2,-9.65,-20.49,0.1772,0.0871,0,0.5667,-12.43,0.0,0.0,mature,validation,29
partner_978,NA,Services,Certified,12,7,declining,2,3.1,38.4,58,1,0,0.271,0,56258.68,8.03,53.63,0.3432,-0.5743,0,0.85,6.51,0.0,0.0,mature,validation,29
partner_979,NA,Manufacturing,Certified,35,9,stable,0,3.1,100.0,7,0,0,0.0002,0,33800.73,-4.62,5.22,0.0974,-0.3351,0,0.8462,-6.14,0.0,0.0,mature,validation,29
partner_980,EMEA,Retail,Strategic,28,10,improving,0,0.5,100.0,12,4,0,0.0,0,57157.4,78.87,2.97,0.2826,0.9433,1,0.1429,76.07,4.4,0.0,mature,validation,29
partner_981,APAC,Services,Certified,17,6,stable,1,1.1,45.7,67,3,0,0.0544,0,32355.0,-4.74,-20.16,0.2361,-0.2088,0,0.7647,-6.26,0.0,0.0,mature,validation,29
partner_982,APAC,Tech,Registered,34,5,declining,1,4.1,37.3,58,0,1,0.7131,1,11328.65,-10.01,-3.31,0.1208,-0.1699,0,0.7308,-12.79,0.0,0.0,mature,validation,29
partner_983,LATAM,Services,Registered,57,9,stable,0,2.7,98.9,34,1,0,0.0002,0,10958.11,17.18,6.27,0.1088,-0.2576,0,0.6667,15.66,0.0,0.0,mature,validation,29
partner_984,NA,Retail,Certified,1,6,stable,4,4.4,48.5,58,1,1,0.2001,0,18222.17,1.28,1.75,0.2045,0.0045,0,0.52,-0.83,0.0,-63.59,new_partner,validation,29
partner_985,EMEA,Manufacturing,Registered,55,10,improving,0,1.8,93.1,18,2,0,0.0,0,9393.36,26.92,17.09,0.2325,0.7494,1,0.6923,25.4,10.46,0.0,mature,validation,29
partner_986,APAC,Services,Registered,49,8,declining,2,1.9,62.6,42,2,0,0.0038,0,15039.87,10.66,15.29,0.1747,0.3964,0,0.9032,9.14,0.0,0.0,mature,validation,29
partner_987,NA,Retail,Registered,30,6,stable,2,3.1,54.3,30,1,1,0.0104,0,8500.34,5.79,-14.75,0.2137,0.777,1,0.5745,2.99,-18.09,0.0,mature,validation,29
partner_988,EMEA,Manufacturing,Certified,35,10,stable,0,4.7,30.4,57,5,1,0.0141,0,21583.51,10.08,23.54,0.1854,0.2864,0,0.4762,8.56,0.0,0.0,mature,validation,29
partner_989,NA,Services,Registered,21,7,declining,3,7.9,40.3,50,0,1,0.1611,0,9043.63,7.89,36.34,0.1732,-0.2241,0,0.5227,6.37,0.0,0.0,mature,validation,29
partner_990,LATAM,Retail,Certified,7,9,declining,3,3.3,58.8,13,1,0,0.1891,0,33418.24,1.28,1.75,0.2045,0.0045,0,0.52,-0.83,0.0,-17.51,new_partner,validation,29
partner_991,LATAM,Retail,Certified,33,7,improving,0,4.8,66.2,27,2,0,0.0539,0,14565.21,14.31,-3.59,0.1053,0.0272,0,0.1429,11.51,0.0,0.0,mature,validation,29
partner_992,LATAM,Manufacturing,Certified,47,8,improving,2,2.2,62.5,53,2,1,0.007,0,25588.91,-34.89,-0.15,0.2656,0.9038,1,0.7778,-36.41,-10.68,0.0,mature,validation,29
partner_993,LATAM,Tech,Registered,13,4,declining,3,5.3,62.0,17,2,0,0.4687,1,8396.63,1.0,2.23,0.2396,0.8335,1,0.4194,-1.78,-5.62,0.0,mature,validation,29
partner_994,EMEA,Retail,Certified,41,9,improving,0,2.4,78.3,68,3,0,0.003,0,64399.55,20.07,24.78,0.1543,-0.0628,0,0.9697,17.27,0.0,0.0,mature,validation,29
partner_995,APAC,Tech,Certified,43,9,declining,1,0.6,34.8,51,5,1,0.0202,0,33057.4,9.9,23.1,0.1849,0.0393,0,0.8125,7.12,0.0,0.0,mature,validation,29
partner_996,NA,Services,Registered,43,6,stable,1,5.3,53.2,16,2,0,0.0119,0,9893.19,-6.63,-22.5,0.2369,-0.0456,0,0.6136,-8.15,0.0,0.0,mature,validation,29
partner_997,LATAM,Retail,Certified,19,6,declining,6,4.4,26.4,66,1,1,0.7496,1,22304.67,0.08,0.93,0.096,0.4672,0,0.2857,-2.72,0.0,0.0,mature,validation,29
partner_998,EMEA,Tech,Registered,22,5,stable,5,7.0,14.5,42,0,0,0.3785,0,4972.35,0.48,-15.68,0.2413,-0.3713,0,0.0938,-2.3,0.0,0.0,mature,validation,29
partner_999,APAC,Services,Strategic,24,6,stable,2,4.4,56.2,17,3,0,0.0136,0,61854.82,8.14,-2.67,0.2234,0.6982,1,0.1818,6.62,-1.87,0.0,mature,validation,29
partner_1000,EMEA,Tech,Registered,49,7,stable,7,1.6,54.6,31,6,0,0.0213,0,7649.41,3.36,15.13,0.0889,-0.1161,0,0.3125,0.58,0.0,0.0,mature,validation,29
partner_1,LATAM,Retail,Certified,38,7,improving,3,6.0,41.3,65,3,0,0.1476,0,25427.66,-9.93,-12.24,0.0934,-0.284,0,0.5357,-10.85,0.0,0.0,mature,test,32
partner_2,NA,Tech,Registered,51,9,stable,1,3.4,97.6,39,3,0,0.0023,0,7800.46,1.33,4.91,0.0988,-0.0609,0,0.4359,1.02,0.0,0.0,mature,test,32
partner_3,APAC,Retail,Strategic,40,7,stable,2,2.5,68.4,7,2,0,0.0013,0,159364.61,6.57,20.14,0.2225,0.2439,0,1.0,5.65,0.0,0.0,mature,test,32
partner_4,LATAM,Retail,Certified,37,10,improving,2,2.2,92.0,30,5,1,0.0022,0,23829.95,-28.77,-6.59,0.2716,0.8804,1,0.3929,-29.69,-5.07,0.0,mature,test,32
partner_5,EMEA,Manufacturing,Registered,30,7,declining,5,6.5,33.7,27,1,1,0.2245,0,5539.1,13.51,-3.63,0.1089,-0.6247,0,0.3077,11.62,0.0,0.0,mature,test,32
partner_6,APAC,Tech,Strategic,17,10,improving,0,0.7,62.1,0,4,0,0.0002,0,69414.01,-9.66,-4.35,0.0878,0.4884,0,0.5455,-9.97,0.0,0.0,mature,test,32
partner_7,LATAM,Services,Registered,19,4,declining,6,5.2,12.8,86,0,1,0.9936,1,5268.93,-15.62,-39.78,0.2821,-0.0787,0,0.1429,-17.7,0.0,0.0,mature,test,32
partner_8,LATAM,Tech,Registered,46,10,stable,0,1.7,78.7,2,4,0,0.0001,0,6274.35,-13.53,2.76,0.1006,0.0354,0,0.3548,-13.84,0.0,0.0,mature,test,32
partner_9,EMEA,Manufacturing,Registered,7,7,stable,3,3.9,52.5,22,1,0,0.0239,0,8490.49,1.28,1.75,0.2045,0.0045,0,0.52,-0.83,0.0,-56.45,new_partner,test,32
partner_10,NA,Tech,Certified,7,5,improving,6,3.2,43.1,63,2,1,0.1258,0,30876.44,1.28,1.75,0.2045,0.0045,0,0.52,-0.83,0.0,-7.77,new_partner,test,32
partner_11,NA,Manufacturing,Registered,26,4,stable,2,2.3,22.7,28,1,0,0.0893,0,8969.54,39.43,-15.21,0.2488,0.7681,1,0.5455,37.54,-16.02,0.0,mature,test,32
partner_12,APAC,Manufacturing,Registered,47,7,improving,2,2.3,62.3,30,2,0,0.0029,0,7696.35,-3.86,-1.19,0.1041,-0.1234,0,0.5833,-5.75,0.0,0.0,mature,test,32
partner_13,LATAM,Tech,Registered,41,5,declining,7,2.9,39.9,49,1,1,0.2313,0,8722.53,-7.52,22.1,0.2051,0.6604,1,0.4516,-7.83,27.12,0.0,mature,test,32
partner_14,APAC,Services,Registered,37,9,stable,1,2.3,37.4,36,2,1,0.001,0,8866.63,-19.84,6.54,0.1945,0.6228,1,0.6129,-21.92,17.67,0.0,mature,test,32
partner_15,NA,Tech,Registered,33,5,improving,3,3.5,36.2,69,0,1,0.2562,0,8255.28,-6.25,12.06,0.2252,0.6816,1,0.4615,-6.56,28.33,0.0,mature,test,32
partner_16,EMEA,Retail,Certified,9,10,improving,0,0.9,87.6,0,6,0,0.0,0,36556.77,-19.05,8.96,0.1878,0.6445,1,0.7273,-19.97,-5.15,0.0,mature,test,32
partner_17,NA,Manufacturing,Registered,22,2,stable,5,6.1,29.5,48,0,1,0.8839,1,9984.49,-3.21,-5.73,0.0949,-0.4515,0,0.7576,-5.1,0.0,0.0,mature,test,32
partner_18,EMEA,Services,Registered,7,4,improving,3,4.8,34.0,78,0,1,0.5033,0,8501.69,1.28,1.75,0.2045,0.0045,0,0.52,-0.83,0.0,-15.95,new_partner,test,32
partner_19,APAC,Retail,Certified,46,6,improving,2,2.9,56.7,8,0,1,0.0537,0,23074.85,-0.89,-2.66,0.1002,-0.0641,0,0.4375,-1.81,0.0,0.0,mature,test,32
partner_20,LATAM,Tech,Registered,46,8,stable,3,5.9,71.3,45,1,1,0.0269,0,11035.83,-11.11,2.43,0.0937,-0.1938,0,0.7097,-11.42,0.0,0.0,mature,test,32
partner_21,LATAM,Services,Certified,17,10,improving,1,4.9,49.8,32,2,1,0.0168,0,17320.78,-4.57,-18.87,0.201,0.3864,0,0.2381,-6.65,0.0,0.0,mature,test,32
partner_22,NA,Manufacturing,Registered,19,4,declining,5,5.7,45.0,65,1,1,0.4503,1,6811.04,-24.54,-11.82,0.2714,0.8437,1,0.2727,-26.43,-16.59,0.0,mature,test,32
partner_23,APAC,Services,Registered,21,5,declining,1,4.5,73.5,45,1,0,0.1157,0,8851.1,14.4,46.28,0.2818,-0.0507,0,0.5806,12.32,0.0,0.0,mature,test,32
partner_24,APAC,Tech,Registered,54,5,stable,2,1.9,70.0,36,1,0,0.0167,0,3553.91,-12.99,-38.76,0.2515,0.0113,0,0.0769,-13.3,0.0,0.0,mature,test,32
partner_25,LATAM,Manufacturing,Registered,31,7,improving,3,2.3,65.3,33,1,0,0.0153,0,5182.47,0.92,-32.19,0.4363,-0.4695,0,0.1739,-0.97,0.0,0.0,mature,test,32
partner_26,EMEA,Tech,Registered,47,8,declining,1,2.7,55.1,45,2,1,0.0914,0,4944.1,1.7,-16.32,0.1525,-0.0172,0,0.125,1.39,0.0,0.0,mature,test,32
partner_27,NA,Services,Certified,29,7,stable,3,1.8,28.9,51,1,1,0.0802,0,46312.34,10.92,67.39,0.4011,-0.4257,0,0.65,8.84,0.0,0.0,mature,test,32
partner_28,EMEA,Tech,Registered,43,7,declining,5,3.6,63.7,0,3,1,0.0389,0,11658.26,10.46,20.9,0.2093,-0.1831,0,0.625,10.15,0.0,0.0,mature,test,32
partner_29,EMEA,Manufacturing,Certified,33,6,improving,2,7.3,27.2,44,2,1,0.4461,0,22011.83,2.01,1.16,0.0995,-0.1976,0,0.5714,0.12,0.0,0.0,mature,test,32
partner_30,LATAM,Tech,Certified,19,3,stable,4,4.8,35.4,73,0,1,0.8144,1,26318.8,-5.91,-31.47,0.3301,-0.2776,0,0.5882,-6.22,0.0,0.0,mature,test,32
partner_31,LATAM,Manufacturing,Registered,53,6,improving,3,6.4,61.9,35,1,0,0.0267,0,8733.95,19.99,52.24,0.3852,-0.1131,0,0.5217,18.1,0.0,0.0,mature,test,32
partner_32,APAC,Manufacturing,Certified,44,3,stable,5,6.4,29.2,60,1,0,0.5347,0,36964.41,10.63,69.91,0.3351,-0.0385,0,0.6923,8.74,0.0,0.0,mature,test,32
partner_33,NA,Tech,Registered,47,4,stable,9,3.6,32.6,82,0,1,0.9479,1,5386.18,-19.87,-22.41,0.2842,-0.18,0,0.2051,-20.18,0.0,0.0,mature,test,32
partner_34,NA,Services,Registered,57,4,declining,6,4.5,16.7,56,0,1,0.5314,0,10132.77,-7.12,22.38,0.1884,-0.057,0,0.6364,-9.2,0.0,0.0,mature,test,32
partner_35,NA,Tech,Registered,17,7,improving,3,3.2,44.6,47,0,1,0.0498,0,6498.59,0.42,6.21,0.0656,-0.1734,0,0.359,0.11,0.0,0.0,mature,test,32
partner_36,EMEA,Manufacturing,Certified,8,8,improving,2,4.3,49.1,3,0,0,0.0072,0,67272.21,1.28,1.75,0.2045,0.0045,0,0.52,-0.83,0.0,71.77,new_partner,test,32
partner_37,EMEA,Tech,Strategic,36,4,stable,7,4.9,32.7,48,1,1,0.2281,0,77963.08,34.56,53.81,0.2186,-0.2445,0,0.5,34.25,0.0,0.0,mature,test,32
partner_38,NA,Tech,Registered,21,6,improving,1,5.5,71.1,42,4,1,0.0255,0,5680.85,-0.26,2.41,0.1089,0.5056,1,0.2308,-0.57,3.67,0.0,mature,test,32
partner_39,EMEA,Tech,Certified,28,4,stable,8,5.6,38.5,57,0,1,0.9346,1,115604.43,-2.34,10.32,0.1906,0.2865,0,1.0,-2.65,0.0,0.0,mature,test,32
partner_40,LATAM,Retail,Certified,16,6,declining,4,5.4,35.8,42,0,1,0.2629,1,22250.8,-2.11,-19.34,0.2255,-0.1848,0,0.2857,-3.03,0.0,0.0,mature,test,32
partner_41,NA,Retail,Registered,26,6,declining,7,3.6,42.7,66,1,1,0.2377,0,14227.62,16.41,7.6,0.1937,0.6726,1,0.9149,15.49,13.16,0.0,mature,test,32
partner_42,APAC,Manufacturing,Certified,25,7,improving,0,0.5,62.0,33,4,0,0.002,0,12393.35,-17.72,-36.42,0.3029,0.1125,0,0.1538,-19.61,0.0,0.0,mature,test,32
partner_43,LATAM,Manufacturing,Certified,23,10,improving,0,1.9,88.6,10,3,0,0.0002,0,26704.44,17.95,1.86,0.2053,0.8436,1,0.8889,16.06,-9.4,0.0,mature,test,32
partner_44,NA,Manufacturing,Strategic,46,5,stable,6,3.7,37.8,8,3,1,0.1029,0,151162.25,7.54,66.77,0.4469,-0.1131,0,0.9091,5.65,0.0,0.0,mature,test,32
partner_45,APAC,Retail,Strategic,37,7,improving,1,3.5,60.4,35,4,0,0.0026,0,28251.5,-16.0,-18.1,0.1968,-0.2196,0,0.1429,-16.92,0.0,0.0,mature,test,32
partner_46,APAC,Tech,Registered,30,4,stable,3,5.6,26.3,7,4,1,0.5565,1,9639.2,-0.53,-20.35,0.2808,-0.1707,0,0.5385,-0.84,0.0,0.0,mature,test,32
partner_47,NA,Retail,Registered,9,8,improving,0,2.7,100.0,14,3,0,0.008,0,2392.46,-6.1,-0.57,0.0969,0.0527,0,0.0213,-7.02,0.0,0.0,mature,test,32
partner_48,EMEA,Services,Certified,36,9,stable,3,4.4,77.6,74,1,1,0.0436,0,23060.92,-4.71,2.89,0.2183,0.8084,1,0.3529,-6.79,-1.68,0.0,mature,test,32
partner_49,LATAM,Services,Registered,13,9,declining,4,4.6,98.9,44,5,0,0.0025,0,11498.41,10.15,29.29,0.2371,0.2749,0,0.7619,8.07,0.0,0.0,mature,test,32
partner_50,EMEA,Retail,Registered,21,8,improving,1,2.6,82.8,35,3,0,0.0054,0,6253.63,1.35,-1.63,0.1843,0.7913,1,0.2558,0.43,7.8,0.0,mature,test,32
partner_51,EMEA,Manufacturing,Strategic,27,6,stable,7,3.4,47.3,35,2,1,0.4081,1,74028.6,15.4,13.56,0.2213,0.6,1,0.5385,13.51,6.11,0.0,mature,test,32
partner_52,EMEA,Retail,Registered,11,10,improving,0,4.6,50.0,43,3,0,0.0062,0,3708.0,-2.85,5.36,0.0842,0.3494,0,0.0465,-3.77,0.0,0.0,mature,test,32
partner_53,LATAM,Retail,Registered,25,8,stable,0,3.0,86.5,30,4,0,0.0044,0,5674.84,-1.09,-13.22,0.2427,-0.1746,0,0.32,-2.01,0.0,0.0,mature,test,32
partner_54,LATAM,Retail,Certified,18,3,improving,4,4.0,74.2,0,1,0,0.0206,0,33654.88,-3.97,3.0,0.1106,0.1996,0,0.6786,-4.89,0.0,0.0,mature,test,32
partner_55,LATAM,Retail,Registered,52,10,improving,2,1.8,42.0,22,2,1,0.0265,0,3090.61,-19.93,-31.16,0.268,-0.0986,0,0.12,-20.85,0.0,0.0,mature,test,32
partner_56,LATAM,Manufacturing,Registered,52,5,stable,8,4.5,54.3,54,0,1,0.6268,1,4622.51,-1.16,5.98,0.1006,-0.1612,0,0.1304,-3.05,0.0,0.0,mature,test,32
partner_57,NA,Services,Strategic,3,8,declining,0,2.9,74.2,18,3,0,0.0001,0,92851.97,1.28,1.75,0.2045,0.0045,0,0.52,-0.83,0.0,38.08,new_partner,test,32
partner_58,NA,Retail,Registered,37,8,declining,2,2.4,50.1,65,1,0,0.0379,0,10218.9,37.26,7.23,0.191,0.5751,1,0.7021,36.34,13.0,0.0,mature,test,32
partner_59,EMEA,Tech,Registered,40,6,improving,5,5.3,53.5,27,3,1,0.0199,0,12226.54,4.59,-7.62,0.0716,-0.1178,0,0.6562,4.28,0.0,0.0,mature,test,32
partner_60,EMEA,Manufacturing,Registered,24,7,improving,4,4.8,36.7,69,0,1,0.8428,1,7899.09,-13.04,-35.26,0.381,-0.3262,0,0.5,-14.93,0.0,0.0,mature,test,32
partner_61,LATAM,Services,Strategic,30,8,stable,0,0.5,66.9,0,6,0,0.0029,0,32928.9,2.03,27.86,0.0951,-0.6874,0,0.4286,-0.05,0.0,0.0,mature,test,32
partner_62,NA,Manufacturing,Registered,48,10,improving,0,1.5,87.6,25,4,0,0.0005,0,1808.61,-14.06,-35.54,0.3876,0.0886,0,0.0303,-15.95,0.0,0.0,mature,test,32
partner_63,NA,Retail,Certified,24,4,declining,1,6.5,9.6,52,0,1,0.9261,1,45490.67,20.77,-7.87,0.2257,0.8454,1,0.7857,19.85,-8.53,0.0,mature,test,32
partner_64,LATAM,Manufacturing,Registered,6,4,stable,7,3.7,38.6,65,0,1,0.2514,0,18328.92,1.28,1.75,0.2045,0.0045,0,0.52,-0.83,0.0,26.53,new_partner,test,32
partner_65,LATAM,Tech,Registered,24,7,declining,3,6.4,70.3,59,4,0,0.0054,0,9879.45,41.72,13.71,0.2545,0.6434,1,0.6452,41.41,4.93,0.0,mature,test,32
partner_66,NA,Services,Strategic,17,8,improving,0,2.6,67.8,0,5,0,0.0009,0,43322.22,3.29,2.57,0.1103,0.3131,0,0.2,1.21,0.0,0.0,mature,test,32
partner_67,NA,Tech,Certified,25,9,declining,0,6.5,79.3,75,3,0,0.0093,0,25297.32,-8.11,3.65,0.2187,0.5869,1,0.4667,-8.42,-3.41,0.0,mature,test,32
partner_68,NA,Manufacturing,Strategic,16,7,declining,5,1.9,26.7,109,2,0,0.6388,1,30462.34,-18.57,-39.85,0.3604,-0.0909,0,0.2727,-20.46,0.0,0.0,mature,test,32
partner_69,EMEA,Retail,Registered,11,8,improving,2,1.3,65.0,24,2,0,0.0213,0,8355.8,-6.44,-14.61,0.2487,0.8717,1,0.4884,-7.36,-15.71,0.0,mature,test,32
partner_70,NA,Tech,Certified,60,6,improving,1,2.5,67.9,58,3,0,0.011,0,21468.68,-24.12,-35.0,0.1963,-0.1368,0,0.4,-24.43,0.0,0.0,mature,test,32
partner_71,EMEA,Services,Strategic,10,1,declining,3,3.5,50.4,86,0,1,0.9577,1,117281.68,-2.62,-2.31,0.0975,0.2986,0,0.7778,-4.7,0.0,0.0,mature,test,32
partner_72,NA,Manufacturing,Registered,43,6,declining,3,2.3,73.3,47,3,1,0.0286,0,9640.55,-2.57,20.33,0.2356,0.1393,0,0.697,-4.46,0.0,0.0,mature,test,32
partner_73,APAC,Tech,Registered,44,8,improving,1,4.8,37.9,8,2,0,0.0002,0,4536.65,-4.03,-16.45,0.2718,-0.0377,0,0.1538,-4.34,0.0,0.0,mature,test,32
partner_74,EMEA,Services,Strategic,38,7,stable,3,2.4,57.2,12,4,0,0.0167,0,56365.68,-1.05,-33.26,0.3515,0.1626,0,0.1111,-3.13,0.0,0.0,mature,test,32
partner_75,EMEA,Services,Registered,55,6,improving,8,1.5,72.9,36,1,1,0.02,0,3513.96,-7.64,-29.9,0.3674,-0.5698,0,0.0476,-9.72,0.0,0.0,mature,test,32
partner_76,EMEA,Tech,Certified,3,8,stable,1,3.6,57.6,26,2,1,0.0405,0,27799.02,1.28,1.75,0.2045,0.0045,0,0.52,-0.83,0.0,-36.56,new_partner,test,32
partner_77,EMEA,Tech,Strategic,20,6,improving,6,7.1,13.7,40,0,1,0.2986,0,128039.05,-7.74,-6.41,0.0934,0.0971,0,0.9,-8.05,0.0,0.0,mature,test,32
partner_78,LATAM,Tech,Registered,13,10,improving,0,0.5,83.1,0,4,0,0.0001,0,25446.91,19.47,75.66,0.4237,-0.059,0,0.9677,19.16,0.0,0.0,mature,test,32
partner_79,NA,Manufacturing,Registered,36,2,stable,7,3.4,51.6,88,0,1,0.892,1,5957.11,-8.04,-13.13,0.0982,-0.2694,0,0.1515,-9.93,0.0,0.0,mature,test,32
partner_80,LATAM,Tech,Registered,39,9,declining,1,2.5,58.1,55,6,0,0.0228,0,15817.77,11.33,47.2,0.3105,-0.0397,0,0.9032,11.02,0.0,0.0,mature,test,32
partner_81,LATAM,Retail,Registered,55,7,declining,3,1.8,37.3,23,2,0,0.0172,0,6675.6,-16.27,5.42,0.1805,0.6951,1,0.44,-17.19,2.18,0.0,mature,test,32
partner_82,NA,Services,Registered,25,7,improving,6,3.4,49.2,91,0,1,0.3855,0,5148.64,-5.65,7.37,0.0978,-0.384,0,0.25,-7.73,0.0,0.0,mature,test,32
partner_83,APAC,Services,Certified,16,7,improving,5,6.1,38.2,18,0,1,0.085,0,13811.8,-8.35,-24.58,0.2786,-0.2157,0,0.2941,-10.43,0.0,0.0,mature,test,32
partner_84,EMEA,Services,Registered,56,4,declining,4,3.9,51.5,30,0,1,0.0963,0,8171.79,8.55,22.76,0.1031,0.2216,0,0.4524,6.47,0.0,0.0,mature,test,32
partner_85,EMEA,Services,Certified,42,8,stable,2,4.3,48.6,3,1,0,0.056,1,61212.94,-15.54,13.27,0.1659,0.6703,1,0.9706,-17.62,13.42,0.0,mature,test,32
partner_86,EMEA,Manufacturing,Registered,47,3,stable,5,5.2,46.5,17,1,1,0.2165,1,10179.73,-0.96,2.06,0.0849,0.092,0,0.7692,-2.85,0.0,0.0,mature,test,32
partner_87,LATAM,Services,Registered,28,10,improving,0,0.5,100.0,18,6,0,0.0,0,12813.47,-3.21,-37.76,0.378,-0.4214,0,0.8571,-5.29,0.0,0.0,mature,test,32
partner_88,NA,Services,Registered,28,5,improving,3,2.4,34.3,36,1,1,0.1834,0,6860.11,-18.01,-43.23,0.4251,-0.4923,0,0.3409,-20.09,0.0,0.0,mature,test,32
partner_89,EMEA,Tech,Certified,25,5,improving,6,6.2,52.2,57,0,0,0.1146,0,38847.54,-10.08,-6.79,0.1094,-0.234,0,0.6452,-10.39,0.0,0.0,mature,test,32
partner_90,NA,Tech,Registered,46,5,improving,4,4.7,51.0,50,1,1,0.584,1,12929.34,11.62,48.31,0.4117,0.0135,0,0.7179,11.31,0.0,0.0,mature,test,32
partner_91,EMEA,Retail,Registered,15,8,stable,1,2.8,51.2,0,3,0,0.0024,0,6883.99,9.26,12.39,0.21,0.8346,1,0.3721,8.34,19.36,0.0,mature,test,32
partner_92,LATAM,Manufacturing,Strategic,59,8,declining,0,2.1,96.2,0,0,0,0.0025,0,36808.98,-17.06,-41.09,0.4458,-0.4111,0,0.25,-18.95,0.0,0.0,mature,test,32
partner_93,NA,Retail,Certified,13,8,improving,0,1.9,57.7,0,2,1,0.0036,0,16348.02,-29.28,-17.0,0.2119,0.5988,1,0.1429,-30.2,-23.09,0.0,mature,test,32
partner_94,NA,Retail,Registered,29,6,improving,2,4.1,28.6,37,1,0,0.0332,1,9437.78,-1.78,40.07,0.3908,0.2238,0,0.6596,-2.7,0.0,0.0,mature,test,32
partner_95,NA,Manufacturing,Strategic,21,7,declining,3,2.2,37.3,51,2,1,0.1579,1,158664.14,-2.03,48.9,0.3912,-0.15,0,1.0,-3.92,0.0,0.0,mature,test,32
partner_96,LATAM,Tech,Registered,40,8,improving,2,4.6,35.8,25,4,1,0.0295,0,10981.79,-2.19,31.7,0.2117,0.6892,1,0.6774,-2.5,28.03,0.0,mature,test,32
partner_97,NA,Retail,Registered,42,9,declining,0,0.5,78.1,0,5,1,0.0004,0,11276.45,0.79,1.35,0.2327,0.8569,1,0.7872,-0.13,-6.29,0.0,mature,test,32
partner_98,EMEA,Services,Registered,56,6,stable,0,6.0,53.9,40,1,0,0.0182,0,16440.05,-27.47,20.61,0.2554,0.887,1,0.8571,-29.55,12.09,0.0,mature,test,32
partner_99,EMEA,Services,Registered,48,6,declining,8,5.1,52.9,69,1,1,0.6906,1,22590.93,5.46,2.15,0.196,0.7936,1,0.9524,3.38,-1.75,0.0,mature,test,32
partner_100,APAC,Retail,Registered,17,4,improving,2,4.0,52.1,9,1,0,0.0087,0,5814.64,8.9,17.58,0.0904,-0.2174,0,0.2903,7.98,0.0,0.0,mature,test,32
partner_101,APAC,Retail,Certified,14,7,stable,6,2.9,42.8,27,0,1,0.7394,1,25878.98,-2.03,-16.18,0.1918,-0.2233,0,0.5625,-2.95,0.0,0.0,mature,test,32
partner_102,LATAM,Tech,Registered,54,5,stable,7,6.6,44.2,73,0,1,0.3024,0,14659.48,19.71,72.61,0.4476,-0.4252,0,0.871,19.4,0.0,0.0,mature,test,32
partner_103,EMEA,Services,Certified,31,5,declining,2,2.9,75.6,0,0,1,0.1105,0,18175.07,-23.53,-41.01,0.3739,-0.3182,0,0.2941,-25.61,0.0,0.0,mature,test,32
partner_104,APAC,Services,Strategic,8,8,stable,1,2.3,79.6,0,2,0,0.0007,0,136107.17,1.28,1.75,0.2045,0.0045,0,0.52,-0.83,0.0,300.0,new_partner,test,32
partner_105,LATAM,Retail,Certified,50,5,improving,2,3.0,38.8,73,0,0,0.1361,1,31782.84,-5.36,-0.34,0.2478,0.8244,1,0.6071,-6.28,-1.71,0.0,mature,test,32
partner_106,LATAM,Services,Certified,40,8,declining,4,0.5,71.4,21,1,1,0.0163,0,73999.25,11.54,35.63,0.281,0.3637,0,1.0,9.46,0.0,0.0,mature,test,32
partner_107,NA,Retail,Certified,4,5,declining,3,6.1,69.8,41,1,0,0.1711,0,31810.06,1.28,1.75,0.2045,0.0045,0,0.52,-0.83,0.0,44.71,new_partner,test,32
partner_108,EMEA,Tech,Strategic,48,8,improving,1,3.8,64.1,5,4,0,0.0032,0,81438.34,10.0,35.4,0.17,-0.1752,0,0.6,9.69,0.0,0.0,mature,test,32
partner_109,EMEA,Services,Registered,38,7,improving,3,3.3,49.7,66,2,1,0.0737,0,13274.02,1.39,16.12,0.1991,-0.3124,0,0.7381,-0.69,0.0,0.0,mature,test,32
partner_110,APAC,Retail,Registered,38,5,declining,3,7.0,44.2,42,1,1,0.2657,0,3901.83,-8.43,-23.27,0.1856,-0.1332,0,0.129,-9.35,0.0,0.0,mature,test,32
partner_111,NA,Retail,Certified,53,6,stable,8,4.1,35.9,66,1,0,0.2543,0,26312.85,39.64,4.44,0.2353,0.8059,1,0.3214,38.72,4.45,0.0,mature,test,32
partner_112,EMEA,Tech,Certified,31,9,improving,2,4.8,56.1,19,5,1,0.0066,0,16498.22,-24.28,-40.36,0.4229,-0.3385,0,0.1935,-24.59,0.0,0.0,mature,test,32
partner_113,NA,Manufacturing,Registered,29,5,stable,4,2.2,37.2,30,0,1,0.0648,0,6353.39,-5.51,-4.6,0.1273,0.1537,0,0.2121,-7.4,0.0,0.0,mature,test,32
partner_114,NA,Services,Certified,38,8,stable,1,2.3,75.2,23,1,1,0.0307,0,64869.69,-9.85,-6.09,0.2064,0.7882,1,0.9,-11.93,-12.89,0.0,mature,test,32
partner_115,EMEA,Services,Registered,14,6,stable,4,3.1,67.5,19,6,1,0.0847,0,9842.73,-2.13,4.3,0.0683,-0.1365,0,0.619,-4.21,0.0,0.0,mature,test,32
partner_116,APAC,Retail,Strategic,11,9,declining,0,2.1,39.5,27,0,1,0.1421,0,157869.97,3.33,0.49,0.1913,0.7135,1,0.8571,2.41,2.54,0.0,mature,test,32
partner_117,LATAM,Retail,Registered,51,4,stable,6,3.1,42.4,33,0,1,0.0332,0,5474.85,-0.99,-35.63,0.417,-0.3647,0,0.28,-1.91,0.0,0.0,mature,test,32
partner_118,LATAM,Services,Registered,15,5,stable,2,4.3,36.2,19,2,0,0.0481,0,10519.76,0.53,30.17,0.2169,-0.1991,0,0.619,-1.55,0.0,0.0,mature,test,32
partner_119,NA,Retail,Registered,32,6,improving,9,4.3,35.7,67,0,1,0.5964,1,4827.52,-4.67,-24.62,0.2451,-0.0772,0,0.1489,-5.59,0.0,0.0,mature,test,32
partner_120,LATAM,Services,Registered,18,9,improving,0,1.6,80.6,22,7,0,0.001,0,6908.84,-13.6,14.52,0.2684,0.7515,1,0.3333,-15.68,6.04,0.0,mature,test,32
partner_121,NA,Manufacturing,Registered,16,8,declining,1,1.8,83.3,2,1,1,0.0003,0,16386.44,1.29,4.01,0.1039,-0.1789,0,0.9697,-0.6,0.0,0.0,mature,test,32
partner_122,LATAM,Retail,Registered,37,2,stable,5,6.5,30.2,94,2,1,0.9909,1,6908.06,-4.51,-27.42,0.3059,-0.0147,0,0.52,-5.43,0.0,0.0,mature,test,32
partner_123,EMEA,Services,Registered,49,5,stable,3,2.4,50.1,33,1,1,0.3901,0,4749.9,-9.6,-36.4,0.3126,0.1246,0,0.2143,-11.68,0.0,0.0,mature,test,32
partner_124,NA,Retail,Registered,28,9,declining,1,3.5,39.8,52,5,0,0.033,0,8131.97,-8.95,-7.82,0.2258,0.8196,1,0.4894,-9.87,-4.23,0.0,mature,test,32
partner_125,EMEA,Tech,Registered,11,8,stable,1,1.9,51.9,0,2,0,0.005,0,13928.43,7.62,-5.04,0.1003,-0.0053,0,0.75,7.31,0.0,0.0,mature,test,32
partner_126,NA,Manufacturing,Registered,17,10,improving,0,1.0,77.4,4,6,0,0.0015,0,8053.58,8.32,5.13,0.0975,-0.3809,0,0.5152,6.43,0.0,0.0,mature,test,32
partner_127,NA,Tech,Registered,12,8,stable,0,0.5,100.0,0,7,0,0.0023,0,20121.39,-22.37,13.29,0.2384,0.7943,1,0.9231,-22.68,6.22,0.0,mature,test,32
partner_128,EMEA,Manufacturing,Registered,54,6,declining,1,2.7,54.4,7,3,1,0.0294,0,13074.71,7.97,-5.9,0.1083,-0.1866,0,0.8462,6.08,0.0,0.0,mature,test,32
partner_129,EMEA,Manufacturing,Registered,21,4,stable,2,3.3,47.0,54,1,1,0.0384,0,9863.06,2.15,-4.42,0.1108,-0.0407,0,0.7308,0.26,0.0,0.0,mature,test,32
partner_130,NA,Services,Registered,24,6,stable,2,4.9,46.8,56,0,1,0.2006,0,9988.86,7.18,39.01,0.2132,0.1782,0,0.6136,5.1,0.0,0.0,mature,test,32
partner_131,EMEA,Services,Registered,7,1,stable,2,10.0,26.6,50,0,1,0.458,1,17873.55,1.28,1.75,0.2045,0.0045,0,0.52,-0.83,0.0,111.15,new_partner,test,32
partner_132,APAC,Tech,Certified,28,8,stable,4,4.1,40.2,43,1,1,0.0926,0,19323.56,-24.57,12.21,0.1577,0.5043,1,0.125,-24.88,8.46,0.0,mature,test,32
partner_133,NA,Retail,Strategic,56,5,stable,4,5.8,39.6,66,0,1,0.4066,0,46970.37,2.21,1.19,0.1084,0.2398,0,0.4545,1.29,0.0,0.0,mature,test,32
partner_134,NA,Manufacturing,Strategic,26,6,declining,3,2.2,43.5,21,2,1,0.0245,0,54615.4,4.54,-30.76,0.3809,-0.3198,0,0.3636,2.65,0.0,0.0,mature,test,32
partner_135,NA,Services,Certified,40,6,declining,0,3.4,65.6,45,0,1,0.0088,0,19602.26,3.56,0.21,0.0964,0.1035,0,0.35,1.48,0.0,0.0,mature,test,32
partner_136,EMEA,Tech,Certified,13,8,declining,1,2.2,62.7,22,4,0,0.0535,0,46165.52,4.51,35.09,0.2547,-0.1212,0,0.8065,4.2,0.0,0.0,mature,test,32
partner_137,APAC,Tech,Registered,11,9,stable,0,1.9,76.0,19,3,1,0.002,0,7068.31,-1.11,-16.95,0.1056,-0.0746,0,0.3462,-1.42,0.0,0.0,mature,test,32
partner_138,NA,Tech,Certified,45,2,declining,7,3.8,3.6,97,0,0,0.9198,1,69893.55,20.56,29.15,0.2359,0.2455,0,0.9333,20.25,0.0,0.0,mature,test,32
partner_139,LATAM,Retail,Certified,6,5,declining,3,4.8,44.6,37,4,1,0.2978,0,70919.08,1.28,1.75,0.2045,0.0045,0,0.52,-0.83,0.0,138.39,new_partner,test,32
partner_140,EMEA,Manufacturing,Certified,29,7,stable,3,2.8,34.2,19,0,1,0.0221,0,10934.37,-10.87,-25.96,0.2337,0.0055,0,0.0952,-12.76,0.0,0.0,mature,test,32
partner_141,NA,Tech,Strategic,21,2,improving,7,3.3,48.6,75,0,1,0.8471,1,151888.68,2.49,41.85,0.4379,-0.0349,0,0.8889,2.18,0.0,0.0,mature,test,32
partner_142,NA,Services,Registered,3,6,stable,1,5.3,70.9,45,4,1,0.018,0,8705.32,1.28,1.75,0.2045,0.0045,0,0.52,-0.83,0.0,20.36,new_partner,test,32
partner_143,APAC,Services,Certified,33,6,stable,1,5.1,26.6,0,3,0,0.0079,0,27255.81,-14.09,-6.73,0.1009,0.0805,0,0.6471,-16.17,0.0,0.0,mature,test,32
partner_144,NA,Services,Certified,58,4,improving,5,2.6,28.3,5,2,1,0.2243,0,18984.59,3.05,36.61,0.2288,-0.1938,0,0.3,0.97,0.0,0.0,mature,test,32
partner_145,NA,Tech,Registered,7,10,improving,0,3.1,98.2,16,5,0,0.0,0,10335.96,1.28,1.75,0.2045,0.0045,0,0.52,-0.83,0.0,27.54,new_partner,test,32
partner_146,EMEA,Tech,Strategic,50,7,stable,3,1.4,47.6,27,6,1,0.0321,0,59793.0,3.01,-3.94,0.105,0.2354,0,0.3,2.7,0.0,0.0,mature,test,32
partner_147,NA,Manufacturing,Registered,34,6,stable,5,2.1,63.1,43,4,1,0.0253,0,3167.43,-5.82,-21.51,0.3119,0.0086,0,0.0909,-7.71,0.0,0.0,mature,test,32
partner_148,NA,Services,Strategic,44,6,declining,3,1.1,63.2,20,1,1,0.1186,0,60870.79,-18.6,-30.33,0.386,-0.2466,0,0.5,-20.68,0.0,0.0,mature,test,32
partner_149,NA,Tech,Certified,8,8,stable,0,1.1,82.8,21,2,1,0.0002,0,33482.15,1.28,1.75,0.2045,0.0045,0,0.52,-0.83,0.0,17.66,new_partner,test,32
partner_150,EMEA,Services,Registered,53,7,stable,2,3.3,72.2,49,1,0,0.0088,0,12140.03,15.35,19.97,0.2056,0.8173,1,0.6905,13.27,20.0,0.0,mature,test,32
partner_151,APAC,Retail,Certified,3,8,stable,1,0.9,48.3,0,1,0,0.0008,0,18266.27,1.28,1.75,0.2045,0.0045,0,0.52,-0.83,0.0,-81.97,new_partner,test,32
partner_152,APAC,Services,Registered,55,7,improving,1,1.6,66.9,0,5,1,0.0078,0,10342.51,-0.31,35.53,0.1948,0.204,0,0.7097,-2.39,0.0,0.0,mature,test,32
partner_153,EMEA,Retail,Certified,41,7,declining,4,1.6,47.1,60,3,1,0.1064,0,22423.95,-1.15,-21.82,0.2943,0.3891,0,0.3333,-2.07,0.0,0.0,mature,test,32
partner_154,NA,Retail,Certified,22,5,declining,4,5.3,37.4,66,0,1,0.1956,0,38500.29,-13.87,-16.43,0.2471,-0.1659,0,0.6071,-14.79,0.0,0.0,mature,test,32
partner_155,EMEA,Tech,Certified,3,4,stable,7,5.2,12.4,73,0,1,0.975,1,8889.17,1.28,1.75,0.2045,0.0045,0,0.52,-0.83,0.0,-79.57,new_partner,test,32
partner_156,LATAM,Retail,Strategic,38,5,improving,4,6.0,62.6,89,0,0,0.3925,1,82814.13,7.71,60.78,0.3994,-0.2206,0,0.4444,6.79,0.0,0.0,mature,test,32
partner_157,EMEA,Retail,Registered,8,7,declining,4,0.8,47.6,59,0,1,0.6108,1,23318.12,1.28,1.75,0.2045,0.0045,0,0.52,-0.83,0.0,294.46,new_partner,test,32
partner_158,LATAM,Retail,Registered,38,5,improving,7,5.9,51.8,49,2,1,0.2561,1,14839.25,-5.47,-7.47,0.0971,0.0611,0,0.84,-6.39,0.0,0.0,mature,test,32
partner_159,LATAM,Tech,Registered,47,5,stable,1,5.7,36.1,21,2,1,0.1925,1,9733.13,-32.96,10.68,0.2702,0.8397,1,0.5806,-33.27,1.34,0.0,mature,test,32
partner_160,LATAM,Services,Registered,18,9,declining,2,1.5,84.7,46,5,0,0.0023,0,12203.59,4.74,32.8,0.3193,0.2402,0,0.8095,2.66,0.0,0.0,mature,test,32
partner_161,EMEA,Retail,Registered,16,6,declining,1,2.4,80.3,57,1,0,0.0332,0,4930.08,-22.51,-34.09,0.2556,0.0157,0,0.093,-23.43,0.0,0.0,mature,test,32
partner_162,APAC,Manufacturing,Registered,15,7,declining,4,3.5,73.2,35,1,1,0.0054,0,6395.42,20.76,3.08,0.2048,0.7184,1,0.3333,18.87,2.1,0.0,mature,test,32
partner_163,EMEA,Services,Registered,16,6,declining,5,6.3,22.4,96,1,1,0.7602,1,3725.52,50.61,5.89,0.2636,0.8994,1,0.0714,48.53,-1.74,0.0,mature,test,32
partner_164,EMEA,Retail,Registered,9,10,stable,1,0.5,94.2,28,5,1,0.0004,0,6360.44,-7.54,19.23,0.2017,0.8582,1,0.2791,-8.46,14.99,0.0,mature,test,32
partner_165,NA,Retail,Strategic,17,6,stable,1,2.1,76.4,30,5,0,0.0007,0,54711.54,0.21,-20.18,0.2425,-0.0387,0,0.7273,-0.71,0.0,0.0,mature,test,32
partner_166,NA,Services,Registered,41,8,stable,0,2.7,66.9,42,5,0,0.0024,0,6815.69,-13.98,-22.15,0.2196,-0.1506,0,0.3182,-16.06,0.0,0.0,mature,test,32
partner_167,APAC,Services,Strategic,20,7,stable,2,4.4,47.8,61,0,1,0.2771,0,109459.18,10.38,20.39,0.1721,-0.0782,0,0.7273,8.3,0.0,0.0,mature,test,32
partner_168,APAC,Tech,Registered,48,4,stable,10,3.9,72.1,61,3,0,0.1251,0,23945.05,18.13,57.53,0.3895,-0.1221,0,1.0,17.82,0.0,0.0,mature,test,32
partner_169,NA,Services,Registered,50,4,stable,4,2.4,20.6,17,1,1,0.1089,0,4153.63,-12.62,-32.56,0.3722,-0.4328,0,0.1818,-14.7,0.0,0.0,mature,test,32
partner_170,APAC,Retail,Certified,47,10,improving,0,0.5,84.0,4,8,0,0.0001,0,38809.47,3.69,-10.46,0.0991,-0.1442,0,0.75,2.77,0.0,0.0,mature,test,32
partner_171,EMEA,Tech,Registered,34,6,improving,4,2.7,55.8,27,1,0,0.0024,0,4255.37,0.14,-37.65,0.4118,-0.3043,0,0.0625,-0.17,0.0,0.0,mature,test,32
partner_172,NA,Manufacturing,Registered,21,4,stable,4,3.2,18.1,44,0,0,0.6331,1,11378.92,-2.57,-2.06,0.0975,0.0374,0,0.8485,-4.46,0.0,0.0,mature,test,32
partner_173,EMEA,Retail,Certified,56,6,improving,1,4.3,70.3,21,1,1,0.0181,0,9043.9,-1.48,-32.71,0.3903,-0.2543,0,0.0303,-2.4,0.0,0.0,mature,test,32
partner_174,APAC,Services,Registered,14,8,stable,2,2.3,74.9,17,3,1,0.0076,0,8504.63,-17.75,-40.23,0.3584,-0.7041,0,0.5484,-19.83,0.0,0.0,mature,test,32
partner_175,EMEA,Tech,Registered,29,4,stable,5,2.1,58.8,53,1,1,0.0493,0,10106.48,-3.64,12.07,0.0958,0.1804,0,0.4062,-3.95,0.0,0.0,mature,test,32
partner_176,EMEA,Services,Certified,29,2,declining,10,8.8,9.1,50,0,1,0.9678,1,32692.32,58.11,17.55,0.2275,0.8158,1,0.5588,56.03,14.6,0.0,mature,test,32
partner_177,NA,Tech,Registered,46,4,stable,2,4.6,62.3,10,2,0,0.0739,0,1860.34,-6.27,-37.55,0.3704,-0.1152,0,0.0256,-6.58,0.0,0.0,mature,test,32
partner_178,APAC,Tech,Certified,34,6,stable,2,3.7,52.6,36,1,1,0.0171,0,32198.16,-3.11,-7.9,0.0937,-0.0478,0,0.5625,-3.42,0.0,0.0,mature,test,32
partner_179,APAC,Retail,Registered,49,9,stable,2,2.9,48.9,60,1,1,0.0119,0,19026.37,-4.96,-34.51,0.2899,-0.2988,0,0.9677,-5.88,0.0,0.0,mature,test,32
partner_180,LATAM,Retail,Strategic,56,5,improving,1,3.6,42.3,45,0,1,0.125,0,236137.44,-9.23,29.1,0.2857,0.0204,0,1.0,-10.15,0.0,0.0,mature,test,32
partner_181,APAC,Services,Certified,25,8,stable,0,1.2,88.8,18,2,0,0.0001,0,36801.46,6.53,8.13,0.1114,0.2937,0,0.8824,4.45,0.0,0.0,mature,test,32
partner_182,APAC,Retail,Strategic,53,7,stable,4,1.8,45.8,34,0,1,0.0148,0,84757.3,12.86,76.09,0.4445,-0.2125,0,0.4286,11.94,0.0,0.0,mature,test,32
partner_183,NA,Retail,Certified,12,6,improving,5,3.2,75.8,93,3,1,0.3272,1,44582.2,-4.33,-2.54,0.1037,0.4782,0,0.75,-5.25,0.0,0.0,mature,test,32
partner_184,NA,Retail,Registered,56,7,declining,2,1.9,46.4,68,2,1,0.0777,0,7185.67,13.71,2.98,0.1014,0.0092,0,0.3191,12.79,0.0,0.0,mature,test,32
partner_185,LATAM,Retail,Certified,13,8,declining,0,4.7,59.3,25,4,0,0.0293,0,34237.33,19.33,38.39,0.2772,-0.0763,0,0.75,18.41,0.0,0.0,mature,test,32
partner_186,LATAM,Services,Registered,52,7,improving,0,1.1,76.9,15,3,0,0.0005,0,15933.61,3.1,60.89,0.4274,0.0285,0,0.9524,1.02,0.0,0.0,mature,test,32
partner_187,NA,Tech,Certified,25,7,improving,2,5.1,42.5,28,3,1,0.036,0,16787.06,-15.6,-23.17,0.2134,0.2996,0,0.2,-15.91,0.0,0.0,mature,test,32
partner_188,EMEA,Services,Certified,58,7,stable,4,1.9,40.5,72,1,0,0.1254,0,47227.89,14.31,8.76,0.189,0.3573,0,0.7941,12.23,0.0,0.0,mature,test,32
partner_189,LATAM,Retail,Registered,10,6,stable,2,4.5,78.5,15,2,0,0.0534,0,9267.05,-37.54,1.29,0.2191,0.9067,1,0.64,-38.46,3.06,0.0,mature,test,32
partner_190,EMEA,Manufacturing,Strategic,29,3,improving,2,2.2,24.6,33,0,1,0.1804,0,86394.97,-15.5,-21.21,0.2162,0.0227,0,0.6154,-17.39,0.0,0.0,mature,test,32
partner_191,APAC,Tech,Registered,55,9,improving,0,1.1,95.1,36,8,0,0.0003,0,18770.92,12.09,37.19,0.2324,0.0722,0,0.9231,11.78,0.0,0.0,mature,test,32
partner_192,EMEA,Tech,Certified,5,3,declining,7,4.7,51.5,103,0,1,0.6627,0,41085.45,1.28,1.75,0.2045,0.0045,0,0.52,-0.83,0.0,6.78,new_partner,test,32
partner_193,EMEA,Services,Certified,18,7,improving,2,3.1,56.6,27,1,0,0.0972,0,33748.09,-4.41,18.76,0.2597,0.0363,0,0.6176,-6.49,0.0,0.0,mature,test,32
partner_194,APAC,Services,Registered,7,9,stable,2,1.1,71.5,27,6,1,0.0031,0,3958.1,1.28,1.75,0.2045,0.0045,0,0.52,-0.83,0.0,-82.91,new_partner,test,32
partner_195,EMEA,Services,Certified,21,6,stable,0,4.6,82.0,24,2,1,0.0301,0,15769.72,3.04,-6.17,0.107,0.3299,0,0.2059,0.96,0.0,0.0,mature,test,32
partner_196,EMEA,Retail,Certified,25,7,improving,6,5.7,32.2,74,0,1,0.6377,1,28872.75,6.0,12.42,0.0932,0.0597,0,0.5152,5.08,0.0,0.0,mature,test,32
partner_197,NA,Retail,Registered,38,5,stable,5,3.6,43.3,84,8,0,0.1502,1,3834.1,-8.44,-35.78,0.3661,0.1189,0,0.0851,-9.36,0.0,0.0,mature,test,32
partner_198,APAC,Manufacturing,Certified,17,6,improving,5,1.8,41.4,56,1,1,0.2619,0,37624.61,0.51,43.03,0.2285,0.0233,0,0.7692,-1.38,0.0,0.0,mature,test,32
partner_199,EMEA,Retail,Registered,12,5,stable,3,4.8,54.9,44,0,0,0.0294,0,14097.81,3.84,11.44,0.1786,0.44,0,0.8372,2.92,0.0,0.0,mature,test,32
partner_200,NA,Manufacturing,Certified,12,8,improving,2,4.9,33.5,44,3,1,0.03,0,14224.9,-14.66,-31.88,0.2835,-0.049,0,0.2308,-16.55,0.0,0.0,mature,test,32
partner_201,LATAM,Manufacturing,Registered,57,8,improving,10,2.7,16.6,67,1,1,0.3165,0,6484.93,-21.83,16.54,0.2305,0.7499,1,0.3043,-23.72,15.32,0.0,mature,test,32
partner_202,APAC,Manufacturing,Strategic,58,5,stable,7,3.1,48.8,28,0,1,0.0724,0,144419.5,18.8,29.78,0.2863,0.4239,0,1.0,16.91,0.0,0.0,mature,test,32
partner_203,NA,Services,Strategic,15,8,improving,0,2.4,63.2,35,2,0,0.0899,0,140605.9,-3.54,-6.18,0.0779,-0.0833,0,1.0,-5.62,0.0,0.0,mature,test,32
partner_204,EMEA,Manufacturing,Registered,14,7,improving,1,2.5,65.0,32,0,0,0.003,0,8098.77,-10.76,-15.71,0.0793,-0.5208,0,0.5385,-12.65,0.0,0.0,mature,test,32
partner_205,EMEA,Retail,Registered,6,5,declining,4,2.2,42.7,18,0,1,0.1768,0,25458.24,1.28,1.75,0.2045,0.0045,0,0.52,-0.83,0.0,230.28,new_partner,test,32
partner_206,EMEA,Retail,Certified,58,6,stable,2,4.6,58.9,39,0,1,0.015,0,38933.45,17.28,49.71,0.2935,-0.2244,0,0.7879,16.36,0.0,0.0,mature,test,32
partner_207,EMEA,Manufacturing,Certified,43,9,stable,0,3.5,93.8,4,8,0,0.0002,0,22357.54,-15.87,-22.15,0.2757,-0.1252,0,0.619,-17.76,0.0,0.0,mature,test,32
partner_208,LATAM,Tech,Registered,47,4,declining,6,5.1,31.4,56,0,0,0.5321,0,5219.24,-8.88,-0.51,0.0826,0.0945,0,0.2258,-9.19,0.0,0.0,mature,test,32
partner_209,EMEA,Retail,Registered,19,7,improving,1,1.5,44.1,68,4,0,0.2278,0,5708.69,-3.38,-6.27,0.0965,-0.1051,0,0.186,-4.3,0.0,0.0,mature,test,32
partner_210,NA,Tech,Registered,40,5,stable,7,3.0,52.6,58,0,0,0.0807,0,20346.69,-11.34,-0.92,0.1127,0.0021,0,0.9487,-11.65,0.0,0.0,mature,test,32
partner_211,LATAM,Services,Strategic,6,10,stable,1,4.9,61.5,14,6,0,0.0008,0,44068.34,1.28,1.75,0.2045,0.0045,0,0.52,-0.83,0.0,8.32,new_partner,test,32
partner_212,NA,Services,Registered,42,4,stable,5,3.3,29.0,60,2,1,0.3129,0,10373.62,1.44,17.83,0.101,-0.0534,0,0.6591,-0.64,0.0,0.0,mature,test,32
partner_213,EMEA,Manufacturing,Strategic,36,6,improving,4,5.1,53.3,51,0,1,0.1001,0,50057.96,23.4,-1.16,0.23,0.7969,1,0.2308,21.51,-2.38,0.0,mature,test,32
partner_214,APAC,Tech,Registered,22,10,stable,3,0.5,50.9,18,4,0,0.0028,0,9011.64,2.93,-5.63,0.0948,-0.012,0,0.4231,2.62,0.0,0.0,mature,test,32
partner_215,LATAM,Retail,Strategic,44,4,declining,6,3.0,34.1,79,1,1,0.5802,1,63722.59,3.58,15.58,0.2336,0.8153,1,0.2222,2.66,12.11,0.0,mature,test,32
partner_216,LATAM,Tech,Registered,40,5,stable,1,6.1,42.7,84,0,1,0.2871,0,8950.53,-4.93,-8.19,0.0901,0.1914,0,0.4839,-5.24,0.0,0.0,mature,test,32
partner_217,EMEA,Tech,Registered,28,9,declining,0,1.0,85.8,41,10,0,0.0001,0,6637.01,-1.06,-1.31,0.0973,-0.1482,0,0.25,-1.37,0.0,0.0,mature,test,32
partner_218,EMEA,Manufacturing,Strategic,13,8,improving,4,2.0,67.6,33,5,1,0.0101,0,43436.03,10.92,7.17,0.0916,0.1799,0,0.1538,9.03,0.0,0.0,mature,test,32
partner_219,APAC,Manufacturing,Strategic,4,9,declining,2,3.3,85.7,36,4,0,0.0099,0,110414.97,1.28,1.75,0.2045,0.0045,0,0.52,-0.83,0.0,189.08,new_partner,test,32
partner_220,NA,Retail,Registered,57,8,stable,3,2.8,44.4,27,1,0,0.0022,0,5006.53,2.4,2.84,0.1054,-0.0195,0,0.1915,1.48,0.0,0.0,mature,test,32
partner_221,NA,Retail,Registered,19,6,improving,3,4.8,34.5,49,2,1,0.1126,0,16346.44,-5.94,5.28,0.2341,0.8823,1,0.9574,-6.86,5.93,0.0,mature,test,32
partner_222,NA,Retail,Registered,20,5,improving,5,2.5,35.8,16,2,1,0.0024,0,6469.26,-6.14,-2.77,0.0872,0.0176,0,0.2553,-7.06,0.0,0.0,mature,test,32
partner_223,LATAM,Services,Registered,42,6,improving,0,3.7,51.7,60,4,1,0.0302,0,6942.71,-2.8,-2.83,0.1892,0.8124,1,0.381,-4.88,-5.62,0.0,mature,test,32
partner_224,APAC,Manufacturing,Registered,17,10,stable,0,2.9,82.6,49,3,1,0.0024,0,5007.75,-18.97,-36.18,0.2869,-0.2416,0,0.1667,-20.86,0.0,0.0,mature,test,32
partner_225,EMEA,Retail,Strategic,24,4,declining,6,3.8,76.5,32,0,1,0.0647,0,116168.65,6.4,3.85,0.1536,0.6947,1,0.7857,5.48,-1.57,0.0,mature,test,32
partner_226,APAC,Services,Registered,44,8,improving,3,0.9,75.2,64,3,1,0.0044,0,3913.88,4.82,4.55,0.1111,0.0748,0,0.1613,2.74,0.0,0.0,mature,test,32
partner_227,EMEA,Tech,Certified,37,9,stable,1,2.1,40.3,41,3,1,0.0098,0,18239.42,-6.16,-8.99,0.2306,0.8888,1,0.3226,-6.47,-9.57,0.0,mature,test,32
partner_228,NA,Tech,Registered,41,8,stable,2,1.5,79.5,17,3,0,0.0005,0,6061.81,18.84,29.29,0.2032,0.3878,0,0.3077,18.53,0.0,0.0,mature,test,32
partner_229,LATAM,Services,Registered,3,6,declining,2,3.5,31.7,55,1,1,0.309,0,11064.22,1.28,1.75,0.2045,0.0045,0,0.52,-0.83,0.0,23.16,new_partner,test,32
partner_230,EMEA,Retail,Certified,29,6,declining,7,3.6,33.4,72,2,0,0.4463,1,21030.59,-18.36,7.41,0.2013,0.6192,1,0.2424,-19.28,0.05,0.0,mature,test,32
partner_231,EMEA,Retail,Registered,30,10,improving,0,0.5,100.0,19,5,0,0.0001,0,11346.07,42.09,5.01,0.2237,0.7858,1,0.6744,41.17,-1.87,0.0,mature,test,32
partner_232,NA,Manufacturing,Certified,39,10,declining,2,4.2,78.0,53,1,1,0.0189,0,27715.31,19.69,11.13,0.1672,0.5613,1,0.6154,17.8,4.88,0.0,mature,test,32
partner_233,APAC,Retail,Registered,11,7,stable,6,3.2,58.2,45,0,1,0.1904,0,15417.65,19.14,6.8,0.095,0.1684,0,0.871,18.22,0.0,0.0,mature,test,32
partner_234,NA,Manufacturing,Strategic,12,8,declining,6,3.9,39.5,27,2,0,0.0529,0,112815.45,-5.62,1.71,0.0854,-0.4582,0,0.8182,-7.51,0.0,0.0,mature,test,32
partner_235,APAC,Retail,Certified,47,7,stable,3,5.7,85.7,42,0,0,0.0184,0,96446.41,10.64,71.39,0.436,-0.3274,0,1.0,9.72,0.0,0.0,mature,test,32
partner_236,APAC,Retail,Strategic,42,9,improving,0,2.0,97.9,13,4,0,0.0001,0,143700.69,1.81,-2.7,0.1769,0.7262,1,0.7143,0.89,1.34,0.0,mature,test,32
partner_237,NA,Retail,Registered,50,3,declining,11,7.0,9.9,66,0,1,0.8717,1,4955.91,-13.27,-41.05,0.4078,-0.4399,0,0.1702,-14.19,0.0,0.0,mature,test,32
partner_238,LATAM,Tech,Registered,18,8,stable,2,2.5,100.0,13,2,0,0.0011,0,6029.2,-13.36,-0.06,0.1162,0.1527,0,0.2903,-13.67,0.0,0.0,mature,test,32
partner_239,EMEA,Retail,Registered,60,10,declining,0,3.3,84.5,0,2,0,0.0043,0,7730.71,-27.96,-5.35,0.2282,0.8005,1,0.4186,-28.88,-0.81,0.0,mature,test,32
partner_240,EMEA,Retail,Certified,18,7,improving,2,3.3,53.1,55,1,0,0.0336,0,30654.61,-1.08,0.13,0.1166,-0.054,0,0.5455,-2.0,0.0,0.0,mature,test,32
partner_241,APAC,Services,Registered,40,8,improving,2,1.0,53.0,19,5,0,0.0011,0,22384.76,7.97,37.82,0.2727,-0.2774,0,1.0,5.89,0.0,0.0,mature,test,32
partner_242,LATAM,Tech,Registered,12,6,stable,4,4.5,6.7,56,2,1,0.447,0,11189.18,-7.6,18.02,0.2199,0.0327,0,0.7419,-7.91,0.0,0.0,mature,test,32
partner_243,EMEA,Tech,Registered,56,2,improving,3,4.7,56.3,44,0,1,0.4929,1,10304.49,18.0,25.25,0.1754,0.7377,1,0.4688,17.69,15.05,0.0,mature,test,32
partner_244,NA,Retail,Registered,22,7,improving,5,4.1,37.4,46,0,1,0.396,0,10161.07,-5.24,7.9,0.1114,0.2199,0,0.6809,-6.16,0.0,0.0,mature,test,32
partner_245,LATAM,Tech,Registered,49,6,stable,1,2.4,46.5,21,2,1,0.0223,0,14327.99,8.26,58.71,0.3909,-0.4211,0,0.8387,7.95,0.0,0.0,mature,test,32
partner_246,APAC,Retail,Registered,22,7,declining,7,6.2,48.0,53,0,0,0.2224,0,13051.73,13.94,10.17,0.2374,0.8849,1,0.7742,13.02,-0.15,0.0,mature,test,32
partner_247,LATAM,Manufacturing,Registered,48,8,stable,1,3.3,63.1,13,3,1,0.0023,0,9211.76,12.71,47.35,0.3859,0.0089,0,0.5652,10.82,0.0,0.0,mature,test,32
partner_248,NA,Retail,Certified,29,6,declining,8,4.0,41.5,39,0,1,0.1025,0,29995.18,-2.75,16.45,0.1987,0.784,1,0.3929,-3.67,3.37,0.0,mature,test,32
partner_249,NA,Services,Registered,6,6,improving,2,5.3,47.9,29,2,1,0.0297,0,3167.72,1.28,1.75,0.2045,0.0045,0,0.52,-0.83,0.0,-78.39,new_partner,test,32
partner_250,NA,Services,Registered,14,5,stable,5,6.3,20.1,33,1,1,0.3242,0,6148.28,19.24,56.19,0.3516,-0.1936,0,0.2727,17.16,0.0,0.0,mature,test,32
partner_251,LATAM,Retail,Certified,42,6,improving,1,3.4,53.2,11,5,0,0.0188,0,25893.01,4.07,22.41,0.1819,-0.0678,0,0.5714,3.15,0.0,0.0,mature,test,32
partner_252,APAC,Retail,Certified,14,4,stable,2,2.4,42.8,58,0,0,0.0183,0,32344.37,-11.36,-11.19,0.1002,-0.0354,0,0.6875,-12.28,0.0,0.0,mature,test,32
partner_253,NA,Retail,Registered,18,5,stable,6,5.1,11.8,30,0,1,0.3857,0,14347.71,-2.72,9.21,0.0898,-0.046,0,0.9362,-3.64,0.0,0.0,mature,test,32
partner_254,EMEA,Manufacturing,Certified,34,7,stable,6,3.6,30.0,55,0,1,0.5187,1,16369.5,1.21,3.49,0.1002,0.0297,0,0.2381,-0.68,0.0,0.0,mature,test,32
partner_255,EMEA,Retail,Strategic,17,10,stable,1,4.8,98.7,44,7,0,0.0001,0,97882.17,12.61,-1.28,0.1155,-0.3759,0,0.5714,11.69,0.0,0.0,mature,test,32
partner_256,LATAM,Services,Certified,10,9,improving,4,2.4,50.3,27,0,0,0.011,0,21057.4,-4.37,-36.12,0.3974,0.1047,0,0.381,-6.45,0.0,0.0,mature,test,32
partner_257,APAC,Services,Strategic,39,6,declining,1,5.5,81.2,43,1,0,0.2187,0,99960.52,-0.38,12.75,0.1878,0.0535,0,0.6364,-2.46,0.0,0.0,mature,test,32
partner_258,EMEA,Services,Certified,42,1,declining,6,4.8,44.4,60,0,1,0.9538,1,32069.61,-0.25,43.07,0.2879,-0.148,0,0.5294,-2.33,0.0,0.0,mature,test,32
partner_259,EMEA,Tech,Registered,45,4,stable,2,3.8,51.1,55,2,0,0.0421,0,20516.54,16.49,15.31,0.1805,0.6864,1,0.875,16.18,8.68,0.0,mature,test,32
partner_260,NA,Services,Registered,57,5,declining,1,3.3,28.4,20,1,0,0.1527,0,13204.87,21.94,41.72,0.3027,-0.0775,0,0.8864,19.86,0.0,0.0,mature,test,32
partner_261,EMEA,Retail,Certified,10,8,declining,2,3.8,45.0,49,2,1,0.0794,0,37400.72,7.64,6.75,0.2101,0.5327,1,0.7576,6.72,-0.43,0.0,mature,test,32
partner_262,APAC,Tech,Strategic,27,6,declining,4,2.5,57.2,46,1,1,0.3767,0,63057.51,-6.13,-21.38,0.277,-0.1054,0,0.1818,-6.44,0.0,0.0,mature,test,32
partner_263,NA,Tech,Registered,16,6,improving,6,3.2,68.9,89,1,0,0.1564,0,10284.09,7.32,34.41,0.2959,0.0812,0,0.5641,7.01,0.0,0.0,mature,test,32
partner_264,EMEA,Services,Registered,55,10,stable,1,0.5,83.5,0,5,0,0.0001,0,18052.44,-11.22,34.36,0.2733,0.254,0,0.9286,-13.3,0.0,0.0,mature,test,32
partner_265,APAC,Manufacturing,Certified,34,3,declining,12,2.7,14.4,63,0,1,0.8905,1,35384.3,15.32,24.24,0.2127,0.2498,0,0.6154,13.43,0.0,0.0,mature,test,32
partner_266,EMEA,Services,Registered,8,8,improving,0,1.2,87.6,19,5,0,0.0001,0,6504.35,1.28,1.75,0.2045,0.0045,0,0.52,-0.83,0.0,-57.22,new_partner,test,32
partner_267,EMEA,Retail,Certified,43,8,stable,2,5.3,53.0,55,1,0,0.0175,0,14794.81,-4.48,7.43,0.095,0.1393,0,0.1515,-5.4,0.0,0.0,mature,test,32
partner_268,EMEA,Services,Certified,5,5,declining,7,5.4,0.9,59,0,1,0.6655,1,36094.35,1.28,1.75,0.2045,0.0045,0,0.52,-0.83,0.0,-20.84,new_partner,test,32
partner_269,EMEA,Tech,Certified,18,8,declining,3,2.6,61.4,55,2,1,0.0988,0,53346.52,-1.02,2.23,0.1072,-0.2721,0,0.871,-1.33,0.0,0.0,mature,test,32
partner_270,EMEA,Tech,Strategic,44,10,improving,0,5.7,74.9,15,5,0,0.0003,0,64910.28,14.71,-9.18,0.1186,-0.1977,0,0.4,14.4,0.0,0.0,mature,test,32
partner_271,EMEA,Services,Certified,32,5,declining,5,1.0,51.9,57,0,0,0.421,1,26247.58,-15.22,9.58,0.1898,0.8337,1,0.4412,-17.3,8.0,0.0,mature,test,32
partner_272,EMEA,Tech,Certified,47,6,stable,1,4.1,35.2,8,1,1,0.0793,0,18140.01,17.95,16.2,0.2571,0.851,1,0.2581,17.64,4.36,0.0,mature,test,32
partner_273,EMEA,Tech,Certified,36,4,declining,8,3.1,26.1,65,0,1,0.8781,1,18157.84,1.72,2.37,0.0879,-0.1973,0,0.2903,1.41,0.0,0.0,mature,test,32
partner_274,NA,Manufacturing,Certified,51,6,improving,3,3.5,71.1,70,3,1,0.0333,1,31945.81,-11.99,-2.15,0.1099,-0.0115,0,0.7692,-13.88,0.0,0.0,mature,test,32
partner_275,LATAM,Retail,Strategic,35,5,stable,3,2.8,34.5,26,0,1,0.125,0,59203.41,11.42,9.82,0.2101,0.9379,1,0.1111,10.5,3.95,0.0,mature,test,32
partner_276,NA,Tech,Registered,6,6,improving,4,3.3,32.0,43,3,0,0.1554,0,6336.27,1.28,1.75,0.2045,0.0045,0,0.52,-0.83,0.0,-74.37,new_partner,test,32
partner_277,NA,Retail,Certified,7,5,improving,1,4.3,56.1,18,3,1,0.0624,0,40988.59,1.28,1.75,0.2045,0.0045,0,0.52,-0.83,0.0,-0.14,new_partner,test,32
partner_278,NA,Retail,Registered,48,9,improving,0,1.7,88.5,26,4,0,0.001,0,7866.36,11.97,63.15,0.3745,-0.1213,0,0.4468,11.05,0.0,0.0,mature,test,32
partner_279,APAC,Services,Strategic,5,7,declining,1,2.2,79.4,33,3,1,0.01,0,63196.75,1.28,1.75,0.2045,0.0045,0,0.52,-0.83,0.0,58.1,new_partner,test,32
partner_280,APAC,Manufacturing,Certified,24,5,stable,5,2.4,35.9,70,0,0,0.0677,0,27544.72,-28.18,4.19,0.2331,0.9024,1,0.4615,-30.07,-6.74,0.0,mature,test,32
partner_281,EMEA,Tech,Registered,3,3,stable,8,6.5,22.8,66,0,0,0.737,1,7614.04,1.28,1.75,0.2045,0.0045,0,0.52,-0.83,0.0,-68.93,new_partner,test,32
partner_282,EMEA,Tech,Registered,20,4,declining,6,4.8,28.0,62,0,1,0.9394,1,9863.57,-9.56,-7.64,0.0972,-0.1728,0,0.375,-9.87,0.0,0.0,mature,test,32
partner_283,EMEA,Tech,Registered,37,5,declining,3,1.5,48.0,36,3,1,0.0782,0,12291.89,11.11,-6.52,0.2468,0.8388,1,0.6875,10.8,-13.94,0.0,mature,test,32
partner_284,EMEA,Manufacturing,Certified,13,7,stable,3,0.5,69.5,35,5,1,0.0289,0,75723.73,14.2,55.7,0.2725,-0.2737,0,1.0,12.31,0.0,0.0,mature,test,32
partner_285,NA,Services,Registered,30,5,stable,2,4.6,39.3,51,1,0,0.1654,0,3829.45,-8.57,-32.06,0.3786,0.2711,0,0.1136,-10.65,0.0,0.0,mature,test,32
partner_286,NA,Services,Registered,60,7,improving,5,2.6,43.2,42,1,1,0.0211,0,12873.44,-21.56,21.83,0.2352,0.8219,1,0.8636,-23.64,10.0,0.0,mature,test,32
partner_287,EMEA,Tech,Strategic,7,5,stable,3,5.1,7.7,89,0,1,0.8736,1,107232.8,1.28,1.75,0.2045,0.0045,0,0.52,-0.83,0.0,214.66,new_partner,test,32
partner_288,NA,Tech,Certified,6,8,declining,6,7.9,44.2,68,2,0,0.2161,0,79285.94,1.28,1.75,0.2045,0.0045,0,0.52,-0.83,0.0,232.17,new_partner,test,32
partner_289,NA,Tech,Registered,18,3,stable,7,5.5,52.1,87,1,0,0.7672,1,3666.71,1.32,-21.72,0.3024,-0.3843,0,0.0769,1.01,0.0,0.0,mature,test,32
partner_290,EMEA,Manufacturing,Registered,50,6,declining,1,3.3,47.4,13,4,1,0.0044,0,5185.0,2.44,0.78,0.0885,-0.3185,0,0.2308,0.55,0.0,0.0,mature,test,32
partner_291,APAC,Tech,Strategic,26,5,improving,1,1.2,32.4,27,2,0,0.0225,0,121198.03,-1.07,35.49,0.2847,0.1682,0,0.7273,-1.38,0.0,0.0,mature,test,32
partner_292,EMEA,Manufacturing,Certified,40,8,improving,3,5.2,88.5,51,2,1,0.0173,0,15891.07,-4.24,-22.22,0.2026,0.1161,0,0.1905,-6.13,0.0,0.0,mature,test,32
partner_293,APAC,Manufacturing,Certified,4,6,improving,3,4.3,39.0,30,2,1,0.2294,0,41421.51,1.28,1.75,0.2045,0.0045,0,0.52,-0.83,0.0,62.14,new_partner,test,32
partner_294,EMEA,Tech,Registered,45,6,improving,2,6.7,75.6,65,2,0,0.0782,0,11437.23,6.26,44.18,0.2727,-0.0793,0,0.5938,5.95,0.0,0.0,mature,test,32
partner_295,APAC,Tech,Registered,6,6,stable,1,2.8,62.9,37,2,0,0.0219,0,11287.59,1.28,1.75,0.2045,0.0045,0,0.52,-0.83,0.0,-10.24,new_partner,test,32
partner_296,APAC,Tech,Registered,44,6,declining,6,2.7,60.2,54,0,0,0.0892,0,9685.06,15.31,-0.73,0.1171,0.4689,0,0.5769,15.0,0.0,0.0,mature,test,32
partner_297,APAC,Retail,Certified,11,6,declining,1,6.1,47.9,38,2,1,0.6496,1,47299.61,-0.44,9.82,0.2168,0.8406,1,0.875,-1.36,-0.53,0.0,mature,test,32
partner_298,APAC,Retail,Registered,52,5,declining,4,4.8,19.5,54,0,1,0.5054,0,3401.92,33.23,8.78,0.1975,0.6805,1,0.0323,32.31,16.58,0.0,mature,test,32
partner_299,LATAM,Manufacturing,Registered,20,6,stable,2,6.2,13.9,85,2,0,0.7089,0,3398.96,4.67,-21.54,0.2484,-0.0895,0,0.087,2.78,0.0,0.0,mature,test,32
partner_300,LATAM,Tech,Certified,13,5,improving,5,2.2,42.3,75,1,0,0.0964,0,29652.5,18.92,29.51,0.2704,0.2216,0,0.7059,18.61,0.0,0.0,mature,test,32
partner_301,LATAM,Retail,Strategic,22,6,improving,6,2.5,68.2,91,1,1,0.1957,0,99032.09,15.18,13.57,0.2249,-0.2021,0,0.5556,14.26,0.0,0.0,mature,test,32
partner_302,EMEA,Manufacturing,Certified,3,9,improving,0,0.8,74.0,67,1,1,0.0009,0,26624.81,1.28,1.75,0.2045,0.0045,0,0.52,-0.83,0.0,-28.91,new_partner,test,32
partner_303,NA,Services,Registered,12,4,declining,8,0.5,57.1,49,1,1,0.2387,0,6456.5,-9.73,-28.44,0.2756,-0.062,0,0.2955,-11.81,0.0,0.0,mature,test,32
partner_304,NA,Retail,Registered,37,4,declining,3,3.6,26.9,33,1,1,0.4532,0,8347.18,-10.07,51.82,0.3456,-0.1377,0,0.5106,-10.99,0.0,0.0,mature,test,32
partner_305,APAC,Services,Registered,20,8,declining,0,0.5,92.9,27,4,0,0.0017,0,16146.04,8.86,49.97,0.3829,-0.2648,0,0.9032,6.78,0.0,0.0,mature,test,32
partner_306,NA,Services,Registered,23,6,stable,5,3.2,72.0,39,2,1,0.0488,0,9113.59,0.72,57.34,0.4191,-0.0937,0,0.5,-1.36,0.0,0.0,mature,test,32
partner_307,NA,Manufacturing,Certified,49,9,improving,0,0.9,93.2,0,15,0,0.0002,0,13598.73,-8.69,-6.37,0.0915,0.1274,0,0.1538,-10.58,0.0,0.0,mature,test,32
partner_308,LATAM,Manufacturing,Registered,10,4,stable,2,3.7,46.4,78,0,1,0.6113,1,6186.42,-5.74,-1.83,0.0949,0.2722,0,0.2609,-7.63,0.0,0.0,mature,test,32
partner_309,EMEA,Retail,Certified,25,6,declining,5,4.2,46.9,18,7,1,0.1708,0,52045.87,-19.89,24.68,0.2073,0.7527,1,0.9091,-20.81,16.08,0.0,mature,test,32
partner_310,EMEA,Services,Strategic,13,9,improving,0,1.2,99.4,0,9,0,0.0002,0,60341.22,5.23,1.18,0.0982,0.2225,0,0.3333,3.15,0.0,0.0,mature,test,32
partner_311,NA,Tech,Strategic,31,5,declining,2,6.1,33.6,63,0,0,0.5001,0,76806.08,1.34,-5.69,0.0853,-0.1438,0,0.6667,1.03,0.0,0.0,mature,test,32
partner_312,NA,Services,Registered,22,5,stable,2,6.9,36.4,58,1,1,0.3157,1,13430.01,-2.18,48.9,0.357,0.1037,0,0.9318,-4.26,0.0,0.0,mature,test,32
partner_313,EMEA,Manufacturing,Registered,5,5,improving,4,4.0,36.7,46,5,1,0.1789,0,6905.36,1.28,1.75,0.2045,0.0045,0,0.52,-0.83,0.0,-66.52,new_partner,test,32
partner_314,NA,Retail,Registered,7,6,improving,4,4.5,36.8,49,2,1,0.5125,1,12888.18,1.28,1.75,0.2045,0.0045,0,0.52,-0.83,0.0,72.12,new_partner,test,32
partner_315,NA,Retail,Registered,52,9,improving,0,3.6,40.6,41,3,1,0.0182,0,10550.33,1.53,4.65,0.0992,-0.2585,0,0.7447,0.61,0.0,0.0,mature,test,32
partner_316,NA,Manufacturing,Registered,6,8,declining,0,5.2,100.0,9,3,0,0.0,0,7223.36,1.28,1.75,0.2045,0.0045,0,0.52,-0.83,0.0,-72.82,new_partner,test,32
partner_317,NA,Manufacturing,Registered,48,6,stable,4,2.3,23.1,60,0,1,0.4357,1,7281.54,-3.48,-19.53,0.1946,-0.1337,0,0.3333,-5.37,0.0,0.0,mature,test,32
partner_318,LATAM,Retail,Certified,56,5,improving,9,3.7,54.5,55,0,1,0.7129,1,9902.61,2.1,-23.95,0.3693,-0.5051,0,0.0357,1.18,0.0,0.0,mature,test,32
partner_319,EMEA,Manufacturing,Registered,30,4,stable,7,3.5,0.0,74,0,1,0.7857,0,8556.25,-14.64,-6.1,0.092,0.3145,0,0.6538,-16.53,0.0,0.0,mature,test,32
partner_320,APAC,Services,Strategic,21,9,stable,4,1.5,61.6,47,1,0,0.0034,0,65002.34,8.52,-2.08,0.0959,-0.0736,0,0.4545,6.44,0.0,0.0,mature,test,32
partner_321,APAC,Tech,Registered,48,8,improving,1,1.7,67.7,27,7,1,0.0003,0,9574.21,8.63,11.98,0.0913,-0.3335,0,0.5,8.32,0.0,0.0,mature,test,32
partner_322,NA,Tech,Registered,59,6,stable,6,2.1,77.7,67,1,0,0.0393,0,14452.25,1.8,18.28,0.1054,-0.236,0,0.7949,1.49,0.0,0.0,mature,test,32
partner_323,NA,Retail,Registered,9,10,improving,0,1.8,94.7,0,5,0,0.0,0,8981.98,-7.51,-3.56,0.0992,-0.1869,0,0.617,-8.43,0.0,0.0,mature,test,32
partner_324,NA,Services,Registered,58,6,stable,1,3.9,44.6,32,2,0,0.0745,0,13223.03,11.53,29.46,0.236,-0.2074,0,0.9091,9.45,0.0,0.0,mature,test,32
partner_325,APAC,Tech,Registered,57,3,improving,3,4.6,34.2,26,0,1,0.2299,1,5701.38,-12.04,0.73,0.0897,0.3232,0,0.2692,-12.35,0.0,0.0,mature,test,32
partner_326,LATAM,Services,Strategic,11,10,improving,0,2.0,100.0,0,7,0,0.0,0,32309.12,-18.0,-46.51,0.4065,0.062,0,0.2857,-20.08,0.0,0.0,mature,test,32
partner_327,APAC,Tech,Registered,6,7,improving,4,5.4,82.9,20,5,1,0.0304,0,15296.93,1.28,1.75,0.2045,0.0045,0,0.52,-0.83,0.0,91.31,new_partner,test,32
partner_328,NA,Manufacturing,Registered,44,4,improving,3,4.1,43.8,50,1,0,0.0454,0,7996.79,-9.16,-43.45,0.4218,-0.2655,0,0.4545,-11.05,0.0,0.0,mature,test,32
partner_329,LATAM,Retail,Certified,7,8,improving,4,0.7,44.5,18,2,0,0.0052,0,25395.93,1.28,1.75,0.2045,0.0045,0,0.52,-0.83,0.0,-33.27,new_partner,test,32
partner_330,EMEA,Retail,Registered,37,6,improving,4,3.1,33.0,30,1,0,0.3703,1,14756.51,5.76,4.17,0.1927,0.7426,1,0.8837,4.84,-2.68,0.0,mature,test,32
partner_331,LATAM,Services,Certified,6,5,declining,4,2.8,55.7,56,2,1,0.51,1,18872.22,1.28,1.75,0.2045,0.0045,0,0.52,-0.83,0.0,-49.28,new_partner,test,32
partner_332,EMEA,Tech,Registered,43,3,declining,5,7.3,3.0,32,0,1,0.9798,1,9050.31,8.76,8.83,0.1095,0.2026,0,0.3438,8.45,0.0,0.0,mature,test,32
partner_333,LATAM,Tech,Certified,16,4,stable,9,4.6,25.2,34,0,1,0.747,1,16638.59,-10.52,-28.29,0.2961,-0.3353,0,0.2353,-10.83,0.0,0.0,mature,test,32
partner_334,APAC,Services,Registered,8,5,improving,0,2.4,29.8,30,1,1,0.1854,1,3158.49,1.28,1.75,0.2045,0.0045,0,0.52,-0.83,0.0,-84.8,new_partner,test,32
partner_335,EMEA,Services,Registered,6,6,stable,4,2.2,41.3,54,4,0,0.3189,0,24222.4,1.28,1.75,0.2045,0.0045,0,0.52,-0.83,0.0,288.1,new_partner,test,32
partner_336,LATAM,Services,Certified,13,6,declining,5,3.5,50.1,35,1,0,0.0951,0,8083.1,3.03,-33.41,0.3495,-0.117,0,0.0952,0.95,0.0,0.0,mature,test,32
partner_337,EMEA,Retail,Strategic,34,10,improving,0,0.5,91.7,4,6,0,0.0001,0,183641.7,27.82,-2.44,0.254,0.8795,1,1.0,26.9,-10.16,0.0,mature,test,32
partner_338,LATAM,Manufacturing,Registered,7,6,stable,2,2.6,62.1,58,2,1,0.0656,0,45094.83,1.28,1.75,0.2045,0.0045,0,0.52,-0.83,0.0,300.0,new_partner,test,32
partner_339,EMEA,Services,Certified,49,5,stable,3,4.6,76.7,46,1,0,0.3422,0,20927.17,6.12,8.51,0.101,0.1932,0,0.3235,4.04,0.0,0.0,mature,test,32
partner_340,APAC,Tech,Registered,38,7,declining,3,3.2,100.0,77,1,0,0.0146,0,14127.71,13.41,42.0,0.2265,-0.1436,0,0.8077,13.1,0.0,0.0,mature,test,32
partner_341,EMEA,Retail,Registered,20,7,declining,3,3.0,74.9,36,3,0,0.027,0,8004.03,-31.58,-3.52,0.2292,0.8119,1,0.4419,-32.5,-12.45,0.0,mature,test,32
partner_342,APAC,Services,Registered,60,6,declining,8,5.3,53.5,79,0,0,0.4194,0,11807.3,-3.57,10.9,0.1065,-0.4139,0,0.7419,-5.65,0.0,0.0,mature,test,32
partner_343,APAC,Tech,Certified,41,7,stable,1,3.1,69.4,28,2,1,0.0033,0,20192.33,-9.03,-7.54,0.0928,0.0039,0,0.1875,-9.34,0.0,0.0,mature,test,32
partner_344,NA,Manufacturing,Registered,41,8,declining,0,2.3,73.0,27,4,1,0.0476,0,10583.42,3.89,4.78,0.0851,0.2744,0,0.7879,2.0,0.0,0.0,mature,test,32
partner_345,LATAM,Services,Certified,13,5,declining,2,5.9,69.8,29,1,0,0.1611,0,65254.4,7.05,3.96,0.2079,0.8865,1,0.8571,4.97,7.07,0.0,mature,test,32
partner_346,LATAM,Manufacturing,Registered,44,4,stable,7,5.1,20.5,67,0,1,0.7933,1,7540.17,-2.36,-41.3,0.4457,-0.2235,0,0.3913,-4.25,0.0,0.0,mature,test,32
partner_347,APAC,Tech,Strategic,35,7,improving,9,3.1,39.9,20,2,1,0.0031,0,67092.94,-2.21,-4.81,0.1045,0.1249,0,0.3636,-2.52,0.0,0.0,mature,test,32
partner_348,EMEA,Tech,Certified,60,5,improving,2,6.2,24.8,56,0,1,0.3625,0,17387.03,7.16,7.79,0.109,0.0146,0,0.2258,6.85,0.0,0.0,mature,test,32
partner_349,NA,Tech,Registered,30,6,declining,5,4.6,27.5,44,0,1,0.7636,0,9391.26,2.25,17.37,0.1658,-0.0439,0,0.5128,1.94,0.0,0.0,mature,test,32
partner_350,EMEA,Retail,Registered,42,7,stable,4,4.0,54.0,64,4,1,0.2696,0,6764.82,-12.23,-32.98,0.3538,0.1471,0,0.3256,-13.15,0.0,0.0,mature,test,32
partner_351,LATAM,Services,Registered,22,6,stable,3,2.2,45.8,14,3,1,0.0046,0,4515.48,-16.63,-40.15,0.3289,0.1945,0,0.0952,-18.71,0.0,0.0,mature,test,32
partner_352,EMEA,Services,Strategic,5,5,stable,8,5.6,21.6,80,0,1,0.7362,1,105136.14,1.28,1.75,0.2045,0.0045,0,0.52,-0.83,0.0,279.72,new_partner,test,32
partner_353,NA,Retail,Registered,10,5,improving,13,4.3,32.0,48,0,1,0.4571,1,7338.95,-16.84,-13.23,0.2577,0.2411,0,0.3404,-17.76,0.0,0.0,mature,test,32
partner_354,NA,Tech,Certified,53,6,improving,8,3.3,57.0,59,0,1,0.0689,0,16198.78,-16.69,-32.01,0.3143,-0.6631,0,0.1667,-17.0,0.0,0.0,mature,test,32
partner_355,NA,Services,Registered,45,3,stable,1,2.7,50.8,67,3,1,0.2256,0,8831.51,9.19,4.48,0.0995,-0.187,0,0.4545,7.11,0.0,0.0,mature,test,32
partner_356,NA,Retail,Certified,24,6,declining,1,4.7,19.9,35,0,1,0.1832,0,10151.85,-24.35,-44.04,0.3768,0.2842,0,0.0714,-25.27,0.0,0.0,mature,test,32
partner_357,LATAM,Tech,Registered,43,5,stable,4,5.2,82.4,33,2,1,0.2204,0,4467.71,-7.95,-4.0,0.0849,0.2813,0,0.1613,-8.26,0.0,0.0,mature,test,32
partner_358,LATAM,Tech,Certified,3,6,improving,4,3.7,20.8,99,1,1,0.8416,1,17727.95,1.28,1.75,0.2045,0.0045,0,0.52,-0.83,0.0,-71.12,new_partner,test,32
partner_359,NA,Manufacturing,Strategic,5,4,improving,9,5.8,39.4,42,0,1,0.6851,0,99024.34,1.28,1.75,0.2045,0.0045,0,0.52,-0.83,0.0,132.2,new_partner,test,32
partner_360,NA,Retail,Registered,32,9,declining,1,2.2,99.2,0,6,1,0.0002,0,8575.28,10.16,53.09,0.33,-0.2482,0,0.5745,9.24,0.0,0.0,mature,test,32
partner_361,APAC,Manufacturing,Certified,39,6,stable,1,5.0,60.0,40,1,0,0.1438,1,7260.44,-6.11,-36.77,0.4204,-0.2626,0,0.0769,-8.0,0.0,0.0,mature,test,32
partner_362,EMEA,Tech,Registered,57,4,declining,4,7.7,49.7,43,0,0,0.456,0,24547.28,-6.04,54.8,0.4063,-0.303,0,0.9062,-6.35,0.0,0.0,mature,test,32
partner_363,EMEA,Manufacturing,Registered,47,4,declining,3,3.1,56.5,53,1,0,0.8797,0,5894.02,-4.9,-4.82,0.1035,-0.0001,0,0.3846,-6.79,0.0,0.0,mature,test,32
partner_364,EMEA,Retail,Strategic,17,7,stable,3,0.6,38.7,52,4,0,0.0092,0,101881.86,2.86,-15.72,0.2463,0.0265,0,0.7143,1.94,0.0,0.0,mature,test,32
partner_365,LATAM,Tech,Certified,50,6,stable,3,2.0,69.4,24,1,0,0.0011,0,42020.56,-24.75,13.32,0.2031,0.7754,1,0.8235,-25.06,7.77,0.0,mature,test,32
partner_366,NA,Tech,Certified,31,7,stable,6,5.5,38.9,17,2,1,0.2103,0,5741.58,-0.99,-20.84,0.3073,-0.0801,0,0.0333,-1.3,0.0,0.0,mature,test,32
partner_367,LATAM,Retail,Registered,50,10,stable,1,0.7,97.7,11,6,1,0.0,0,7303.74,-9.44,-1.82,0.0881,-0.0978,0,0.6,-10.36,0.0,0.0,mature,test,32
partner_368,LATAM,Retail,Registered,13,9,improving,2,0.9,82.2,57,4,0,0.0047,0,2608.2,-4.91,-17.96,0.2125,-0.0926,0,0.04,-5.83,0.0,0.0,mature,test,32
partner_369,NA,Retail,Registered,4,6,improving,2,5.6,44.8,29,2,0,0.0077,0,8355.46,1.28,1.75,0.2045,0.0045,0,0.52,-0.83,0.0,-79.04,new_partner,test,32
partner_370,APAC,Tech,Certified,6,6,improving,0,3.5,62.0,74,0,1,0.0005,0,27447.6,1.28,1.75,0.2045,0.0045,0,0.52,-0.83,0.0,-46.52,new_partner,test,32
partner_371,LATAM,Retail,Registered,60,4,declining,10,4.9,32.6,104,0,1,0.9057,1,6931.62,-5.5,-21.31,0.2399,0.0838,0,0.56,-6.42,0.0,0.0,mature,test,32
partner_372,EMEA,Services,Registered,7,7,declining,3,3.3,77.0,57,3,1,0.4083,0,24024.47,1.28,1.75,0.2045,0.0045,0,0.52,-0.83,0.0,247.49,new_partner,test,32
partner_373,NA,Tech,Registered,57,5,improving,6,5.4,71.5,43,1,0,0.073,0,6583.33,4.35,50.52,0.3591,0.1704,0,0.3846,4.04,0.0,0.0,mature,test,32
partner_374,NA,Services,Registered,45,7,declining,1,2.1,56.1,49,2,0,0.0199,0,10741.4,20.1,55.57,0.4006,-0.0889,0,0.7273,18.02,0.0,0.0,mature,test,32
partner_375,EMEA,Services,Registered,11,7,improving,4,5.1,53.9,52,4,0,0.0112,0,15865.97,-9.61,-0.66,0.202,0.8579,1,0.8333,-11.69,-10.5,0.0,mature,test,32
partner_376,EMEA,Retail,Registered,53,10,improving,1,2.3,74.0,0,5,1,0.0001,0,16263.28,0.03,7.29,0.0786,0.2207,0,0.907,-0.89,0.0,0.0,mature,test,32
partner_377,APAC,Manufacturing,Strategic,11,8,improving,3,6.4,38.6,50,2,1,0.2417,0,102210.62,9.69,37.42,0.204,-0.0363,0,0.5,7.8,0.0,0.0,mature,test,32
partner_378,NA,Services,Certified,11,5,declining,2,4.6,42.9,12,2,1,0.0456,0,36765.51,-12.39,8.84,0.2518,0.859,1,0.55,-14.47,15.07,0.0,mature,test,32
partner_379,NA,Manufacturing,Registered,36,2,stable,9,6.5,13.6,58,0,0,0.8419,1,8016.57,6.52,34.25,0.2255,-0.0917,0,0.4848,4.63,0.0,0.0,mature,test,32
partner_380,LATAM,Tech,Certified,19,5,stable,1,3.5,52.3,30,2,0,0.0249,0,19472.45,-10.58,-24.95,0.2438,-0.4491,0,0.4118,-10.89,0.0,0.0,mature,test,32
partner_381,NA,Tech,Certified,19,9,declining,1,3.9,36.2,42,3,1,0.0348,0,19836.39,-2.72,-13.2,0.094,-0.1116,0,0.3333,-3.03,0.0,0.0,mature,test,32
partner_382,APAC,Retail,Registered,14,10,improving,0,0.6,100.0,13,6,0,0.0001,0,14103.81,41.8,-2.26,0.2261,0.8666,1,0.8065,40.88,-1.59,0.0,mature,test,32
partner_383,LATAM,Tech,Registered,38,9,improving,0,3.2,53.6,18,4,0,0.0004,0,9845.54,-14.79,-6.29,0.1039,-0.1063,0,0.6129,-15.1,0.0,0.0,mature,test,32
partner_384,NA,Services,Registered,4,8,stable,1,2.1,52.3,17,4,0,0.0041,0,3482.08,1.28,1.75,0.2045,0.0045,0,0.52,-0.83,0.0,-82.83,new_partner,test,32
partner_385,NA,Services,Registered,17,6,declining,4,5.7,40.0,43,1,1,0.9212,1,10997.6,-4.02,16.29,0.2075,0.6962,1,0.75,-6.1,11.37,0.0,mature,test,32
partner_386,APAC,Retail,Certified,35,7,improving,3,5.8,68.0,78,1,1,0.0616,0,74272.01,8.37,66.42,0.4706,-0.2202,0,0.9375,7.45,0.0,0.0,mature,test,32
partner_387,LATAM,Manufacturing,Strategic,31,5,stable,3,4.4,40.1,53,2,1,0.5823,1,50978.85,26.18,0.61,0.1983,0.5985,1,0.5,24.29,9.89,0.0,mature,test,32
partner_388,APAC,Tech,Registered,43,5,improving,3,4.9,52.3,19,3,0,0.0013,0,4521.88,6.99,-0.9,0.1097,-0.1349,0,0.1154,6.68,0.0,0.0,mature,test,32
partner_389,EMEA,Services,Certified,15,7,declining,3,3.8,65.7,24,2,0,0.0047,0,48948.97,19.19,9.82,0.2325,0.8344,1,0.8529,17.11,5.74,0.0,mature,test,32
partner_390,APAC,Retail,Registered,40,7,improving,2,4.0,66.7,49,4,0,0.0009,0,6050.5,-6.84,-28.05,0.303,-0.3282,0,0.3226,-7.76,0.0,0.0,mature,test,32
partner_391,LATAM,Services,Certified,47,4,stable,5,4.3,26.6,61,0,1,0.9015,0,33499.65,18.98,48.42,0.3134,-0.0573,0,0.619,16.9,0.0,0.0,mature,test,32
partner_392,EMEA,Services,Certified,25,8,improving,2,3.2,71.1,40,7,1,0.0108,0,34821.73,-2.95,0.26,0.0819,-0.277,0,0.6471,-5.03,0.0,0.0,mature,test,32
partner_393,NA,Retail,Registered,17,1,stable,13,7.1,25.3,83,0,0,0.9412,1,10795.55,-0.31,1.27,0.0969,0.2792,0,0.766,-1.23,0.0,0.0,mature,test,32
partner_394,LATAM,Retail,Registered,35,6,stable,3,3.9,37.3,42,1,1,0.129,0,6853.53,6.72,8.85,0.0975,0.101,0,0.48,5.8,0.0,0.0,mature,test,32
partner_395,EMEA,Services,Certified,36,9,improving,2,2.6,64.1,46,5,0,0.0002,0,33380.91,-34.96,9.18,0.2299,0.8113,1,0.5882,-37.04,1.25,0.0,mature,test,32
partner_396,NA,Retail,Strategic,8,6,stable,5,4.8,27.7,62,0,1,0.344,0,81631.84,1.28,1.75,0.2045,0.0045,0,0.52,-0.83,0.0,100.02,new_partner,test,32
partner_397,APAC,Tech,Registered,35,9,improving,1,5.8,61.1,67,2,1,0.0715,0,4713.01,-17.99,-34.73,0.3148,-0.2743,0,0.1923,-18.3,0.0,0.0,mature,test,32
partner_398,EMEA,Services,Registered,11,6,declining,3,4.1,67.4,32,2,1,0.0473,0,4647.3,-7.85,-33.42,0.2369,0.1208,0,0.1905,-9.93,0.0,0.0,mature,test,32
partner_399,NA,Manufacturing,Registered,35,5,stable,3,5.1,62.8,28,1,1,0.1107,0,7716.71,7.86,30.75,0.2142,-0.3222,0,0.4242,5.97,0.0,0.0,mature,test,32
partner_400,NA,Tech,Certified,57,8,stable,0,2.1,75.4,26,1,0,0.0002,0,14170.2,7.35,45.85,0.2074,-0.5045,0,0.1,7.04,0.0,0.0,mature,test,32
partner_401,NA,Tech,Certified,34,9,declining,4,3.4,76.4,26,0,0,0.004,0,86416.32,5.39,47.97,0.3491,0.0691,0,1.0,5.08,0.0,0.0,mature,test,32
partner_402,APAC,Retail,Certified,47,5,improving,3,2.9,77.2,52,2,1,0.0892,0,18896.59,-33.34,-4.79,0.2413,0.8707,1,0.3125,-34.26,-0.8,0.0,mature,test,32
partner_403,LATAM,Services,Certified,20,4,improving,6,3.7,20.9,62,1,1,0.8013,1,38917.81,-6.64,-5.22,0.0974,0.2164,0,0.6667,-8.72,0.0,0.0,mature,test,32
partner_404,EMEA,Tech,Strategic,56,4,stable,2,4.3,21.7,37,0,1,0.4342,1,32866.12,-9.99,-28.56,0.2525,0.2307,0,0.2,-10.3,0.0,0.0,mature,test,32
partner_405,APAC,Retail,Certified,50,10,stable,0,0.5,66.1,0,2,1,0.0001,0,11358.27,-9.07,-40.28,0.4185,-0.1343,0,0.0625,-9.99,0.0,0.0,mature,test,32
partner_406,APAC,Retail,Registered,56,6,declining,4,3.5,64.1,50,1,0,0.5525,1,16689.25,18.06,14.66,0.2433,0.8868,1,0.9355,17.14,5.05,0.0,mature,test,32
partner_407,EMEA,Services,Certified,46,7,improving,2,2.1,64.4,9,2,0,0.0011,0,27287.83,-3.79,-9.28,0.1024,0.0478,0,0.4706,-5.87,0.0,0.0,mature,test,32
partner_408,APAC,Retail,Registered,40,6,declining,3,1.9,39.7,29,0,0,0.0881,0,3806.72,-27.15,11.78,0.2271,0.8271,1,0.0968,-28.07,13.67,0.0,mature,test,32
partner_409,EMEA,Services,Registered,33,7,improving,1,6.8,56.8,37,1,1,0.0279,0,5262.71,-12.63,-30.64,0.3551,-0.125,0,0.2619,-14.71,0.0,0.0,mature,test,32
partner_410,APAC,Manufacturing,Strategic,56,7,improving,2,5.3,67.9,38,3,1,0.0999,0,126714.69,6.13,-3.19,0.0966,-0.2462,0,0.8333,4.24,0.0,0.0,mature,test,32
partner_411,LATAM,Services,Certified,52,9,declining,2,5.7,50.1,42,0,1,0.1931,0,31303.29,-16.29,-35.96,0.3648,-0.3174,0,0.5714,-18.37,0.0,0.0,mature,test,32
partner_412,LATAM,Services,Strategic,27,7,stable,2,2.8,67.5,43,2,1,0.038,0,23147.87,-7.05,-14.81,0.1525,0.1135,0,0.1429,-9.13,0.0,0.0,mature,test,32
partner_413,EMEA,Services,Registered,7,7,declining,4,3.6,39.1,51,0,1,0.0891,0,7642.6,1.28,1.75,0.2045,0.0045,0,0.52,-0.83,0.0,-33.19,new_partner,test,32
partner_414,APAC,Services,Certified,3,6,improving,5,4.8,23.6,61,2,0,0.0265,0,12282.26,1.28,1.75,0.2045,0.0045,0,0.52,-0.83,0.0,-83.01,new_partner,test,32
partner_415,EMEA,Retail,Registered,16,8,stable,4,3.6,78.5,10,0,1,0.0022,0,9036.95,-9.1,-20.02,0.2233,-0.3352,0,0.5581,-10.02,0.0,0.0,mature,test,32
partner_416,EMEA,Services,Registered,6,9,improving,1,2.2,74.8,12,5,0,0.0002,0,6850.7,1.28,1.75,0.2045,0.0045,0,0.52,-0.83,0.0,-58.82,new_partner,test,32
partner_417,EMEA,Tech,Registered,15,6,improving,1,2.3,43.7,109,2,1,0.6278,0,10905.23,-4.31,-21.42,0.2279,0.0057,0,0.5625,-4.62,0.0,0.0,mature,test,32
partner_418,LATAM,Tech,Certified,9,7,stable,6,4.6,67.6,44,1,1,0.0223,0,26376.28,-7.25,-22.53,0.2073,0.1705,0,0.6471,-7.56,0.0,0.0,mature,test,32
partner_419,EMEA,Services,Registered,59,8,stable,1,0.5,98.5,45,3,0,0.0008,0,5726.63,-15.01,-0.44,0.1049,0.2321,0,0.2857,-17.09,0.0,0.0,mature,test,32
partner_420,APAC,Services,Strategic,8,10,improving,0,3.3,74.5,0,8,1,0.0008,0,18470.43,1.28,1.75,0.2045,0.0045,0,0.52,-0.83,0.0,-67.63,new_partner,test,32
partner_421,LATAM,Manufacturing,Registered,39,6,declining,4,3.6,27.9,61,2,0,0.089,0,6001.51,-1.31,27.68,0.1993,0.1036,0,0.2174,-3.2,0.0,0.0,mature,test,32
partner_422,EMEA,Tech,Registered,23,9,improving,0,3.2,73.1,12,6,0,0.0018,0,10508.18,-23.47,24.17,0.2739,0.8397,1,0.5,-23.78,13.37,0.0,mature,test,32
partner_423,EMEA,Tech,Certified,13,3,declining,12,8.1,0.0,73,0,0,0.993,1,23391.27,-15.74,-43.0,0.353,-0.0887,0,0.4516,-16.05,0.0,0.0,mature,test,32
partner_424,EMEA,Tech,Registered,43,8,stable,0,2.9,76.1,52,4,1,0.0119,0,5334.71,-36.01,-11.49,0.2289,0.8513,1,0.1562,-36.32,-14.32,0.0,mature,test,32
partner_425,LATAM,Tech,Strategic,59,4,declining,4,2.9,34.0,86,0,1,0.646,1,164909.62,11.69,30.4,0.2061,0.1948,0,0.8,11.38,0.0,0.0,mature,test,32
partner_426,APAC,Tech,Certified,48,7,improving,0,0.7,75.7,30,1,0,0.0005,0,32681.65,1.78,-7.72,0.095,0.1414,0,0.6875,1.47,0.0,0.0,mature,test,32
partner_427,EMEA,Retail,Registered,59,4,declining,5,2.2,31.2,59,0,1,0.3597,0,11735.08,-15.86,-0.03,0.1113,0.0422,0,0.6977,-16.78,0.0,0.0,mature,test,32
partner_428,APAC,Retail,Certified,37,2,stable,4,3.5,58.4,42,3,1,0.1011,1,28749.6,52.94,24.4,0.2386,0.6319,1,0.625,52.02,21.72,0.0,mature,test,32
partner_429,EMEA,Services,Certified,42,4,stable,7,2.8,21.9,38,0,1,0.5341,1,49582.41,5.77,32.1,0.2334,0.0346,0,0.8824,3.69,0.0,0.0,mature,test,32
partner_430,APAC,Tech,Certified,11,7,declining,3,2.8,63.0,32,1,0,0.0292,0,35373.34,59.35,35.37,0.2723,0.6033,1,0.875,59.04,28.09,0.0,mature,test,32
partner_431,APAC,Services,Certified,52,8,improving,1,2.1,34.7,44,3,1,0.0326,0,8938.47,-3.45,-28.72,0.3327,-0.4643,0,0.1176,-5.53,0.0,0.0,mature,test,32
partner_432,LATAM,Manufacturing,Certified,46,7,stable,1,1.5,56.0,44,2,0,0.002,0,36128.15,-8.69,0.77,0.0839,0.1143,0,1.0,-10.58,0.0,0.0,mature,test,32
partner_433,LATAM,Retail,Certified,17,5,stable,3,4.2,56.9,61,2,1,0.1778,1,20918.79,-3.91,8.72,0.1199,0.3143,0,0.25,-4.83,0.0,0.0,mature,test,32
partner_434,APAC,Retail,Registered,23,10,improving,0,1.7,100.0,0,6,1,0.0,0,19619.58,0.48,60.46,0.3536,-0.1064,0,1.0,-0.44,0.0,0.0,mature,test,32
partner_435,EMEA,Retail,Certified,38,9,stable,1,1.2,62.5,0,2,0,0.0002,0,32308.5,22.19,2.07,0.0997,-0.2292,0,0.6364,21.27,0.0,0.0,mature,test,32
partner_436,EMEA,Services,Strategic,3,8,stable,3,2.1,74.9,21,6,1,0.0163,0,231331.99,1.28,1.75,0.2045,0.0045,0,0.52,-0.83,0.0,300.0,new_partner,test,32
partner_437,EMEA,Retail,Certified,50,8,declining,1,3.3,78.1,3,1,1,0.0028,0,25958.94,-16.08,-36.27,0.2886,-0.1295,0,0.3636,-17.0,0.0,0.0,mature,test,32
partner_438,NA,Tech,Certified,19,3,declining,10,5.9,0.6,76,0,1,0.9618,1,18907.68,5.94,10.43,0.1014,0.0194,0,0.3,5.63,0.0,0.0,mature,test,32
partner_439,LATAM,Services,Registered,7,10,improving,1,1.6,87.0,23,7,0,0.0001,0,4035.27,1.28,1.75,0.2045,0.0045,0,0.52,-0.83,0.0,-82.46,new_partner,test,32
partner_440,LATAM,Services,Certified,22,3,declining,6,6.1,31.4,70,0,0,0.7665,0,57617.44,2.44,2.93,0.1493,0.0388,0,0.7619,0.36,0.0,0.0,mature,test,32
partner_441,APAC,Retail,Strategic,51,10,improving,1,1.4,72.3,19,2,0,0.0006,0,69987.65,13.9,18.63,0.1675,0.2281,0,0.2857,12.98,0.0,0.0,mature,test,32
partner_442,EMEA,Retail,Registered,18,6,stable,0,3.8,67.4,34,2,0,0.0026,0,13842.02,21.97,74.39,0.3862,-0.4613,0,0.814,21.05,0.0,0.0,mature,test,32
partner_443,LATAM,Retail,Registered,34,7,stable,3,7.1,21.3,70,1,1,0.5529,0,28855.2,4.64,40.86,0.2906,-0.3834,0,1.0,3.72,0.0,0.0,mature,test,32
partner_444,EMEA,Retail,Certified,50,3,stable,13,6.4,20.4,85,0,1,0.9853,1,41599.5,-27.86,1.52,0.189,0.7096,1,0.8182,-28.78,0.07,0.0,mature,test,32
partner_445,EMEA,Retail,Registered,4,7,declining,3,3.5,42.6,57,2,1,0.2068,1,13214.94,1.28,1.75,0.2045,0.0045,0,0.52,-0.83,0.0,-49.26,new_partner,test,32
partner_446,LATAM,Manufacturing,Certified,47,8,improving,2,0.5,62.9,16,3,0,0.0019,0,18185.72,-22.63,5.0,0.1893,0.8186,1,0.3333,-24.52,-0.01,0.0,mature,test,32
partner_447,APAC,Services,Registered,19,9,improving,0,1.2,54.5,19,8,0,0.001,0,7413.36,26.88,27.79,0.2124,0.1837,0,0.4839,24.8,0.0,0.0,mature,test,32
partner_448,LATAM,Tech,Registered,43,7,stable,0,2.9,87.1,53,3,0,0.0021,0,13338.54,10.4,28.13,0.2796,-0.2209,0,0.7742,10.09,0.0,0.0,mature,test,32
partner_449,EMEA,Manufacturing,Certified,13,5,stable,0,3.5,53.2,41,3,1,0.2353,0,19709.04,20.09,2.43,0.2512,0.6132,1,0.4286,18.2,-2.8,0.0,mature,test,32
partner_450,LATAM,Retail,Certified,11,4,stable,7,4.7,5.1,53,0,1,0.896,1,18641.58,-0.5,-19.01,0.2,0.4606,0,0.2143,-1.42,0.0,0.0,mature,test,32
partner_451,EMEA,Services,Certified,48,5,stable,4,3.6,71.4,68,3,0,0.3374,1,11874.76,-16.23,-44.07,0.3591,0.0527,0,0.1176,-18.31,0.0,0.0,mature,test,32
partner_452,APAC,Manufacturing,Certified,49,9,declining,0,0.9,88.5,10,5,1,0.0005,0,16471.62,-1.75,6.0,0.2174,0.831,1,0.3077,-3.64,8.56,0.0,mature,test,32
partner_453,LATAM,Services,Certified,59,5,declining,2,3.7,64.1,57,1,0,0.0511,0,44265.4,44.34,-0.15,0.2274,0.8407,1,0.7143,42.26,-9.86,0.0,mature,test,32
partner_454,EMEA,Services,Certified,42,10,improving,0,0.5,78.8,16,4,0,0.0003,0,23211.24,-2.14,-9.86,0.1106,-0.1472,0,0.3824,-4.22,0.0,0.0,mature,test,32
partner_455,EMEA,Tech,Certified,30,4,declining,6,4.8,37.7,68,0,0,0.6342,0,40963.51,3.05,34.91,0.2721,0.328,0,0.6774,2.74,0.0,0.0,mature,test,32
partner_456,EMEA,Retail,Certified,14,8,declining,1,3.1,81.2,47,1,0,0.0048,0,19234.19,-1.19,9.67,0.0897,0.1724,0,0.1818,-2.11,0.0,0.0,mature,test,32
partner_457,APAC,Retail,Certified,20,9,improving,0,3.7,89.8,38,3,0,0.0009,0,19246.41,-13.74,15.58,0.2031,0.7652,1,0.375,-14.66,11.52,0.0,mature,test,32
partner_458,NA,Tech,Registered,40,7,stable,2,2.5,51.0,64,1,1,0.0265,0,4897.07,26.7,1.35,0.2165,0.862,1,0.1282,26.39,2.75,0.0,mature,test,32
partner_459,LATAM,Services,Registered,23,8,improving,1,3.7,58.7,56,2,1,0.0071,0,15772.01,2.09,42.09,0.3023,-0.6331,0,0.9048,0.01,0.0,0.0,mature,test,32
partner_460,LATAM,Tech,Certified,31,5,stable,8,6.1,0.0,55,0,1,0.941,1,23598.99,-8.68,-27.1,0.2134,0.5991,1,0.5294,-8.99,-10.79,0.0,mature,test,32
partner_461,NA,Services,Strategic,12,7,improving,5,3.5,63.7,21,0,1,0.0162,0,31115.65,-10.53,-39.29,0.3954,-0.2815,0,0.1,-12.61,0.0,0.0,mature,test,32
partner_462,EMEA,Tech,Certified,28,6,declining,4,3.7,51.4,55,0,0,0.4675,1,64799.54,21.67,65.43,0.4123,-0.2546,0,0.9355,21.36,0.0,0.0,mature,test,32
partner_463,APAC,Retail,Registered,16,5,stable,0,5.7,62.8,101,1,1,0.2005,0,4781.96,-34.01,0.68,0.2117,0.8256,1,0.1935,-34.93,-3.25,0.0,mature,test,32
partner_464,NA,Tech,Certified,9,6,stable,6,1.4,75.1,36,2,0,0.016,1,47487.87,5.32,37.27,0.2649,-0.007,0,0.7667,5.01,0.0,0.0,mature,test,32
partner_465,NA,Manufacturing,Registered,10,7,improving,1,1.8,48.8,0,1,0,0.0118,0,7588.82,-10.2,-27.65,0.2284,0.2915,0,0.3939,-12.09,0.0,0.0,mature,test,32
partner_466,LATAM,Manufacturing,Certified,33,6,stable,4,2.2,44.5,99,1,1,0.5102,1,23726.3,12.13,51.06,0.2929,-0.1567,0,0.6667,10.24,0.0,0.0,mature,test,32
partner_467,LATAM,Tech,Certified,24,4,stable,6,4.4,19.3,73,1,1,0.6393,0,11828.17,-0.4,-37.66,0.4276,-0.3297,0,0.1176,-0.71,0.0,0.0,mature,test,32
partner_468,APAC,Retail,Certified,8,8,declining,0,2.0,43.3,6,6,0,0.0034,0,13937.19,1.28,1.75,0.2045,0.0045,0,0.52,-0.83,0.0,-62.78,new_partner,test,32
partner_469,EMEA,Manufacturing,Certified,32,9,declining,0,4.5,64.5,0,4,0,0.0044,0,19539.33,-1.5,-37.08,0.3317,-0.3463,0,0.381,-3.39,0.0,0.0,mature,test,32
partner_470,NA,Retail,Registered,12,6,stable,3,3.1,54.7,46,1,1,0.089,0,13849.58,16.44,26.97,0.2633,-0.0813,0,0.8936,15.52,0.0,0.0,mature,test,32
partner_471,NA,Services,Registered,3,4,declining,5,7.9,52.4,74,0,1,0.7468,1,8977.9,1.28,1.75,0.2045,0.0045,0,0.52,-0.83,0.0,-4.57,new_partner,test,32
partner_472,NA,Retail,Strategic,10,8,stable,3,4.0,75.7,41,1,0,0.0047,0,199994.58,18.35,24.4,0.2941,0.0869,0,1.0,17.43,0.0,0.0,mature,test,32
partner_473,EMEA,Retail,Certified,29,8,stable,2,3.2,38.8,66,2,1,0.2673,0,12737.74,-13.58,-15.05,0.1218,0.0024,0,0.0606,-14.5,0.0,0.0,mature,test,32
partner_474,EMEA,Tech,Certified,58,8,improving,2,2.4,75.2,5,3,0,0.0014,0,48794.87,10.6,54.19,0.3723,0.2593,0,0.8387,10.29,0.0,0.0,mature,test,32
partner_475,EMEA,Tech,Registered,17,5,stable,9,5.7,31.3,46,1,0,0.1364,0,16669.07,-0.85,56.65,0.3953,-0.3783,0,0.7812,-1.16,0.0,0.0,mature,test,32
partner_476,NA,Tech,Registered,19,5,declining,2,4.5,16.9,54,1,1,0.4228,1,9920.67,14.74,28.02,0.2069,-0.0563,0,0.5385,14.43,0.0,0.0,mature,test,32
partner_477,NA,Tech,Registered,17,9,improving,3,1.8,58.0,64,1,1,0.0364,0,11006.16,3.41,13.8,0.1829,0.2093,0,0.6154,3.1,0.0,0.0,mature,test,32
partner_478,LATAM,Services,Registered,23,5,stable,8,4.0,43.1,56,0,1,0.1236,0,6370.21,0.06,36.47,0.2694,-0.4196,0,0.2381,-2.02,0.0,0.0,mature,test,32
partner_479,LATAM,Tech,Registered,44,6,improving,3,0.5,73.7,0,6,0,0.0025,0,3130.6,-15.46,-37.31,0.4107,-0.1022,0,0.0645,-15.77,0.0,0.0,mature,test,32
partner_480,NA,Tech,Strategic,21,7,declining,2,6.5,33.1,63,5,0,0.3581,0,61926.12,0.27,13.86,0.1117,0.0457,0,0.2222,-0.04,0.0,0.0,mature,test,32
partner_481,NA,Tech,Certified,41,9,stable,0,2.6,58.6,0,3,1,0.0002,0,36047.26,19.3,51.73,0.2726,0.0961,0,0.7,18.99,0.0,0.0,mature,test,32
partner_482,EMEA,Retail,Registered,55,5,declining,7,4.5,64.1,53,0,1,0.2617,0,5670.06,-2.68,-7.2,0.0842,-0.179,0,0.1628,-3.6,0.0,0.0,mature,test,32
partner_483,NA,Manufacturing,Registered,57,5,declining,1,2.6,40.5,58,4,1,0.5473,1,9245.93,11.22,-1.93,0.1144,-0.0936,0,0.6061,9.33,0.0,0.0,mature,test,32
partner_484,NA,Retail,Registered,35,4,stable,4,3.3,46.3,66,1,1,0.4865,1,5386.45,-14.87,-17.25,0.2193,0.1153,0,0.2128,-15.79,0.0,0.0,mature,test,32
partner_485,EMEA,Manufacturing,Certified,44,2,stable,10,3.9,0.0,47,0,1,0.9379,1,19261.57,-0.92,-24.06,0.3489,-0.1377,0,0.3333,-2.81,0.0,0.0,mature,test,32
partner_486,NA,Retail,Registered,56,5,declining,1,3.2,83.4,51,0,0,0.0039,0,10426.15,9.47,71.1,0.3761,-0.1707,0,0.7234,8.55,0.0,0.0,mature,test,32
partner_487,NA,Services,Certified,48,7,declining,2,4.6,67.7,68,2,1,0.3144,0,58723.44,33.85,55.36,0.3058,-0.188,0,0.8,31.77,0.0,0.0,mature,test,32
partner_488,EMEA,Tech,Certified,20,6,improving,2,6.0,79.2,56,2,1,0.1665,0,10852.78,3.3,-9.76,0.1852,-0.3541,0,0.0968,2.99,0.0,0.0,mature,test,32
partner_489,NA,Services,Registered,10,10,stable,0,3.2,62.3,13,6,0,0.0017,0,7522.86,47.63,2.33,0.1859,0.686,1,0.3864,45.55,3.8,0.0,mature,test,32
partner_490,NA,Tech,Certified,9,5,stable,3,5.8,55.5,69,0,1,0.3365,1,55681.97,-3.05,9.61,0.2405,0.8546,1,0.9,-3.36,3.3,0.0,mature,test,32
partner_491,LATAM,Retail,Strategic,54,7,improving,2,5.3,39.8,26,3,0,0.0917,0,131594.91,15.27,1.35,0.2615,0.8435,1,0.7778,14.35,-1.66,0.0,mature,test,32
partner_492,LATAM,Services,Registered,35,7,stable,0,3.2,80.2,61,4,1,0.0037,0,8771.65,-9.1,-30.31,0.355,0.0347,0,0.4762,-11.18,0.0,0.0,mature,test,32
partner_493,LATAM,Manufacturing,Registered,20,5,improving,4,2.6,3.4,87,0,0,0.7383,0,17411.66,34.56,88.33,0.4102,-0.4634,0,0.913,32.67,0.0,0.0,mature,test,32
partner_494,NA,Services,Strategic,23,4,stable,6,6.4,44.9,59,0,0,0.0944,0,54322.07,-2.65,-32.01,0.3105,-0.3061,0,0.3,-4.73,0.0,0.0,mature,test,32
partner_495,LATAM,Tech,Strategic,19,8,improving,2,1.6,69.1,43,3,0,0.0028,0,176801.6,9.57,53.26,0.3901,-0.1385,0,1.0,9.26,0.0,0.0,mature,test,32
partner_496,NA,Manufacturing,Certified,49,5,declining,2,2.5,78.3,49,3,0,0.0381,0,91898.28,23.13,74.45,0.4341,-0.0655,0,1.0,21.24,0.0,0.0,mature,test,32
partner_497,NA,Services,Certified,38,9,stable,0,1.0,78.0,22,1,1,0.0018,0,50174.51,-3.07,11.53,0.1781,-0.0911,0,0.75,-5.15,0.0,0.0,mature,test,32
partner_498,LATAM,Manufacturing,Registered,54,10,declining,0,3.7,84.9,0,2,0,0.0026,0,3319.43,-20.62,-34.68,0.2868,-0.0514,0,0.0435,-22.51,0.0,0.0,mature,test,32
partner_499,NA,Tech,Certified,20,7,stable,2,5.1,86.8,49,1,1,0.0678,0,12679.27,-4.91,-22.98,0.2597,-0.0473,0,0.0667,-5.22,0.0,0.0,mature,test,32
partner_500,NA,Manufacturing,Registered,30,8,stable,4,0.6,95.6,0,1,1,0.0001,0,16838.48,13.99,73.16,0.3891,-0.2472,0,1.0,12.1,0.0,0.0,mature,test,32
partner_501,LATAM,Manufacturing,Registered,10,3,stable,6,5.9,30.7,107,0,1,0.9595,1,16774.34,-5.31,-5.06,0.0948,-0.4595,0,0.8696,-7.2,0.0,0.0,mature,test,32
partner_502,APAC,Services,Certified,59,2,declining,4,6.9,30.9,81,1,1,0.9936,1,14643.72,-15.5,-29.37,0.2925,-0.1739,0,0.3529,-17.58,0.0,0.0,mature,test,32
partner_503,APAC,Tech,Strategic,32,6,stable,3,2.4,91.1,23,6,1,0.0395,0,109700.55,-21.11,-5.74,0.2274,0.8748,1,0.6364,-21.42,-10.45,0.0,mature,test,32
partner_504,NA,Tech,Certified,35,9,improving,1,1.4,100.0,28,4,1,0.0003,0,18059.05,18.04,47.31,0.255,-0.1508,0,0.2667,17.73,0.0,0.0,mature,test,32
partner_505,NA,Services,Registered,26,6,declining,3,5.1,55.1,20,2,0,0.034,0,9437.67,-4.1,-21.44,0.1646,0.2347,0,0.5682,-6.18,0.0,0.0,mature,test,32
partner_506,LATAM,Tech,Registered,18,6,stable,6,3.6,49.1,71,3,0,0.2521,1,43258.0,14.48,64.38,0.3535,-0.2528,0,1.0,14.17,0.0,0.0,mature,test,32
partner_507,NA,Manufacturing,Strategic,58,3,declining,5,5.2,13.8,73,0,1,0.9625,1,19230.29,-1.36,-8.22,0.1884,-0.102,0,0.0909,-3.25,0.0,0.0,mature,test,32
partner_508,APAC,Tech,Strategic,31,3,improving,3,5.7,44.9,61,0,1,0.9535,1,133064.95,1.86,40.15,0.318,-0.0169,0,0.9091,1.55,0.0,0.0,mature,test,32
partner_509,NA,Retail,Certified,42,6,stable,1,2.0,58.3,33,0,0,0.0114,0,46989.99,13.77,52.17,0.3656,-0.1882,0,0.8214,12.85,0.0,0.0,mature,test,32
partner_510,EMEA,Manufacturing,Certified,5,5,declining,4,3.3,58.7,46,0,1,0.2234,0,25185.89,1.28,1.75,0.2045,0.0045,0,0.52,-0.83,0.0,-44.98,new_partner,test,32
partner_511,EMEA,Retail,Registered,19,6,stable,1,0.5,93.4,41,1,1,0.0014,0,8329.08,-12.93,-27.45,0.2375,-0.1666,0,0.4651,-13.85,0.0,0.0,mature,test,32
partner_512,APAC,Retail,Registered,49,5,improving,3,7.3,63.1,33,0,1,0.0517,0,6539.07,2.51,34.99,0.171,-0.0371,0,0.3871,1.59,0.0,0.0,mature,test,32
partner_513,EMEA,Manufacturing,Registered,8,8,stable,4,4.2,63.5,23,2,1,0.0093,0,7458.65,1.28,1.75,0.2045,0.0045,0,0.52,-0.83,0.0,-60.23,new_partner,test,32
partner_514,EMEA,Manufacturing,Registered,8,4,declining,3,5.8,41.3,73,0,1,0.6694,0,22376.08,1.28,1.75,0.2045,0.0045,0,0.52,-0.83,0.0,46.53,new_partner,test,32
partner_515,NA,Services,Registered,49,9,stable,5,1.8,48.8,51,2,1,0.0095,0,10495.17,-5.68,3.41,0.0942,0.1841,0,0.7045,-7.76,0.0,0.0,mature,test,32
partner_516,EMEA,Retail,Certified,20,7,improving,3,4.6,78.4,9,4,1,0.0052,0,21024.54,-16.07,-3.95,0.0801,-0.1756,0,0.2121,-16.99,0.0,0.0,mature,test,32
partner_517,NA,Retail,Registered,18,6,stable,0,3.5,58.7,48,0,1,0.057,0,3615.46,-13.32,-32.58,0.3692,-0.0326,0,0.0638,-14.24,0.0,0.0,mature,test,32
partner_518,LATAM,Services,Registered,35,6,declining,4,6.2,56.3,51,0,1,0.4099,1,9244.06,-7.14,-32.8,0.3188,-0.0879,0,0.5714,-9.22,0.0,0.0,mature,test,32
partner_519,EMEA,Retail,Certified,14,10,improving,0,1.0,74.5,0,6,0,0.0001,0,75498.06,6.69,33.07,0.2177,-0.1761,0,1.0,5.77,0.0,0.0,mature,test,32
partner_520,APAC,Retail,Registered,5,3,declining,5,2.8,26.5,59,0,1,0.5328,1,7215.98,1.28,1.75,0.2045,0.0045,0,0.52,-0.83,0.0,-42.19,new_partner,test,32
partner_521,APAC,Retail,Registered,3,6,declining,2,5.3,45.3,42,3,1,0.0473,0,4832.34,1.28,1.75,0.2045,0.0045,0,0.52,-0.83,0.0,-94.8,new_partner,test,32
partner_522,NA,Tech,Certified,7,10,improving,0,1.1,100.0,20,5,0,0.0,0,54464.78,1.28,1.75,0.2045,0.0045,0,0.52,-0.83,0.0,97.65,new_partner,test,32
partner_523,EMEA,Services,Registered,12,8,declining,0,0.5,76.0,28,3,1,0.0002,0,3792.17,-14.94,-37.37,0.3801,-0.1574,0,0.0952,-17.02,0.0,0.0,mature,test,32
partner_524,LATAM,Services,Certified,43,4,declining,6,2.8,51.5,56,0,1,0.5597,0,73520.71,-0.82,-1.45,0.1911,0.6267,1,0.9524,-2.9,-6.45,0.0,mature,test,32
partner_525,EMEA,Manufacturing,Strategic,20,10,improving,0,2.6,64.0,5,6,0,0.0003,0,102614.58,-5.29,-0.87,0.0919,-0.0937,0,0.7692,-7.18,0.0,0.0,mature,test,32
partner_526,NA,Retail,Registered,7,7,stable,2,2.4,56.0,33,4,1,0.118,0,7637.43,1.28,1.75,0.2045,0.0045,0,0.52,-0.83,0.0,-53.37,new_partner,test,32
partner_527,APAC,Tech,Strategic,3,7,stable,2,3.8,52.4,3,3,0,0.007,0,121592.9,1.28,1.75,0.2045,0.0045,0,0.52,-0.83,0.0,300.0,new_partner,test,32
partner_528,APAC,Tech,Strategic,30,5,declining,6,4.5,38.0,26,2,1,0.8113,1,68936.06,8.94,-1.4,0.1007,-0.1059,0,0.4545,8.63,0.0,0.0,mature,test,32
partner_529,LATAM,Retail,Certified,51,7,declining,8,4.4,26.8,52,2,1,0.0901,1,22486.91,-0.67,1.46,0.0941,-0.3213,0,0.3571,-1.59,0.0,0.0,mature,test,32
partner_530,NA,Retail,Certified,22,9,declining,3,3.4,65.9,28,5,1,0.0284,0,53569.1,40.08,-1.06,0.217,0.8265,1,0.9286,39.16,0.39,0.0,mature,test,32
partner_531,LATAM,Tech,Certified,6,4,improving,3,5.5,42.7,74,1,1,0.2658,0,23393.39,1.28,1.75,0.2045,0.0045,0,0.52,-0.83,0.0,-69.42,new_partner,test,32
partner_532,LATAM,Retail,Certified,16,6,improving,0,4.3,20.9,27,0,0,0.2286,1,39917.62,-20.74,-29.28,0.2292,-0.1717,0,0.8214,-21.66,0.0,0.0,mature,test,32
partner_533,NA,Manufacturing,Certified,31,6,improving,7,4.8,38.7,38,0,1,0.0747,0,11030.87,-7.53,-11.11,0.0859,0.1169,0,0.0769,-9.42,0.0,0.0,mature,test,32
partner_534,LATAM,Manufacturing,Registered,13,9,declining,0,3.3,82.4,23,1,0,0.0001,0,9834.66,-18.1,-26.07,0.2053,-0.3691,0,0.6087,-19.99,0.0,0.0,mature,test,32
partner_535,EMEA,Retail,Strategic,59,8,declining,1,3.7,71.6,13,7,0,0.0004,0,175954.6,13.87,82.19,0.4632,-0.5981,0,0.9286,12.95,0.0,0.0,mature,test,32
partner_536,EMEA,Tech,Certified,47,4,stable,3,1.4,24.0,43,0,1,0.2649,1,20982.68,-9.84,-24.73,0.2355,0.0084,0,0.3871,-10.15,0.0,0.0,mature,test,32
partner_537,NA,Services,Certified,22,3,stable,10,4.9,18.7,58,0,1,0.8432,0,21168.41,-16.92,-39.53,0.3211,-0.1846,0,0.4,-19.0,0.0,0.0,mature,test,32
partner_538,EMEA,Manufacturing,Registered,58,5,stable,0,4.4,35.1,46,3,1,0.0418,0,12278.7,-6.17,1.18,0.0947,-0.2378,0,0.8077,-8.06,0.0,0.0,mature,test,32
partner_539,EMEA,Services,Registered,21,2,improving,4,7.9,62.5,53,0,1,0.4177,0,7059.5,-11.74,-20.48,0.1838,-0.3394,0,0.4048,-13.82,0.0,0.0,mature,test,32
partner_540,APAC,Tech,Certified,11,4,stable,6,6.5,49.9,50,0,0,0.441,1,24353.3,13.66,9.21,0.085,0.1354,0,0.3125,13.35,0.0,0.0,mature,test,32
partner_541,APAC,Services,Certified,57,3,declining,5,7.2,62.8,45,0,1,0.4888,0,9134.14,-14.75,-43.05,0.4221,0.0755,0,0.1765,-16.83,0.0,0.0,mature,test,32
partner_542,NA,Retail,Registered,58,5,improving,3,7.8,52.5,89,3,1,0.4325,0,16507.39,10.54,7.61,0.2289,0.7782,1,0.9787,9.62,-4.94,0.0,mature,test,32
partner_543,APAC,Tech,Registered,21,5,improving,10,4.5,33.3,59,0,1,0.3379,0,22225.89,12.94,36.78,0.3145,0.1826,0,0.9615,12.63,0.0,0.0,mature,test,32
partner_544,APAC,Retail,Registered,37,8,improving,3,5.8,53.7,59,5,1,0.366,0,16360.28,-10.64,-0.99,0.2202,0.7329,1,0.9032,-11.56,-5.03,0.0,mature,test,32
partner_545,EMEA,Tech,Certified,13,4,stable,5,5.9,40.8,55,0,1,0.2939,1,22793.52,-0.47,-29.52,0.2341,-0.0389,0,0.4194,-0.78,0.0,0.0,mature,test,32
partner_546,NA,Tech,Registered,40,8,declining,0,0.9,64.9,25,2,1,0.0139,0,16922.97,-7.13,24.81,0.2796,0.002,0,0.8462,-7.44,0.0,0.0,mature,test,32
partner_547,NA,Retail,Strategic,43,6,declining,3,1.6,30.6,60,1,1,0.1591,1,29268.88,3.53,-26.41,0.2907,-0.2037,0,0.0909,2.61,0.0,0.0,mature,test,32
partner_548,EMEA,Services,Registered,44,5,declining,4,3.5,69.1,43,0,1,0.0208,0,14700.9,24.74,55.28,0.2748,-0.1724,0,0.7619,22.66,0.0,0.0,mature,test,32
partner_549,LATAM,Tech,Registered,35,2,declining,6,5.6,39.3,58,3,0,0.6951,0,3867.8,-20.71,-39.16,0.3394,-0.223,0,0.0968,-21.02,0.0,0.0,mature,test,32
partner_550,NA,Retail,Registered,43,8,stable,3,2.8,63.9,39,0,1,0.0437,0,9437.52,-20.55,-13.87,0.2214,0.7861,1,0.6383,-21.47,-19.8,0.0,mature,test,32
partner_551,NA,Retail,Certified,35,7,stable,3,3.1,66.3,27,5,0,0.0042,0,29480.35,20.69,10.17,0.2159,0.8546,1,0.3571,19.77,-0.65,0.0,mature,test,32
partner_552,EMEA,Tech,Registered,50,7,improving,4,6.2,64.5,34,4,0,0.0094,0,6550.61,-0.05,1.54,0.1127,-0.1396,0,0.2188,-0.36,0.0,0.0,mature,test,32
partner_553,EMEA,Tech,Certified,13,5,declining,4,4.8,11.0,78,1,0,0.1837,0,11973.95,-10.5,-41.18,0.42,-0.6587,0,0.129,-10.81,0.0,0.0,mature,test,32
partner_554,APAC,Tech,Strategic,31,4,declining,2,6.8,32.6,25,1,1,0.0611,1,43039.47,-16.27,-27.15,0.2705,-0.2725,0,0.0909,-16.58,0.0,0.0,mature,test,32
partner_555,EMEA,Retail,Registered,27,8,improving,1,3.5,99.7,57,2,0,0.0005,0,3753.57,-32.76,27.28,0.2608,0.8555,1,0.0698,-33.68,14.58,0.0,mature,test,32
partner_556,EMEA,Services,Certified,33,5,declining,7,6.3,36.5,69,1,0,0.4011,0,25636.92,-8.61,-5.52,0.0858,-0.2015,0,0.4118,-10.69,0.0,0.0,mature,test,32
partner_557,EMEA,Services,Registered,11,7,declining,2,2.9,65.2,30,4,1,0.1214,0,15175.46,-7.54,17.62,0.1846,0.2461,0,0.7857,-9.62,0.0,0.0,mature,test,32
partner_558,NA,Tech,Registered,21,4,improving,7,4.1,55.7,69,1,1,0.5298,0,12129.35,28.38,5.06,0.2647,0.7775,1,0.6667,28.07,-5.07,0.0,mature,test,32
partner_559,NA,Manufacturing,Registered,58,8,declining,1,2.7,61.0,45,1,0,0.0031,0,2595.88,-8.04,-45.08,0.4172,-0.0683,0,0.0606,-9.93,0.0,0.0,mature,test,32
partner_560,NA,Services,Registered,9,9,declining,1,2.0,58.9,26,2,0,0.0016,0,11277.77,0.53,3.35,0.0965,-0.3517,0,0.7955,-1.55,0.0,0.0,mature,test,32
partner_561,EMEA,Services,Certified,39,7,declining,2,4.2,38.9,33,3,1,0.6148,1,29401.93,16.57,11.51,0.2175,0.712,1,0.5,14.49,6.32,0.0,mature,test,32
partner_562,EMEA,Manufacturing,Certified,41,9,stable,1,4.4,55.2,0,4,0,0.0015,0,21790.94,3.07,10.67,0.1073,-0.033,0,0.4762,1.18,0.0,0.0,mature,test,32
partner_563,APAC,Services,Certified,30,6,stable,8,7.9,33.5,37,0,1,0.1772,0,36209.41,1.27,38.1,0.2694,-0.0259,0,0.8235,-0.81,0.0,0.0,mature,test,32
partner_564,LATAM,Services,Certified,4,4,declining,5,4.2,16.6,68,0,1,0.8327,0,21868.9,1.28,1.75,0.2045,0.0045,0,0.52,-0.83,0.0,-24.34,new_partner,test,32
partner_565,LATAM,Services,Certified,4,9,improving,2,1.6,63.5,22,6,1,0.0037,0,66105.43,1.28,1.75,0.2045,0.0045,0,0.52,-0.83,0.0,300.0,new_partner,test,32
partner_566,LATAM,Tech,Registered,18,6,declining,8,5.3,64.2,46,1,1,0.0835,0,4235.14,3.05,9.12,0.0917,0.1261,0,0.129,2.74,0.0,0.0,mature,test,32
partner_567,LATAM,Retail,Registered,8,7,stable,0,4.0,71.7,54,0,1,0.1495,0,9902.18,1.28,1.75,0.2045,0.0045,0,0.52,-0.83,0.0,-42.11,new_partner,test,32
partner_568,EMEA,Retail,Registered,8,4,improving,3,1.8,36.7,39,3,0,0.0324,0,19482.4,1.28,1.75,0.2045,0.0045,0,0.52,-0.83,0.0,94.48,new_partner,test,32
partner_569,NA,Tech,Certified,12,5,stable,6,4.7,28.9,53,1,0,0.1046,0,29547.46,34.59,13.91,0.2677,0.8829,1,0.5667,34.28,11.66,0.0,mature,test,32
partner_570,NA,Tech,Strategic,14,3,stable,9,4.0,30.4,109,0,1,0.8902,1,246896.4,21.27,68.47,0.4192,-0.25,0,1.0,20.96,0.0,0.0,mature,test,32
partner_571,NA,Tech,Registered,51,5,declining,2,4.7,64.7,56,1,0,0.0715,1,5845.92,-4.62,-12.37,0.2049,-0.2244,0,0.2564,-4.93,0.0,0.0,mature,test,32
partner_572,APAC,Manufacturing,Certified,40,8,declining,2,5.4,45.7,27,6,0,0.0061,0,18881.74,-1.62,1.49,0.0795,-0.047,0,0.3846,-3.51,0.0,0.0,mature,test,32
partner_573,NA,Manufacturing,Certified,4,8,stable,2,4.0,43.6,32,6,1,0.0382,0,14342.61,1.28,1.75,0.2045,0.0045,0,0.52,-0.83,0.0,-76.29,new_partner,test,32
partner_574,LATAM,Services,Certified,39,3,improving,10,6.6,0.0,89,0,1,0.934,1,64046.54,12.71,81.48,0.3919,-0.2152,0,0.8095,10.63,0.0,0.0,mature,test,32
partner_575,APAC,Retail,Certified,10,7,improving,0,5.6,60.4,38,1,1,0.0073,0,46446.53,-1.51,29.65,0.2505,0.1346,0,0.8125,-2.43,0.0,0.0,mature,test,32
partner_576,NA,Retail,Certified,27,5,improving,6,3.9,31.7,64,0,1,0.5557,1,43338.78,3.75,3.74,0.0983,-0.0164,0,0.7143,2.83,0.0,0.0,mature,test,32
partner_577,APAC,Services,Certified,5,8,stable,5,3.6,75.1,51,1,1,0.0275,0,15896.01,1.28,1.75,0.2045,0.0045,0,0.52,-0.83,0.0,-43.59,new_partner,test,32
partner_578,NA,Services,Strategic,8,10,stable,0,1.6,90.7,51,6,0,0.0,0,128556.97,1.28,1.75,0.2045,0.0045,0,0.52,-0.83,0.0,300.0,new_partner,test,32
partner_579,APAC,Services,Registered,10,4,declining,9,6.3,53.2,73,0,1,0.7749,1,14408.17,32.03,54.77,0.42,0.1118,0,0.8387,29.95,0.0,0.0,mature,test,32
partner_580,NA,Services,Strategic,28,5,stable,6,2.7,53.2,60,0,1,0.3536,1,60150.71,-4.68,-27.69,0.2468,-0.0808,0,0.4,-6.76,0.0,0.0,mature,test,32
partner_581,NA,Services,Registered,29,7,stable,2,2.0,34.4,44,2,1,0.0638,0,3044.7,-16.31,-50.17,0.4488,-0.4913,0,0.0227,-18.39,0.0,0.0,mature,test,32
partner_582,NA,Tech,Certified,23,5,improving,6,3.9,46.1,45,1,1,0.061,0,53286.77,15.16,25.7,0.158,0.1806,0,0.8333,14.85,0.0,0.0,mature,test,32
partner_583,EMEA,Tech,Registered,38,2,stable,3,5.7,52.6,63,0,1,0.8158,1,10289.01,5.89,10.78,0.1015,-0.3324,0,0.4375,5.58,0.0,0.0,mature,test,32
partner_584,NA,Retail,Registered,44,8,stable,5,6.2,37.0,65,3,1,0.2474,0,6255.27,-17.92,-24.14,0.2076,-0.4027,0,0.234,-18.84,0.0,0.0,mature,test,32
partner_585,APAC,Manufacturing,Registered,45,8,stable,2,2.0,51.0,29,2,1,0.0139,0,4899.72,-8.09,-36.41,0.3319,0.0548,0,0.0833,-9.98,0.0,0.0,mature,test,32
partner_586,LATAM,Services,Registered,36,5,declining,2,4.5,39.0,31,0,1,0.6025,0,6219.35,1.74,-19.97,0.1985,0.8361,1,0.1905,-0.34,-15.87,0.0,mature,test,32
partner_587,EMEA,Tech,Registered,34,7,stable,4,4.3,47.5,50,3,1,0.0568,0,3754.9,-11.71,-33.66,0.303,-0.4101,0,0.0312,-12.02,0.0,0.0,mature,test,32
partner_588,NA,Manufacturing,Registered,31,4,stable,5,2.6,46.8,57,0,1,0.1539,0,6118.81,-1.62,6.02,0.0845,-0.3338,0,0.1818,-3.51,0.0,0.0,mature,test,32
partner_589,EMEA,Retail,Registered,16,7,stable,4,2.6,40.7,64,2,1,0.1477,0,9513.03,4.0,21.41,0.2193,-0.1353,0,0.5814,3.08,0.0,0.0,mature,test,32
partner_590,EMEA,Retail,Registered,31,3,declining,9,3.4,2.3,76,0,1,0.8682,0,8794.15,17.28,45.7,0.3232,-0.0472,0,0.5116,16.36,0.0,0.0,mature,test,32
partner_591,APAC,Retail,Certified,3,6,stable,3,4.0,66.5,26,3,1,0.0026,0,23239.83,1.28,1.75,0.2045,0.0045,0,0.52,-0.83,0.0,-29.62,new_partner,test,32
partner_592,NA,Retail,Strategic,59,5,stable,0,1.4,65.4,15,4,0,0.0013,0,71225.93,-18.99,-0.08,0.2652,0.6961,1,0.8182,-19.91,-9.27,0.0,mature,test,32
partner_593,NA,Services,Certified,24,5,declining,1,5.3,87.4,27,3,0,0.0082,0,69398.37,2.19,5.3,0.0901,0.1317,0,0.95,0.11,0.0,0.0,mature,test,32
partner_594,NA,Tech,Registered,46,8,stable,10,4.6,31.1,31,2,1,0.0403,0,28733.39,1.7,51.15,0.4225,-0.4218,0,1.0,1.39,0.0,0.0,mature,test,32
partner_595,EMEA,Services,Registered,58,8,stable,2,3.8,45.5,25,0,0,0.0286,0,8339.2,5.96,48.37,0.2405,-0.0715,0,0.4762,3.88,0.0,0.0,mature,test,32
partner_596,EMEA,Manufacturing,Strategic,31,4,improving,8,2.7,30.1,1,3,1,0.2378,0,65791.55,14.97,-8.45,0.187,0.2669,0,0.4615,13.08,0.0,0.0,mature,test,32
partner_597,LATAM,Retail,Registered,52,5,improving,4,3.6,67.4,49,2,1,0.072,0,6062.01,2.56,12.3,0.0978,-0.2139,0,0.36,1.64,0.0,0.0,mature,test,32
partner_598,LATAM,Retail,Registered,30,10,improving,0,1.0,84.0,12,8,0,0.0001,0,3957.98,20.64,7.8,0.2346,0.8096,1,0.16,19.72,6.22,0.0,mature,test,32
partner_599,APAC,Services,Strategic,10,6,improving,3,4.3,63.0,82,1,0,0.0932,0,62264.96,-0.47,4.9,0.0859,-0.1768,0,0.1818,-2.55,0.0,0.0,mature,test,32
partner_600,LATAM,Retail,Strategic,4,5,improving,6,5.7,37.7,17,2,1,0.0695,0,126134.82,1.28,1.75,0.2045,0.0045,0,0.52,-0.83,0.0,238.82,new_partner,test,32
partner_601,NA,Services,Registered,10,8,declining,0,0.8,51.2,55,8,1,0.0012,0,17984.45,19.07,85.71,0.4617,-0.2306,0,0.9773,16.99,0.0,0.0,mature,test,32
partner_602,LATAM,Retail,Certified,57,7,improving,0,1.5,93.9,17,6,1,0.0023,0,23865.5,-24.63,0.72,0.1917,0.7569,1,0.4286,-25.55,27.85,0.0,mature,test,32
partner_603,APAC,Manufacturing,Registered,30,5,stable,8,7.0,44.1,32,0,0,0.1444,0,6731.02,-0.22,-0.94,0.116,-0.3108,0,0.5,-2.11,0.0,0.0,mature,test,32
partner_604,LATAM,Services,Certified,21,8,improving,2,5.0,77.9,0,3,1,0.0079,0,17802.28,-5.31,-22.33,0.2749,-0.0796,0,0.2857,-7.39,0.0,0.0,mature,test,32
partner_605,APAC,Retail,Registered,28,4,improving,3,2.1,67.2,30,2,1,0.0763,0,9063.22,8.12,-3.01,0.1778,0.7651,1,0.5484,7.2,3.65,0.0,mature,test,32
partner_606,LATAM,Retail,Registered,17,5,improving,5,2.6,51.3,63,1,1,0.0616,1,16013.45,17.71,76.54,0.4348,-0.5243,0,0.92,16.79,0.0,0.0,mature,test,32
partner_607,APAC,Services,Certified,53,8,declining,6,2.7,57.2,52,4,0,0.0115,0,18868.37,4.78,11.37,0.0873,-0.5278,0,0.4706,2.7,0.0,0.0,mature,test,32
partner_608,EMEA,Retail,Registered,60,6,stable,4,4.3,34.6,39,3,1,0.0818,0,8997.94,-22.7,12.66,0.2186,0.8603,1,0.5349,-23.62,5.51,0.0,mature,test,32
partner_609,LATAM,Tech,Certified,7,6,declining,2,0.8,57.3,54,3,0,0.0093,0,16615.65,1.28,1.75,0.2045,0.0045,0,0.52,-0.83,0.0,-57.42,new_partner,test,32
partner_610,NA,Tech,Registered,44,5,stable,3,4.1,63.4,51,1,1,0.0391,0,8496.93,-7.32,-26.48,0.3094,-0.0233,0,0.4872,-7.63,0.0,0.0,mature,test,32
partner_611,NA,Retail,Strategic,22,5,improving,4,4.5,70.0,23,1,1,0.1051,0,31360.35,-1.04,-31.57,0.3285,0.184,0,0.2727,-1.96,0.0,0.0,mature,test,32
partner_612,LATAM,Services,Certified,5,7,improving,3,2.9,55.4,70,0,1,0.1812,0,26427.32,1.28,1.75,0.2045,0.0045,0,0.52,-0.83,0.0,-1.72,new_partner,test,32
partner_613,APAC,Services,Registered,56,8,improving,1,2.5,22.9,1,5,1,0.0007,0,7886.68,16.41,4.74,0.1073,-0.1766,0,0.5161,14.33,0.0,0.0,mature,test,32
partner_614,APAC,Tech,Certified,6,6,stable,4,5.0,40.5,38,0,1,0.502,0,8559.14,1.28,1.75,0.2045,0.0045,0,0.52,-0.83,0.0,-89.23,new_partner,test,32
partner_615,EMEA,Services,Registered,14,4,stable,11,4.9,47.0,64,0,0,0.5326,0,2711.93,4.83,-2.87,0.1276,-0.369,0,0.0238,2.75,0.0,0.0,mature,test,32
partner_616,LATAM,Retail,Registered,4,3,stable,5,6.6,41.7,55,1,0,0.1989,0,2927.07,1.28,1.75,0.2045,0.0045,0,0.52,-0.83,0.0,-95.27,new_partner,test,32
partner_617,LATAM,Retail,Registered,30,9,stable,0,1.6,58.6,8,2,0,0.002,0,16327.98,-3.52,-2.26,0.1072,-0.2075,0,0.96,-4.44,0.0,0.0,mature,test,32
partner_618,NA,Manufacturing,Strategic,37,5,improving,1,4.2,59.4,14,2,1,0.063,0,78631.97,52.95,3.61,0.2275,0.8423,1,0.6364,51.06,3.05,0.0,mature,test,32
partner_619,EMEA,Services,Certified,21,4,stable,8,3.8,31.6,45,0,1,0.5271,1,11395.18,-8.15,-20.31,0.2173,-0.2648,0,0.0882,-10.23,0.0,0.0,mature,test,32
partner_620,EMEA,Retail,Strategic,7,9,stable,1,3.9,65.2,44,5,0,0.0036,0,65490.13,1.28,1.75,0.2045,0.0045,0,0.52,-0.83,0.0,50.15,new_partner,test,32
partner_621,LATAM,Retail,Strategic,9,6,stable,3,1.9,28.2,41,0,1,0.383,0,66220.53,16.35,9.14,0.1757,0.7597,1,0.3333,15.43,8.01,0.0,mature,test,32
partner_622,NA,Tech,Strategic,57,10,improving,0,1.9,56.9,35,3,0,0.0011,0,71468.09,-12.5,-12.55,0.1073,-0.0205,0,0.4444,-12.81,0.0,0.0,mature,test,32
partner_623,APAC,Services,Registered,49,3,improving,7,3.6,45.3,72,0,1,0.7886,0,13698.03,-8.38,30.37,0.2394,0.7809,1,0.8065,-10.46,35.93,0.0,mature,test,32
partner_624,NA,Retail,Strategic,57,3,stable,4,2.7,10.4,55,0,1,0.5939,1,53653.45,6.95,-19.92,0.2474,-0.0379,0,0.5455,6.03,0.0,0.0,mature,test,32
partner_625,APAC,Tech,Certified,33,7,declining,8,3.1,71.9,35,1,1,0.0542,0,49800.49,-25.97,-4.08,0.2062,0.8605,1,0.9375,-26.28,1.48,0.0,mature,test,32
partner_626,NA,Manufacturing,Registered,34,6,stable,3,2.7,82.7,46,1,1,0.0236,0,13153.28,3.77,44.17,0.29,-0.2136,0,0.9091,1.88,0.0,0.0,mature,test,32
partner_627,LATAM,Tech,Certified,48,6,stable,4,4.7,33.9,49,3,1,0.0995,0,19383.51,-0.76,-38.73,0.4367,-0.298,0,0.3529,-1.07,0.0,0.0,mature,test,32
partner_628,EMEA,Retail,Registered,38,6,declining,2,2.2,45.3,41,1,0,0.0837,0,9984.44,-4.08,5.92,0.0987,-0.304,0,0.6279,-5.0,0.0,0.0,mature,test,32
partner_629,NA,Retail,Registered,28,6,stable,4,1.2,52.7,56,2,1,0.182,0,7814.04,-3.84,-4.09,0.2511,0.8362,1,0.4043,-4.76,-5.55,0.0,mature,test,32
partner_630,APAC,Tech,Registered,19,8,improving,1,0.5,92.5,22,5,0,0.0002,0,8165.59,12.59,3.29,0.2466,0.8042,1,0.3846,12.28,-8.0,0.0,mature,test,32
partner_631,APAC,Tech,Registered,31,7,declining,3,3.1,67.2,28,4,0,0.003,0,6294.58,-9.51,-18.8,0.0988,-0.065,0,0.3077,-9.82,0.0,0.0,mature,test,32
partner_632,APAC,Services,Registered,6,9,improving,1,3.7,52.1,16,0,0,0.0041,0,5595.23,1.28,1.75,0.2045,0.0045,0,0.52,-0.83,0.0,-45.71,new_partner,test,32
partner_633,EMEA,Manufacturing,Strategic,14,6,improving,0,3.5,52.8,15,2,1,0.0518,0,93885.1,-14.22,-19.46,0.257,0.1329,0,0.6923,-16.11,0.0,0.0,mature,test,32
partner_634,NA,Manufacturing,Certified,45,6,stable,4,3.0,54.4,57,0,0,0.0411,0,17958.85,-6.33,-26.06,0.2102,-0.3132,0,0.4615,-8.22,0.0,0.0,mature,test,32
partner_635,EMEA,Services,Certified,53,5,stable,2,3.9,47.6,19,2,0,0.0294,0,14862.22,-8.49,-13.99,0.2454,-0.1577,0,0.1765,-10.57,0.0,0.0,mature,test,32
partner_636,EMEA,Tech,Registered,8,4,stable,5,1.7,58.3,17,1,1,0.1849,1,13311.74,1.28,1.75,0.2045,0.0045,0,0.52,-0.83,0.0,59.93,new_partner,test,32
partner_637,LATAM,Tech,Registered,8,5,stable,11,2.0,21.4,56,0,1,0.6702,0,2899.3,1.28,1.75,0.2045,0.0045,0,0.52,-0.83,0.0,-84.17,new_partner,test,32
partner_638,LATAM,Services,Registered,7,8,stable,2,0.5,74.9,32,3,1,0.008,0,9012.35,1.28,1.75,0.2045,0.0045,0,0.52,-0.83,0.0,-30.2,new_partner,test,32
partner_639,LATAM,Retail,Certified,48,8,improving,2,2.1,83.3,19,2,1,0.0046,0,55667.69,43.57,16.56,0.3052,0.7553,1,0.9643,42.65,6.26,0.0,mature,test,32
partner_640,APAC,Manufacturing,Registered,21,5,improving,5,5.5,43.1,28,2,1,0.2666,0,9490.15,-5.79,-5.62,0.1107,0.1669,0,0.75,-7.68,0.0,0.0,mature,test,32
partner_641,LATAM,Services,Certified,21,6,stable,3,2.1,50.4,63,0,0,0.0893,0,15264.31,-9.49,-28.99,0.2471,0.5669,1,0.1429,-11.57,-7.82,0.0,mature,test,32
partner_642,APAC,Retail,Certified,3,5,stable,13,2.7,46.7,52,2,0,0.0631,0,18460.92,1.28,1.75,0.2045,0.0045,0,0.52,-0.83,0.0,-58.81,new_partner,test,32
partner_643,EMEA,Tech,Certified,59,4,improving,0,5.8,22.2,82,0,1,0.4461,0,57658.38,5.69,45.94,0.3406,0.0947,0,0.9032,5.38,0.0,0.0,mature,test,32
partner_644,EMEA,Retail,Strategic,28,6,declining,6,2.7,68.6,37,1,1,0.0361,0,37356.94,-3.72,-22.13,0.1992,-0.1502,0,0.0714,-4.64,0.0,0.0,mature,test,32
partner_645,LATAM,Retail,Registered,49,8,improving,0,2.6,71.2,31,2,1,0.016,0,15209.8,1.92,29.11,0.101,-0.5224,0,0.88,1.0,0.0,0.0,mature,test,32
partner_646,APAC,Tech,Strategic,44,6,declining,9,4.3,41.8,26,0,0,0.1379,0,522103.86,10.92,73.06,0.4479,-0.537,0,1.0,10.61,0.0,0.0,mature,test,32
partner_647,EMEA,Retail,Certified,11,7,improving,0,1.5,39.8,0,1,0,0.0007,0,63919.46,11.62,66.33,0.381,-0.2136,0,0.9394,10.7,0.0,0.0,mature,test,32
partner_648,NA,Services,Certified,49,7,declining,4,6.7,76.5,48,1,1,0.0166,0,21197.44,-11.15,-9.76,0.0951,0.1637,0,0.45,-13.23,0.0,0.0,mature,test,32
partner_649,LATAM,Services,Certified,34,6,declining,6,2.8,57.8,23,2,1,0.0502,0,15780.51,-13.97,-34.05,0.4317,-0.108,0,0.1905,-16.05,0.0,0.0,mature,test,32
partner_650,EMEA,Services,Certified,38,4,declining,3,7.0,23.4,67,2,1,0.737,1,9837.68,-16.17,-29.42,0.2763,-0.1785,0,0.0294,-18.25,0.0,0.0,mature,test,32
partner_651,NA,Retail,Strategic,14,7,stable,2,3.5,75.1,46,2,0,0.0058,0,29419.85,-14.4,-34.42,0.3343,-0.061,0,0.1818,-15.32,0.0,0.0,mature,test,32
partner_652,APAC,Retail,Registered,52,10,improving,2,2.7,63.3,28,5,1,0.0012,0,6467.72,-1.97,-7.34,0.0918,-0.0611,0,0.3548,-2.89,0.0,0.0,mature,test,32
partner_653,LATAM,Retail,Certified,57,8,improving,2,0.8,48.1,16,2,0,0.0106,0,24919.71,-4.51,1.44,0.0998,-0.1633,0,0.4643,-5.43,0.0,0.0,mature,test,32
partner_654,EMEA,Retail,Certified,26,7,stable,2,4.6,34.7,49,0,1,0.0733,0,27420.62,-3.25,4.37,0.0793,-0.1881,0,0.4545,-4.17,0.0,0.0,mature,test,32
partner_655,APAC,Services,Registered,8,6,declining,3,4.0,54.0,59,1,0,0.0881,0,9151.67,1.28,1.75,0.2045,0.0045,0,0.52,-0.83,0.0,-28.37,new_partner,test,32
partner_656,NA,Tech,Strategic,52,6,stable,2,3.1,54.1,46,2,0,0.0149,0,125924.35,10.96,42.98,0.3877,-0.0946,0,0.7778,10.65,0.0,0.0,mature,test,32
partner_657,APAC,Retail,Registered,54,5,improving,3,2.6,39.1,36,2,1,0.1017,0,14491.16,-22.09,2.35,0.2532,0.9153,1,0.8387,-23.01,-4.49,0.0,mature,test,32
partner_658,EMEA,Services,Certified,32,3,stable,7,5.9,43.0,18,0,0,0.4028,0,48846.47,20.26,76.33,0.4094,-0.5233,0,0.8235,18.18,0.0,0.0,mature,test,32
partner_659,NA,Tech,Registered,36,7,stable,3,4.5,74.3,42,5,1,0.0099,0,7223.15,-14.36,-21.76,0.1956,-0.2511,0,0.4103,-14.67,0.0,0.0,mature,test,32
partner_660,NA,Retail,Registered,15,7,stable,1,2.0,73.9,55,0,0,0.0817,0,4724.21,5.26,-26.61,0.3659,0.2173,0,0.1277,4.34,0.0,0.0,mature,test,32
partner_661,EMEA,Retail,Certified,6,7,declining,5,2.3,55.4,47,4,1,0.2187,0,27412.93,1.28,1.75,0.2045,0.0045,0,0.52,-0.83,0.0,-15.74,new_partner,test,32
partner_662,APAC,Manufacturing,Registered,57,9,improving,1,1.7,68.9,19,4,0,0.0004,0,6456.21,15.07,39.26,0.2543,0.0291,0,0.4167,13.18,0.0,0.0,mature,test,32
partner_663,EMEA,Services,Registered,31,9,declining,0,2.1,85.1,8,4,0,0.0001,0,12022.72,-14.54,18.71,0.1951,0.6229,1,0.6667,-16.62,12.24,0.0,mature,test,32
partner_664,EMEA,Retail,Registered,18,7,stable,5,4.6,51.9,50,0,1,0.1965,0,6418.41,-6.57,-27.75,0.386,-0.1631,0,0.3023,-7.49,0.0,0.0,mature,test,32
partner_665,NA,Services,Registered,43,5,declining,4,3.3,73.2,31,0,0,0.0148,0,11273.87,11.56,0.59,0.1026,0.2266,0,0.7727,9.48,0.0,0.0,mature,test,32
partner_666,LATAM,Services,Certified,4,10,improving,0,1.4,83.2,44,3,0,0.0,0,28744.76,1.28,1.75,0.2045,0.0045,0,0.52,-0.83,0.0,57.88,new_partner,test,32
partner_667,APAC,Services,Strategic,7,9,stable,0,4.3,100.0,5,2,0,0.0002,0,144756.67,1.28,1.75,0.2045,0.0045,0,0.52,-0.83,0.0,300.0,new_partner,test,32
partner_668,APAC,Retail,Registered,17,4,stable,4,4.3,18.7,52,0,1,0.8191,0,11350.96,-0.55,-1.95,0.1138,0.3158,0,0.6774,-1.47,0.0,0.0,mature,test,32
partner_669,EMEA,Retail,Certified,29,3,declining,5,6.2,51.3,71,0,0,0.903,1,21287.4,-0.67,-11.74,0.1099,-0.0348,0,0.2727,-1.59,0.0,0.0,mature,test,32
partner_670,NA,Services,Registered,24,10,declining,0,4.5,90.3,24,3,0,0.0001,0,3901.09,-12.81,-38.84,0.3979,-0.4115,0,0.1364,-14.89,0.0,0.0,mature,test,32
partner_671,EMEA,Tech,Certified,13,10,improving,0,3.9,62.6,13,4,0,0.0005,0,15573.11,-14.48,10.76,0.2719,0.8319,1,0.1613,-14.79,32.66,0.0,mature,test,32
partner_672,NA,Manufacturing,Registered,23,3,stable,2,5.8,39.0,42,0,1,0.5722,0,9171.05,1.41,-3.27,0.1014,0.0685,0,0.5758,-0.48,0.0,0.0,mature,test,32
partner_673,APAC,Services,Registered,22,6,stable,0,3.6,41.4,1,1,0,0.0024,0,7020.5,0.73,16.95,0.2205,0.8708,1,0.4516,-1.35,9.79,0.0,mature,test,32
partner_674,LATAM,Retail,Registered,33,5,declining,5,4.8,32.5,48,0,1,0.5913,1,5177.94,-16.12,-30.1,0.3766,-0.2135,0,0.24,-17.04,0.0,0.0,mature,test,32
partner_675,NA,Services,Certified,35,6,declining,9,6.9,40.8,49,1,0,0.2958,0,10457.16,-0.36,-10.19,0.0729,-0.1531,0,0.05,-2.44,0.0,0.0,mature,test,32
partner_676,NA,Services,Certified,54,6,declining,5,3.4,49.3,37,1,1,0.0805,0,29090.28,-1.33,-1.69,0.1035,-0.3296,0,0.5,-3.41,0.0,0.0,mature,test,32
partner_677,APAC,Manufacturing,Registered,49,7,stable,1,2.1,86.7,42,3,1,0.0095,0,7847.26,1.53,2.63,0.1084,0.2358,0,0.6667,-0.36,0.0,0.0,mature,test,32
partner_678,NA,Tech,Certified,19,6,improving,4,2.5,44.1,59,3,0,0.0692,0,46619.28,11.26,-6.29,0.212,0.5985,1,0.7333,10.95,4.71,0.0,mature,test,32
partner_679,EMEA,Services,Certified,55,9,improving,2,6.7,67.8,55,2,0,0.0033,0,12831.52,13.32,6.94,0.0957,-0.0534,0,0.1471,11.24,0.0,0.0,mature,test,32
partner_680,NA,Tech,Registered,33,5,stable,6,7.5,43.8,44,0,1,0.3249,0,4990.11,23.47,10.92,0.2066,0.7672,1,0.1538,23.16,5.84,0.0,mature,test,32
partner_681,EMEA,Manufacturing,Certified,13,0,declining,8,5.0,17.9,96,0,1,0.9815,1,26333.88,2.07,-6.31,0.1009,-0.1418,0,0.7143,0.18,0.0,0.0,mature,test,32
partner_682,EMEA,Services,Strategic,22,6,improving,3,1.5,58.4,0,4,0,0.0033,0,58852.59,2.29,14.17,0.1869,-0.2809,0,0.2222,0.21,0.0,0.0,mature,test,32
partner_683,EMEA,Manufacturing,Registered,46,4,declining,7,4.5,13.7,58,0,1,0.9711,1,5046.68,-5.37,-6.63,0.0918,-0.228,0,0.1923,-7.26,0.0,0.0,mature,test,32
partner_684,NA,Retail,Certified,50,7,stable,7,3.4,33.2,54,4,0,0.0907,0,33177.38,6.01,4.09,0.0858,0.2852,0,0.5,5.09,0.0,0.0,mature,test,32
partner_685,LATAM,Retail,Registered,24,5,declining,3,5.8,13.6,48,0,1,0.7009,0,11548.53,30.43,-3.79,0.1731,0.4802,0,0.72,29.51,0.0,0.0,mature,test,32
partner_686,NA,Retail,Certified,12,7,improving,0,0.9,80.3,8,4,1,0.003,0,23060.16,-3.33,5.46,0.2079,0.6091,1,0.2143,-4.25,2.53,0.0,mature,test,32
partner_687,NA,Tech,Registered,14,6,improving,2,3.2,63.3,51,2,1,0.01,0,5100.32,3.4,39.81,0.2556,0.1539,0,0.1795,3.09,0.0,0.0,mature,test,32
partner_688,APAC,Tech,Certified,9,3,stable,6,5.6,69.0,77,0,0,0.2721,1,33744.55,3.01,44.07,0.3743,-0.4669,0,0.8125,2.7,0.0,0.0,mature,test,32
partner_689,LATAM,Manufacturing,Registered,43,10,stable,0,2.1,94.6,40,9,0,0.0002,0,10838.32,7.61,38.99,0.2487,-0.3658,0,0.6522,5.72,0.0,0.0,mature,test,32
partner_690,NA,Tech,Certified,32,9,stable,0,1.7,74.4,51,3,0,0.0015,0,15754.45,-19.92,-42.56,0.4292,-0.302,0,0.1333,-20.23,0.0,0.0,mature,test,32
partner_691,EMEA,Services,Strategic,29,9,declining,6,5.1,46.6,22,2,0,0.0224,0,266978.87,15.78,56.3,0.4118,0.1319,0,1.0,13.7,0.0,0.0,mature,test,32
partner_692,APAC,Services,Registered,41,3,declining,4,6.1,31.7,57,0,1,0.4495,1,5482.67,-0.1,3.03,0.1081,-0.1291,0,0.3226,-2.18,0.0,0.0,mature,test,32
partner_693,EMEA,Retail,Strategic,51,7,stable,5,6.7,26.9,82,2,0,0.224,0,63274.54,-4.11,0.85,0.1073,-0.307,0,0.2143,-5.03,0.0,0.0,mature,test,32
partner_694,NA,Manufacturing,Strategic,49,6,stable,0,2.1,74.6,41,4,0,0.0022,0,63840.92,24.43,14.16,0.086,-0.2233,0,0.4545,22.54,0.0,0.0,mature,test,32
partner_695,APAC,Manufacturing,Strategic,10,5,improving,5,3.1,53.7,17,0,1,0.2469,0,54719.42,18.93,21.23,0.1721,-0.1019,0,0.1667,17.04,0.0,0.0,mature,test,32
partner_696,NA,Tech,Registered,37,10,declining,0,0.8,83.3,18,6,1,0.0003,0,3320.96,-9.4,-33.62,0.3786,-0.2116,0,0.0513,-9.71,0.0,0.0,mature,test,32
partner_697,LATAM,Retail,Certified,54,6,declining,8,6.0,52.6,41,1,1,0.1631,0,37832.15,16.35,41.29,0.2881,-0.0932,0,0.7857,15.43,0.0,0.0,mature,test,32
partner_698,NA,Services,Registered,47,7,improving,3,1.4,76.3,31,1,1,0.0045,0,11808.74,47.02,29.43,0.2674,0.707,1,0.8182,44.94,33.66,0.0,mature,test,32
partner_699,LATAM,Services,Registered,22,4,improving,6,4.6,21.3,71,1,1,0.777,1,21542.53,20.18,82.1,0.4488,-0.3688,0,1.0,18.1,0.0,0.0,mature,test,32
partner_700,EMEA,Manufacturing,Strategic,25,10,stable,0,1.6,100.0,3,5,0,0.0001,0,167335.05,19.95,85.43,0.4561,-0.4088,0,0.8462,18.06,0.0,0.0,mature,test,32
partner_701,EMEA,Services,Certified,54,6,improving,6,5.4,63.9,28,1,1,0.0099,0,36470.55,28.39,111.1,0.4183,-0.4011,0,0.7353,26.31,0.0,0.0,mature,test,32
partner_702,NA,Services,Certified,4,4,improving,5,3.7,63.2,76,2,1,0.2066,0,15383.22,1.28,1.75,0.2045,0.0045,0,0.52,-0.83,0.0,-50.95,new_partner,test,32
partner_703,EMEA,Tech,Registered,33,10,improving,0,0.5,93.3,6,6,0,0.0,0,29085.15,25.42,44.84,0.2856,0.0465,0,0.9375,25.11,0.0,0.0,mature,test,32
partner_704,APAC,Manufacturing,Certified,9,3,improving,3,5.3,61.7,61,2,0,0.2435,1,14750.45,-8.16,0.14,0.0882,0.1996,0,0.2308,-10.05,0.0,0.0,mature,test,32
partner_705,EMEA,Tech,Certified,54,8,stable,3,1.8,76.2,70,3,0,0.0013,0,26572.5,-0.46,1.15,0.0883,-0.2521,0,0.5484,-0.77,0.0,0.0,mature,test,32
partner_706,NA,Services,Registered,5,8,stable,4,1.8,57.9,37,1,0,0.0242,0,12392.76,1.28,1.75,0.2045,0.0045,0,0.52,-0.83,0.0,23.99,new_partner,test,32
partner_707,LATAM,Retail,Strategic,4,8,declining,2,6.1,41.9,43,6,0,0.1989,0,203752.24,1.28,1.75,0.2045,0.0045,0,0.52,-0.83,0.0,300.0,new_partner,test,32
partner_708,LATAM,Tech,Registered,22,9,stable,1,3.4,68.7,20,4,0,0.0014,0,19616.64,-7.62,44.19,0.2946,0.2459,0,0.9355,-7.93,0.0,0.0,mature,test,32
partner_709,NA,Services,Registered,14,8,improving,0,3.7,90.4,0,2,1,0.0008,0,3678.51,9.59,-21.41,0.2738,-0.1136,0,0.0909,7.51,0.0,0.0,mature,test,32
partner_710,NA,Retail,Certified,31,5,improving,9,5.1,48.2,19,1,1,0.1552,0,10092.16,-11.34,-34.55,0.4362,-0.0699,0,0.0357,-12.26,0.0,0.0,mature,test,32
partner_711,APAC,Services,Strategic,20,10,improving,0,2.0,76.2,37,4,0,0.0,0,74811.85,0.65,8.26,0.1075,0.2118,0,0.5455,-1.43,0.0,0.0,mature,test,32
partner_712,LATAM,Tech,Registered,23,3,stable,4,4.2,23.3,55,0,1,0.8849,1,4928.02,-19.03,-28.74,0.224,-0.1407,0,0.1935,-19.34,0.0,0.0,mature,test,32
partner_713,APAC,Services,Registered,35,3,stable,4,4.3,10.4,116,0,1,0.96,1,3323.34,10.5,-14.29,0.2395,-0.1614,0,0.0968,8.42,0.0,0.0,mature,test,32
partner_714,APAC,Services,Registered,35,9,improving,4,1.6,70.4,9,4,0,0.0032,0,5618.74,-9.41,26.85,0.219,0.1022,0,0.3871,-11.49,0.0,0.0,mature,test,32
partner_715,LATAM,Tech,Strategic,57,7,improving,0,1.2,58.6,7,5,0,0.0018,0,27546.14,10.96,3.66,0.0978,0.1812,0,0.2,10.65,0.0,0.0,mature,test,32
partner_716,EMEA,Services,Registered,30,5,stable,3,2.6,64.6,51,0,1,0.1568,1,8520.85,19.38,37.58,0.2486,-0.3194,0,0.5476,17.3,0.0,0.0,mature,test,32
partner_717,NA,Tech,Certified,35,4,stable,8,5.4,56.0,31,0,1,0.4206,1,31998.85,-7.64,-7.23,0.0979,0.2355,0,0.6333,-7.95,0.0,0.0,mature,test,32
partner_718,EMEA,Manufacturing,Strategic,42,8,improving,5,2.8,68.4,21,1,1,0.026,0,169380.59,22.82,82.55,0.424,-0.5871,0,0.9231,20.93,0.0,0.0,mature,test,32
partner_719,LATAM,Manufacturing,Registered,13,7,stable,4,6.1,41.5,61,1,1,0.2155,0,12775.32,5.08,9.35,0.1888,0.6397,1,0.6957,3.19,-0.31,0.0,mature,test,32
partner_720,APAC,Services,Certified,41,9,improving,1,3.8,66.8,0,2,0,0.0002,0,21565.06,19.95,-1.09,0.1047,0.1128,0,0.5294,17.87,0.0,0.0,mature,test,32
partner_721,NA,Retail,Certified,52,4,stable,5,5.0,24.9,52,0,1,0.4176,1,24056.15,5.07,31.49,0.2274,0.3967,0,0.25,4.15,0.0,0.0,mature,test,32
partner_722,NA,Retail,Certified,21,10,improving,0,1.7,79.6,11,8,0,0.0001,0,54112.39,17.5,76.96,0.4374,-0.5348,0,0.9643,16.58,0.0,0.0,mature,test,32
partner_723,EMEA,Manufacturing,Registered,13,9,improving,4,3.6,62.5,51,6,1,0.0109,0,5645.34,-21.99,-41.31,0.3013,-0.0929,0,0.3462,-23.88,0.0,0.0,mature,test,32
partner_724,APAC,Manufacturing,Registered,23,8,declining,0,2.5,62.1,43,5,1,0.0292,0,16176.1,24.4,44.98,0.3573,0.0736,0,0.9167,22.51,0.0,0.0,mature,test,32
partner_725,EMEA,Tech,Registered,18,5,stable,5,2.5,46.0,99,2,1,0.4327,0,32128.87,5.52,75.24,0.3983,-0.5738,0,1.0,5.21,0.0,0.0,mature,test,32
partner_726,EMEA,Retail,Certified,36,6,stable,1,3.2,39.7,38,3,1,0.0577,0,13506.4,16.61,7.87,0.1903,0.5745,1,0.0909,15.69,3.47,0.0,mature,test,32
partner_727,EMEA,Tech,Certified,53,8,stable,2,0.5,74.6,0,5,0,0.0001,0,26048.14,-6.0,-0.69,0.0952,0.4302,0,0.5161,-6.31,0.0,0.0,mature,test,32
partner_728,EMEA,Services,Registered,37,8,declining,0,3.1,66.8,78,0,0,0.0051,0,16560.52,11.65,95.34,0.4542,-0.5745,0,0.881,9.57,0.0,0.0,mature,test,32
partner_729,NA,Retail,Registered,10,6,improving,0,1.7,79.4,37,4,1,0.0311,0,8064.13,8.49,-4.7,0.114,0.1337,0,0.4681,7.57,0.0,0.0,mature,test,32
partner_730,NA,Tech,Strategic,21,7,stable,1,3.8,69.5,11,1,0,0.0091,0,68772.97,24.35,115.21,0.5021,-0.5376,0,0.3333,24.04,0.0,0.0,mature,test,32
partner_731,NA,Services,Registered,42,5,stable,5,5.1,38.1,17,1,1,0.0328,0,10428.3,-5.93,-19.33,0.2046,0.6011,1,0.6818,-8.01,-20.56,0.0,mature,test,32
partner_732,EMEA,Retail,Registered,22,7,stable,2,2.8,87.4,17,2,0,0.0015,0,20203.6,27.71,65.82,0.3587,-0.3462,0,0.9535,26.79,0.0,0.0,mature,test,32
partner_733,EMEA,Manufacturing,Certified,37,4,improving,5,4.5,13.5,50,0,1,0.6637,1,55789.7,-6.84,-12.92,0.1143,-0.3034,0,0.9048,-8.73,0.0,0.0,mature,test,32
partner_734,NA,Retail,Registered,43,4,declining,6,3.3,33.8,39,1,1,0.613,1,19591.8,-20.2,-2.95,0.2092,0.8362,1,1.0,-21.12,-8.94,0.0,mature,test,32
partner_735,EMEA,Services,Registered,22,7,stable,3,3.3,26.1,11,2,1,0.1452,0,9511.18,8.23,33.21,0.2285,0.3994,0,0.5952,6.15,0.0,0.0,mature,test,32
partner_736,LATAM,Manufacturing,Registered,40,8,improving,3,1.6,58.7,25,1,1,0.0033,0,14645.11,25.1,75.25,0.4185,0.0508,0,0.7826,23.21,0.0,0.0,mature,test,32
partner_737,EMEA,Services,Registered,26,4,declining,4,5.3,48.2,75,0,1,0.2026,0,4044.48,-1.92,-29.97,0.3793,-0.3042,0,0.119,-4.0,0.0,0.0,mature,test,32
partner_738,NA,Retail,Certified,10,8,declining,0,2.0,77.2,0,6,1,0.0,0,35111.8,38.9,-0.47,0.1905,0.8512,1,0.5714,37.98,-3.94,0.0,mature,test,32
partner_739,NA,Tech,Certified,24,2,declining,5,7.5,12.7,47,0,0,0.9357,0,16817.49,-19.56,-41.72,0.2959,-0.4346,0,0.2333,-19.87,0.0,0.0,mature,test,32
partner_740,NA,Services,Certified,28,10,declining,0,4.7,72.8,6,6,0,0.0,0,43068.46,1.43,6.71,0.0796,-0.2737,0,0.6,-0.65,0.0,0.0,mature,test,32
partner_741,EMEA,Retail,Registered,3,10,improving,0,3.2,97.8,3,11,0,0.0,0,9665.67,1.28,1.75,0.2045,0.0045,0,0.52,-0.83,0.0,-76.45,new_partner,test,32
partner_742,EMEA,Retail,Certified,54,7,improving,3,3.1,60.2,72,1,0,0.0127,0,35871.11,-12.16,13.15,0.1869,0.6493,1,0.697,-13.08,20.94,0.0,mature,test,32
partner_743,APAC,Retail,Registered,33,4,improving,9,3.2,25.5,71,0,1,0.8208,1,8771.31,-9.02,-8.18,0.1096,-0.1107,0,0.4839,-9.94,0.0,0.0,mature,test,32
partner_744,EMEA,Services,Certified,5,5,improving,3,2.8,81.1,2,0,1,0.0022,1,17264.43,1.28,1.75,0.2045,0.0045,0,0.52,-0.83,0.0,-66.56,new_partner,test,32
partner_745,NA,Manufacturing,Registered,53,4,stable,7,4.1,49.3,52,0,1,0.1227,1,12913.02,2.39,5.21,0.1045,0.2457,0,0.8788,0.5,0.0,0.0,mature,test,32
partner_746,NA,Manufacturing,Certified,52,4,improving,6,4.6,37.4,62,0,0,0.2347,0,28168.01,20.83,31.42,0.2955,0.0473,0,0.6923,18.94,0.0,0.0,mature,test,32
partner_747,NA,Manufacturing,Registered,3,6,declining,4,4.7,50.0,24,1,0,0.0298,0,10906.37,1.28,1.75,0.2045,0.0045,0,0.52,-0.83,0.0,-81.84,new_partner,test,32
partner_748,NA,Tech,Registered,12,6,declining,5,5.5,39.0,35,1,0,0.1088,0,13797.05,22.6,47.93,0.4071,-0.006,0,0.7692,22.29,0.0,0.0,mature,test,32
partner_749,LATAM,Tech,Registered,24,7,declining,1,2.0,38.0,39,0,1,0.2423,0,9004.17,8.95,49.52,0.306,0.0203,0,0.5161,8.64,0.0,0.0,mature,test,32
partner_750,APAC,Tech,Registered,32,5,declining,10,6.8,36.8,57,0,1,0.353,0,13072.21,-6.53,-5.46,0.0964,0.2293,0,0.7692,-6.84,0.0,0.0,mature,test,32
partner_751,EMEA,Manufacturing,Registered,45,4,improving,2,5.8,57.0,45,0,0,0.065,0,3426.85,-6.05,-18.09,0.1753,0.2117,0,0.0769,-7.94,0.0,0.0,mature,test,32
partner_752,NA,Retail,Certified,27,7,improving,1,2.0,71.2,0,4,0,0.0007,0,48104.87,14.66,33.55,0.2408,-0.0831,0,0.8571,13.74,0.0,0.0,mature,test,32
partner_753,EMEA,Services,Certified,38,8,improving,5,4.3,62.6,20,3,0,0.013,0,58187.25,14.7,58.39,0.3583,-0.0515,0,0.9412,12.62,0.0,0.0,mature,test,32
partner_754,NA,Services,Registered,3,7,declining,4,3.3,46.9,41,2,0,0.0399,0,4094.4,1.28,1.75,0.2045,0.0045,0,0.52,-0.83,0.0,-73.35,new_partner,test,32
partner_755,LATAM,Tech,Strategic,41,4,declining,4,4.3,53.7,72,0,1,0.802,1,87120.87,-7.73,-9.9,0.0978,0.0517,0,0.6,-8.04,0.0,0.0,mature,test,32
partner_756,EMEA,Manufacturing,Certified,56,6,declining,0,3.1,61.8,11,4,0,0.0059,0,45168.51,22.53,57.05,0.3033,-0.1722,0,0.8571,20.64,0.0,0.0,mature,test,32
partner_757,NA,Retail,Strategic,33,7,improving,2,1.9,61.4,13,3,1,0.0018,0,54087.07,1.97,47.97,0.293,-0.0475,0,0.6364,1.05,0.0,0.0,mature,test,32
partner_758,APAC,Services,Certified,29,4,stable,2,2.2,42.0,25,1,1,0.0469,0,27177.56,-16.98,-29.36,0.2587,-0.2437,0,0.5882,-19.06,0.0,0.0,mature,test,32
partner_759,EMEA,Services,Certified,20,7,improving,1,7.6,55.8,7,0,1,0.0099,0,35051.55,-9.04,-2.31,0.2342,0.6465,1,0.6765,-11.12,3.82,0.0,mature,test,32
partner_760,NA,Services,Certified,58,4,declining,7,6.1,19.4,12,0,1,0.3079,0,47139.68,16.03,30.97,0.2171,-0.1471,0,0.7,13.95,0.0,0.0,mature,test,32
partner_761,LATAM,Tech,Certified,4,8,stable,1,2.7,48.2,34,4,1,0.1412,0,53773.69,1.28,1.75,0.2045,0.0045,0,0.52,-0.83,0.0,27.27,new_partner,test,32
partner_762,EMEA,Retail,Strategic,19,7,improving,3,6.0,82.4,38,5,1,0.0074,0,70294.48,50.2,-0.47,0.2212,0.8609,1,0.4286,49.28,9.04,0.0,mature,test,32
partner_763,EMEA,Retail,Registered,11,9,improving,0,0.5,94.4,32,2,0,0.0,0,3644.05,-16.81,-29.63,0.3371,-0.5652,0,0.0233,-17.73,0.0,0.0,mature,test,32
partner_764,EMEA,Retail,Registered,53,9,stable,4,2.8,61.5,40,1,1,0.0099,0,6869.92,41.86,14.77,0.2408,0.6572,1,0.3488,40.94,9.32,0.0,mature,test,32
partner_765,APAC,Retail,Registered,30,6,stable,2,3.1,55.0,39,1,1,0.1837,0,12169.9,56.7,9.13,0.2514,0.755,1,0.7097,55.78,9.2,0.0,mature,test,32
partner_766,EMEA,Retail,Strategic,56,7,improving,0,1.4,72.3,6,3,0,0.0003,0,100348.25,13.35,-0.89,0.0847,-0.1188,0,0.6429,12.43,0.0,0.0,mature,test,32
partner_767,EMEA,Services,Registered,41,10,improving,0,0.5,100.0,12,8,0,0.0,0,4518.11,-17.94,-42.83,0.4294,-0.0881,0,0.1429,-20.02,0.0,0.0,mature,test,32
partner_768,EMEA,Retail,Certified,35,4,stable,2,3.5,46.3,63,0,0,0.1755,0,50715.42,23.46,12.12,0.1852,0.6899,1,0.8788,22.54,11.88,0.0,mature,test,32
partner_769,EMEA,Retail,Certified,33,7,improving,2,0.5,62.5,33,5,1,0.0046,0,21367.08,8.86,12.68,0.1516,0.7839,1,0.303,7.94,9.7,0.0,mature,test,32
partner_770,LATAM,Services,Strategic,14,9,improving,0,0.5,67.4,0,10,0,0.0001,0,124404.89,5.63,-3.65,0.0996,-0.0274,0,1.0,3.55,0.0,0.0,mature,test,32
partner_771,EMEA,Manufacturing,Registered,35,5,declining,4,2.9,71.0,52,3,1,0.099,0,8528.71,-0.75,5.99,0.1573,0.6291,1,0.6154,-2.64,16.18,0.0,mature,test,32
partner_772,NA,Services,Certified,42,8,declining,1,2.0,51.9,30,3,1,0.0111,0,14636.85,-14.99,-41.99,0.4407,-0.2685,0,0.1,-17.07,0.0,0.0,mature,test,32
partner_773,NA,Manufacturing,Strategic,58,7,stable,3,2.1,67.3,28,3,1,0.0256,0,19956.82,5.48,-0.25,0.1004,-0.2105,0,0.1818,3.59,0.0,0.0,mature,test,32
partner_774,APAC,Services,Registered,34,6,improving,10,4.4,25.9,62,1,1,0.7706,1,9105.36,9.8,1.82,0.186,0.882,1,0.6452,7.72,0.63,0.0,mature,test,32
partner_775,EMEA,Manufacturing,Certified,57,5,declining,3,3.5,23.0,54,1,1,0.36,1,36369.73,8.3,36.98,0.2415,-0.0884,0,0.8095,6.41,0.0,0.0,mature,test,32
partner_776,APAC,Tech,Registered,57,7,improving,1,0.5,65.5,52,2,0,0.0025,0,9102.8,3.88,15.19,0.1825,0.3541,0,0.4615,3.57,0.0,0.0,mature,test,32
partner_777,LATAM,Manufacturing,Certified,33,9,stable,0,0.5,78.4,38,3,1,0.0074,0,9688.01,-10.68,-34.79,0.4469,-0.1906,0,0.1111,-12.57,0.0,0.0,mature,test,32
partner_778,EMEA,Tech,Certified,28,10,stable,2,3.6,37.9,54,0,1,0.0306,0,43001.68,-14.46,-9.73,0.1981,0.7619,1,0.7742,-14.77,-6.89,0.0,mature,test,32
partner_779,LATAM,Tech,Registered,11,6,improving,1,3.8,58.7,67,1,0,0.152,0,13842.02,9.85,46.32,0.428,0.2654,0,0.8065,9.54,0.0,0.0,mature,test,32
partner_780,APAC,Tech,Registered,18,6,improving,1,0.5,58.3,21,3,1,0.0151,0,11201.39,-3.82,5.25,0.1155,-0.1198,0,0.6538,-4.13,0.0,0.0,mature,test,32
partner_781,EMEA,Retail,Registered,53,9,declining,4,4.1,91.5,46,1,1,0.0237,0,5420.63,12.62,21.93,0.1853,0.0198,0,0.1163,11.7,0.0,0.0,mature,test,32
partner_782,APAC,Services,Registered,11,6,improving,3,4.5,33.8,50,3,1,0.372,0,4826.68,-6.13,-37.25,0.315,-0.374,0,0.2258,-8.21,0.0,0.0,mature,test,32
partner_783,NA,Retail,Certified,26,2,declining,5,8.9,16.7,85,0,1,0.9249,1,31888.77,-25.04,10.16,0.1871,0.6089,1,0.4643,-25.96,3.81,0.0,mature,test,32
partner_784,LATAM,Retail,Registered,43,8,stable,2,6.1,69.1,41,1,0,0.0063,0,12267.94,19.53,46.27,0.3371,0.0092,0,0.76,18.61,0.0,0.0,mature,test,32
partner_785,APAC,Retail,Registered,16,4,improving,3,3.8,25.4,73,0,1,0.5765,0,12730.21,43.98,7.59,0.2303,0.9069,1,0.7419,43.06,3.68,0.0,mature,test,32
partner_786,NA,Services,Certified,59,8,declining,3,2.5,55.9,6,3,0,0.0053,0,102883.15,5.77,56.96,0.4428,-0.5999,0,1.0,3.69,0.0,0.0,mature,test,32
partner_787,APAC,Tech,Certified,40,10,stable,0,2.2,78.6,29,5,1,0.0002,0,29027.06,-7.28,-27.3,0.2305,0.7653,1,0.5,-7.59,-25.16,0.0,mature,test,32
partner_788,NA,Manufacturing,Certified,4,6,improving,7,5.4,72.6,63,3,0,0.1167,0,35403.63,1.28,1.75,0.2045,0.0045,0,0.52,-0.83,0.0,3.39,new_partner,test,32
partner_789,LATAM,Services,Strategic,17,4,stable,7,4.1,39.2,88,2,1,0.3408,0,112588.16,38.74,-12.9,0.2396,0.8069,1,0.8571,36.66,-13.12,0.0,mature,test,32
partner_790,LATAM,Retail,Registered,45,6,declining,9,6.3,41.2,48,0,1,0.381,0,14126.24,21.48,21.46,0.2255,0.6382,1,0.8,20.56,16.3,0.0,mature,test,32
partner_791,EMEA,Services,Certified,53,1,declining,4,5.6,18.5,101,0,1,0.9818,1,50165.46,19.95,104.55,0.4474,-0.5464,0,0.9118,17.87,0.0,0.0,mature,test,32
partner_792,NA,Tech,Registered,56,7,stable,3,2.4,48.0,37,2,1,0.3483,1,19656.26,3.19,29.05,0.2671,-0.0288,0,0.8974,2.88,0.0,0.0,mature,test,32
partner_793,NA,Retail,Certified,52,5,stable,7,3.0,20.1,72,0,0,0.4143,1,15802.99,5.28,10.45,0.1968,0.253,0,0.1071,4.36,0.0,0.0,mature,test,32
partner_794,EMEA,Manufacturing,Strategic,7,6,stable,1,4.7,78.3,36,2,0,0.0183,0,35166.21,1.28,1.75,0.2045,0.0045,0,0.52,-0.83,0.0,-23.62,new_partner,test,32
partner_795,EMEA,Services,Certified,45,10,declining,0,2.9,97.5,34,4,0,0.0002,0,16344.61,-14.22,-20.17,0.116,-0.5478,0,0.2353,-16.3,0.0,0.0,mature,test,32
partner_796,NA,Retail,Certified,9,7,improving,4,5.2,35.1,45,2,1,0.0037,0,52316.32,3.78,17.85,0.0766,-0.0409,0,0.8929,2.86,0.0,0.0,mature,test,32
partner_797,EMEA,Manufacturing,Certified,7,6,stable,5,0.5,43.9,31,1,0,0.0065,0,9355.02,1.28,1.75,0.2045,0.0045,0,0.52,-0.83,0.0,-84.75,new_partner,test,32
partner_798,EMEA,Retail,Registered,43,8,declining,3,3.2,68.1,59,1,0,0.0144,0,13488.83,0.72,14.07,0.0883,-0.2471,0,0.7674,-0.2,0.0,0.0,mature,test,32
partner_799,LATAM,Manufacturing,Certified,30,9,improving,0,4.1,85.0,10,5,0,0.0,0,10564.77,5.96,-18.21,0.1932,0.215,0,0.2222,4.07,0.0,0.0,mature,test,32
partner_800,LATAM,Manufacturing,Certified,40,7,improving,1,1.1,57.1,43,5,0,0.0054,0,23312.37,-5.98,-10.06,0.0938,0.101,0,0.5556,-7.87,0.0,0.0,mature,test,32
partner_801,LATAM,Manufacturing,Strategic,52,6,improving,5,4.9,43.7,14,2,1,0.176,0,52137.43,-6.45,-23.25,0.2457,0.2342,0,0.75,-8.34,0.0,0.0,mature,test,32
partner_802,NA,Manufacturing,Registered,6,7,stable,3,2.7,55.3,56,2,0,0.0488,0,7570.71,1.28,1.75,0.2045,0.0045,0,0.52,-0.83,0.0,-65.02,new_partner,test,32
partner_803,APAC,Retail,Registered,33,9,declining,2,3.0,35.2,16,2,1,0.1714,1,10642.16,5.17,-4.12,0.2368,0.8522,1,0.6452,4.25,-5.28,0.0,mature,test,32
partner_804,NA,Manufacturing,Certified,51,8,improving,2,2.3,73.2,28,2,1,0.0089,0,24399.16,-2.9,-38.66,0.3275,0.4518,0,0.5385,-4.79,0.0,0.0,mature,test,32
partner_805,EMEA,Manufacturing,Registered,28,4,declining,1,6.7,53.3,25,1,1,0.1118,0,18182.04,-2.65,55.31,0.3533,-0.2556,0,0.9231,-4.54,0.0,0.0,mature,test,32
partner_806,EMEA,Manufacturing,Registered,33,3,stable,5,5.7,47.6,29,0,1,0.3134,1,21752.28,16.85,64.71,0.4074,0.0982,0,0.9615,14.96,0.0,0.0,mature,test,32
partner_807,LATAM,Retail,Registered,31,8,improving,2,2.1,56.9,21,5,0,0.0008,0,4378.4,-15.52,-14.85,0.097,0.0054,0,0.2,-16.44,0.0,0.0,mature,test,32
partner_808,EMEA,Tech,Certified,55,4,improving,3,7.1,41.3,31,0,0,0.0491,0,19130.22,2.53,-21.51,0.1496,-0.0099,0,0.3548,2.22,0.0,0.0,mature,test,32
partner_809,NA,Tech,Registered,5,8,improving,2,0.5,52.7,48,3,1,0.007,0,13477.25,1.28,1.75,0.2045,0.0045,0,0.52,-0.83,0.0,51.85,new_partner,test,32
partner_810,APAC,Retail,Registered,53,7,improving,3,1.8,60.6,24,2,1,0.0074,0,7748.16,-12.26,8.48,0.1896,0.8071,1,0.4516,-13.18,3.36,0.0,mature,test,32
partner_811,EMEA,Retail,Registered,50,5,declining,7,6.4,50.9,50,1,1,0.2709,0,12909.23,-13.49,3.98,0.0985,-0.2068,0,0.7209,-14.41,0.0,0.0,mature,test,32
partner_812,EMEA,Tech,Strategic,50,8,declining,3,2.7,87.3,15,4,0,0.002,0,82191.65,-3.62,8.78,0.0928,0.1169,0,0.7,-3.93,0.0,0.0,mature,test,32
partner_813,APAC,Manufacturing,Certified,26,4,stable,8,4.4,39.5,73,0,1,0.7907,1,51554.17,9.59,53.59,0.4032,-0.4734,0,1.0,7.7,0.0,0.0,mature,test,32
partner_814,NA,Retail,Registered,32,7,improving,5,3.4,32.8,45,1,0,0.4692,0,11925.57,46.26,34.27,0.2241,0.6132,1,0.8085,45.34,32.08,0.0,mature,test,32
partner_815,EMEA,Services,Registered,24,4,declining,4,3.9,49.3,66,0,1,0.2487,1,11701.24,19.44,47.69,0.3037,-0.0216,0,0.6429,17.36,0.0,0.0,mature,test,32
partner_816,APAC,Tech,Certified,17,10,stable,0,3.0,63.3,27,8,1,0.0001,0,32390.48,-2.9,-3.71,0.095,0.2409,0,0.625,-3.21,0.0,0.0,mature,test,32
partner_817,APAC,Services,Registered,53,10,improving,0,0.5,95.8,23,9,0,0.0001,0,5463.23,58.67,-3.95,0.2217,0.7979,1,0.2903,56.59,-1.87,0.0,mature,test,32
partner_818,NA,Tech,Certified,32,7,stable,6,7.9,43.1,54,1,0,0.1398,0,48780.81,0.91,26.69,0.1192,-0.3954,0,0.8,0.6,0.0,0.0,mature,test,32
partner_819,LATAM,Tech,Registered,44,10,stable,3,0.5,79.1,28,4,1,0.0001,0,9515.52,-9.67,-9.01,0.2468,0.8137,1,0.5484,-9.98,-11.51,0.0,mature,test,32
partner_820,EMEA,Manufacturing,Strategic,8,9,stable,0,4.7,83.1,42,0,0,0.0021,0,52202.57,1.28,1.75,0.2045,0.0045,0,0.52,-0.83,0.0,-12.02,new_partner,test,32
partner_821,EMEA,Services,Registered,48,4,declining,4,4.7,58.7,42,3,0,0.0563,0,4614.98,-0.82,-5.01,0.109,0.2155,0,0.1667,-2.9,0.0,0.0,mature,test,32
partner_822,NA,Tech,Certified,41,8,declining,0,1.2,59.2,12,3,1,0.0135,0,20517.94,-5.13,-9.38,0.0695,-0.2502,0,0.3667,-5.44,0.0,0.0,mature,test,32
partner_823,EMEA,Tech,Registered,60,0,improving,9,6.4,8.4,96,0,1,0.9727,1,19636.61,-12.82,-16.28,0.0984,-0.1432,0,0.8438,-13.13,0.0,0.0,mature,test,32
partner_824,LATAM,Manufacturing,Strategic,10,10,stable,1,3.6,80.8,43,7,0,0.0005,0,150732.1,12.08,56.8,0.4014,-0.205,0,1.0,10.19,0.0,0.0,mature,test,32
partner_825,APAC,Manufacturing,Strategic,34,6,stable,3,4.6,55.9,41,3,1,0.2546,0,74212.7,4.24,27.92,0.2337,0.3173,0,0.3333,2.35,0.0,0.0,mature,test,32
partner_826,EMEA,Retail,Certified,32,10,declining,0,0.5,100.0,30,4,0,0.0006,0,42930.6,10.52,3.57,0.086,0.1807,0,0.8485,9.6,0.0,0.0,mature,test,32
partner_827,NA,Tech,Registered,34,6,declining,5,5.2,40.0,66,0,1,0.6533,1,16261.46,6.74,25.76,0.2103,-0.3386,0,0.8205,6.43,0.0,0.0,mature,test,32
partner_828,EMEA,Tech,Registered,6,6,improving,6,1.7,62.6,46,2,0,0.038,0,6281.41,1.28,1.75,0.2045,0.0045,0,0.52,-0.83,0.0,-50.29,new_partner,test,32
partner_829,APAC,Services,Certified,30,10,improving,0,3.3,76.6,0,4,0,0.0001,0,60562.81,-8.67,3.33,0.1327,0.3075,0,1.0,-10.75,0.0,0.0,mature,test,32
partner_830,EMEA,Tech,Certified,20,6,declining,7,6.3,24.6,35,0,1,0.8232,0,41395.38,-30.19,12.72,0.1926,0.5956,1,0.7419,-30.5,9.16,0.0,mature,test,32
partner_831,LATAM,Tech,Registered,38,7,stable,4,1.4,72.9,32,2,0,0.0582,0,7331.06,5.08,24.9,0.2092,0.0449,0,0.3871,4.77,0.0,0.0,mature,test,32
partner_832,NA,Services,Registered,16,8,improving,2,0.5,49.6,35,2,1,0.065,0,7132.54,42.98,5.73,0.2037,0.7732,1,0.3636,40.9,7.18,0.0,mature,test,32
partner_833,NA,Tech,Registered,28,10,stable,3,2.0,48.7,1,1,0,0.0258,0,12486.23,11.16,66.93,0.335,-0.0765,0,0.6923,10.85,0.0,0.0,mature,test,32
partner_834,LATAM,Retail,Certified,38,6,stable,7,3.9,23.8,9,1,1,0.2063,0,9951.73,-6.09,-2.83,0.0968,0.3442,0,0.0714,-7.01,0.0,0.0,mature,test,32
partner_835,LATAM,Retail,Certified,6,6,stable,2,3.2,65.4,33,5,0,0.0721,0,51615.37,1.28,1.75,0.2045,0.0045,0,0.52,-0.83,0.0,77.51,new_partner,test,32
partner_836,NA,Retail,Certified,48,5,improving,4,4.4,40.3,44,2,0,0.1454,0,40464.15,4.31,38.03,0.2475,-0.5758,0,0.6429,3.39,0.0,0.0,mature,test,32
partner_837,LATAM,Retail,Certified,44,9,stable,0,1.7,55.7,33,5,0,0.0016,0,47443.62,8.88,47.62,0.2819,-0.1425,0,0.8571,7.96,0.0,0.0,mature,test,32
partner_838,APAC,Tech,Registered,6,6,improving,4,3.2,90.6,71,2,0,0.0338,0,11192.84,1.28,1.75,0.2045,0.0045,0,0.52,-0.83,0.0,28.63,new_partner,test,32
partner_839,NA,Services,Registered,6,7,declining,7,2.1,24.9,10,1,1,0.1308,0,4989.25,1.28,1.75,0.2045,0.0045,0,0.52,-0.83,0.0,-69.67,new_partner,test,32
partner_840,NA,Manufacturing,Registered,52,9,improving,0,0.5,73.6,22,4,0,0.0,0,9282.42,-7.37,10.95,0.0864,-0.0896,0,0.6364,-9.26,0.0,0.0,mature,test,32
partner_841,EMEA,Retail,Certified,19,9,improving,1,2.3,100.0,56,7,0,0.0001,0,27897.76,6.72,22.49,0.151,0.0077,0,0.4848,5.8,0.0,0.0,mature,test,32
partner_842,LATAM,Manufacturing,Registered,52,7,declining,2,4.8,48.2,21,1,1,0.0692,0,7956.15,-3.49,33.79,0.266,0.3054,0,0.4783,-5.38,0.0,0.0,mature,test,32
partner_843,NA,Retail,Registered,31,6,stable,10,4.2,73.4,38,0,0,0.0159,0,6730.96,-9.6,-10.47,0.1029,-0.4351,0,0.2766,-10.52,0.0,0.0,mature,test,32
partner_844,NA,Services,Registered,22,5,stable,5,2.2,62.7,63,0,0,0.0516,0,41530.32,33.27,76.21,0.4424,0.0052,0,1.0,31.19,0.0,0.0,mature,test,32
partner_845,EMEA,Retail,Registered,18,4,stable,2,7.1,18.0,63,0,0,0.751,1,5632.11,-27.29,3.89,0.2028,0.7277,1,0.1395,-28.21,-4.4,0.0,mature,test,32
partner_846,APAC,Manufacturing,Certified,41,7,stable,1,5.8,70.1,41,1,1,0.0347,1,31213.18,-22.32,0.76,0.2288,0.7769,1,0.5385,-24.21,-1.02,0.0,mature,test,32
partner_847,NA,Tech,Registered,9,7,declining,3,5.3,44.8,54,1,1,0.096,0,18210.01,-4.37,-10.82,0.0886,-0.1063,0,0.8718,-4.68,0.0,0.0,mature,test,32
partner_848,LATAM,Manufacturing,Registered,26,8,declining,1,3.9,58.9,47,3,0,0.0034,0,15413.18,-18.62,13.74,0.2648,0.8482,1,0.8261,-20.51,11.74,0.0,mature,test,32
partner_849,EMEA,Tech,Certified,23,3,stable,2,3.6,13.4,75,0,1,0.7057,1,6253.98,-8.19,-36.15,0.4034,-0.4161,0,0.0323,-8.5,0.0,0.0,mature,test,32
partner_850,APAC,Services,Registered,11,4,declining,7,7.4,15.8,80,0,1,0.8967,1,4952.8,-3.29,7.61,0.1018,-0.3419,0,0.2581,-5.37,0.0,0.0,mature,test,32
partner_851,EMEA,Retail,Registered,23,8,improving,1,3.3,82.4,0,4,1,0.0003,0,7402.38,12.14,45.25,0.2982,0.0508,0,0.3953,11.22,0.0,0.0,mature,test,32
partner_852,EMEA,Services,Registered,33,7,stable,0,1.4,49.6,51,2,0,0.0189,0,15358.83,-3.89,66.84,0.387,-0.1765,0,0.8095,-5.97,0.0,0.0,mature,test,32
partner_853,APAC,Tech,Certified,42,5,declining,3,4.8,22.2,75,2,0,0.0732,0,22050.43,-9.28,-3.17,0.0984,-0.1939,0,0.25,-9.59,0.0,0.0,mature,test,32
partner_854,APAC,Services,Registered,8,7,improving,2,3.4,50.8,72,0,1,0.0719,0,20124.67,1.28,1.75,0.2045,0.0045,0,0.52,-0.83,0.0,175.97,new_partner,test,32
partner_855,EMEA,Services,Certified,53,8,improving,1,4.3,57.6,43,2,0,0.0246,0,11113.25,46.34,7.25,0.2329,0.7984,1,0.0588,44.26,0.91,0.0,mature,test,32
partner_856,NA,Services,Strategic,53,4,declining,4,6.8,45.3,101,1,1,0.6074,1,96259.74,-9.17,-10.59,0.0994,-0.343,0,0.8,-11.25,0.0,0.0,mature,test,32
partner_857,LATAM,Retail,Certified,43,5,stable,7,5.6,23.0,64,0,1,0.6047,1,33731.44,0.55,-13.01,0.1913,0.525,1,0.7143,-0.37,-10.73,0.0,mature,test,32
partner_858,APAC,Retail,Registered,56,10,improving,0,1.0,89.5,40,3,1,0.0102,0,4427.01,-3.25,-21.27,0.2733,-0.0631,0,0.1613,-4.17,0.0,0.0,mature,test,32
partner_859,NA,Retail,Certified,27,10,declining,0,2.7,91.6,47,2,0,0.0024,0,54539.0,-7.38,-9.7,0.0827,0.036,0,1.0,-8.3,0.0,0.0,mature,test,32
partner_860,NA,Retail,Registered,50,10,improving,0,2.5,91.0,4,5,0,0.0007,0,13101.17,2.56,10.69,0.2717,0.8842,1,0.8723,1.64,-4.5,0.0,mature,test,32
partner_861,LATAM,Manufacturing,Registered,45,7,stable,1,2.1,39.6,61,1,0,0.0538,0,7700.13,12.69,26.84,0.1907,-0.1787,0,0.4348,10.8,0.0,0.0,mature,test,32
partner_862,LATAM,Services,Certified,35,9,improving,0,0.6,90.3,0,8,0,0.0001,0,7569.62,-2.46,-40.77,0.4061,-0.3763,0,0.0476,-4.54,0.0,0.0,mature,test,32
partner_863,LATAM,Services,Registered,13,7,stable,4,5.6,79.4,11,2,0,0.0016,0,6726.59,-2.21,-9.79,0.0811,0.0544,0,0.2857,-4.29,0.0,0.0,mature,test,32
partner_864,NA,Tech,Registered,35,10,stable,5,5.4,55.8,11,0,0,0.0023,0,23827.75,17.89,6.2,0.1419,0.6074,1,0.9744,17.58,3.29,0.0,mature,test,32
partner_865,EMEA,Manufacturing,Registered,55,5,declining,4,3.4,12.2,8,0,0,0.614,0,5505.71,-0.48,-4.45,0.0914,0.1086,0,0.2692,-2.37,0.0,0.0,mature,test,32
partner_866,APAC,Services,Registered,60,9,stable,2,0.5,52.2,18,6,1,0.0102,0,11937.62,14.24,82.16,0.4163,-0.3327,0,0.7742,12.16,0.0,0.0,mature,test,32
partner_867,APAC,Services,Registered,28,6,improving,6,6.6,27.1,55,1,1,0.1152,0,6377.54,-1.88,-26.63,0.2673,0.3529,0,0.4194,-3.96,0.0,0.0,mature,test,32
partner_868,LATAM,Retail,Certified,17,2,stable,7,9.2,8.7,71,0,1,0.9857,1,53717.68,1.39,16.45,0.1103,0.0494,0,0.9286,0.47,0.0,0.0,mature,test,32
partner_869,EMEA,Tech,Strategic,46,8,stable,0,4.5,53.8,0,4,0,0.0005,0,162380.2,0.85,33.23,0.229,0.1261,0,1.0,0.54,0.0,0.0,mature,test,32
partner_870,EMEA,Services,Registered,7,4,stable,5,4.2,47.6,9,0,1,0.1002,0,8351.62,1.28,1.75,0.2045,0.0045,0,0.52,-0.83,0.0,-52.56,new_partner,test,32
partner_871,LATAM,Tech,Certified,11,6,improving,2,4.7,60.6,28,0,1,0.1727,0,69152.06,12.62,59.24,0.3599,-0.3689,0,1.0,12.31,0.0,0.0,mature,test,32
partner_872,EMEA,Tech,Registered,35,7,improving,3,1.9,44.2,20,4,1,0.0125,0,17491.88,4.4,38.04,0.3769,-0.0944,0,0.8125,4.09,0.0,0.0,mature,test,32
partner_873,APAC,Services,Registered,60,4,declining,2,7.0,20.5,105,1,1,0.9443,1,2969.38,0.65,-22.3,0.2684,-0.0174,0,0.0323,-1.43,0.0,0.0,mature,test,32
partner_874,NA,Services,Registered,22,7,stable,0,1.8,53.8,27,3,0,0.0071,0,4630.74,13.94,39.17,0.2655,0.1774,0,0.2045,11.86,0.0,0.0,mature,test,32
partner_875,LATAM,Services,Registered,28,5,stable,4,3.1,54.4,82,0,0,0.8148,0,8134.29,7.19,7.64,0.0933,-0.1878,0,0.4286,5.11,0.0,0.0,mature,test,32
partner_876,APAC,Services,Registered,21,8,improving,6,3.3,40.4,25,2,0,0.0912,0,18396.37,5.32,60.24,0.4411,-0.4346,0,0.9355,3.24,0.0,0.0,mature,test,32
partner_877,NA,Retail,Registered,28,7,stable,6,3.5,30.2,73,2,1,0.1388,0,7167.89,-12.79,-5.53,0.2058,0.7443,1,0.2979,-13.71,-10.17,0.0,mature,test,32
partner_878,NA,Tech,Registered,3,7,stable,0,4.1,64.2,37,3,1,0.0093,0,11521.3,1.28,1.75,0.2045,0.0045,0,0.52,-0.83,0.0,-53.33,new_partner,test,32
partner_879,LATAM,Tech,Certified,37,7,declining,4,2.3,41.0,25,2,1,0.1647,0,9148.44,17.66,3.24,0.1944,0.8254,1,0.0588,17.35,4.26,0.0,mature,test,32
partner_880,NA,Manufacturing,Registered,37,8,stable,0,6.3,96.7,28,4,0,0.0013,0,9340.37,35.0,67.23,0.3796,-0.033,0,0.6667,33.11,0.0,0.0,mature,test,32
partner_881,NA,Tech,Registered,21,3,declining,3,6.5,12.3,67,0,1,0.7528,1,3968.7,-6.51,-25.49,0.2869,-0.1053,0,0.1026,-6.82,0.0,0.0,mature,test,32
partner_882,LATAM,Manufacturing,Registered,18,7,declining,2,2.5,73.2,26,2,0,0.004,0,14243.45,-18.02,-21.09,0.3,-0.3993,0,0.7391,-19.91,0.0,0.0,mature,test,32
partner_883,APAC,Tech,Certified,47,4,declining,7,3.4,48.0,26,0,1,0.5381,0,60492.09,8.0,22.68,0.1996,0.1404,0,1.0,7.69,0.0,0.0,mature,test,32
partner_884,NA,Manufacturing,Registered,13,9,improving,1,1.7,54.7,58,2,1,0.0036,0,6587.42,-13.56,-30.66,0.2312,0.1887,0,0.2424,-15.45,0.0,0.0,mature,test,32
partner_885,EMEA,Tech,Certified,5,5,declining,5,4.7,28.8,73,0,1,0.84,1,27554.69,1.28,1.75,0.2045,0.0045,0,0.52,-0.83,0.0,-31.54,new_partner,test,32
partner_886,NA,Tech,Registered,5,3,declining,7,5.0,13.7,46,0,1,0.6183,1,5999.39,1.28,1.75,0.2045,0.0045,0,0.52,-0.83,0.0,-48.2,new_partner,test,32
partner_887,NA,Retail,Registered,54,7,stable,1,2.0,80.7,35,5,0,0.0011,0,3444.25,-17.52,-42.97,0.3345,-0.1865,0,0.0426,-18.44,0.0,0.0,mature,test,32
partner_888,EMEA,Retail,Strategic,24,6,stable,4,2.5,49.9,36,2,1,0.0059,0,140889.62,20.23,60.27,0.3661,-0.2836,0,0.8571,19.31,0.0,0.0,mature,test,32
partner_889,EMEA,Services,Registered,8,10,declining,0,2.5,100.0,32,3,0,0.0003,0,6124.32,1.28,1.75,0.2045,0.0045,0,0.52,-0.83,0.0,-60.02,new_partner,test,32
partner_890,LATAM,Tech,Registered,53,8,declining,0,4.3,98.6,15,2,1,0.0069,0,5450.57,-0.68,-3.14,0.1028,-0.3505,0,0.2581,-0.99,0.0,0.0,mature,test,32
partner_891,NA,Retail,Registered,11,6,declining,3,1.8,87.2,32,4,0,0.0038,0,4632.75,5.48,-28.19,0.3643,-0.1192,0,0.1064,4.56,0.0,0.0,mature,test,32
partner_892,APAC,Services,Strategic,22,8,stable,1,2.8,47.8,18,6,0,0.0095,0,112362.12,-2.13,4.02,0.0828,0.3363,0,0.8182,-4.21,0.0,0.0,mature,test,32
partner_893,EMEA,Manufacturing,Certified,4,6,stable,8,1.2,31.8,55,1,0,0.0295,0,17879.12,1.28,1.75,0.2045,0.0045,0,0.52,-0.83,0.0,-77.69,new_partner,test,32
partner_894,EMEA,Retail,Certified,42,8,improving,3,1.7,51.9,25,3,1,0.0168,0,31114.74,34.86,-4.1,0.1985,0.7891,1,0.5758,33.94,-4.04,0.0,mature,test,32
partner_895,LATAM,Tech,Strategic,43,8,declining,1,5.9,80.9,56,1,0,0.0198,0,85191.41,-7.57,-34.11,0.3639,-0.0985,0,0.4,-7.88,0.0,0.0,mature,test,32
partner_896,APAC,Retail,Registered,46,5,stable,4,6.2,52.4,60,1,1,0.4538,1,10535.73,4.45,14.59,0.0982,-0.1723,0,0.6129,3.53,0.0,0.0,mature,test,32
partner_897,EMEA,Manufacturing,Strategic,18,3,improving,3,5.9,42.7,111,0,0,0.8413,1,53204.52,22.83,61.77,0.3789,-0.0804,0,0.3846,20.94,0.0,0.0,mature,test,32
partner_898,EMEA,Retail,Registered,22,8,stable,4,1.2,71.9,28,4,0,0.002,0,13634.87,17.53,0.04,0.2356,0.8142,1,0.7907,16.61,1.1,0.0,mature,test,32
partner_899,EMEA,Retail,Certified,57,2,declining,8,4.9,12.2,60,0,1,0.8649,1,31188.48,19.41,50.26,0.3473,0.2133,0,0.6061,18.49,0.0,0.0,mature,test,32
partner_900,NA,Retail,Registered,50,9,declining,2,2.1,65.7,16,4,0,0.0225,0,12720.07,-6.04,-1.73,0.166,0.742,1,0.8298,-6.96,-4.91,0.0,mature,test,32
partner_901,NA,Manufacturing,Registered,5,5,stable,5,6.2,42.9,42,3,1,0.4871,0,9887.43,1.28,1.75,0.2045,0.0045,0,0.52,-0.83,0.0,-56.62,new_partner,test,32
partner_902,EMEA,Retail,Strategic,43,4,improving,3,5.9,49.3,31,1,1,0.0625,0,70221.87,2.24,-2.8,0.2468,0.8047,1,0.3571,1.32,7.97,0.0,mature,test,32
partner_903,EMEA,Services,Registered,50,7,stable,3,3.2,49.7,65,2,1,0.0052,0,12313.59,-2.03,44.39,0.358,-0.1109,0,0.7143,-4.11,0.0,0.0,mature,test,32
partner_904,NA,Retail,Strategic,35,4,improving,3,5.7,67.3,46,0,1,0.3124,0,38661.17,-14.87,-26.5,0.2477,0.0936,0,0.3636,-15.79,0.0,0.0,mature,test,32
partner_905,APAC,Manufacturing,Registered,40,10,improving,0,1.3,54.0,29,2,1,0.0035,0,6116.38,-16.79,-37.22,0.3482,-0.274,0,0.25,-18.68,0.0,0.0,mature,test,32
partner_906,LATAM,Tech,Certified,3,6,declining,5,4.2,45.4,17,0,1,0.2747,0,57546.89,1.28,1.75,0.2045,0.0045,0,0.52,-0.83,0.0,82.0,new_partner,test,32
partner_907,NA,Tech,Strategic,4,8,declining,3,4.4,87.5,29,3,0,0.0146,0,71647.61,1.28,1.75,0.2045,0.0045,0,0.52,-0.83,0.0,144.58,new_partner,test,32
partner_908,EMEA,Retail,Registered,5,5,improving,4,6.2,63.9,0,2,1,0.1221,0,6214.63,1.28,1.75,0.2045,0.0045,0,0.52,-0.83,0.0,-72.12,new_partner,test,32
partner_909,EMEA,Services,Strategic,12,6,improving,1,2.0,33.0,50,3,1,0.0813,0,97881.95,-8.86,0.45,0.1842,0.7412,1,0.5556,-10.94,-0.59,0.0,mature,test,32
partner_910,EMEA,Services,Certified,60,6,declining,3,6.2,14.0,37,1,0,0.1326,0,98003.57,38.51,99.84,0.488,-0.3714,0,1.0,36.43,0.0,0.0,mature,test,32
partner_911,LATAM,Retail,Certified,39,7,stable,3,7.0,41.5,70,3,0,0.0186,0,17200.0,-10.77,-27.99,0.3406,-0.4802,0,0.1786,-11.69,0.0,0.0,mature,test,32
partner_912,APAC,Retail,Registered,48,6,improving,2,1.2,59.5,53,3,1,0.0187,0,8877.89,5.0,44.64,0.3054,-0.1914,0,0.5161,4.08,0.0,0.0,mature,test,32
partner_913,APAC,Services,Certified,20,5,stable,5,2.6,34.6,77,0,1,0.6063,1,27290.04,-6.54,-3.32,0.0907,-0.0714,0,0.7059,-8.62,0.0,0.0,mature,test,32
partner_914,APAC,Tech,Certified,57,8,improving,1,5.3,64.5,12,6,1,0.0072,0,28266.65,-5.46,25.75,0.2723,-0.3984,0,0.4375,-5.77,0.0,0.0,mature,test,32
partner_915,APAC,Retail,Registered,14,2,stable,7,5.0,33.5,77,0,1,0.6709,1,5260.6,-8.85,-31.68,0.2911,-0.0712,0,0.2581,-9.77,0.0,0.0,mature,test,32
partner_916,APAC,Retail,Registered,55,9,improving,0,1.8,78.0,56,4,0,0.001,0,9868.09,6.16,6.62,0.1756,0.7289,1,0.5806,5.24,-2.18,0.0,mature,test,32
partner_917,EMEA,Manufacturing,Registered,4,5,stable,5,6.0,60.5,33,0,0,0.0471,0,3726.6,1.28,1.75,0.2045,0.0045,0,0.52,-0.83,0.0,-90.82,new_partner,test,32
partner_918,EMEA,Manufacturing,Strategic,4,4,stable,2,3.4,50.0,39,0,1,0.0173,0,184472.93,1.28,1.75,0.2045,0.0045,0,0.52,-0.83,0.0,300.0,new_partner,test,32
partner_919,NA,Manufacturing,Registered,7,4,stable,3,5.1,7.0,56,0,1,0.6659,0,16078.1,1.28,1.75,0.2045,0.0045,0,0.52,-0.83,0.0,15.25,new_partner,test,32
partner_920,NA,Services,Certified,48,5,declining,6,2.0,49.5,51,1,0,0.1145,0,14821.98,5.29,-7.72,0.1822,-0.2775,0,0.15,3.21,0.0,0.0,mature,test,32
partner_921,EMEA,Tech,Strategic,17,7,improving,0,3.3,75.5,29,2,0,0.0023,0,30583.42,-3.57,-38.9,0.4088,-0.405,0,0.1,-3.88,0.0,0.0,mature,test,32
partner_922,APAC,Tech,Registered,29,7,improving,2,4.3,68.1,42,4,1,0.0057,0,15816.86,6.97,50.28,0.2882,-0.1383,0,0.8846,6.66,0.0,0.0,mature,test,32
partner_923,LATAM,Tech,Registered,30,6,improving,6,4.9,36.7,59,2,1,0.3067,0,6182.49,-15.45,-8.68,0.0874,-0.3673,0,0.3226,-15.76,0.0,0.0,mature,test,32
partner_924,NA,Tech,Certified,48,8,declining,8,4.3,21.0,35,1,0,0.5501,0,26904.98,13.77,56.62,0.2542,-0.1994,0,0.5,13.46,0.0,0.0,mature,test,32
partner_925,EMEA,Retail,Registered,23,5,improving,0,3.7,60.3,81,3,1,0.0567,0,10957.67,-6.37,-4.62,0.0997,-0.2477,0,0.6512,-7.29,0.0,0.0,mature,test,32
partner_926,EMEA,Retail,Certified,3,5,stable,7,5.0,41.5,94,1,0,0.1828,0,13741.98,1.28,1.75,0.2045,0.0045,0,0.52,-0.83,0.0,-77.91,new_partner,test,32
partner_927,EMEA,Tech,Certified,25,10,stable,0,1.6,55.9,21,0,0,0.0,0,66741.84,15.17,63.62,0.4276,-0.1447,0,0.9677,14.86,0.0,0.0,mature,test,32
partner_928,APAC,Manufacturing,Certified,19,9,improving,0,3.4,100.0,42,3,0,0.0008,0,42221.14,18.03,53.36,0.3285,0.0822,0,0.9231,16.14,0.0,0.0,mature,test,32
partner_929,NA,Retail,Registered,45,6,improving,4,1.5,60.8,48,2,1,0.2492,1,8953.06,-13.49,-28.92,0.2986,0.0953,0,0.5957,-14.41,0.0,0.0,mature,test,32
partner_930,LATAM,Tech,Certified,46,8,improving,2,6.0,47.3,10,2,0,0.0298,0,41181.89,16.7,60.9,0.2764,-0.2792,0,0.7647,16.39,0.0,0.0,mature,test,32
partner_931,EMEA,Manufacturing,Certified,8,5,declining,2,4.7,26.0,71,0,1,0.4872,0,15545.04,1.28,1.75,0.2045,0.0045,0,0.52,-0.83,0.0,-69.41,new_partner,test,32
partner_932,NA,Manufacturing,Registered,48,7,improving,5,7.5,50.5,23,1,0,0.0318,0,5943.61,54.65,15.66,0.2601,0.7432,1,0.1212,52.76,14.65,0.0,mature,test,32
partner_933,NA,Services,Certified,7,8,declining,1,2.8,75.2,63,9,0,0.009,0,15697.47,1.28,1.75,0.2045,0.0045,0,0.52,-0.83,0.0,-46.52,new_partner,test,32
partner_934,LATAM,Services,Strategic,38,4,stable,6,5.8,32.7,49,0,1,0.8279,1,38781.72,-11.53,-20.09,0.2758,-0.2298,0,0.5714,-13.61,0.0,0.0,mature,test,32
partner_935,LATAM,Manufacturing,Certified,25,7,stable,5,5.5,47.9,83,0,1,0.2032,0,21091.3,-9.34,-5.34,0.1095,-0.2736,0,0.4444,-11.23,0.0,0.0,mature,test,32
partner_936,EMEA,Retail,Registered,20,8,improving,6,2.0,59.9,82,1,1,0.0904,0,14270.43,-0.57,6.38,0.1082,-0.2981,0,0.8605,-1.49,0.0,0.0,mature,test,32
partner_937,APAC,Tech,Registered,31,5,declining,3,2.8,26.6,25,1,0,0.3026,1,5300.01,-1.04,0.69,0.089,0.0855,0,0.2308,-1.35,0.0,0.0,mature,test,32
partner_938,EMEA,Manufacturing,Registered,21,8,stable,4,3.1,56.0,8,3,0,0.013,0,14427.76,2.85,80.29,0.4374,-0.3671,0,0.8846,0.96,0.0,0.0,mature,test,32
partner_939,APAC,Retail,Registered,49,4,declining,1,4.8,43.6,67,1,0,0.8722,0,3425.87,-16.24,-28.6,0.3467,-0.3568,0,0.0645,-17.16,0.0,0.0,mature,test,32
partner_940,EMEA,Retail,Registered,59,4,improving,6,5.9,40.5,83,1,1,0.3603,0,6221.57,1.92,-17.99,0.2516,-0.2607,0,0.2326,1.0,0.0,0.0,mature,test,32
partner_941,EMEA,Retail,Strategic,50,8,improving,1,2.7,80.8,39,9,0,0.0009,0,80678.75,-9.35,11.57,0.1978,-0.1931,0,0.5,-10.27,0.0,0.0,mature,test,32
partner_942,APAC,Tech,Registered,28,7,declining,5,6.2,65.8,30,3,0,0.0152,0,3089.04,-9.48,-29.42,0.3205,0.1312,0,0.0385,-9.79,0.0,0.0,mature,test,32
partner_943,EMEA,Tech,Certified,32,3,stable,6,1.3,16.8,98,0,1,0.8657,0,24749.15,-36.5,-13.05,0.256,0.9173,1,0.4839,-36.81,-12.87,0.0,mature,test,32
partner_944,NA,Retail,Registered,28,7,improving,4,7.4,39.0,101,2,1,0.4497,0,7433.35,14.45,7.86,0.1933,0.7523,1,0.3617,13.53,2.23,0.0,mature,test,32
partner_945,NA,Services,Registered,49,4,declining,3,4.7,21.5,48,0,0,0.2047,0,14015.48,11.76,50.14,0.3765,-0.0183,0,0.9545,9.68,0.0,0.0,mature,test,32
partner_946,EMEA,Services,Registered,35,3,stable,4,6.2,26.1,71,0,1,0.6092,1,4906.62,-7.25,-26.28,0.1796,0.0457,0,0.2381,-9.33,0.0,0.0,mature,test,32
partner_947,LATAM,Retail,Registered,30,5,improving,6,6.3,16.9,67,0,0,0.3132,0,6239.31,-13.86,-24.02,0.1772,-0.1717,0,0.4,-14.78,0.0,0.0,mature,test,32
partner_948,APAC,Services,Certified,26,8,stable,2,0.5,79.2,17,3,1,0.0037,0,6956.4,-2.52,-24.39,0.2321,-0.1066,0,0.0588,-4.6,0.0,0.0,mature,test,32
partner_949,APAC,Retail,Strategic,24,9,declining,1,5.1,100.0,12,2,0,0.0317,0,107905.95,8.83,11.32,0.0924,-0.4178,0,0.5714,7.91,0.0,0.0,mature,test,32
partner_950,NA,Services,Strategic,35,7,improving,4,4.6,63.4,18,2,1,0.0385,0,89805.39,-0.26,29.58,0.257,-0.1067,0,0.6,-2.34,0.0,0.0,mature,test,32
partner_951,NA,Services,Registered,42,7,improving,1,6.1,92.9,2,2,0,0.0033,0,9318.18,6.07,-1.83,0.0814,0.057,0,0.5227,3.99,0.0,0.0,mature,test,32
partner_952,EMEA,Retail,Certified,28,7,stable,5,3.9,72.1,61,1,1,0.0184,0,26314.73,-33.59,-5.29,0.1961,0.8194,1,0.3939,-34.51,-11.99,0.0,mature,test,32
partner_953,EMEA,Services,Registered,49,4,declining,4,4.7,27.1,47,0,1,0.9239,0,6921.14,2.72,6.78,0.1007,0.2419,0,0.381,0.64,0.0,0.0,mature,test,32
partner_954,EMEA,Services,Strategic,50,9,improving,0,0.5,98.8,37,12,0,0.0003,0,72858.76,-6.24,2.08,0.1048,0.2758,0,0.4444,-8.32,0.0,0.0,mature,test,32
partner_955,APAC,Services,Certified,27,3,stable,4,3.6,51.8,67,0,1,0.1273,0,39422.92,3.09,-28.11,0.3156,0.3828,0,0.9412,1.01,0.0,0.0,mature,test,32
partner_956,APAC,Services,Registered,55,5,declining,2,3.2,70.4,35,2,0,0.0546,0,3894.92,-14.31,-36.14,0.3194,-0.0467,0,0.129,-16.39,0.0,0.0,mature,test,32
partner_957,LATAM,Manufacturing,Registered,13,8,stable,1,2.8,69.2,45,3,0,0.009,0,7309.3,17.69,60.67,0.3465,-0.3367,0,0.3478,15.8,0.0,0.0,mature,test,32
partner_958,NA,Retail,Registered,57,5,stable,4,5.8,42.6,55,0,1,0.6171,1,7834.12,10.29,18.37,0.1116,-0.1806,0,0.4255,9.37,0.0,0.0,mature,test,32
partner_959,NA,Services,Registered,20,7,stable,3,2.1,79.6,30,1,1,0.0074,0,8726.81,-2.76,21.94,0.2247,-0.1342,0,0.4318,-4.84,0.0,0.0,mature,test,32
partner_960,NA,Manufacturing,Strategic,35,2,declining,9,5.4,2.2,85,0,1,0.994,1,74364.97,-8.69,3.77,0.0918,0.1434,0,0.5455,-10.58,0.0,0.0,mature,test,32
partner_961,NA,Manufacturing,Certified,19,5,improving,3,3.6,75.7,25,2,0,0.0244,0,16935.28,6.67,-20.43,0.2037,0.0004,0,0.3846,4.78,0.0,0.0,mature,test,32
partner_962,NA,Tech,Strategic,28,4,declining,3,1.8,52.5,64,0,1,0.7652,1,32486.44,-24.94,-47.41,0.3527,-0.2508,0,0.1111,-25.25,0.0,0.0,mature,test,32
partner_963,EMEA,Manufacturing,Registered,22,9,declining,1,3.9,45.2,32,2,0,0.0013,0,3321.69,-6.74,-24.63,0.204,-0.3428,0,0.0385,-8.63,0.0,0.0,mature,test,32
partner_964,EMEA,Retail,Certified,43,10,improving,0,1.2,76.3,11,2,0,0.0002,0,32674.03,-19.22,3.67,0.226,0.778,1,0.6667,-20.14,-0.18,0.0,mature,test,32
partner_965,APAC,Manufacturing,Registered,7,9,declining,0,2.1,73.7,25,2,1,0.0029,0,36385.75,1.28,1.75,0.2045,0.0045,0,0.52,-0.83,0.0,269.77,new_partner,test,32
partner_966,NA,Retail,Certified,51,7,improving,0,4.9,82.2,34,3,1,0.0156,0,25407.45,17.28,36.49,0.2095,0.1036,0,0.2857,16.36,0.0,0.0,mature,test,32
partner_967,APAC,Manufacturing,Registered,55,6,declining,4,2.7,46.9,52,3,0,0.0405,0,15429.48,2.82,16.92,0.2081,0.2813,0,0.8333,0.93,0.0,0.0,mature,test,32
partner_968,EMEA,Services,Registered,35,4,declining,9,4.2,18.2,58,0,0,0.6014,1,9087.23,2.1,-3.39,0.0971,0.5123,1,0.5714,0.02,-4.93,0.0,mature,test,32
partner_969,NA,Tech,Certified,34,9,stable,0,0.5,70.4,5,6,0,0.0004,0,22553.15,7.65,-7.63,0.2154,0.7393,1,0.4333,7.34,-15.67,0.0,mature,test,32
partner_970,EMEA,Tech,Registered,43,6,improving,1,3.3,65.2,22,2,1,0.1845,0,10559.03,16.22,42.14,0.4117,-0.1897,0,0.5312,15.91,0.0,0.0,mature,test,32
partner_971,EMEA,Tech,Registered,14,8,declining,3,4.6,61.6,18,3,0,0.003,0,29812.87,-32.46,5.26,0.2656,0.8818,1,0.9688,-32.77,7.82,0.0,mature,test,32
partner_972,EMEA,Services,Certified,46,7,stable,2,1.0,71.2,62,3,1,0.0394,0,39368.9,16.79,73.35,0.4112,-0.4858,0,0.7647,14.71,0.0,0.0,mature,test,32
partner_973,EMEA,Manufacturing,Registered,15,6,improving,2,1.4,65.1,65,2,1,0.0123,0,3912.56,-2.07,2.69,0.1206,-0.223,0,0.1538,-3.96,0.0,0.0,mature,test,32
partner_974,APAC,Tech,Strategic,42,4,improving,8,4.6,54.2,52,2,1,0.232,1,64896.44,13.59,59.13,0.3314,-0.1647,0,0.2727,13.28,0.0,0.0,mature,test,32
partner_975,NA,Retail,Certified,20,3,improving,8,4.1,20.9,83,1,0,0.7373,1,33712.9,-4.75,-10.44,0.1144,0.4331,0,0.5357,-5.67,0.0,0.0,mature,test,32
partner_976,LATAM,Retail,Certified,46,5,improving,5,3.4,53.9,33,2,1,0.0439,0,10636.58,4.01,8.06,0.2149,0.88,1,0.1071,3.09,2.39,0.0,mature,test,32
partner_977,NA,Tech,Certified,48,6,stable,2,3.8,47.2,37,2,0,0.0068,0,28695.12,5.12,-14.89,0.1827,0.0364,0,0.5333,4.81,0.0,0.0,mature,test,32
partner_978,NA,Services,Certified,15,5,stable,1,6.1,51.9,32,7,0,0.0397,0,60319.37,15.06,65.17,0.3757,-0.6944,0,0.85,12.98,0.0,0.0,mature,test,32
partner_979,NA,Manufacturing,Certified,38,5,declining,6,5.4,52.0,78,0,1,0.9316,1,33763.51,-1.21,-7.27,0.095,-0.3179,0,0.8462,-3.1,0.0,0.0,mature,test,32
partner_980,EMEA,Retail,Strategic,31,6,declining,2,4.9,30.6,42,1,1,0.8622,1,56554.49,-38.24,10.62,0.2747,0.9308,1,0.1429,-39.16,14.53,0.0,mature,test,32
partner_981,APAC,Services,Certified,20,6,stable,5,4.7,41.7,60,1,1,0.2152,0,31495.56,-4.92,-15.96,0.2469,-0.2679,0,0.7647,-7.0,0.0,0.0,mature,test,32
partner_982,APAC,Tech,Registered,37,6,improving,2,0.5,32.7,43,2,1,0.0557,0,11324.32,5.52,-3.21,0.1153,-0.163,0,0.7308,5.21,0.0,0.0,mature,test,32
partner_983,LATAM,Services,Registered,60,8,stable,2,3.3,54.2,31,3,1,0.0299,0,11053.1,1.84,3.97,0.1082,-0.2677,0,0.6667,-0.24,0.0,0.0,mature,test,32
partner_984,NA,Retail,Certified,3,7,stable,4,2.3,14.4,44,2,1,0.5287,1,17471.84,1.28,1.75,0.2045,0.0045,0,0.52,-0.83,0.0,-77.6,new_partner,test,32
partner_985,EMEA,Manufacturing,Registered,58,7,declining,5,3.9,69.2,10,5,0,0.0987,0,9358.66,-32.0,1.95,0.2234,0.7546,1,0.6923,-33.89,-11.57,0.0,mature,test,32
partner_986,APAC,Services,Registered,52,5,declining,2,4.9,65.3,26,5,1,0.0258,0,15526.04,5.61,24.56,0.19,0.4129,0,0.871,3.53,0.0,0.0,mature,test,32
partner_987,NA,Retail,Registered,33,1,declining,7,4.9,38.7,83,0,1,0.9649,1,8373.76,-22.89,-10.18,0.2124,0.754,1,0.5532,-23.81,-4.9,0.0,mature,test,32
partner_988,EMEA,Manufacturing,Certified,38,6,declining,0,4.6,71.5,0,5,1,0.0415,0,22007.4,-8.49,14.96,0.1886,0.3682,0,0.5238,-10.38,0.0,0.0,mature,test,32
partner_989,NA,Services,Registered,24,7,improving,2,0.8,43.5,5,2,1,0.0087,0,9343.65,10.09,22.74,0.1951,-0.0997,0,0.5455,8.01,0.0,0.0,mature,test,32
partner_990,LATAM,Retail,Certified,10,6,improving,0,3.1,80.3,21,4,0,0.0021,0,33483.44,5.73,-3.16,0.1115,0.1209,0,0.6429,4.81,0.0,0.0,mature,test,32
partner_991,LATAM,Retail,Certified,36,6,stable,3,4.4,46.3,29,1,0,0.0134,0,14583.83,-2.7,2.53,0.1056,-0.0468,0,0.1429,-3.62,0.0,0.0,mature,test,32
partner_992,LATAM,Manufacturing,Certified,50,6,improving,1,0.5,78.1,90,2,1,0.0355,1,25583.86,11.11,12.02,0.2542,0.8938,1,0.7778,9.22,2.15,0.0,mature,test,32
partner_993,LATAM,Tech,Registered,16,7,improving,5,4.1,18.6,40,2,0,0.0346,0,8697.8,45.45,-5.39,0.2501,0.8543,1,0.4194,45.14,-8.99,0.0,mature,test,32
partner_994,EMEA,Retail,Certified,44,10,stable,1,0.5,84.1,0,7,1,0.0,0,66378.45,2.65,35.97,0.1713,-0.1801,0,0.9697,1.73,0.0,0.0,mature,test,32
partner_995,APAC,Tech,Certified,46,7,stable,5,4.5,34.0,73,1,1,0.1642,0,33662.24,-7.58,16.74,0.187,0.1086,0,0.75,-7.89,0.0,0.0,mature,test,32
partner_996,NA,Services,Registered,46,5,improving,7,5.0,49.3,49,1,1,0.4938,1,9635.09,0.61,-16.24,0.2472,-0.1519,0,0.5909,-1.47,0.0,0.0,mature,test,32
partner_997,LATAM,Retail,Certified,22,7,declining,1,2.4,39.0,30,0,1,0.0352,1,22388.6,3.41,-1.02,0.0933,0.4478,0,0.3214,2.49,0.0,0.0,mature,test,32
partner_998,EMEA,Tech,Registered,25,7,improving,5,4.7,76.1,89,2,0,0.0244,0,4809.0,-14.96,-30.1,0.2613,-0.3355,0,0.0938,-15.27,0.0,0.0,mature,test,32
partner_999,APAC,Services,Strategic,27,4,declining,8,9.0,43.5,28,0,1,0.7489,1,63378.93,45.72,-7.01,0.2281,0.7569,1,0.3636,43.64,-8.6,0.0,mature,test,32
partner_1000,EMEA,Tech,Registered,52,9,improving,1,1.5,92.9,2,5,1,0.0,0,7680.1,-5.48,6.79,0.0939,-0.1929,0,0.3125,-5.79,0.0,0.0,mature,test,32
